product_id,product_name,authors,price,seller_id,seller_type,rating_average,review_count,order_count,url,image,description,type_book,product_index
486679,sách 10 điều tạo nên số phận,"DAVID SIMON, M.D",61000,97533,NONE,0,1,,https://tiki.vn/sach-10-dieu-tao-nen-so-phan-tai-ban-2016-p486679.html?spid=275032328,https://salt.tikicdn.com/cache/280x280/media/catalog/product/1/0/10dieu_so_phan-resized_2.u547.d20160408.t105055.jpg,"10 Điều Tạo Nên Số Phận
Hãy để sức mạnh của yêu thuơng mang đến cho tất cả chúng ta một cuộc sống yên bình, thấm đẫm tình người và có mục đích. Thông qua những lời cam kết với cuộc sống, chúng ta sẽ có thể biến những mong muốn của mình thành hàng động, biến hoài bão thành năng lượng sống, từ đó tạo ra sự biến đổi và hàn gắn những nỗi đau, những lỗi lầm trong quá khứ.
10 điều tạo nên số phận là một thành quả tuyệt vời, nó xứng đáng trở thành một quyển sách kinh điển. Được viết bởi một trong những nhà tư duy vĩ đại nhất hiện nay, 10 điều tạo nên số phận sẽ thôi thúc chúng ta bước vào hành trình của sự thức tỉnh, mang đến các mục tiêu rõ ràng để biến ý tưởng thành hành động, biến khát khao thành hoài bão và tạo ra một tầm nhìn đúng đắn nhằm hướng tới cuộc sống tốt đẹp hơn.
10 Điều làm cuộc sống của bạn hạnh phúc
Lới giới thiệu
Những cái cọc quanh ta
Sống tự do
Sống thật lòng mình
Biết chấp nhận
Giữ gìn sự trọn vẹn
Biết tha thứ
Sống với tình yêu
Cam kết với sự giàu có
Trung thành với sự thật
Thay lời kết
10 điều tạo nên số phận.
Mời bạn đón đọc.",Sách tiếng Việt/Sách kỹ năng sống/Sách kỹ năng mềm,65
355021,sách 10 điều tạo nên số phận,"DAVID SIMON, M.D",61000,97533,NONE,0,2,,https://tiki.vn/sach-10-dieu-tao-nen-so-phan-tai-ban-2012-p355021.html?spid=275032326,https://salt.tikicdn.com/cache/280x280/media/catalog/product/1/0/10dieu_so_phan-resized_2.jpg,"10 Điều Tạo Nên Số Phận - Hạt Giống Tâm Hồn:
Hãy để sức mạnh của yêu thuơng mang đến cho tất cả chúng ta một cuộc sống yên bình, thấm đẫm tình người và có mục đích. Thông qua những lời cam kết với cuộc sống, chúng ta sẽ có thể biến những mong muốn của mình thành hàng động, biến hoài bão thành năng lượng sống, từ đó tạo ra sự biến đổi và hàn gắn những nỗi đau, những lỗi lầm trong quá khứ.
“10 điều tạo nên số phận” là một thành quả tuyệt vời, nó xứng đáng trở thành một quyển sách kinh điển. Được viết bởi một trong những nhà tư duy vĩ đại nhất hiện nay, 10 điều tạo nên số phận sẽ thôi thúc chúng ta bước vào hành trình của sự thức tỉnh, mang đến các mục tiêu rõ ràng để biến ý tưởng thành hành động, biến khát khao thành hoài bão và tạo ra một tầm nhìn đúng đắn nhằm hướng tới cuộc sống tốt đẹp hơn.
10 Điều làm cuộc sống của bạn hạnh phúc
Lới giới thiệu
Những cái cọc quanh ta
Sống tự do
Sống thật lòng mình
Biết chấp nhận
Giữ gìn sự trọn vẹn
Biết tha thứ
Sống với tình yêu
Cam kết với sự giàu có
Trung thành với sự thật
Thay lời kết
10 điều tạo nên số phận.
Mời bạn đón đọc.",Sách tiếng Việt/Sách kỹ năng sống/Sách kỹ năng mềm,26
324406,sách 10 nghịch lý cuộc sống,KENT M. KEITHA PH.D,57500,60209,NONE,0,4,18,https://tiki.vn/sach-10-nghich-ly-cuoc-song-p324406.html?spid=192886382,https://salt.tikicdn.com/cache/280x280/media/catalog/product/1/0/10_nghichlycuocsong-f-resized.jpg,"10 Nghịch Lý Cuộc Sống:
""Cuộc sống chúng ta luôn có những nghịch lý - những người bản lĩnh và cao thượng luôn biết chấp nhận và vượt lên những nghịch lý đó.""
Điểm đặc biệt nhất của Anyway chính là ý nghĩa sâu sắc và thực tế của tác phẩm đã tác động đến nhiều đối tượng độc giả khác nhau, mang lại những khoảng lặng cần thiết để suy nghĩ về một cách sống cao thượng và hế mình. Tác giả Kent Keith chính là một minh chứng cụ thể và xác thực cho cách sống này. Ông đã viết và dành cả cuộc đời mình để chứng minh cho những chân lý đó.
Cô đơn cùng nghịch lý
10 nghịch lý cuộc sống
Lời giới thiệu
Lời tác giả
Nghịch lý thứ nhất
Nghịch lý thứ hai
Nghịch lý thứ ba
Nghịch lý thứ tư
Nghịch lý thứ năm
Nghịch lý thứ sáu
Nghịch lý thứ bảy
Nghịch lý thứ tám
Nghịch lý thứ chín
Nghịch lý thứ mười
Một thế giới đầy những nghịch lý
Hãy làm cuộc sống tốt đẹp hơn
Mời bạn đón đọc.",Sách tiếng Việt/Sách kỹ năng sống/Sách kỹ năng mềm,5
530028,sách 10 nghịch lý cuộc sống,KENT M. KEITH PH. D,58000,97533,NONE,0,4,,https://tiki.vn/sach-10-nghich-ly-cuoc-song-tai-ban-2016-p530028.html?spid=275024037,https://salt.tikicdn.com/cache/280x280/media/catalog/product/1/0/10-nghichlycuocsong2016.u84.d20161125.t132216.44520.jpg,"10 Nghịch Lý Cuộc Sống
""Cuộc sống chúng ta luôn có những nghịch lý - những người bản lĩnh và cao thượng luôn biết chấp nhận và vượt lên những nghịch lý đó.""
Điểm đặc biệt nhất của Anyway chính là ý nghĩa sâu sắc và thực tế của tác phẩm đã tác động đến nhiều đối tượng độc giả khác nhau, mang lại những khoảng lặng cần thiết để suy nghĩ về một cách sống cao thượng và hết mình. Tác giả Kent Keith chính là một minh chứng cụ thể và xác thực cho cách sống này. Ông đã viết và dành cả cuộc đời mình để chứng minh cho những chân lý đó.",Sách tiếng Việt/Sách kỹ năng sống/Sách kỹ năng mềm,73
4070543,sách 10 nguyên tắc vàng để sống không hối tiếc,JOHN C.MAXWELL,143000,97533,NONE,0,15,,https://tiki.vn/sach-10-nguyen-tac-vang-de-song-khong-hoi-tiec-p4070543.html?spid=207252807,https://salt.tikicdn.com/cache/280x280/ts/product/d2/8b/45/dd92cda35a978eb412fd6be1306fa438.jpg,"10 Nguyên Tắc Vàng Để Sống Không Hối Tiếc
Sống không hối tiếc hay sống có ý nghĩa là một điều tưởng chừng như đơn giản nhưng có rất ít người làm được.
Có câu: Một chú bướm không bao giờ có thể trở lại hình hài của con ngài được nữa. Khi bạn bắt đầu sống có ý nghĩa hơn, bạn được nếm trải hương vị của sự khác biệt do chính mình tạo ra. Nhưng để tiến tới đích đến “ý nghĩa” đó, chúng ta cần sự nỗ lực hết mình và quan trọng hơn nữa là một hướng dẫn cụ thể.
Cuốn sách này của John C. Maxwell sẽ là một tấm bản đồ hành trình, dẫn bước độc giả trải qua một loạt các bước đơn giản, từ đó sống trọn vẹn hơn, hết mình hơn và hướng tới một cuộc sống có ý nghĩa hơn mỗi ngày.",Sách tiếng Việt/Sách kỹ năng sống/Sách tư duy - Kỹ năng sống,154
106362737,sách 10 nguyên tắc vàng để sống không hối tiếc,JOHN C.MAXWELL,159000,295057,NONE,0,1,2,https://tiki.vn/sach-10-nguyen-tac-vang-de-song-khong-hoi-tiec-p106362737.html?spid=249579343,https://salt.tikicdn.com/cache/280x280/ts/product/e4/d7/79/3a5ca4709409fd4dd7364cc3c48a30f0.jpg,"10 Nguyên Tắc Vàng Để Sống Không Hối Tiếc
Sống không hối tiếc hay sống có ý nghĩa là một điều tưởng chừng như đơn giản nhưng có rất ít người làm được.
Cuốn sách này của John C. Maxwell sẽ là một tấm bản đồ hành trình, dẫn bước độc giả trải qua một loạt các bước đơn giản, từ đó sống trọn vẹn hơn, hết mình hơn và hướng tới một cuộc sống có ý nghĩa hơn mỗi ngày.",Sách tiếng Việt/Sách kỹ năng sống/Sách tư duy - Kỹ năng sống,569
22367384,sách 15 nguyên tắc vàng về phát triển bản thân,JOHN C. MAXWELL,143000,145814,NONE,0,0,,https://tiki.vn/sach-15-nguyen-tac-vang-ve-phat-trien-ban-than-tai-ban-2018-tang-kem-bookmark-tiki-p22367384.html?spid=88962272,https://salt.tikicdn.com/cache/280x280/ts/product/bd/d5/f9/11166d20a629512956f819c80ca7906f.png,"Qua cuốn sách 15 Nguyên Tắc Vàng Về Phát Triển Bản Thân (Tái Bản 2018), John C. Maxwell dạy bạn đạt tới tiềm năng bằng các nguyên tắc như:
Nguyên tắc Gương soi: Bạn phải nhìn thấy giá trị của bản thân để tăng giá trị cho chính mình
Nguyên tắc Cẩn trọng: Bạn phải hiểu bản thân để tự phát triển
Nguyên tắc Tấm gương: Thật khó để tiến bộ nếu bạn không có ai để học hỏi
Nguyên tắc Dây chun: Bạn ngừng phát triển nếu mất sức căng giữa nơi bạn đang đứng và nơi bạn có thể tới
Nguyên tắc Đóng góp: Phát triển bản thân cho phép bạn phát triển những người khá
Đây là cuốn sách thứ 3 trong series Nguyên tắc của John C. Maxwell (sau 2 cuốn bán chạy là 21 nguyên tắc vàng của nghệ thuật lãnh đạo và 17 nguyên tắc vàng trong làm việc nhóm), sẽ giúp bạn trở thành một người học hỏi không mệt mỏi, với tiềm năng không ngừng tăng lên và không bao giờ bỏ cuộc.",Sách tiếng Việt/Sách kỹ năng sống/Sách tư duy - Kỹ năng sống,247
134605012,sách 15 nguyên tắc vàng về phát triển bản thân,JOHN C.MAXWELL,111300,7247,OFFICIAL_STORE,0,41,14,https://tiki.vn/sach-15-nguyen-tac-vang-ve-phat-trien-ban-than-tai-ban-p134605012.html?spid=263988502,https://salt.tikicdn.com/cache/280x280/ts/product/bd/d5/f9/02c68358682721d74dde918d572573eb.png,"Qua cuốn sách 15 Nguyên Tắc Vàng Về Phát Triển Bản Thân (Tái Bản 2018), John C. Maxwell dạy bạn đạt tới tiềm năng bằng các nguyên tắc như:
• Nguyên tắc Gương soi: Bạn phải nhìn thấy giá trị của bản thân để tăng giá trị cho chính mình
• Nguyên tắc Cẩn trọng: Bạn phải hiểu bản thân để tự phát triển
• Nguyên tắc Tấm gương: Thật khó để tiến bộ nếu bạn không có ai để học hỏi
• Nguyên tắc Dây chun: Bạn ngừng phát triển nếu mất sức căng giữa nơi bạn đang đứng và nơi bạn có thể tới
• Nguyên tắc Đóng góp: Phát triển bản thân cho phép bạn phát triển những người khác
Đây là cuốn sách thứ 3 trong series Nguyên tắc của John C. Maxwell (sau 2 cuốn bán chạy là 21 nguyên tắc vàng của nghệ thuật lãnh đạo và 17 nguyên tắc vàng trong làm việc nhóm), sẽ giúp bạn trở thành một người học hỏi không mệt mỏi, với tiềm năng không ngừng tăng lên và không bao giờ bỏ cuộc.",Sách tiếng Việt/Sách kỹ năng sống/Sách tư duy - Kỹ năng sống,644
1699251,sách 15 nguyên tắc vàng về phát triển bản thân,JOHN C. MAXWELL,114100,1,OFFICIAL_STORE,4.8,144,3058,https://tiki.vn/sach-15-nguyen-tac-vang-ve-phat-trien-ban-than-tai-ban-p1699251.html?spid=1702521,https://salt.tikicdn.com/cache/280x280/ts/product/4c/7e/83/1fd61babc4cc794103abfde7984adf32.jpg,"Qua cuốn sách 15 Nguyên Tắc Vàng Về Phát Triển Bản Thân (Tái Bản 2018), John C. Maxwell dạy bạn đạt tới tiềm năng bằng các nguyên tắc như:
Nguyên tắc Gương soi: Bạn phải nhìn thấy giá trị của bản thân để tăng giá trị cho chính mình
Nguyên tắc Cẩn trọng: Bạn phải hiểu bản thân để tự phát triển
Nguyên tắc Tấm gương: Thật khó để tiến bộ nếu bạn không có ai để học hỏi
Nguyên tắc Dây chun: Bạn ngừng phát triển nếu mất sức căng giữa nơi bạn đang đứng và nơi bạn có thể tới
Nguyên tắc Đóng góp: Phát triển bản thân cho phép bạn phát triển những người khác...
Đây là cuốn sách thứ 3 trong series Nguyên tắc của John C. Maxwell (sau 2 cuốn bán chạy là 21 nguyên tắc vàng của nghệ thuật lãnh đạo và 17 nguyên tắc vàng trong làm việc nhóm), sẽ giúp bạn trở thành một người học hỏi không mệt mỏi, với tiềm năng không ngừng tăng lên và không bao giờ bỏ cuộc.",Sách tiếng Việt/Sách kỹ năng sống/Sách tư duy - Kỹ năng sống,117
197710925,sách 25 thuật đắc nhân tâm,JOHN C.MAXWELL,74200,1,OFFICIAL_STORE,0,0,36,https://tiki.vn/sach-25-thuat-dac-nhan-tam-tai-ban-p197710925.html?spid=197710926,https://salt.tikicdn.com/cache/280x280/ts/product/89/dd/18/43e744520cf374101a558103264e125e.jpg,"25 thuật đắc nhân tâm - bí quyết chinh phục lòng người của không chỉ các nhà lãnh đạo mà còn là của chính bạn! Có rất nhiều cách để thành công trong cuộc sống, kinh doanh và các mối quan hệ. Nhưng một yếu tố không thể thiếu là khả năng chinh phục lòng người. Chúng ta ai cũng muốn nhận được thật nhiều sự ủng hộ, kết giao được nhiều bạn bè, xây dựng được nhiều mối quan hệ tốt đẹp, nhưng không phải ai cũng làm được điều đó.
Là tập hợp những kinh nghiệm quý báu trong hàng chục năm nghiên cứu và giảng dạy về nghệ thuật sống của tác giả John C. Maxwell, 25 thuật đắc nhân tâm mang đến cho người đọc cái nhìn đơn giản nhưng thiết thực để có thể mở cánh cửa trái tim của tất cả mọi người. Qua những câu chuyện nhỏ thú vị của John C. Maxwell, cuốn sách cung cấp cho bạn 25 bí quyết để trở thành “viên nam châm” với bất cứ ai gặp bạn như: nhìn ra những ý định tốt đẹp trong mỗi con người, xây đắp những kỷ niệm và thường xuyên gợi nhớ lại chúng, làm cho mọi người những việc họ không thể tự làm, chia sẽ bí mật cùng ai đó.
Hãy đọc kỹ từng bí quyết, thực hành chúng và bắt đầu hành trình khai mở tâm hồn đầy sức cuốn hút của chính bạn!",Sách tiếng Việt/Sách kỹ năng sống/Sách tư duy - Kỹ năng sống,797
248614241,sách 25 thuật đắc nhân tâm,,91000,7247,OFFICIAL_STORE,0,0,5,https://tiki.vn/25-thuat-dac-nhan-tam-sach-ban-quyen-p248614241.html?spid=263559673,https://salt.tikicdn.com/cache/280x280/ts/product/b5/23/3b/49da9b5a139b5cd9d3f712edb1e544c1.png,"25 Thuật Đắc Nhân Tâm
Đảm bảo 100% sách gốc bản quyền từ NXB
Xử lí đơn đặt hàng nhanh
Chính sách hỗ trợ đổi sách cho khách hàng thuận tiện khi gặp sự cố
25 thuật đắc nhân tâm - bí quyết chinh phục lòng người của không chỉ các nhà lãnh đạo mà còn là của chính bạn! Có rất nhiều cách để thành công trong cuộc sống, kinh doanh và các mối quan hệ. Nhưng một yếu tố không thể thiếu là khả năng chinh phục lòng người. Chúng ta ai cũng muốn nhận được thật nhiều sự ủng hộ, kết giao được nhiều bạn bè, xây dựng được nhiều mối quan hệ tốt đẹp, nhưng không phải ai cũng làm được điều đó.
Là tập hợp những kinh nghiệm quý báu trong hàng chục năm nghiên cứu và giảng dạy về nghệ thuật sống của tác giả John C. Maxwell, 25 thuật đắc nhân tâm mang đến cho người đọc cái nhìn đơn giản nhưng thiết thực để có thể mở cánh cửa trái tim của tất cả mọi người. Qua những câu chuyện nhỏ thú vị của John C. Maxwell, cuốn sách cung cấp cho bạn 25 bí quyết để trở thành “viên nam châm” với bất cứ ai gặp bạn như: nhìn ra những ý định tốt đẹp trong mỗi con người, xây đắp những kỷ niệm và thường xuyên gợi nhớ lại chúng, làm cho mọi người những việc họ không thể tự làm, chia sẽ bí mật cùng ai đó.
Hãy đọc kỹ từng bí quyết, thực hành chúng và bắt đầu hành trình khai mở tâm hồn đầy sức cuốn hút của chính bạn!
— Hãy chiêm nghiệm cuốn sách và cảm nhận hương vị của một tách trà vào mỗi cuối tuần khi bạn dành nhiều thời gian hơn cho bản thân mình! —",Sách tiếng Việt/Sách kỹ năng sống/Sách tư duy - Kỹ năng sống,987
210143671,sách 365 ngày thong dong,,80000,126688,NONE,0,0,,https://tiki.vn/sach-tu-ga-mo-thanh-chuyen-gia-alphabooks-ban-quyen-p210143671.html?spid=274715115,https://salt.tikicdn.com/cache/280x280/ts/product/6e/f4/84/54f539523e829ae3073bf5d9b9ce303a.jpg,"Từ gà mờ thành chuyên gia
Bạn không biết làm thế nào để bắt đầu với một kỹ năng mới? Không thể dành thời gian cho một dự án? Thường bỏ cuộc trong thất vọng sau khi bắt đầu một việc gì đó mới?
Tất cả chúng ta đều muốn mở rộng kiến thức hiện tại của mình. Nhưng đôi khi, chúng ta không thể duy trì sự thích ứng với một kỹ năng hoặc thói quen mới. Thật dễ để rơi vào cái bẫy khi bạn chỉ tập trung vào việc học mà không bao giờ thực hành.
Bất cứ ai cũng có thể phát triển một tài năng với sự kết hợp chính xác giữa việc thực hành, động lực và huấn luyện. Đó là những gì bạn sẽ học được trong cuốn Từ gà mờ thành chuyên gia.
Sách - Từ gà mờ thành chuyên gia",Sách tiếng Việt/Sách kỹ năng sống/Sách tư duy - Kỹ năng sống,880
273641980,sách 365 ngày thong dong,ROBERT G.HAGSTROM,169000,164395,NONE,4.5,2,27,https://tiki.vn/tram-doc-official-sach-phuong-phap-dau-tu-warren-buffett-p273641980.html?spid=125138505,https://salt.tikicdn.com/cache/280x280/ts/product/51/42/ab/8a58bb0660479d77dc39e66970864f3f.jpg,"Phương Pháp Đầu Tư Warren Buffett (Tái Bản 2018)
Cuốn sách này sẽ :
Trình bày ngắn gọn tiểu sử của Bufett,một trong những tỷ phú giàu nhất thế giới hiện nay.
Tiết lộ những yếu tố và sự kiện hình thành nên triết lý đầu tư của Buffett
Phác hoạ các nguyên lý kinh doanh ,quản lý ,tài chính và giá trị hình thành nên phương pháp đầu tư Buffett
Phân tích quá trình quản lý danh mục đầu tư
Thảo luận khái niệm tâm lý tiền bạc và cách Buffett sử dụng khái niệm này để tránh những sai lầm thông thường trong đầu tư.",Sách tiếng Việt/Sách kỹ năng sống/Sách tư duy - Kỹ năng sống,1100
21927043,sách 6 chiếc mũ tư duy,EDWARD DE BONO,107100,126688,NONE,0,0,,https://tiki.vn/sach-6-chiec-mu-tu-duy-tang-kem-bookmark-tiki-p21927043.html?spid=275665743,https://salt.tikicdn.com/cache/280x280/ts/product/65/0e/45/9e6ace8c1b3176c70648834cbb14e471.jpg,"Lối suy nghĩ truyền thống của người phương Tây (và của con người nói chung) thuờng không khuyến khích họ có những suy nghĩ mang tính xây dựng. Và Phương pháp Sáu Chiếc Mũ Tư Duy (tư duy song song) ra đời là để thay đổi quan điểm lỗi thời đó.
Tư duy song song có nghĩa là vào cùng một thời điểm, tất cả mọi người đều nhìn nhận vấn đề từ cùng một hướng.
Phương pháp tư duy song song tập trung khai thác những ý tưởng và sáng kiến mà mỗi người có được trong từng phuơng hướng tư duy. Vì thế, mọi người phải cùng đội chiếc mũ màu đen vào một thời điểm được chỉ định, sau đó tất cả lại đội lên đầu chiếc mũ màu trắng vào một lúc khác. Chỉ như thế mới là tư duy song song, và chỉ có thế ta mới sử dụng được một cách hoàn toàn và đầy đủ kinh nghiệm cũng như sự thông minh của mỗi người.",Sách tiếng Việt/Sách kỹ năng sống/Sách tư duy - Kỹ năng sống,235
208565109,sách 6 chiếc mũ tư duy,,71400,281062,NONE,0,0,,https://tiki.vn/sach-6-chiec-mu-tu-duy-p208565109.html?spid=221826246,https://salt.tikicdn.com/cache/280x280/ts/product/42/b0/59/a4622f150e9b15f5c7f4c4a3eb3d90f0.jpg,"6 Chiếc Mũ Tư Duy
Lối suy nghĩ truyền thống của người phương Tây (và của con người nói chung) thuờng không khuyến khích họ có những suy nghĩ mang tính xây dựng. Và Phương pháp Sáu Chiếc Mũ Tư Duy (tư duy song song) ra đời là để thay đổi quan điểm lỗi thời đó.
Tư duy song song có nghĩa là vào cùng một thời điểm, tất cả mọi người đều nhìn nhận vấn đề từ cùng một hướng.
Phương pháp tư duy song song tập trung khai thác những ý tưởng và sáng kiến mà mỗi người có được trong từng phuơng hướng tư duy. Vì thế, mọi người phải cùng đội chiếc mũ màu đen vào một thời điểm được chỉ định, sau đó tất cả lại đội lên đầu chiếc mũ màu trắng vào một lúc khác. Chỉ như thế mới là tư duy song song, và chỉ có thế ta mới sử dụng được một cách hoàn toàn và đầy đủ kinh nghiệm cũng như sự thông minh của mỗi người.",Sách tiếng Việt/Sách kỹ năng sống/Sách tư duy - Kỹ năng sống,856
248000279,sách 6 chiếc mũ tư duy,,91000,111899,OFFICIAL_STORE,0,0,,https://tiki.vn/6-chiec-mu-tu-duy-sach-ban-quyen-p248000279.html?spid=275418865,https://salt.tikicdn.com/cache/280x280/ts/product/9d/e5/00/701570292c7aa53d0afe99a69869850f.jpg,"6 Chiếc Mũ Tư Duy (*** Sách Bản Quyền ***)
6 Chiếc Mũ Tư Duy
Lối suy nghĩ truyền thống của người phương Tây (và của con người nói chung) thuờng không khuyến khích họ có những suy nghĩ mang tính xây dựng. Và Phương pháp Sáu Chiếc Mũ Tư Duy (tư duy song song) ra đời là để thay đổi quan điểm lỗi thời đó.
Tư duy song song có nghĩa là vào cùng một thời điểm, tất cả mọi người đều nhìn nhận vấn đề từ cùng một hướng.
Phương pháp tư duy song song tập trung khai thác những ý tưởng và sáng kiến mà mỗi người có được trong từng phuơng hướng tư duy. Vì thế, mọi người phải cùng đội chiếc mũ màu đen vào một thời điểm được chỉ định, sau đó tất cả lại đội lên đầu chiếc mũ màu trắng vào một lúc khác. Chỉ như thế mới là tư duy song song, và chỉ có thế ta mới sử dụng được một cách hoàn toàn và đầy đủ kinh nghiệm cũng như sự thông minh của mỗi người.
— Hãy chiêm nghiệm cuốn sách và cảm nhận hương vị của một tách trà vào mỗi cuối tuần khi bạn dành nhiều thời gian hơn cho bản thân mình! —",Sách tiếng Việt/Sách kỹ năng sống/Sách tư duy - Kỹ năng sống,972
31205932,sách 6 chiếc mũ tư duy,EDWARD DE BONO,76900,1,OFFICIAL_STORE,5,111,917,https://tiki.vn/sach-6-chiec-mu-tu-duy-tai-ban-p31205932.html?spid=31205935,https://salt.tikicdn.com/cache/280x280/ts/product/5a/de/3e/818f69b3e337a2608dee4333090385c2.jpg,"6 Chiếc Mũ Tư Duy
Lối suy nghĩ truyền thống của người phương Tây (và của con người nói chung) thuờng không khuyến khích họ có những suy nghĩ mang tính xây dựng. Và Phương pháp Sáu Chiếc Mũ Tư Duy (tư duy song song) ra đời là để thay đổi quan điểm lỗi thời đó.
Tư duy song song có nghĩa là vào cùng một thời điểm, tất cả mọi người đều nhìn nhận vấn đề từ cùng một hướng.
Phương pháp tư duy song song tập trung khai thác những ý tưởng và sáng kiến mà mỗi người có được trong từng phuơng hướng tư duy. Vì thế, mọi người phải cùng đội chiếc mũ màu đen vào một thời điểm được chỉ định, sau đó tất cả lại đội lên đầu chiếc mũ màu trắng vào một lúc khác. Chỉ như thế mới là tư duy song song, và chỉ có thế ta mới sử dụng được một cách hoàn toàn và đầy đủ kinh nghiệm cũng như sự thông minh của mỗi người.",Sách tiếng Việt/Sách kỹ năng sống/Sách tư duy - Kỹ năng sống,276
195801296,sách 6 chiếc mũ tư duy,EDWARD DE BONO,91000,7247,OFFICIAL_STORE,0,8,7,https://tiki.vn/sach-6-chiec-mu-tu-duy-tai-ban-2022-p195801296.html?spid=275295005,https://salt.tikicdn.com/cache/280x280/ts/product/d7/32/ee/70660b5a2841cf02ad284949f6d67e9c.png,"Lối suy nghĩ truyền thống của người phương Tây (và của con người nói chung) thuờng không khuyến khích họ có những suy nghĩ mang tính xây dựng. Và Phương pháp Sáu Chiếc Mũ Tư Duy (tư duy song song) ra đời là để thay đổi quan điểm lỗi thời đó.
Tư duy song song có nghĩa là vào cùng một thời điểm, tất cả mọi người đều nhìn nhận vấn đề từ cùng một hướng.
Phương pháp tư duy song song tập trung khai thác những ý tưởng và sáng kiến mà mỗi người có được trong từng phuơng hướng tư duy. Vì thế, mọi người phải cùng đội chiếc mũ màu đen vào một thời điểm được chỉ định, sau đó tất cả lại đội lên đầu chiếc mũ màu trắng vào một lúc khác. Chỉ như thế mới là tư duy song song, và chỉ có thế ta mới sử dụng được một cách hoàn toàn và đầy đủ kinh nghiệm cũng như sự thông minh của mỗi người.",Sách tiếng Việt/Sách kỹ năng sống/Sách tư duy - Kỹ năng sống,792
275360996,sách ai sẽ khóc khi bạn lìa xa,,121500,126688,NONE,0,0,,https://tiki.vn/sach-an-mang-dem-giang-sinh-agatha-christie-nxb-tre-p275360996.html?spid=275590661,https://salt.tikicdn.com/cache/280x280/ts/product/46/15/3f/fe04a44787c22fff19b46338075cbdf9.jpg,"Tên sản phẩm: Sách - Án mạng đêm Giáng sinh (Agatha Christie) - NXB Trẻ
Phiên bản: Thông thường
Loại nắp: Bìa mềm
Tỉ phú Simeon Lee bất ngờ mời gia đình đến nhà tụ họp mừng Giáng sinh khiến cho khách khứa không khỏi nghi ngờ. Simeon không mấy có tình cảm gia đình, và không phải mọi thành viên trong nhà đều có quan hệ tốt đẹp. Đã vậy, ông còn mời Harry, thành viên bị ghét bỏ trong gia đình, và đứa cháu gái sinh ở Tây Ban Nha, Pilar, chưa từng ai trong gia đình gặp gỡ. Simeon chủ ý bày trò chơi ác với cảm xúc của gia đình ông. Một khách không mời xuất hiện – Stephen Farr, con trai của đối tác cũ của Simeon Lee thời khai thác kim cương – khiến cho ngôi nhà đầy ắp ngờ vực khi trò chơi trở thành chết chóc.",Sách tiếng Việt/Sách kỹ năng sống/Sách tư duy - Kỹ năng sống,1213
209311286,sách ai sẽ khóc khi bạn lìa xa,,107000,97533,NONE,0,0,,https://tiki.vn/sach-tu-duy-nhu-mot-ke-lap-di-tb-alphabooks-ban-quyen-p209311286.html?spid=274754337,https://salt.tikicdn.com/cache/280x280/ts/product/6e/31/58/9724a6cdf82b8192145b0c5c4d635ff3.jpg,"Đã bao giờ bạn đưa ra một lựa chọn chỉ vì mọi người xung quanh bạn đều có vẻ ủng hộ nó?
Bạn có thường xuyên thấy bản thân lặp lại một lập luận nào đó bạn từng gặp qua trên truyền hình, mặc dù chưa nghĩ kĩ về nó?
Chúng ta thường bị giới hạn bởi sự khôn ngoan từng trải truyền thống về cách thế giới vận hành. Hơn thế nữa, niềm tin kiểu này đặc biệt giới hạn chúng ta khi phải đưa ra quyết định và giải quyết vấn đề.
Cuốn Tư duy như kẻ lập dị, viết bởi hai tác giả của cuốn Kinh tế học hài hước, hướng tới việc giải quyết vấn đề cụ thể này bằng cách cho cả thế giới thấy, thông qua từng người đọc, cách suy nghĩ độc đáo mà theo hai tác giả này là “khác biệt một chút, khó nghĩ hơn một chút và tự do hơn một chút”.
Trong cuốn sách này bạn sẽ học cách nhìn nhận thế giới theo cách không giống ai, và bằng cách đó, tìm ra các giải pháp mà có lẽ bạn không bao giờ nghĩ tới. Tóm lại, cuốn sách này sẽ hướng dẫn bạn cách tư duy như một kẻ lập dị.
Trong quá trình đó, bạn cũng sẽ biết được:
Tại sao qua các trò ảo thuật trẻ con lại khó lừa hơn so với người lớn?
Tại sao bạn không bao giờ nên chỉ dựa vàophán đoán của một chuyên gia?
Làm thế nào một sinh viên gầy nhom lại chiến thắng cuộc thi vô địch ăn bánh mì kẹp xúc xích toàn thế giới với thành tích cao gấp đôi kỷ lục năm trước đó ghi được?
Làm thế nào việc hợp pháp hoá chuyện phá thai trong thập niên 70 lại dẫn tới sự sụt giảm mạnh về tội phạm vào thập niêm 90?
Năm TB 2022",Sách tiếng Việt/Sách kỹ năng sống/Sách tư duy - Kỹ năng sống,867
275361159,sách án mạng đêm giáng sinh,,121500,295057,NONE,0,0,,https://tiki.vn/sach-an-mang-dem-giang-sinh-tai-ban-2023-p275361159.html?spid=275590686,https://salt.tikicdn.com/cache/280x280/ts/product/a2/63/06/82d230e74ff196b8531661062430a8d5.jpg,"Tỉ phú Simeon Lee bất ngờ mời gia đình đến nhà tụ họp mừng Giáng sinh khiến cho khách khứa không khỏi nghi ngờ. Simeon không mấy có tình cảm gia đình, và không phải mọi thành viên trong nhà đều có quan hệ tốt đẹp. Đã vậy, ông còn mời Harry, thành viên bị ghét bỏ trong gia đình, và đứa cháu gái sinh ở Tây Ban Nha, Pilar, chưa từng ai trong gia đình gặp gỡ. Simeon chủ ý bày trò chơi ác với cảm xúc của gia đình ông. Một khách không mời xuất hiện – Stephen Farr, con trai của đối tác cũ của Simeon Lee thời khai thác kim cương – khiến cho ngôi nhà đầy ắp ngờ vực khi trò chơi trở thành chết chóc.",Sách tiếng Việt/Sách kỹ năng sống/Sách tư duy - Kỹ năng sống,1216
248362589,sách án mạng đêm giáng sinh,,126000,295057,NONE,0,0,,https://tiki.vn/sach-thien-tai-doi-nhom-team-genius-nha-nam-ban-quyen-p248362589.html?spid=274369034,https://salt.tikicdn.com/cache/280x280/ts/product/26/7a/9d/a9cbf6748f0da4c5ffb6a0b328a327ad.jpg,"Dựa trên những báo cáo nghiên cứu khoa học mới nhất, những nghiên cứu tình huống hấp dẫn và những câu chuyện kể thú vị, cuốn sách này là minh chứng cho thấy việc thiết kế, thành lập và quản lý những đội nhóm vĩ đại không phải là một thứ nghệ thuật khó nhằn. Nó hoàn toàn có thể học hỏi, trui rèn để khai mở các giải pháp cho những vấn đề cấp thiết quyết định sự thành công hoặc lụi tàn của tổ chức.
Bên cạnh đó, cuốn sách cũng đưa ra góc nhìn mới mẻ về vai trò của đội nhóm trong năng lực cạnh tranh của các tổ chức, giúp giải quyết những câu hỏi căn cốt như: Làm thế nào để tái tổ chức các đội nhóm dưới chuẩn thành những đội nhóm siêu hạng? Những đội nhóm nào đang tiến đến thoái trào trong tổ chức? Quy mô đội nhóm như thế nào để phù hợp với công việc?
“Hoàn toàn thuyết phục và cực kỳ cần thiết… Đây là một cuốn sách tuyệt vời về thành tích của đội nhóm, giúp làm rõ những điều cần biết về một chủ đề đang ngày càng cấp thiết đối với thành công của tổ chức.”
- Steve Forbes, Forbes
“Thiên tài đội nhóm mang đến một phương pháp thực tế để thúc đẩy các đội nhóm siêu hạng.”
- Satya Nadella, CEO, Microsoft",Sách tiếng Việt/Sách kỹ năng sống/Sách tư duy - Kỹ năng sống,973
274327859,sách ba người thầy vĩ đại,ROBIN SHARMA,88320,161219,NONE,0,0,2,https://tiki.vn/sach-ba-nguoi-thay-vi-dai-p274327859.html?spid=276912191,https://salt.tikicdn.com/cache/280x280/ts/product/e6/70/0a/7472997d417e3b97c983c40e7ea65ccb.jpg,"“Tôi đã nếm trải nhiều thất bại trong hành trình đi qua những tháng ngày của mình. Thế nhưng, mỗi chướng ngại cuối cùng đều lại chính là một bàn đạp đưa tôi gần hơn nữa tới chân lý trong tâm khảm và cuộc đời tốt đẹp nhất của mình.
Cho dù tôi có thu thập được bao nhiêu tài sản vật chất đi chăng nữa thì cái thằng người mà tôi nhìn thấy trong tấm gương phòng tắm mỗi buổi sáng vẫn y nguyên – tôi không hề hạnh phúc hơn và không hề cảm thấy tốt hơn tí nào. Suy ngẫm nhiều hơn về thực trạng cuộc sống của mình, tôi bắt đầu nhận thức được sự trống rỗng ngay trong tim mình. Tôi bắt đầu chú ý đến những tiếng thầm thì lặng lẽ của con tim, những điều chỉ dẫn tôi rời bỏ nghề nghiệp mình đã chọn và bắt đầu quá trình tìm kiếm tâm hồn một cách nghiêm túc. Tôi bắt đầu suy nghĩ về lý do tại sao tôi lại ở đây, trên hành tinh này, và nhiệm vụ cụ thể của tôi là gì. Tôi tự hỏi tại sao cuộc đời mình lại không có tác dụng và cần phải thực hiện những thay đổi sâu sắc nào để giúp mình đi đúng hướng. Tôi xem xét những niềm tin cốt lõi, những giả định, và những lăng kính mà mình nhìn ra thế giới, và tôi tự cam kết làm sạch những lăng kính không lành mạnh.”
“Cuốn sách này là một tác phẩm hư cấu. Đây là câu chuyện về một người đàn ông có tên Jack Valentine mà đường đời có nhiều điểm giống với tôi. Có cảm nhận rất không đầy đủ với tư cách một con người, anh ấy lên kế hoạch tìm kiếm tri thức để sống một cuộc sống hạnh phúc hơn, khoẻ khoắn hơn và đẹp hơn.”
Những “Câu hỏi cuối cùng” là một điều kì lạ mà Jack nghe được từ người bệnh nhân già nằm cùng phòng với anh – ông Cal. Chỉ sau một buổi tối trò chuyện cùng ông, Jack đã nhận thấy những sự thay đổi đang diễn ra trong mình. Và từ đây, chuyến hành trình đến Rome, Hawaii và New York cùng những khám phá mới mẻ mà anh học được từ ba người thầy vĩ đại trong cuộc đời đã giúp anh trả lời được ba câu hỏi mà cha anh – Cal Valentine đã nói trước khi ông qua đời:
– Ta đã SỐNG một cách KHÔN NGOAN chưa?
– Ta đã YÊU THƯƠNG chưa?
– Ta đã CỐNG HIẾN thật nhiều chưa?’
Cuốn sổ mà cha Mike – người thầy đầu tiên ở Rome đưa cho Jack đã đúc kết 10 điều mà anh đã học được trong suốt cuộc hành trình:
1. Công việc chính của mọi con người là công việc nội tâm.
2. Hãy xem cuộc sống của mình như một trường học dạy cách trưởng thành.
3. Hãy thành thật với chính mình – cuộc sống tốt đẹp nhất là cuộc sống chân thật.
4. Hãy nhớ rằng chúng ta thu nhận những gì chúng ta phát ra.
5. Chúng ta nhìn nhận thế giới không như chính nó mà như chúng ta nghĩ.
6. Hãy sống bằng trái tim của ban – tri thức của nó không bao giờ nói dối.
7. Hãy đắm mình trong sự tò mò của cuộc đời bạn.
8. Hãy chăm lo cho chính bạn.
9. Hãy xây dựng những kết nối của con người.
10. Hãy để lại một di sản.",Sách tiếng Việt/Sách kỹ năng sống/Sách kỹ năng mềm,1124
115254372,sách ba người thầy vĩ đại,,88300,161219,NONE,0,0,8,https://tiki.vn/sach-ba-nguoi-thay-vi-dai-p115254372.html?spid=115254382,https://salt.tikicdn.com/cache/280x280/ts/product/8b/33/11/2ca7a4e6839a0ca58b13661773facf6b.jpg,"Ba Người Thầy Vĩ Đại
“Tôi đã nếm trải nhiều thất bại trong hành trình đi qua những tháng ngày của mình. Thế nhưng, mỗi chướng ngại cuối cùng đều lại chính là một bàn đạp đưa tôi gần hơn nữa tới chân lý trong tâm khảm và cuộc đời tốt đẹp nhất của mình.
Cho dù tôi có thu thập được bao nhiêu tài sản vật chất đi chăng nữa thì cái thằng người mà tôi nhìn thấy trong tấm gương phòng tắm mỗi buổi sáng vẫn y nguyên – tôi không hề hạnh phúc hơn và không hề cảm thấy tốt hơn tí nào. Suy ngẫm nhiều hơn về thực trạng cuộc sống của mình, tôi bắt đầu nhận thức được sự trống rỗng ngay trong tim mình. Tôi bắt đầu chú ý đến những tiếng thầm thì lặng lẽ của con tim, những điều chỉ dẫn tôi rời bỏ nghề nghiệp mình đã chọn và bắt đầu quá trình tìm kiếm tâm hồn một cách nghiêm túc. Tôi bắt đầu suy nghĩ về lý do tại sao tôi lại ở đây, trên hành tinh này, và nhiệm vụ cụ thể của tôi là gì. Tôi tự hỏi tại sao cuộc đời mình lại không có tác dụng và cần phải thực hiện những thay đổi sâu sắc nào để giúp mình đi đúng hướng. Tôi xem xét những niềm tin cốt lõi, những giả định, và những lăng kính mà mình nhìn ra thế giới, và tôi tự cam kết làm sạch những lăng kính không lành mạnh.”
“Cuốn sách này là một tác phẩm hư cấu. Đây là câu chuyện về một người đàn ông có tên Jack Valentine mà đường đời có nhiều điểm giống với tôi. Có cảm nhận rất không đầy đủ với tư cách một con người, anh ấy lên kế hoạch tìm kiếm tri thức để sống một cuộc sống hạnh phúc hơn, khoẻ khoắn hơn và đẹp hơn.”
Những “Câu hỏi cuối cùng” là một điều kì lạ mà Jack nghe được từ người bệnh nhân già nằm cùng phòng với anh – ông Cal. Chỉ sau một buổi tối trò chuyện cùng ông, Jack đã nhận thấy những sự thay đổi đang diễn ra trong mình. Và từ đây, chuyến hành trình đến Rome, Hawaii và New York cùng những khám phá mới mẻ mà anh học được từ ba người thầy vĩ đại trong cuộc đời đã giúp anh trả lời được ba câu hỏi mà cha anh – Cal Valentine đã nói trước khi ông qua đời:
- Ta đã SỐNG một cách KHÔN NGOAN chưa?
- Ta đã YÊU THƯƠNG chưa?
- Ta đã CỐNG HIẾN thật nhiều chưa?’
Cuốn sổ mà cha Mike - người thầy đầu tiên ở Rome đưa cho Jack đã đúc kết 10 điều mà anh đã học được trong suốt cuộc hành trình:
1. Công việc chính của mọi con người là công việc nội tâm.
2. Hãy xem cuộc sống của mình như một trường học dạy cách trưởng thành.
3. Hãy thành thật với chính mình – cuộc sống tốt đẹp nhất là cuộc sống chân thật.
4. Hãy nhớ rằng chúng ta thu nhận những gì chúng ta phát ra.
5. Chúng ta nhìn nhận thế giới không như chính nó mà như chúng ta nghĩ.
6. Hãy sống bằng trái tim của ban – tri thức của nó không bao giờ nói dối.
7. Hãy đắm mình trong sự tò mò của cuộc đời bạn.
8. Hãy chăm lo cho chính bạn.
9. Hãy xây dựng những kết nối của con người.
10. Hãy để lại một di sản.",Sách tiếng Việt/Sách kỹ năng sống/Sách kỹ năng mềm,604
216462136,sách ba người thầy vĩ đại,,88300,161219,NONE,0,0,3,https://tiki.vn/sach-ba-nguoi-thay-vi-dai-p216462136.html?spid=276912173,https://salt.tikicdn.com/cache/280x280/ts/product/61/65/8b/ab8c16b8b60dd2875eebe9948d9df65c.jpg,"Ba Người Thầy Vĩ Đại (Tái Bản)
Vậy đâu là đáp án của những câu hỏi đó?
Ta đã sống một cách khôn ngoan chưa?
Đó là bài học về sự bất toàn của con người, nghĩa là con người không ai hoàn hảo. Bởi vì nếu ai cũng hoàn hảo rồi thì họ còn gì để cố gắng, còn sống có ý nghĩa gì nữa. Nhiệm vụ của chúng ta khi sinh ra là tìm kiếm giá trị đích thực của bản thân.
Ta đã yêu thương chưa?
Ta đã cống hiến thật nhiều chưa?",Sách tiếng Việt/Sách kỹ năng sống/Sách kỹ năng mềm,914
273880094,sách ba người thầy vĩ đại,ROBIN SHARMA,115000,259784,OFFICIAL_STORE,0,0,,https://tiki.vn/sach-ba-nguoi-thay-vi-dai-th-p273880094.html?spid=273880095,https://salt.tikicdn.com/cache/280x280/ts/product/94/37/89/e5fc050e13543dcd6cd6de264bc16111.jpg,,Sách tiếng Việt/Sách kỹ năng sống/Sách kỹ năng mềm,1115
200743998,sách bản chất của dối trá,DAN ARIELY,134000,126688,NONE,0,0,,https://tiki.vn/sach-ban-chat-cua-doi-tra-tac-gia-dan-ariely-tang-kem-bookmark-bamboo-books-p200743998.html?spid=202152166,https://salt.tikicdn.com/cache/280x280/ts/product/40/8f/cb/ae2947477a5b4bac886bee560c34b37c.jpg,"Sách - Bản Chất Của Dối Trá
Hầu hết chúng ta đều nghĩ mình trung thực, nhưng, trên thực tế, tất cả chúng ta đều dối trá. Từ Washington đến Phố Wall, từ lớp học đến nơi làm việc, hành vi phi đạo đức xuất hiện ở khắp mọi nơi. Không ai trong chúng là ngoại lệ, cho dù đó là một lời nói không gây hại (white lie) đến các báo cáo tài chính gian lận.
Trong cuốn sách Bản chất của dối trá, cuốn sách từng đoạt giải thưởng lớn - tác giả sách bán chạy nhất, Dan Ariely cho thấy tại sao một số điều dễ nói dối hơn những điều khác, làm thế nào để gặp ít vấn đề hơn chúng ta tưởng hơn khi bị lừa dối, và cách hoạt động kinh doanh đã mở đường cho các hành vi phi đạo đức, cả cố ý lẫn vô ý như thế nào. Ariely đã khám phá ra cách thức hoạt động của các hành vi phi đạo đức trong cuộc sống riêng, công việc và chính trị, và nó đã ảnh hưởng đến tất cả chúng ta như thế nào, ngay cả khi chúng ta nghĩ mình có những tiêu chuẩn đạo đức cao. Ariely cũng xác định những gì giúp chúng ta trung thực, chỉ đường cho việc trở thành người có đạo đức hơn trong cuộc sống hàng ngày của chúng ta.
Với những phát hiện từ chính tác giả lẫn những phát hiện học thuật, cuốn sách sẽ thay đổi cách chúng ta nhìn nhận chính mình, hành động của bản thân và những người khác.
Sản phẩm được tặng kèm bookmark như hình đính kèm",Sách tiếng Việt/Sách kỹ năng sống/Sách tư duy - Kỹ năng sống,803
22367416,sách bản chất của dối trá,DAN ARIELY,134000,126688,NONE,0,0,,https://tiki.vn/sach-ban-chat-cua-doi-tra-tai-ban-2018-tang-kem-bookmark-tiki-p22367416.html?spid=273934702,https://salt.tikicdn.com/cache/280x280/ts/product/fb/53/7a/8d4e1d4ed954fd46906ba9a1a2139d80.jpg,"Hầu hết chúng ta đều nghĩ mình trung thực, nhưng, trên thực tế, tất cả chúng ta đều dối trá. Từ Washington đến Phố Wall, từ lớp học đến nơi làm việc, hành vi phi đạo đức xuất hiện ở khắp mọi nơi. Không ai trong chúng là ngoại lệ, cho dù đó là một lời nói không gây hại (white lie) đến các báo cáo tài chính gian lận.
Trong cuốn sách Bản chất của dối trá, cuốn sách từng đoạt giải thưởng lớn - tác giả sách bán chạy nhất, Dan Ariely cho thấy tại sao một số điều dễ nói dối hơn những điều khác, làm thế nào để gặp ít vấn đề hơn chúng ta tưởng hơn khi bị lừa dối, và cách hoạt động kinh doanh đã mở đường cho các hành vi phi đạo đức, cả cố ý lẫn vô ý như thế nào. Ariely đã khám phá ra cách thức hoạt động của các hành vi phi đạo đức trong cuộc sống riêng, công việc và chính trị, và nó đã ảnh hưởng đến tất cả chúng ta như thế nào, ngay cả khi chúng ta nghĩ mình có những tiêu chuẩn đạo đức cao. Ariely cũng xác định những gì giúp chúng ta trung thực, chỉ đường cho việc trở thành người có đạo đức hơn trong cuộc sống hàng ngày của chúng ta.
Với những phát hiện từ chính tác giả lẫn những phát hiện học thuật, cuốn sách sẽ thay đổi cách chúng ta nhìn nhận chính mình, hành động của bản thân và những người khác.",Sách tiếng Việt/Sách kỹ năng sống/Sách tư duy - Kỹ năng sống,248
249497297,sách bản chất của dối trá,,104300,111899,OFFICIAL_STORE,0,0,,https://tiki.vn/ban-chat-cua-doi-tra-sach-ban-quyen-p249497297.html?spid=278114895,https://salt.tikicdn.com/cache/280x280/ts/product/59/a2/25/9473450092a47835332b9337aff34029.png,"Bản Chất Của Dối Trá
Đảm bảo 100% sách gốc bản quyền từ NXB
Xử lí đơn đặt hàng nhanh
Chính sách hỗ trợ đổi sách cho khách hàng thuận tiện khi gặp sự cố
Bản Chất Của Dối Trá (Tái Bản)
Hầu hết chúng ta đều nghĩ mình trung thực, nhưng, trên thực tế, tất cả chúng ta đều dối trá. Từ Washington đến Phố Wall, từ lớp học đến nơi làm việc, hành vi phi đạo đức xuất hiện ở khắp mọi nơi. Không ai trong chúng là ngoại lệ, cho dù đó là một lời nói không gây hại (white lie) đến các báo cáo tài chính gian lận.
Trong cuốn sách Bản chất của dối trá, cuốn sách từng đoạt giải thưởng lớn - tác giả sách bán chạy nhất, Dan Ariely cho thấy tại sao một số điều dễ nói dối hơn những điều khác, làm thế nào để gặp ít vấn đề hơn chúng ta tưởng hơn khi bị lừa dối, và cách hoạt động kinh doanh đã mở đường cho các hành vi phi đạo đức, cả cố ý lẫn vô ý như thế nào. Ariely đã khám phá ra cách thức hoạt động của các hành vi phi đạo đức trong cuộc sống riêng, công việc và chính trị, và nó đã ảnh hưởng đến tất cả chúng ta như thế nào, ngay cả khi chúng ta nghĩ mình có những tiêu chuẩn đạo đức cao. Ariely cũng xác định những gì giúp chúng ta trung thực, chỉ đường cho việc trở thành người có đạo đức hơn trong cuộc sống hàng ngày của chúng ta.
Với những phát hiện từ chính tác giả lẫn những phát hiện học thuật, cuốn sách sẽ thay đổi cách chúng ta nhìn nhận chính mình, hành động của bản thân và những người khác.
— Hãy chiêm nghiệm cuốn sách và cảm nhận hương vị của một tách trà vào mỗi cuối tuần khi bạn dành nhiều thời gian hơn cho bản thân mình! —",Sách tiếng Việt/Sách kỹ năng sống/Sách tư duy - Kỹ năng sống,1005
2542259,sách bản chất của dối trá,DAN ARIELY,104300,111899,OFFICIAL_STORE,0,5,,https://tiki.vn/sach-ban-chat-cua-doi-tra-tai-ban-2018-p2542259.html?spid=278111437,https://salt.tikicdn.com/cache/280x280/ts/product/59/a2/25/c45e31120e6d195faca8f6098581f01e.png,"Bản Chất Của Dối Trá (Tái Bản 2018)
Hầu hết chúng ta đều nghĩ mình trung thực, nhưng, trên thực tế, tất cả chúng ta đều dối trá. Từ Washington đến Phố Wall, từ lớp học đến nơi làm việc, hành vi phi đạo đức xuất hiện ở khắp mọi nơi. Không ai trong chúng là ngoại lệ, cho dù đó là một lời nói không gây hại (white lie) đến các báo cáo tài chính gian lận.
Trong cuốn sách Bản chất của dối trá, cuốn sách từng đoạt giải thưởng lớn - tác giả sách bán chạy nhất, Dan Ariely cho thấy tại sao một số điều dễ nói dối hơn những điều khác, làm thế nào để gặp ít vấn đề hơn chúng ta tưởng hơn khi bị lừa dối, và cách hoạt động kinh doanh đã mở đường cho các hành vi phi đạo đức, cả cố ý lẫn vô ý như thế nào. Ariely đã khám phá ra cách thức hoạt động của các hành vi phi đạo đức trong cuộc sống riêng, công việc và chính trị, và nó đã ảnh hưởng đến tất cả chúng ta như thế nào, ngay cả khi chúng ta nghĩ mình có những tiêu chuẩn đạo đức cao. Ariely cũng xác định những gì giúp chúng ta trung thực, chỉ đường cho việc trở thành người có đạo đức hơn trong cuộc sống hàng ngày của chúng ta.
Với những phát hiện từ chính tác giả lẫn những phát hiện học thuật, cuốn sách sẽ thay đổi cách chúng ta nhìn nhận chính mình, hành động của bản thân và những người khác.",Sách tiếng Việt/Sách kỹ năng sống/Sách tư duy - Kỹ năng sống,133
209320368,sách bản kế hoạch thay đổi định mệnh,,89100,295057,NONE,0,0,,https://tiki.vn/sach-ban-ke-hoach-thay-doi-dinh-menh-alphabooks-ban-quyen-p209320368.html?spid=274784923,https://salt.tikicdn.com/cache/280x280/ts/product/7f/4a/02/3ec5c9717b637d4e086eb3e8837f1ed8.jpg,"- Nếu bạn cảm thấy mất cân bằng và ý thức rõ rằng tình trạng hiện giờ sẽ không kéo dài lâu;
- Nếu bạn có một sự nghiệp đang lên nhưng không muốn bỏ mặc các ưu tiên cá nhân;
- Nếu bạn muốn có một đích ngắm rõ ràng hơn để thành công về mặt tài chính;
- Nếu bạn mới trải qua một chuyện đau buồn và đột nhiên nhận ra rằng cuộc đời thật ngắn ngủi;
Nếu câu trả lời là “có” cho bất kỳ điểm nào trong những điều trên, thì Bản Kế Hoạch Thay Đổi Định Mệnh này chắc chắn là dành cho bạn!
“Còn hơn cả một cuốn sách, đây là một lộ trình giúp bạn đến được nơi mình muốn từ vị trí hiện tại.”
- Jon Gordon, tác giả cuốn Chuyến xe năng lượng
“Bạn có thể theo đuổi điều thực chất một cách có chủ đích hoặc bạn có thể bị cuốn theo những thứ vô nghĩa một cách không có chủ đích. Cuốn sách này sẽ hướng dẫn bạn cách làm thế nào để đạt được điều trên trong khi tránh được điều dưới.”
- Greg McKeown, tác giả cuốn Nghệ thuật theo đuổi sự tối giản
+ĐÔI NÉT VỀ TÁC GIẢ:
Michael Hyatt là chuyên gia trong lĩnh vực truyền thông đại chúng, là cựu chủ tịch và CEO của Thomas Nelson, một nhà xuất bản tôn giáo lớn nhất thế giới, đồng thời cũng là tác giả của một số tựa sách best-sellet như Bản kế hoạch thay đổi định mệnh, Platform: Get Noticed in a Noisy World (tạm dịch: Sân khấu – Gây chú ý trong thế giới ồn ào). Tạp chí Forbes đã đánh giá ông là một trong “10 chuyên gia tiếp thị online của năm 2014”.
Daniel Harkavy là CEO và huấn luyện viên của công ty tư vấn Building Champions, đồng thời cũng là tác giả của các tựa sách nổi tiếng về kỹ năng rèn luyện bản thân như Bản kế hoạch thay đổi định mệnh, Becoming a Coaching Leader: The Proven Strategy for Building Your Own Team of Champions (tạm dịch: Trở thành nhà huấn luyện lãnh đạo: Một chiến lược để xây dựng đội ngũ những người thành công của riêng bạn)…
Sách - Bản kế hoạch thay đổi định mệnh",Sách tiếng Việt/Sách kỹ năng sống/Sách tư duy - Kỹ năng sống,868
22367442,sách bản kế hoạch thay đổi định mệnh,"MICHAEL HYATT, DANIEL HARKAVY",89000,97533,NONE,0,0,3,https://tiki.vn/sach-ban-ke-hoach-thay-doi-dinh-menh-tai-ban-2019-tang-kem-bookmark-tiki-p22367442.html?spid=274712045,https://salt.tikicdn.com/cache/280x280/ts/product/3b/99/fa/923480b7ab0e26a44197104cd6043648.jpg,"Nếu bạn cảm thấy mất cân bằng và ý thức rõ rằng tình trạng hiện giờ sẽ không kéo dài lâu.
Nếu bạn có một sự nghiệp đang lên nhưng không muốn bỏ mặc các ưu tiên cá nhân.
Nếu bạn muốn có một đích ngắm rõ ràng hơn để thành công về mặt tài chính.
Nếu bạn mới trải qua một chuyện đau buồn và đột nhiên nhận ra rằng cuộc đời thật ngắn ngủi.
Nếu câu trả lời là “có” cho bất kỳ điểm nào trong những điều trên, thì Bản Kế Hoạch Thay Đổi Định Mệnh này chắc chắn là dành cho bạn!
“Còn hơn cả một cuốn sách, đây là một lộ trình giúp bạn đến được nơi mình muốn từ vị trí hiện tại.”
Jon Gordon, tác giả cuốn Chuyến xe năng lượng
“Bạn có thể theo đuổi điều thực chất một cách có chủ đích hoặc bạn có thể bị cuốn theo những thứ vô nghĩa một cách không có chủ đích. Cuốn sách này sẽ hướng dẫn bạn cách làm thế nào để đạt được điều trên trong khi tránh được điều dưới.”
Greg McKeown, tác giả cuốn Nghệ thuật theo đuổi sự tối giản",Sách tiếng Việt/Sách kỹ năng sống/Sách tư duy - Kỹ năng sống,249
612829,sách bản kế hoạch thay đổi định mệnh,MICHAEL HYATT - DANIEL HARKAVY,89000,97533,NONE,0,2,3,https://tiki.vn/sach-ban-ke-hoach-thay-doi-dinh-menh-p612829.html?spid=274712046,https://salt.tikicdn.com/cache/280x280/media/catalog/product/b/a/ban-ke-hoach-thay-doi-dinh-menh.u5168.d20170418.t095824.320962.jpg,"Bản Kế Hoạch Thay Đổi Định Mệnh
“Còn hơn cả một cuốn sách, đây là một lộ trình giúp bạn đến được nơi mình muốn từ vị trí hiện tại.” - Jon Gordon, tác giả cuốn ""Chuyến Xe Năng Lượng"" đã nhận xét.
Quyển sách bao gồm 10 chương sẽ dẫn dắt bạn qua một hành trình nhận thức về nhu cầu cần có một kế hoạch cho cuộc sống của bạn, các bước để tạo được kế hoạch đó và sự can đảm để biến nó thành hiện thực. Tất cả là về việc trang bị để bạn có thể đưa ra các quyết định giúp bạn sống một cách chủ động và có mục đích hơn. Nếu làm theo những lời khuyên của cuốn sách, bạn sẽ có được các công cụ và biết được cách sống nhìn về phía trước chứ không phải qua gương chiếu hậu.",Sách tiếng Việt/Sách kỹ năng sống/Sách tư duy - Kỹ năng sống,88
116396339,sách bản lĩnh lên,BEDROS KEUILIAN,102400,1,OFFICIAL_STORE,4.8,15,135,https://tiki.vn/sach-ban-linh-len-p116396339.html?spid=116396341,https://salt.tikicdn.com/cache/280x280/ts/product/35/2e/64/541f0cc9b0e34898b0e74fcb951f0461.jpg,"CẢNH BÁO TỪ TÁC GIẢ:
Những gì bạn sắp đọc và những bài học trong cuốn sách này có thể làm tổn thương cái tôi, xúc phạm lòng kiêu hãnh của bạn, và thậm chí khiến bạn nghi ngờ đạo đức nghề nghiệp của bản thân, bởi chúng thật sự sẽ tác động sâu sắc đến bạn.
Tôi không ở đây để vỗ về hay nói những điều bạn muốn nghe. Tôi sẽ nói những điều bạn cần nghe - để loại bỏ những thứ nhảm nhí ra khỏi con người bạn và bồi đắp tâm trí bạn bằng sự thật rằng bạn đã và đang trốn tránh việc trở thành một nhà lãnh đạo bẩm sinh.
Tôi ở đây để giúp bạn bắt đầu cuộc sống mà ở đó bạn có thể phát huy hết tiềm năng trong vai trò một doanh nhân và trong mọi lĩnh vực khác của cuộc sống.
Cho phép bản thân SỐNG THEO CÁCH RIÊNG của bạn.
Cho phép bản thân NGHĨ VÀ MƠ ƯỚC LỚN hơn.
Cho phép bản thân TỪ BỎ SỰ TẦM THƯỜNG trong mọi mặt
của cuộc sống.
Cho phép bản thân GIA TĂNG GIÁ TRỊ bản thân.
Cho phép bản thân YÊU CHÍNH MÌNH.
Cho phép bản thân BỎ NGOÀI TAI những lời bàn tán về bạn.
Cho phép bản thân bạn KHÔNG CHỈ THÀNH CÔNG mà XÂY DỰNG HẲN MỘT ĐẾ CHẾ.
Cho phép bản thân trở nên BẢN LĨNH!",Sách tiếng Việt/Sách kỹ năng sống/Sách tư duy - Kỹ năng sống,607
263751744,sách bản lĩnh lên,,109440,161219,NONE,0,0,,https://tiki.vn/sach-nahx-nam-ban-linh-len-p263751744.html?spid=263751745,https://salt.tikicdn.com/cache/280x280/ts/product/35/2e/64/541f0cc9b0e34898b0e74fcb951f0461.jpg,"Bản Lĩnh Lên
CẢNH BÁO TỪ TÁC GIẢ:
Những gì bạn sắp đọc và những bài học trong cuốn sách này có thể làm tổn thương cái tôi, xúc phạm lòng kiêu hãnh của bạn, và thậm chí khiến bạn nghi ngờ đạo đức nghề nghiệp của bản thân, bởi chúng thật sự sẽ tác động sâu sắc đến bạn.
Tôi không ở đây để vỗ về hay nói những điều bạn muốn nghe. Tôi sẽ nói những điều bạn cần nghe - để loại bỏ những thứ nhảm nhí ra khỏi con người bạn và bồi đắp tâm trí bạn bằng sự thật rằng bạn đã và đang trốn tránh việc trở thành một nhà lãnh đạo bẩm sinh.
Tôi ở đây để giúp bạn bắt đầu cuộc sống mà ở đó bạn có thể phát huy hết tiềm năng trong vai trò một doanh nhân và trong mọi lĩnh vực khác của cuộc sống.
Cho phép bản thân SỐNG THEO CÁCH RIÊNG của bạn.
Cho phép bản thân NGHĨ VÀ MƠ ƯỚC LỚN hơn.
Cho phép bản thân TỪ BỎ SỰ TẦM THƯỜNG trong mọi mặt
của cuộc sống.
Cho phép bản thân GIA TĂNG GIÁ TRỊ bản thân.
Cho phép bản thân YÊU CHÍNH MÌNH.
Cho phép bản thân BỎ NGOÀI TAI những lời bàn tán về bạn.
Cho phép bản thân bạn KHÔNG CHỈ THÀNH CÔNG mà XÂY DỰNG HẲN MỘT ĐẾ CHẾ.
Cho phép bản thân trở nên BẢN LĨNH!",Sách tiếng Việt/Sách kỹ năng sống/Sách tư duy - Kỹ năng sống,1051
277772531,sách bản sao,,194970,111899,OFFICIAL_STORE,0,0,1,https://tiki.vn/sach-ban-sao-higashino-keigo-1980-books-p277772531.html?spid=277940785,https://salt.tikicdn.com/cache/280x280/ts/product/61/a5/3e/caa4bc68354d0379e419c5b557bd1911.jpg,"Sách do Công ty TNHH Văn hoá và Truyền thông 1980 BOOKS ấn hành quý II/2025.
1. Mariko, một cô sinh viên đại học mang trong mình những băn khoăn và niềm day dứt về nguyên nhân mẹ mình tự tử dẫu cho cái chết ấy đã được kết luận là một vụ tai nạn.
2. Futaba, một cô gái yêu âm nhạc luôn cưỡng lại lời mẹ về việc không được phép xuất hiện trên tivi cho đến ngày bà đột ngột qua đời trong vụ tai nạn tông xe rồi bỏ trốn.
Cuốn sách là hành trình đi ngược về phía nhau của hai cô gái. Những di vật mà hai người mẹ để lại, những ký ức của họ về mẹ và cả kỷ niệm với những người quen thân của hai người phụ nữ liệu có giúp hai đứa trẻ giải mã được bí ẩn đằng sau cái chết của mẹ họ, những khúc mắc về người cha thật sự, cùng lý do đau đớn về sự ra đời của hai đứa trẻ?
Higashino Keigo (4.2.1958) là một trong những tác giả tiểu thuyết trinh thám được nhiều người biết đến nhất ở châu Á và được cho là tiểu thuyết gia Nhật Bản nổi tiếng nhất tại Trung Quốc.
Ông từng là Chủ tịch thứ 13 của Hiệp hội Nhà văn Trinh thám Nhật Bản từ năm 20 đến 2013 và giành được nhiều giải thưởng văn học lớn, với gần hai mươi cuốn sách đã được chuyển thể thành phim điện ảnh và truyền hình.
Lời tác giả:
“Tôi thấy những tác phẩm đầu tiên của mình chỉ có án mạng, mánh khoé và thủ phạm, giờ thì những yếu tố bất ngờ đó không còn mang lại cho tôi sự thoả mãn nữa. Tôi vẫn đang trong giai đoạn tìm tòi và thử sức, đồng thời tránh việc tạo ra những tác phẩm với mô típ cũ và Bản sao là một trong những tác phẩm mới ấy.”
- Higashino Keigo",Sách tiếng Việt/Sách kỹ năng sống/Sách kỹ năng mềm,1382
278023780,sách bản sao,,222130,281062,NONE,0,0,,https://tiki.vn/sach-ban-sao-higashino-keigo-1980books-p278023780.html?spid=278023782,https://salt.tikicdn.com/cache/280x280/ts/product/23/c2/fc/ff16bb55a6bdf365e9efea5b78dd76df.jpg,"Sách do Công ty TNHH Văn hoá và Truyền thông 1980 BOOKS ấn hành quý II/2025.
1. Mariko, một cô sinh viên đại học mang trong mình những băn khoăn và niềm day dứt về nguyên nhân mẹ mình tự tử dẫu cho cái chết ấy đã được kết luận là một vụ tai nạn.
2. Futaba, một cô gái yêu âm nhạc luôn cưỡng lại lời mẹ về việc không được phép xuất hiện trên tivi cho đến ngày bà đột ngột qua đời trong vụ tai nạn tông xe rồi bỏ trốn.
Cuốn sách là hành trình đi ngược về phía nhau của hai cô gái. Những di vật mà hai người mẹ để lại, những ký ức của họ về mẹ và cả kỷ niệm với những người quen thân của hai người phụ nữ liệu có giúp hai đứa trẻ giải mã được bí ẩn đằng sau cái chết của mẹ họ, những khúc mắc về người cha thật sự, cùng lý do đau đớn về sự ra đời của hai đứa trẻ?
Higashino Keigo (4.2.1958) là một trong những tác giả tiểu thuyết trinh thám được nhiều người biết đến nhất ở châu Á và được cho là tiểu thuyết gia Nhật Bản nổi tiếng nhất tại Trung Quốc.
Ông từng là Chủ tịch thứ 13 của Hiệp hội Nhà văn Trinh thám Nhật Bản từ năm 20 đến 2013 và giành được nhiều giải thưởng văn học lớn, với gần hai mươi cuốn sách đã được chuyển thể thành phim điện ảnh và truyền hình.
Lời tác giả:
“Tôi thấy những tác phẩm đầu tiên của mình chỉ có án mạng, mánh khoé và thủ phạm, giờ thì những yếu tố bất ngờ đó không còn mang lại cho tôi sự thoả mãn nữa. Tôi vẫn đang trong giai đoạn tìm tòi và thử sức, đồng thời tránh việc tạo ra những tác phẩm với mô típ cũ và Bản sao là một trong những tác phẩm mới ấy.”
- Higashino Keigo",Sách tiếng Việt/Sách kỹ năng sống/Sách kỹ năng mềm,1393
29810924,sách bạn thật “bá đạo”!,JEN SINCERO,149000,97533,NONE,0,4,,https://tiki.vn/ban-that-ba-dao-tang-bookmark-sang-tao-p29810924.html?spid=215095133,https://salt.tikicdn.com/cache/280x280/ts/product/5e/ae/6e/8e48b0290926d1eda79ba19dedcc947f.jpg,"Bạn Thật “Bá Đạo”!
Cuốn sách dành cho những người tuyệt vọng, muốn cải thiện cuộc đời nhưng không muốn phạm pháp.
Trong cuốn sách mới mẻ và đầy tính giải trí này, nhà văn và huấn luyện viên Jen Sincero đã mang tới 27 chương tràn đầy những câu chuyện hài hước và khơi gợi cảm hứng, những lời khuyên thông thái, các bài tập đơn giản, thỉnh thoảng có những câu chửi thề, giúp bạn có thể:
Xác định và thay đổi các quan điểm và những hành vi phá hoại bản thân, ngăn bạn có được thứ bạn muốn.
Tạo ra cuộc đời mà bạn sẽ hoàn toàn yêu, ngay bây giờ.
Kiếm được tiền theo cách bạn chưa từng kiếm trước đây.
Khi đọc hết cuốn sách, bạn sẽ hiểu vì sao bản chất mình lại như vậy, làm thế nào để yêu quý những gì mà bạn không thể thay đổi, làm sao để thay đổi những gì bạn không thích, và làm cách nào dùng Thần lực để thành công rực rỡ.",Sách tiếng Việt/Sách kỹ năng sống/Sách tư duy - Kỹ năng sống,268
32351586,sách bạn thật “bá đạo”!,JEN SINCERO,149000,97533,NONE,0,0,,https://tiki.vn/ban-that-ba-dao-qua-tang-card-danh-dau-sach-dac-biet-p32351586.html?spid=277146127,https://salt.tikicdn.com/cache/280x280/ts/product/5e/ae/6e/51bbc18ce4cdcb606dd2f2da8e88fff9.jpg,"Bạn Thật “Bá Đạo”!
Cuốn sách dành cho những người tuyệt vọng, muốn cải thiện cuộc đời nhưng không muốn phạm pháp.
Trong cuốn sách mới mẻ và đầy tính giải trí này, nhà văn và huấn luyện viên Jen Sincero đã mang tới 27 chương tràn đầy những câu chuyện hài hước và khơi gợi cảm hứng, những lời khuyên thông thái, các bài tập đơn giản, thỉnh thoảng có những câu chửi thề, giúp bạn có thể:
Xác định và thay đổi các quan điểm và những hành vi phá hoại bản thân, ngăn bạn có được thứ bạn muốn.
Tạo ra cuộc đời mà bạn sẽ hoàn toàn yêu, ngay bây giờ.
Kiếm được tiền theo cách bạn chưa từng kiếm trước đây.
Khi đọc hết cuốn sách, bạn sẽ hiểu vì sao bản chất mình lại như vậy, làm thế nào để yêu quý những gì mà bạn không thể thay đổi, làm sao để thay đổi những gì bạn không thích, và làm cách nào dùng Thần lực để thành công rực rỡ.",Sách tiếng Việt/Sách kỹ năng sống/Sách tư duy - Kỹ năng sống,279
274548633,sách bạn thông minh hơn bạn nghĩ,THOMAS ARMSTRONG,89800,1,OFFICIAL_STORE,4.1,23,42,https://tiki.vn/sach-ban-thong-minh-hon-ban-nghi-p274548633.html?spid=274548636,https://salt.tikicdn.com/cache/280x280/ts/product/91/c6/6f/6564a72bd365e79182cc54d21aedf804.jpg,"Bạn Thông Minh Hơn Bạn Nghĩ (Tái Bản 2018)
Bạn có nghĩ mình thông minh không? Và trí thông minh là gì? Nhiều người tin rằng thông minh là phải đạt điểm tốt hoặc giành thứ hạng cao ở trường học. Hoặc thông minh là làm được những việc như:
Đọc thật tốt
Giải toán nhanh
Học thuộc lòng giỏi
Những điều này có thể khiến bạn ngạc nhiên bởi trí thông minh có thể biểu hiện theo nhiều cách thức khác nhau – trong nghệ thuật, âm nhạc, thể thao, trong cách cảm nhận, sự hiểu biết về thiên nhiên và sống hoà hợp với những người xung quanh... Bạn thông minh hơn bạn nghĩ sẽ giúp bạn khám phá ra rằng có vô vàn cách biểu hiện trí thông minh.
Trong gần một thế kỷ qua, giới chuyên môn vẫn sử dụng các bài kiểm tra IQ để đo chỉ số thông minh. IQ là từ viết tắt của Intelligence Quotient, là thước đo trí thông minh của con người thông qua một bài kiểm tra. Bài kiểm tra này yêu cầu bạn phải giải toán, định nghĩa từ, tạo mẫu thiết kế, nhắc lại các con số theo trí nhớ và một số bài tập khác nữa. Có thể bạn cũng từng làm một bài kiểm tra IQ giống như vậy.
Nhiều người nghĩ rằng kiểm tra chỉ số IQ là cách tốt nhất để đo trí thông minh của con người. Tuy nhiên, kiểm tra IQ không phải là cách hoàn hảo vì có rất nhiều thứ không thể phản ánh qua các bài kiểm tra. Chúng không thể dự đoán được khi trưởng thành bạn sẽ làm gì hoặc trở thành người như thế nào. Và các câu hỏi kiểm tra cũng thường chịu ảnh hưởng bởi định kiến hoặc quan điểm của người ra đề. Bên cạnh đó, không có bài kiểm tra nào là toàn diện. Hệ thống câu hỏi thường không thể làm bộc lộ những khả năng khác nhau của bạn. Nói chung, các bài kiểm tra IQ thường chú trọng từ ngữ hoặc các con số, vì vậy sẽ làm xao lãng những thứ quan trọng khác như khả năng âm nhạc, nghệ thuật, tự nhiên hay xã hội. Thời gian gần đây, nhiều nhà nghiên cứu nghi ngờ quan điểm cho rằng kiểm tra IQ là thước đo trí thông minh tốt nhất. Một trong số đó là nhà tâm lý học, Tiến sỹ Howard Gardner thuộc Đại học Harvard. Những công trình nghiên cứu của ông đã đưa ra một cái nhìn hoàn toàn mới về vấn đề “Thế nào là thông minh?”",Sách tiếng Việt/Sách kỹ năng sống/Sách tư duy - Kỹ năng sống,1134
106362717,sách bạn thông minh hơn bạn nghĩ,THOMAS ARMSTRONG,107000,111899,OFFICIAL_STORE,0,0,,https://tiki.vn/sach-ban-thong-minh-hon-ban-nghi-p106362717.html?spid=274467970,https://salt.tikicdn.com/cache/280x280/ts/product/02/65/41/9f0a41fcaa0f048ecbf34fac688214f2.png,"Bạn Thông Minh Hơn Bạn Nghĩ
Bạn có nghĩ mình thông minh không? Và trí thông minh là gì? Nhiều người tin rằng thông minh là phải đạt điểm tốt hoặc giành thứ hạng cao ở trường học. Hoặc thông minh là làm được những việc như:
Đọc thật tốt
Giải toán nhanh
Học thuộc lòng giỏi
Những điều này có thể khiến bạn ngạc nhiên bởi trí thông minh có thể biểu hiện theo nhiều cách thức khác nhau – trong nghệ thuật, âm nhạc, thể thao, trong cách cảm nhận, sự hiểu biết về thiên nhiên và sống hoà hợp với những người xung Bạn thông minh hơn bạn nghĩ sẽ giúp bạn khám phá ra rằng có vô vàn cách biểu hiện trí thông minh.",Sách tiếng Việt/Sách kỹ năng sống/Sách tư duy - Kỹ năng sống,567
344235,sách bí mật của hạnh phúc,DAVID NIVEN,61000,97533,NONE,0,4,,https://tiki.vn/bi-mat-cua-hanh-phuc-sach-bo-tui-p344235.html?spid=274905665,https://salt.tikicdn.com/cache/280x280/media/catalog/product/b/i/bi_mat_cua_hanh_phuc_2.jpg,"Để được hạnh phúc không chỉ là trăn trở của mọi người chúng ta hiện nay mà còn từng là những suy tư, câu hỏi của nhiều thế hệ. Có phải là hạnh phúc luôn ở phía trước và khó nắm bắt - chúng ta chỉ có thể hướng đến mà thôi. Hay hạnh phúc thật gần gũi, ở ngay trong tâm chúng ta. Rằng chỉ có những người từng trải qua khổ đau mới có thể hiểu giá trị và cảm nhận trọn vẹn giá trị của niềm vui hạnh phúc. Và ai đó đã chiêm nghiệm sâu sắc rằng hạnh phúc không phải là cảm giác tới đích, mà chính trên từng chặng đường đi, hạnh phúc không chỉ là nụ cười, mà còn là giọt nước mắt chia sẻ trên bờ vai tin cậy.
Trong cuộc hành trình của cuộc sống, biết bao điều bất ngờ, biến cố buồn vui đón chờ ta. Và biết bao lần chúng ta phải đối diện với thất vọng, mất mát niềm tin, khổ đau và cả bất hạnh. Chúng ta nhận ra hạnh phúc không hề đơn giản. Và chúng ta đã từng trăn trở tìm cách để cảm nhận cuộc sống mình được hạnh phúc hơn.
“Bí Mật của Hạnh Phúc” thực sự là một cuốn sách mới mẻ và sâu sắc với những ý tưởng độc đáo có giá trị vĩnh hằng sẽ giúp bạn một cách nhìn, cách cảm nhận và tìm ra con đường đến Hạnh Phúc của chính mình. Cuốn sách sẽ cùng bạn chia sẻ những trải nghiệm chân thành, thực tế và hữu ích nhất cùng những câu chuyện sinh động để khám phá ra những khía cạnh của hạnh phúc. Những điều giản dị đó sẽ giúp chúng ta khám phá nội tâm, cách suy nghĩ, tư duy của chính mình, tìm ra được sự khác biệt giữa người hạnh phúc và không hạnh phúc để nghiệm ra hạnh phúc của mình.
Mời bạn đón đọc.",Sách tiếng Việt/Sách kỹ năng sống/Sách kỹ năng mềm,20
222687833,sách bí mật của hạnh phúc,,59800,111899,OFFICIAL_STORE,0,0,,https://tiki.vn/sach-bi-mat-cua-hanh-phuc-kho-nho-p222687833.html?spid=277528579,https://salt.tikicdn.com/cache/280x280/ts/product/59/7e/5d/0fb53f78ad12133008cae29b868fed16.jpg,"Bí Mật Của Hạnh Phúc (Khổ Nhỏ)
Bí Mật Của Hạnh Phúc (Khổ nhỏ)
Để được hạnh phúc không chỉ là trăn trở của mọi người chúng ta hiện nay mà còn từng là những suy tư, câu hỏi của nhiều thế hệ. Có phải là hạnh phúc luôn ở phía trước và khó nắm bắt - chúng ta chỉ có thể hướng đến mà thôi. Hay hạnh phúc thật gần gũi, ở ngay trong tâm chúng ta. Rằng chỉ có những người từng trải qua khổ đau mới có thể hiểu giá trị và cảm nhận trọn vẹn giá trị của niềm vui hạnh phúc. Và ai đó đã chiêm nghiệm sâu sắc rằng hạnh phúc không phải là cảm giác tới đích, mà chính trên từng chặng đường đi, hạnh phúc không chỉ là nụ cười, mà còn là giọt nước mắt chia sẻ trên bờ vai tin cậy.
Trong cuộc hành trình của cuộc sống, biết bao điều bất ngờ, biến cố buồn vui đón chờ ta. Và biết bao lần chúng ta phải đối diện với thất vọng, mất mát niềm tin, khổ đau và cả bất hạnh. Chúng ta nhận ra hạnh phúc không hề đơn giản. Và chúng ta đã từng trăn trở tìm cách để cảm nhận cuộc sống mình được hạnh phúc hơn.
Bí Mật Của Hạnh Phúc thực sự là một cuốn sách mới mẻ và sâu sắc với những ý tưởng độc đáo có giá trị vĩnh hằng sẽ giúp bạn một cách nhìn, cách cảm nhận và tìm ra con đường đến Hạnh Phúc của chính mình. Cuốn sách sẽ cùng bạn chia sẻ những trải nghiệm chân thành, thực tế và hữu ích nhất cùng những câu chuyện sinh động để khám phá ra những khía cạnh của hạnh phúc. Những điều giản dị đó sẽ giúp chúng ta khám phá nội tâm, cách suy nghĩ, tư duy của chính mình, tìm ra được sự khác biệt giữa người hạnh phúc và không hạnh phúc để nghiệm ra hạnh phúc của mình.",Sách tiếng Việt/Sách kỹ năng sống/Sách kỹ năng mềm,921
585121,sách bí mật của hạnh phúc,DAVID NIVEN,59800,111899,OFFICIAL_STORE,0,11,,https://tiki.vn/sach-bi-mat-cua-hanh-phuc-kho-nho-p585121.html?spid=277528624,https://salt.tikicdn.com/cache/280x280/ts/product/86/41/94/8ac6f39e5cc1dce09f1c516727d08ca8.jpg,"Bí Mật Của Hạnh Phúc (Khổ nhỏ)
Để được hạnh phúc không chỉ là trăn trở của mọi người chúng ta hiện nay mà còn từng là những suy tư, câu hỏi của nhiều thế hệ. Có phải là hạnh phúc luôn ở phía trước và khó nắm bắt - chúng ta chỉ có thể hướng đến mà thôi. Hay hạnh phúc thật gần gũi, ở ngay trong tâm chúng ta. Rằng chỉ có những người từng trải qua khổ đau mới có thể hiểu giá trị và cảm nhận trọn vẹn giá trị của niềm vui hạnh phúc. Và ai đó đã chiêm nghiệm sâu sắc rằng hạnh phúc không phải là cảm giác tới đích, mà chính trên từng chặng đường đi, hạnh phúc không chỉ là nụ cười, mà còn là giọt nước mắt chia sẻ trên bờ vai tin cậy.
Trong cuộc hành trình của cuộc sống, biết bao điều bất ngờ, biến cố buồn vui đón chờ ta. Và biết bao lần chúng ta phải đối diện với thất vọng, mất mát niềm tin, khổ đau và cả bất hạnh. Chúng ta nhận ra hạnh phúc không hề đơn giản. Và chúng ta đã từng trăn trở tìm cách để cảm nhận cuộc sống mình được hạnh phúc hơn.
Bí Mật Của Hạnh Phúc thực sự là một cuốn sách mới mẻ và sâu sắc với những ý tưởng độc đáo có giá trị vĩnh hằng sẽ giúp bạn một cách nhìn, cách cảm nhận và tìm ra con đường đến Hạnh Phúc của chính mình. Cuốn sách sẽ cùng bạn chia sẻ những trải nghiệm chân thành, thực tế và hữu ích nhất cùng những câu chuyện sinh động để khám phá ra những khía cạnh của hạnh phúc. Những điều giản dị đó sẽ giúp chúng ta khám phá nội tâm, cách suy nghĩ, tư duy của chính mình, tìm ra được sự khác biệt giữa người hạnh phúc và không hạnh phúc để nghiệm ra hạnh phúc của mình.",Sách tiếng Việt/Sách kỹ năng sống/Sách kỹ năng mềm,85
74174356,sách bí mật của hạnh phúc,"DAVID NIVEN, PH.D.",54400,1,OFFICIAL_STORE,4.8,17,146,https://tiki.vn/sach-bi-mat-cua-hanh-phuc-kho-nho-tai-ban-p74174356.html?spid=74174357,https://salt.tikicdn.com/cache/280x280/ts/product/59/7e/5d/0fb53f78ad12133008cae29b868fed16.jpg,"Bí Mật Của Hạnh Phúc (Khổ nhỏ)
Để được hạnh phúc không chỉ là trăn trở của mọi người chúng ta hiện nay mà còn từng là những suy tư, câu hỏi của nhiều thế hệ. Có phải là hạnh phúc luôn ở phía trước và khó nắm bắt - chúng ta chỉ có thể hướng đến mà thôi. Hay hạnh phúc thật gần gũi, ở ngay trong tâm chúng ta. Rằng chỉ có những người từng trải qua khổ đau mới có thể hiểu giá trị và cảm nhận trọn vẹn giá trị của niềm vui hạnh phúc. Và ai đó đã chiêm nghiệm sâu sắc rằng hạnh phúc không phải là cảm giác tới đích, mà chính trên từng chặng đường đi, hạnh phúc không chỉ là nụ cười, mà còn là giọt nước mắt chia sẻ trên bờ vai tin cậy.
Trong cuộc hành trình của cuộc sống, biết bao điều bất ngờ, biến cố buồn vui đón chờ ta. Và biết bao lần chúng ta phải đối diện với thất vọng, mất mát niềm tin, khổ đau và cả bất hạnh. Chúng ta nhận ra hạnh phúc không hề đơn giản. Và chúng ta đã từng trăn trở tìm cách để cảm nhận cuộc sống mình được hạnh phúc hơn.
Bí Mật Của Hạnh Phúc thực sự là một cuốn sách mới mẻ và sâu sắc với những ý tưởng độc đáo có giá trị vĩnh hằng sẽ giúp bạn một cách nhìn, cách cảm nhận và tìm ra con đường đến Hạnh Phúc của chính mình. Cuốn sách sẽ cùng bạn chia sẻ những trải nghiệm chân thành, thực tế và hữu ích nhất cùng những câu chuyện sinh động để khám phá ra những khía cạnh của hạnh phúc. Những điều giản dị đó sẽ giúp chúng ta khám phá nội tâm, cách suy nghĩ, tư duy của chính mình, tìm ra được sự khác biệt giữa người hạnh phúc và không hạnh phúc để nghiệm ra hạnh phúc của mình.",Sách tiếng Việt/Sách kỹ năng sống/Sách kỹ năng mềm,389
275260582,sách bộ sách tinh hoa đạo học đông phương,,1665000,295057,NONE,0,0,,https://tiki.vn/sach-bo-sach-tinh-hoa-dao-hoc-dong-phuong-4-cuon-nxb-tre-p275260582.html?spid=277039616,https://salt.tikicdn.com/cache/280x280/ts/product/87/c8/53/f4f02da7f206909acdb999b6b32d5f94.jpg,"Bộ sách trình bày những nguyên lý cơ bản của triết học phương Đông, nhưng kiến thức phải có khi đi vào nghiên cứu triết học phương Đông cũng như các ứng dụng triết Đông vào cuộc sống, ứng xử.
Bộ sách gồm 4 quyển sách bìa cứng, bụng sách mạ vàng:
Nhập môn Triết học, Tinh hoa đạo học, Văn minh Đông phương & Tây phương, Cái cười của Thánh nhân, Toàn chân triết luận, Thanh dạ văn chung
Lão Tử tinh hoa – Lão Tử Đạo Đức kinh
Trang Tử tinh hoa – Trang Tử Nam Hoa kinh
Phật học tinh hoa
Giá sản phẩm trên Tiki đã bao gồm thuế theo luật hiện hành. Bên cạnh đó, tuỳ vào loại sản phẩm, hình thức và địa chỉ giao hàng mà có thể phát sinh thêm chi phí khác như phí vận chuyển, phụ phí hàng cồng kềnh, thuế nhập khẩu (đối với đơn hàng giao từ nước ngoài có giá trị trên 1 triệu đồng)",Sách tiếng Việt/Sách kỹ năng sống/Sách tư duy - Kỹ năng sống,1173
42240721,sách bộ sách tinh hoa đạo học đông phương,THU GIANG NGUYỄN DUY CẦN,1326000,189565,OFFICIAL_STORE,5,53,2,https://tiki.vn/bo-sach-tinh-hoa-dao-hoc-dong-phuong-4-cuon-p42240721.html?spid=137903497,https://salt.tikicdn.com/cache/280x280/ts/product/1b/f0/05/98a2342e0d5ce72ade6831bdabc66cd3.jpg,"Bộ sách trình bày những nguyên lý cơ bản của triết học phương Đông, nhưng kiến thức phải có khi đi vào nghiên cứu triết học phương Đông cũng như các ứng dụng triết Đông vào cuộc sống, ứng xử.
Bộ sách gồm 4 quyển sách bìa cứng, bụng sách mạ vàng:
Nhập môn Triết học, Tinh hoa đạo học, Văn minh Đông phương & Tây phương, Cái cười của Thánh nhân, Toàn chân triết luận, Thanh dạ văn chung
Lão Tử tinh hoa – Lão Tử Đạo Đức kinh
Trang Tử tinh hoa – Trang Tử Nam Hoa kinh
Phật học tinh hoa",Sách tiếng Việt/Sách kỹ năng sống/Sách tư duy - Kỹ năng sống,325
275286942,sách bộ sách tinh hoa đạo học đông phương,,1665000,295057,NONE,0,0,,https://tiki.vn/bo-sach-tinh-hoa-dao-hoc-dong-phuong-4-cuon-nxb-tre-p275286942.html?spid=277039578,https://salt.tikicdn.com/cache/280x280/ts/product/87/c8/53/4d62b90e6319e04ec711740a6fa3c7d7.jpg,"Bộ sách trình bày những nguyên lý cơ bản của triết học phương Đông, nhưng kiến thức phải có khi đi vào nghiên cứu triết học phương Đông cũng như các ứng dụng triết Đông vào cuộc sống, ứng xử.
Bộ sách gồm 4 quyển sách bìa cứng, bụng sách mạ vàng:
Nhập môn Triết học, Tinh hoa đạo học, Văn minh Đông phương & Tây phương, Cái cười của Thánh nhân, Toàn chân triết luận, Thanh dạ văn chung
Lão Tử tinh hoa – Lão Tử Đạo Đức kinh
Trang Tử tinh hoa – Trang Tử Nam Hoa kinh
Phật học tinh hoa
Giá sản phẩm trên Tiki đã bao gồm thuế theo luật hiện hành. Bên cạnh đó, tuỳ vào loại sản phẩm, hình thức và địa chỉ giao hàng mà có thể phát sinh thêm chi phí khác như phí vận chuyển, phụ phí hàng cồng kềnh, thuế nhập khẩu (đối với đơn hàng giao từ nước ngoài có giá trị trên 1 triệu đồng)",Sách tiếng Việt/Sách kỹ năng sống/Sách tư duy - Kỹ năng sống,1178
91984951,sách bước đi ngẫu nhiên trên phố wall,BURTON G. MALKIEL,174300,7247,OFFICIAL_STORE,0,0,,https://tiki.vn/sach-buoc-di-ngau-nhien-tren-pho-wall-p91984951.html?spid=262087648,https://salt.tikicdn.com/cache/280x280/ts/product/16/b5/c2/bac0252b1d7016650e1a9782d2693a0e.png,"Bước Đi Ngẫu Nhiên Trên Phố Wall (Tái Bản)
Dù bạn đang dự tính đầu tư vào chứng khoán, trái phiếu, quỹ hưu trí, quỹ tương hỗ, bảo hiểm … thì Bước đi ngẫu nhiên trên Phố Wall cũng là cuốn sách đầu tiên trong danh mục sách cần đọc của bạn.
Trong cuốn sách kinh điển về đầu tư này, Burton G. Malkiel sẽ chỉ cho nhà đầu tư cá nhân cách thức để :
« Một cuốn sách kinh điển về thị trường chứng khoán… Kể từ lần đầu xuất bản năm 1973, Bước đi ngẫu nhiên trên Phố Wall đã giúp hàng nghìn nhà đầu tư chứng khoán có một hướng đi đúng đắn. Thậm chí nếu bạn mới đọc hay đang đọc cuốn sách này, thì một lần ôn lại cuốn sách cũng rất cần thiết… Một sự kết hợp tuyệt vời giữa lý thuyết và thực tiễn >>
« Bước đi ngẫu nhiên trên Phố Wall là một trong số rất ít những cuốn sách đầu tư kinh điển về chứng khoán được xuất bản trong 50 năm qua >>.
« Bước đi ngẫu nhiên trên phố Wall của Malkiel nằm trong hầu hết các danh sách những cuốn sách “phải đọc”",Sách tiếng Việt/Sách kỹ năng sống/Sách tư duy - Kỹ năng sống,419
106362229,sách bước đi ngẫu nhiên trên phố wall,BURTON G. MALKIEL,217280,126688,NONE,0,1,,https://tiki.vn/sach-buoc-di-ngau-nhien-tren-pho-wall-tai-ban-2021-p106362229.html?spid=114209456,https://salt.tikicdn.com/cache/280x280/ts/product/9c/e0/7b/0ebe0208cb0c02946ef5c59459933b1e.jpg,"Bước Đi Ngẫu Nhiên Trên Phố Wall
Dù bạn đang dự tính đầu tư vào chứng khoán, trái phiếu, quỹ hưu trí, quỹ tương hỗ, bảo hiểm thì Bước đi ngẫu nhiên trên Phố Wall cũng là cuốn sách đầu tiên trong danh mục sách cần đọc của bạn. Trong cuốn sách kinh điển về đầu tư này, Burton G. Malkiel sẽ chỉ cho nhà đầu tư cá nhân cách thức để:
- Và đặc biệt là khám phá Học thuyết tài chính hành vi (Behavioral Finance), một lĩnh vực mới nghiên cứu về tâm lý phía sau các quyết định đầu tư.
Đánh giá của độc giả
""Một cuốn sách kinh điển về thị trường chứng khoán… Kể từ lần đầu xuất bản năm 1973, Bước đi ngẫu nhiên trên Phố Wall đã giúp hàng nghìn nhà đầu tư chứng khoán có một hướng đi đúng đắn. Thậm chí nếu bạn mới đọc hay đang đọc cuốn sách này, thì một lần ôn lại cuốn sách cũng rất cần thiết… Một sự kết hợp tuyệt vời giữa lý thuyết và thực tiễn"".
""Bước đi ngẫu nhiên trên Phố Wall là một trong số rất ít những cuốn sách đầu tư kinh điển về chứng khoán được xuất bản trong 50 năm qua"" FORBES",Sách tiếng Việt/Sách kỹ năng sống/Sách tư duy - Kỹ năng sống,474
170708229,sách buổi sáng diệu kỳ,HAL ELROD,76900,1,OFFICIAL_STORE,5,33,567,https://tiki.vn/sach-buoi-sang-dieu-ky-p170708229.html?spid=170708230,https://salt.tikicdn.com/cache/280x280/ts/product/a5/45/92/1f430ced0033e926a30e34de3cc7c9fe.jpg,"Cách bạn thức dậy mỗi sáng và những thói quen buổi sáng của bạn (hoặc thiếu điều ấy) sẽ ảnh hưởng sâu sắc đến những cấp độ thành công của bạn trong từng phạm trù của cuộc sống.
Buổi sáng tập trung, hiệu quả và thành công sẽ tạo nên một ngày thành công, hiệu quả và tập trung cao độ – điều này tất nhiên sẽ tạo nên một cuộc sống thành đạt – và ngược lại.
Thay đổi cách thức tỉnh dậy vào mỗi buổi sáng, bạn sẽ có thể thay đổi mọi phạm trù trong cuộc sống, nhanh hơn bạn nghĩ rất nhiều.",Sách tiếng Việt/Sách kỹ năng sống/Sách tư duy - Kỹ năng sống,744
36085774,sách buổi sáng diệu kỳ,HAL ELROD,95000,145814,NONE,4.5,2,60,https://tiki.vn/sach-buoi-sang-dieu-ky-tai-ban-2019-p36085774.html?spid=98571222,https://salt.tikicdn.com/cache/280x280/ts/product/69/c2/9b/42d549247976a7161f4b1f2416ae9c62.jpg,"""Khoảnh khắc bạn chấp nhận chịu trách nhiệm về MỌI THỨ trong cuộc sống của mình chính là khoảnh khắc bạn chạm vào sức mạnh của mình để thay đổi MỌI THỨ trong cuộc sống của bạn."" Cách bạn thức dậy mỗi sáng và những thói quen buổi sáng của bạn (hoặc thiếu điều ấy) sẽ ảnh hưởng sâu sắc đến những cấp độ thành công của bạn trong từng phạm trù của cuộc sống. Buổi sáng tập trung hiệu quả và thành công sẽ tạo nên một ngày thành công, hiệu quả và tập trung cao độ - điều này tất nhiên sẽ tạo nên một cuộc sống thành đạt - và ngược lại. Thay đổi cách thức tỉnh dậy vào mỗi buổi sáng, bạn sẽ có thể thay đổi mọi phạm trù trong cuộc sống, nhanh hơn bạn nghĩ rất nhiều. Buổi Sáng Kỳ Diệu - Cuốn sách Kỹ năng thú vị dành cho bất cứ ai muốn khởi đầu mỗi ngày bằng những thói quen của những người thành đạt!",Sách tiếng Việt/Sách kỹ năng sống/Sách tư duy - Kỹ năng sống,295
106362685,sách buổi sáng diệu kỳ,HAL ELROD,107000,126688,NONE,0,14,,https://tiki.vn/sach-buoi-sang-dieu-ky-tai-ban-2019-p106362685.html?spid=194865715,https://salt.tikicdn.com/cache/280x280/ts/product/44/4a/b1/5e50bae01994cfb43bcb35f1de0ce044.jpg,"Sách - Buổi Sáng Diệu Kỳ (Tái Bản 2019)
Thay đổi cách thức tỉnh dậy vào mỗi buổi sáng, bạn sẽ có thể thay đổi mọi phạm trù trong cuộc sống, nhanh hơn bạn nghĩ rất nhiều.",Sách tiếng Việt/Sách kỹ năng sống/Sách tư duy - Kỹ năng sống,563
248499158,sách buổi sáng diệu kỳ,,95000,60209,NONE,0,0,,https://tiki.vn/buoi-sang-dieu-ky-sach-ban-quyen-p248499158.html?spid=248499159,https://salt.tikicdn.com/cache/280x280/ts/product/a5/45/92/1f430ced0033e926a30e34de3cc7c9fe.jpg,"Buổi Sáng Diệu Kỳ
Đảm bảo 100% sách gốc bản quyền từ NXB
Xử lí đơn đặt hàng nhanh
Chính sách hỗ trợ đổi sách cho khách hàng thuận tiện khi gặp sự cố
— Hãy chiêm nghiệm cuốn sách và cảm nhận hương vị của một tách trà vào mỗi cuối tuần khi bạn dành nhiều thời gian hơn cho bản thân mình! —
Cách bạn thức dậy mỗi sáng và những thói quen buổi sáng của bạn (hoặc thiếu điều ấy) sẽ ảnh hưởng sâu sắc đến những cấp độ thành công của bạn trong từng phạm trù của cuộc sống.
Buổi sáng tập trung, hiệu quả và thành công sẽ tạo nên một ngày thành công, hiệu quả và tập trung cao độ – điều này tất nhiên sẽ tạo nên một cuộc sống thành đạt – và ngược lại.
Thay đổi cách thức tỉnh dậy vào mỗi buổi sáng, bạn sẽ có thể thay đổi mọi phạm trù trong cuộc sống, nhanh hơn bạn nghĩ rất nhiều.",Sách tiếng Việt/Sách kỹ năng sống/Sách tư duy - Kỹ năng sống,981
106362873,sách cách chinh phục toán và khoa học,BARBARA OAKLEY,130000,111899,OFFICIAL_STORE,0,16,2,https://tiki.vn/sach-cach-chinh-phuc-toan-va-khoa-hoc-p106362873.html?spid=270443991,https://salt.tikicdn.com/cache/280x280/ts/product/c8/02/dd/f6c9d9a4cf52c8bfb7f80e49a0130323.png,,Sách tiếng Việt/Sách kỹ năng sống/Sách tư duy - Kỹ năng sống,590
1954475,sách cách chinh phục toán và khoa học,BARBARA OAKLEY - PH. D.,109200,1,OFFICIAL_STORE,4.6,199,1544,https://tiki.vn/sach-cach-chinh-phuc-toan-va-khoa-hoc-p1954475.html?spid=1954579,https://salt.tikicdn.com/cache/280x280/ts/product/ea/7f/c6/05ac036ee603b1bfaede0014a9842cd9.jpg,"Cách Chinh Phục Toán Và Khoa Học
Bộ não con người có những khả năng tuyệt vời, nhưng nó lại không kèm hướng dẫn sử dụng. Bạn sẽ tìm thấy hướng dẫn sử dụng ấy trong A Mind for Numbers – Cách chinh phục Toán và Khoa học. Dù chỉ là người mới hay đã là chuyên gia, bạn vẫn sẽ tìm thấy những cách mới tuyệt vời để nâng cao kỹ năng và kỹ thuật học tập, đặc biệt trong bộ môn toán và khoa học.
A Mind for Numbers- Cách chinh phục Toán và Khoa học, đưa ra các cách thức giúp học sinh – sinh viên đang gặp rắc rối với môn toán và khoa học biết cách khai mở và sử dụng nguồn tài nguyên vô tận trong chính bộ não của mình, qua đó không chỉ chinh phục thành công bộ môn này mà đồng trời trở nên xuất sắc hơn bao giờ hết. Cuốn sách cũng giúp ích cho những người đã đi làm biết cách sáng tạo và sắp xếp công việc của mình, đồng thời phát triển nó lên một tầm cao mới, thông qua các kỹ thuật tư duy hoàn hảo.
Cuốn sách tập trung trình bày các kỹ thuật cơ bản để sử dụng bộ não hiệu quả, đồng thời phát triển tư duy sâu hơn, có được cách nhìn mới mẻ và sáng tạo hơn. Các nội dung chính được sắp xếp một cách trình tự và logic, giúp người đọc dễ dàng đọc hiểu và thực hành theo.
Các kỹ thuật tư duy sáng tạo như tư duy tập trung và tư duy phân tán, kỹ thuật lập khối thông tin hay đơn giản chỉ là kỹ thuật Pomodoro,… được tác giả trình bày ngắn gọn và rõ ràng, giúp tất cả người đọc hiểu sâu và áp dụng tốt vào học tập, công việc cũng như đời sống thường ngày.
Ngoài ra, không chỉ giới thiệu về cách thức hoạt động của bộ não và mối liên hệ của nó với việc học, người đọc còn được tiếp cận một số quan điểm sai trong học tập dẫn đến việc học không hiệu quả, đồng thời biết thêm nhiều mẹo hữu ích cho việc học và làm bài thi. Đặc biệt, tác giả lựa chọn các ví dụ thực tế từ chính các giáo sư, tiến sĩ, giáo viên và sinh viên để minh chứng cho sự thay đổi khi dựa vào các phương pháp tư duy được đưa ra trong cuốn sách.",Sách tiếng Việt/Sách kỹ năng sống/Sách tư duy - Kỹ năng sống,123
247238599,sách cách chinh phục toán và khoa học,,135000,111899,OFFICIAL_STORE,0,0,,https://tiki.vn/cach-chinh-phuc-toan-va-khoa-hoc-sach-ban-quyen-p247238599.html?spid=270444067,https://salt.tikicdn.com/cache/280x280/ts/product/c8/02/dd/85f07fd96b287f7bf74d3471053197c3.png,"Cách Chinh Phục Toán Và Khoa Học (*** Sách Bản Quyền ***)
Bộ não con người có những khả năng tuyệt vời, nhưng nó lại không kèm hướng dẫn sử dụng. Bạn sẽ tìm thấy hướng dẫn sử dụng ấy trong A Mind for Numbers – Cách chinh phục Toán và Khoa học. Dù chỉ là người mới hay đã là chuyên gia, bạn vẫn sẽ tìm thấy những cách mới tuyệt vời để nâng cao kỹ năng và kỹ thuật học tập, đặc biệt trong bộ môn toán và khoa học.
A Mind for Numbers- Cách chinh phục Toán và Khoa học, đưa ra các cách thức giúp học sinh – sinh viên đang gặp rắc rối với môn toán và khoa học biết cách khai mở và sử dụng nguồn tài nguyên vô tận trong chính bộ não của mình, qua đó không chỉ chinh phục thành công bộ môn này mà đồng trời trở nên xuất sắc hơn bao giờ hết. Cuốn sách cũng giúp ích cho những người đã đi làm biết cách sáng tạo và sắp xếp công việc của mình, đồng thời phát triển nó lên một tầm cao mới, thông qua các kỹ thuật tư duy hoàn hảo.
Cuốn sách tập trung trình bày các kỹ thuật cơ bản để sử dụng bộ não hiệu quả, đồng thời phát triển tư duy sâu hơn, có được cách nhìn mới mẻ và sáng tạo hơn. Các nội dung chính được sắp xếp một cách trình tự và logic, giúp người đọc dễ dàng đọc hiểu và thực hành theo.
Các kỹ thuật tư duy sáng tạo như tư duy tập trung và tư duy phân tán, kỹ thuật lập khối thông tin hay đơn giản chỉ là kỹ thuật Pomodoro,… được tác giả trình bày ngắn gọn và rõ ràng, giúp tất cả người đọc hiểu sâu và áp dụng tốt vào học tập, công việc cũng như đời sống thường ngày.
Ngoài ra, không chỉ giới thiệu về cách thức hoạt động của bộ não và mối liên hệ của nó với việc học, người đọc còn được tiếp cận một số quan điểm sai trong học tập dẫn đến việc học không hiệu quả, đồng thời biết thêm nhiều mẹo hữu ích cho việc học và làm bài thi. Đặc biệt, tác giả lựa chọn các ví dụ thực tế từ chính các giáo sư, tiến sĩ, giáo viên và sinh viên để minh chứng cho sự thay đổi khi dựa vào các phương pháp tư duy được đưa ra trong cuốn sách.",Sách tiếng Việt/Sách kỹ năng sống/Sách tư duy - Kỹ năng sống,955
108130846,sách cái dũng của thánh nhân,"THU GIANG NGUYỄN DUY CẦN, THU GIANG NGUYỄN DUY CẦN",72000,189565,OFFICIAL_STORE,4.2,29,71,https://tiki.vn/sach-cai-dung-cua-thanh-nhan-tai-ban-2021-p108130846.html?spid=110700172,https://salt.tikicdn.com/cache/280x280/ts/product/14/0c/11/f4f38a29dbfe06f947ab072085da47f0.jpg,"Quan niệm cái “Dũng” của tác giả Thu Giang không phải là cái dũng cơ bắp, cái dũng sức mạnh hay cái dũng thấy chuyện bất bình giữa đường ra tay nghĩa hiệp. Cái dũng của thánh nhân đề cập ở đây là cái dũng về sự chiến thắng bản thân, chiến thắng sự nhỏ nhen ích kỷ để mong cầu một cái dũng thật sự mạnh mẽ xuất phát từ nội tâm, ái dũng siêu thoát khỏi những ràng buộc yếu hèn với thế giới vật chất. Cái dũng ở đây bàn đến cách ứng xử của con người trong xã hội và các phương pháp tu dưỡng để đạt đến một tinh thần điềm đạm, an nhiên trước mọi hoàn cảnh khó khăn sóng gió của cuộc đời.
Nội dung của nó không chỉ kể về những câu chuyện kể về sự dũng cảm của người xưa mà còn bàn phương pháp cụ thể để rèn luyện đến một tinh thần điềm đạm. Do đó, cuốn cẩm nang này cần được đem ứng dụng vào chính bản thân mỗi người và đời sống hàng ngày.",Sách tiếng Việt/Sách kỹ năng sống/Sách tư duy - Kỹ năng sống,597
214598581,sách cái dũng của thánh nhân,THU GIANG NGUYỄN DUY CẦN,88000,1,OFFICIAL_STORE,5,6,97,https://tiki.vn/sach-cai-dung-cua-thanh-nhan-an-ban-hoai-co-p214598581.html?spid=214598582,https://salt.tikicdn.com/cache/280x280/ts/product/df/96/1a/f34c5339c0b7b29d94137772f108dfeb.jpg,"Quan niệm cái “Dũng” của tác giả Thu Giang không phải là cái dũng cơ bắp, cái dũng sức mạnh hay cái dũng thấy chuyện bất bình giữa đường ra tay nghĩa hiệp. Cái dũng của thánh nhân đề cập ở đây là cái dũng về sự chiến thắng bản thân, chiến thắng sự nhỏ nhen ích kỷ để mong cầu một cái dũng thật sự mạnh mẽ xuất phát từ nội tâm, ái dũng siêu thoát khỏi những ràng buộc yếu hèn với thế giới vật chất. Cái dũng ở đây bàn đến cách ứng xử của con người trong xã hội và các phương pháp tu dưỡng để đạt đến một tinh thần điềm đạm, an nhiên trước mọi hoàn cảnh khó khăn sóng gió của cuộc đời.
Nội dung của nó không chỉ kể về những câu chuyện kể về sự dũng cảm của người xưa mà còn bàn phương pháp cụ thể để rèn luyện đến một tinh thần điềm đạm. Do đó, cuốn cẩm nang này cần được đem ứng dụng vào chính bản thân mỗi người và đời sống hàng ngày.",Sách tiếng Việt/Sách kỹ năng sống/Sách kỹ năng mềm,904
208368658,sách cẩm nang scrum,,179100,295057,NONE,0,0,,https://tiki.vn/sach-cam-nang-scrum-alphabooks-ban-quyen-p208368658.html?spid=274853272,https://salt.tikicdn.com/cache/280x280/ts/product/ba/d2/d6/a1cbbe09a6038ff5b9ebe68a9e8b5621.jpg,"Scrum là một khung làm việc trong đó con người có thể xác định các vấn đề thích nghi phức hợp, trong khi vẫn giữ được năng suất và sáng tạo để chuyển giao các sản phẩm có giá trị cao nhất. Scrum có các tính chất: nhẹ nhàng dễ hiểu nhưng rất khó để tinh thông.
Cuốn sách này được viết ra dành cho những ai muốn tìm đến phương pháp tăng năng suất và sáng tạo hiệu quả khác biệt đặc biệt là dành cho những nhà phát triển và quản lý bước đầu sử dụng Scrum. vì thế nó được thiết kế tối ưu cho việc học và tra cứu. Một cuốn cẩm nang về Scrum đầy đủ nhất, khoa học nhất, dễ hiểu nhất trên thị trường hiện nay mà bạn có thể tìm thấy để áp dụng Scrum một cách hiệu quả.
Chương đầu tiên rất lý thuyết nhưng là nền tảng. Có thể là chương khó đọc nhất, nhưng lại quan trọng nhất vì nó giải thích cặn kẽ triết lý đứng đằng sau Scrum. Bạn không thể thực hành tốt Scrum mà không nắm rõ những nguyên lý Agile có tính dẫn đường nếu bạn nóng ruột muốn tìm hiểu Scrum thì có thể chỉ cần lướt qua chương 1, nhưng hãy quay trở lại sau khi đã đọc xong cả cuốn sách. Chương 2, 3, 4, 5 mô tả chi tiết khung Scrum và cách vận hành trong thực tiễn. Vì cuốn sách này hướng đến việc thực hành “đúng” Scrum. Chương 6 thảo luận về các tình huống sử dụng Scrum và những điều ghi nhớ khi lần đầu tiên đưa Scrum vào tổ chức. Các chương 7, 8, 9 có thể coi là phần mở rộng của cuốn sách nhằm cung cấp một bức tranh lớn hơn khi vận dụng Scrum., hiệu quả và thành công bền vững. Riêng chương 9 có đề cập nhiều kỹ thuật đặc thù agile mà nhiều lập trình viên thấy lạ lẫm và rất thích thú.
Trong sách, thỉnh thoảng có những ô “dừng và nghĩ” với một số câu hỏi hướng dẫn, như những nốt lặng trong các bản nhạc. Ngoài ra, các Danh mục Kiểm tra được đặt vào một số phần quan trọng cũng có thể giúp bạn trong việc tự đánh giá được mức độ đúng đắn và thành thục trong việc vận dụng Scrum trong nhóm của mình.",Sách tiếng Việt/Sách kỹ năng sống/Sách tư duy - Kỹ năng sống,851
22400973,sách cẩm nang scrum,"DƯƠNG TRỌNG TẤN, NGUYỄN VIỆT KHOA, PHẠM ANH ĐỚI, NGUYỄN KHẮC NHẬT",179000,126688,NONE,0,11,,https://tiki.vn/sach-cam-nang-scrum-tang-kem-bookmark-tiki-p22400973.html?spid=201821633,https://salt.tikicdn.com/cache/280x280/ts/product/19/73/17/3bf1ccee6bee88becac535e0461b4298.jpg,"Scrum là một khung làm việc trong đó con người có thể xác định các vấn đề thích nghi phức hợp, trong khi vẫn giữ được năng suất và sáng tạo để chuyển giao các sản phẩm có giá trị cao nhất. Scrum có các tính chất: nhẹ nhàng dễ hiểu nhưng rất khó để tinh thông.
Cuốn sách này được viết ra dành cho những ai muốn tìm đến phương pháp tăng năng suất và sáng tạo hiệu quả khác biệt đặc biệt là dành cho những nhà phát triển và quản lý bước đầu sử dụng Scrum. vì thế nó được thiết kế tối ưu cho việc học và tra cứu. Một cuốn cẩm nang về Scrum đầy đủ nhất, khoa học nhất, dễ hiểu nhất trên thị trường hiện nay mà bạn có thể tìm thấy để áp dụng Scrum một cách hiệu quả.
Chương đầu tiên rất lý thuyết nhưng là nền tảng. Có thể là chương khó đọc nhất, nhưng lại quan trọng nhất vì nó giải thích cặn kẽ triết lý đứng đằng sau Scrum. Bạn không thể thực hành tốt Scrum mà không nắm rõ những nguyên lý Agile có tính dẫn đường nếu bạn nóng ruột muốn tìm hiểu Scrum thì có thể chỉ cần lướt qua chương 1, nhưng hãy quay trở lại sau khi đã đọc xong cả cuốn sách. Chương 2, 3, 4, 5 mô tả chi tiết khung Scrum và cách vận hành trong thực tiễn. Vì cuốn sách này hướng đến việc thực hành “đúng” Scrum. Chương 6 thảo luận về các tình huống sử dụng Scrum và những điều ghi nhớ khi lần đầu tiên đưa Scrum vào tổ chức. Các chương 7, 8, 9 có thể coi là phần mở rộng của cuốn sách nhằm cung cấp một bức tranh lớn hơn khi vận dụng Scrum., hiệu quả và thành công bền vững. Riêng chương 9 có đề cập nhiều kỹ thuật đặc thù agile mà nhiều lập trình viên thấy lạ lẫm và rất thích thú.
Trong sách, thỉnh thoảng có những ô “dừng và nghĩ” với một số câu hỏi hướng dẫn, như những nốt lặng trong các bản nhạc. Ngoài ra, các Danh mục Kiểm tra được đặt vào một số phần quan trọng cũng có thể giúp bạn trong việc tự đánh giá được mức độ đúng đắn và thành thục trong việc vận dụng Scrum trong nhóm của mình.
Sản phẩm được tặng kèm bookmark như hình đính kèm",Sách tiếng Việt/Sách kỹ năng sống/Sách tư duy - Kỹ năng sống,251
10118594,sách cẩm nang scrum,"DƯƠNG TRỌNG TẤN, NGUYỄN VIỆT KHOA, PHẠM ANH ĐỚI, NGUYỄN KHẮC NHẬT",179000,295057,NONE,0,66,,https://tiki.vn/sach-cam-nang-scrum-p10118594.html?spid=193890179,https://salt.tikicdn.com/cache/280x280/ts/product/19/b6/3a/054d7f30c11f63c9e8927cf245a149b5.jpg,"Scrum là một khung làm việc trong đó con người có thể xác định các vấn đề thích nghi phức hợp, trong khi vẫn giữ được năng suất và sáng tạo để chuyển giao các sản phẩm có giá trị cao nhất. Scrum có các tính chất: nhẹ nhàng dễ hiểu nhưng rất khó để tinh thông.
Cuốn sách này được viết ra dành cho những ai muốn tìm đến phương pháp tăng năng suất và sáng tạo hiệu quả khác biệt đặc biệt là dành cho những nhà phát triển và quản lý bước đầu sử dụng Scrum. vì thế nó được thiết kế tối ưu cho việc học và tra cứu. Một cuốn cẩm nang về Scrum đầy đủ nhất, khoa học nhất, dễ hiểu nhất trên thị trường hiện nay mà bạn có thể tìm thấy để áp dụng Scrum một cách hiệu quả.
Chương đầu tiên rất lý thuyết nhưng là nền tảng. Có thể là chương khó đọc nhất, nhưng lại quan trọng nhất vì nó giải thích cặn kẽ triết lý đứng đằng sau Scrum. Bạn không thể thực hành tốt Scrum mà không nắm rõ những nguyên lý Agile có tính dẫn đường nếu bạn nóng ruột muốn tìm hiểu Scrum thì có thể chỉ cần lướt qua chương 1, nhưng hãy quay trở lại sau khi đã đọc xong cả cuốn sách. Chương 2, 3, 4, 5 mô tả chi tiết khung Scrum và cách vận hành trong thực tiễn. Vì cuốn sách này hướng đến việc thực hành “đúng” Scrum. Chương 6 thảo luận về các tình huống sử dụng Scrum và những điều ghi nhớ khi lần đầu tiên đưa Scrum vào tổ chức. Các chương 7, 8, 9 có thể coi là phần mở rộng của cuốn sách nhằm cung cấp một bức tranh lớn hơn khi vận dụng Scrum., hiệu quả và thành công bền vững. Riêng chương 9 có đề cập nhiều kỹ thuật đặc thù agile mà nhiều lập trình viên thấy lạ lẫm và rất thích thú.
Trong sách, thỉnh thoảng có những ô “dừng và nghĩ” với một số câu hỏi hướng dẫn, như những nốt lặng trong các bản nhạc. Ngoài ra, các Danh mục Kiểm tra được đặt vào một số phần quan trọng cũng có thể giúp bạn trong việc tự đánh giá được mức độ đúng đắn và thành thục trong việc vận dụng Scrum trong nhóm của mình.",Sách tiếng Việt/Sách kỹ năng sống/Sách tư duy - Kỹ năng sống,186
127031841,sách cảm nhận và ứng phó,,63000,126688,NONE,0,0,1,https://tiki.vn/sach-con-duong-di-den-thanh-cong-bang-su-tu-te-p127031841.html?spid=273512120,https://salt.tikicdn.com/cache/280x280/ts/product/d7/7d/02/2ea09c926e11c2a3c8f9d7d1fd180682.jpg,"Xã hội những năm gần đây, những vụ án tồi tệ liên tục xảy ra: đánh tráo thực phẩm, che giấu sản phẩm lỗi, kết toán ả đến chuyện lập quỹ đen, các sự thật đáng buồn liên tiếp bị lộ tẩy về những người được gọi là công bộc của dân; rồi ở gia đình thì đầy các vụ án bi thả Và trước những chuyện như vậy hẳn sẽ nghe đâu đó tiếng thở dài “rồi đất nước này sẽ về đâu?”.
“Rồi đất nước này sẽ về đâu?”, bạn có biết đó là lời thở dài của một con người, mà theo nhiều thước đo hiện đại là mẫu người thành công - Inamori Kazuo, người sáng lập Công ty Kyocera, Công ty KDDI, nguyên chủ tịch Japan Airlines. Người đàn ông 75 tuổi này phải nói lên những lời đau buồn ấy trong lời nói đầu của tập sách Con đường đi đến thành công bằng sự tử tế, như lý giải lý do ông tha thiết muốn viết cuốn sách này. Tác giả chỉ ra nguyên nhân “chính tâm hồn đang ngày càng lụn bại đã làm người Nhật xấu xí đi. Và nó cũng là nguyên nhân chính tạo nên sự hỗn loạn trong xã hội Nhật ngày nay”. (Lời giới thiệu của Tuổi Trẻ)
Thông qua cuốn sách Con đường đi đến thành công bằng sự tử tế, tác giả Inamori Kazuo - Nhà sáng lập Hãng điện tử khổng lồ Kyocera, Hãng điện thoại KDDI, nguyên Chủ tịch Hãng Japan Airlines - mong muốn độc giả có thể tìm thấy con đường phải đi sau khi được tiếp xúc với những lời vàng ngọc của võ sĩ “samurai chân chính cuối cùng” Saigo Takamori.",Sách tiếng Việt/Sách kỹ năng sống/Sách tư duy - Kỹ năng sống,621
106362579,sách cảm nhận và ứng phó,.,95000,60209,NONE,0,0,,https://tiki.vn/sach-tu-duy-nhu-mot-ke-lap-di-tb-p106362579.html?spid=247998757,https://salt.tikicdn.com/cache/280x280/ts/product/6e/31/58/0c0a7624fa318a351324dca6bd8c2b7c.jpg,"Chúng ta thường bị giới hạn bởi sự khôn ngoan từng trải truyền thống về cách thế giới vận hành. Hơn thế nữa, niềm tin kiểu này đặc biệt giới hạn chúng ta khi phải đưa ra quyết định và giải quyết vấn đề.
Cuốn Tư duy như kẻ lập dị, viết bởi hai tác giả của cuốn Kinh tế học hài hước, hướng tới việc giải quyết vấn đề cụ thể này bằng cách cho cả thế giới thấy, thông qua từng người đọc, cách suy nghĩ độc đáo mà theo hai tác giả này là “khác biệt một chút, khó nghĩ hơn một chút và tự do hơn một chút”.
Trong cuốn sách này bạn sẽ học cách nhìn nhận thế giới theo cách không giống ai, và bằng cách đó, tìm ra các giải pháp mà có lẽ bạn không bao giờ nghĩ tới. Tóm lại, cuốn sách này sẽ hướng dẫn bạn cách tư duy như một kẻ lập dị.
Trong quá trình đó, bạn cũng sẽ biết được:
Tại sao qua các trò ảo thuật trẻ con lại khó lừa hơn so với người lớn?
Tại sao bạn không bao giờ nên chỉ dựa vàophán đoán của một chuyên gia?
Làm thế nào một sinh viên gầy nhom lại chiến thắng cuộc thi vô địch ăn bánh mì kẹp xúc xích toàn thế giới với thành tích cao gấp đôi kỷ lục năm trước đó ghi được?
Làm thế nào việc hợp pháp hoá chuyện phá thai trong thập niên 70 lại dẫn tới sự sụt giảm mạnh về tội phạm vào thập niêm 90?
Mã NCC Alpha Books",Sách tiếng Việt/Sách kỹ năng sống/Sách tư duy - Kỹ năng sống,537
136069077,sách câu chuyện ngôn ngữ,,143900,60209,NONE,0,0,1,https://tiki.vn/sach-cau-chuyen-ngon-ngu-kien-thuc-van-hoc-hay-tang-kem-bookmark-happy-p136069077.html?spid=191081580,https://salt.tikicdn.com/cache/280x280/ts/product/5a/74/e5/831bc2355bb49239308ff4c783779e9b.jpg,Ông hiện đang sống và làm việc tại nhà mình ở miền Bắc xứ Wales.,Sách tiếng Việt/Sách kỹ năng sống/Sách tư duy - Kỹ năng sống,645
136076266,sách câu chuyện ngôn ngữ,,143900,60209,NONE,0,1,1,https://tiki.vn/sach-cau-chuyen-ngon-ngu-kien-thuc-van-hoc-hay-tang-kem-bookmark-happy-p136076266.html?spid=192927652,https://salt.tikicdn.com/cache/280x280/ts/product/5a/74/e5/a50829a5d8b6c42b1530cd5f74f470cb.jpg,Ông hiện đang sống và làm việc tại nhà mình ở miền Bắc xứ Wales.,Sách tiếng Việt/Sách kỹ năng sống/Sách tư duy - Kỹ năng sống,646
791662,sách chicken soup for the soul - hạt giống yêu thương,"JACK CANFIELD, MARK VICTOR HANSEN",68000,97533,NONE,0,1,,https://tiki.vn/sach-chicken-soup-for-the-soul-hat-giong-yeu-thuong-p791662.html?spid=274905805,https://salt.tikicdn.com/cache/280x280/media/catalog/product/c/s/cs-20-hatgiongyeuthuong-1--1-.u5505.d20170811.t145609.493950.jpg,"Chicken Soup For The Soul - Hạt Giống Yêu Thương
Mỗi câu chuyện trong Chicken Soup for the Soul 20 – Hạt giống yêu thương mang một thông điệp riêng, có thể thay đổi suy nghĩ, trái tim và cuộc đời của bạn. Nó truyền cảm hứng và chia sẻ niềm vui trong cuộc sống, về niềm tin vào những điều tốt đẹp, bất kể những khó khăn trước mắt. Theo đó, cách chúng ta chọn lựa thái độ sống, cách chúng ta hành động và điều ta mong đợi ở người khác sẽ dẫn dắt chúng ta hành xử một cách chân thành và đầy tình cảm.
Câu chuyện về tình chị em sâu sắc được gắn kết bởi cuốn nhật ký mặc dù khoảng cách giữa họ là cả một đại dương. Hay như điều đơn giản và gần gũi với nhịp sống hiện đại là sự nhận ra rằng bản thân mình cần được nghỉ ngơi, thư giãn nhằm giúp cơ thể phục hồi năng lượng và cả sự minh mẫn về tinh thần. Hoặc câu chuyện một người mẹ hiểu được ý nghĩa và tầm quan trọng của nụ cười qua cô con gái nhỏ và tình bạn chân thành của cô bé đối với bạn.
Qua cuốn sách bạn cũng có thể nhận ra rằng những cái siết tay, những lời nói yêu thương, những cái ôm chặt … cũng có thể liều thuốc xoa dịu những đau đớn trong tâm hồn. Và rất nhiều câu chuyện khác đã thật sự mang đến cho độc giả sự tin tưởng vào cuộc sống, vào điều kỳ diệu của tình yêu thương và sự chia sẻ.",Sách tiếng Việt/Sách kỹ năng sống/Sách kỹ năng mềm,101
745378,sách chicken soup for the soul - hạt giống yêu thương,"JACK CANFIELD, MARK VICTOR HANSEN",68000,97533,NONE,0,1,,https://tiki.vn/sach-chicken-soup-for-the-soul-hat-giong-yeu-thuong-p745378.html?spid=274905804,https://salt.tikicdn.com/cache/280x280/media/catalog/product/c/s/cs-20-hatgiongyeuthuong-1.u5387.d20170724.t185511.618463.jpg,"Chicken Soup For The Soul - Hạt Giống Yêu Thương
Mỗi câu chuyện trong  Chicken Soup for the Soul 20 – Hạt giống yêu thương mang một thông điệp riêng, có thể thay đổi suy nghĩ, trái tim và cuộc đời của bạn. Nó truyền cảm hứng và chia sẻ niềm vui trong cuộc sống, về niềm tin vào những điều tốt đẹp, bất kể những khó khăn trước mắt. Theo đó, cách chúng ta chọn lựa thái độ sống, cách chúng ta hành động và điều ta mong đợi ở người khác sẽ dẫn dắt chúng ta hành xử một cách chân thành và đầy tình cảm.
Câu chuyện về tình chị em sâu sắc được gắn kết bởi cuốn nhật ký mặc dù khoảng cách giữa họ là cả một đại dương. Hay như điều đơn giản và gần gũi với nhịp sống hiện đại là sự nhận ra rằng bản thân mình cần được nghỉ ngơi, thư giãn nhằm giúp cơ thể phục hồi năng lượng và cả sự minh mẫn về tinh thần. Hoặc câu chuyện một người mẹ hiểu được ý nghĩa và tầm quan trọng của nụ cười qua cô con gái nhỏ và tình bạn chân thành của cô bé đối với bạn.
Qua cuốn sách bạn cũng có thể nhận ra rằng những cái siết tay, những lời nói yêu thương, những cái ôm chặt … cũng có thể liều thuốc xoa dịu những đau đớn trong tâm hồn. Và rất nhiều câu chuyện khác đã thật sự mang đến cho độc giả sự tin tưởng vào cuộc sống, vào điều kỳ diệu của  tình yêu thương và sự chia sẻ",Sách tiếng Việt/Sách kỹ năng sống/Sách kỹ năng mềm,97
92551647,sách cho đi là còn mãi,,68600,111899,OFFICIAL_STORE,0,0,,https://tiki.vn/sach-cho-di-la-con-mai-first-news-p92551647.html?spid=277528603,https://salt.tikicdn.com/cache/280x280/ts/product/ae/cd/9a/0fbe0c76aa2e944227e4853e933f1881.jpg,Cho Đi Là Còn Mãi (Tái Bản),Sách tiếng Việt/Sách kỹ năng sống/Sách kỹ năng mềm,435
76826976,sách cho đi là còn mãi,"AZIM JAMAL, HARVEY MCKINNON",62400,1,OFFICIAL_STORE,4.8,49,492,https://tiki.vn/sach-cho-di-la-con-mai-tai-ban-p76826976.html?spid=76826977,https://salt.tikicdn.com/cache/280x280/ts/product/46/0c/aa/09469c0e82a86f921f0b5ab305539363.jpg,"Cho Đi Là Còn Mãi (Tái Bản)
Chúng ta đang sống trong một thế giới đầy bất trắc với những nỗi đau của nhân loại cùng sự huỷ hoại nghiêm trọng của môi trường. Chính vì vậy, chúng ta cần quan tâm đến nhau nhiều hơn để góp phần giảm bớt những nỗi đau và bất trắc ấy trong cuộc sống. Thế nhưng, chúng ta sẽ thể hiện điều đó như thế nào để có thể làm vơi đi những bất hạnh của chính mình và của người khác?
Bí quyết đơn giản nhất chính là: ""Mỗi người hãy biết chia sẻ, biết cho đi, biết trao tặng những gì tốt nhất mà mình có cho người khác"". Thật vậy, cuộc sống chính là quá trình trao tặng và đón nhận không ngừng. Có rất nhiều thứ chúng ta có thể trao tặng cho người khác, từ của cải vật chất cho đến một lời khuyên, một trải nghiệm, một lời nói chân tình, hay thậm chí chỉ là một ánh mắt thiện cảm, một nụ cười đôn hậ Những hành động chia sẻ đó thể hiện tấm lòng yêu thương của chúng ta dành cho mọi người. Và chắc chắn rằng chúng ta cũng sẽ đón nhận được không ít điều tuyệt vời bắt nguồn từ sự cho đi cao đẹp này.
Cuộc sống là quá trình trao tặng và đón nhận không ngừng, mỗi chúng ta là một mắc xích quan trọng trong vòng liên kết ấy. Vì vậy, bạn đừng do dự khi mở rộng lòng mình với mọi người. Rất nhiều người, rất nhiều nơi trên thế giới đang chờ đợi ở bạn một sự hảo tâm, một vòng tay ấm á Đôi khi, chỉ một ánh mắt trìu mến, một nụ cười thân thiện, hay một câu nói chân tình cũng đủ làm viên mãn một trái tim! Hãy cho đi để thấy rằng đời sống thật phong phú.
Xuất phát từ chính những trải nghiệm thực tế, đồng thời căn cứ vào kết quả của một số công trình nghiên cứu, hai tác giả đã gợi mở nhiều ý tưởng sâu sắc đáng để người đọc suy ngẫm. Ở đó chúng ta không chỉ thấy được sức mạnh của sự chia sẻ mà còn học được cách chia sẻ. Sự chia sẻ giúp ta tìm được ý nghĩa đích thực của cuộc sống, xoá bỏ trong ta những lo âu, sợ hãi và cảm giác cô đơn, lạc lõng giữa dòng đời. Hơn thế nữa, ta nghiệm ra rằng: cho và nhận đều mang đến hạnh phúc. Cho không có nghĩa là mất đi, mà đó là lúc chúng ra được nhận lại rất nhiều - dưới muôn vàn hình thức khác nhau.",Sách tiếng Việt/Sách kỹ năng sống/Sách kỹ năng mềm,401
137941270,sách con đường đi đến thành công bằng sự tử tế,,74000,295057,NONE,0,0,1,https://tiki.vn/sach-nxb-tre-thong-dong-nhu-chu-meo-hong-nang-ben-hien-p137941270.html?spid=274161645,https://salt.tikicdn.com/cache/280x280/ts/product/63/68/48/c50306c65a009ac39438616cdbfa51d6.jpg,"Mèo luôn tự do tự tại. Chúng điềm tĩnh, quan sát, khôn ngoan, yểu điệu, duyên dáng và kiêu hãnh. Thực tế, mèo tìm ra bí quyết về cách chúng ta nên sống như thế nào, bất kể chúng ta thuộc giống loài gì! Trong cuốn sách này, Stéphane Garnier sẽ cho bạn thấy những điều anh rút ra từ hơn 15 năm quan sát kỹ chú mèo của anh, và chỉ cho bạn tất cả những cách để bạn có thể áp dụng bí quyết của loài mèo – vào công việc, ở nhà và với bạn bè mình.",Sách tiếng Việt/Sách kỹ năng sống/Sách tư duy - Kỹ năng sống,658
137941406,sách con đường đi đến thành công bằng sự tử tế,,66000,326534,NONE,0,1,,https://tiki.vn/sach-nxb-tre-ai-se-khoc-khi-ban-lia-xa-robin-sharma-p137941406.html?spid=278750620,https://salt.tikicdn.com/cache/280x280/ts/product/d1/e6/ec/897c65bcbf16fd26146cd52af996b7e7.jpg,"Cuộc sống trôi qua thật quá nhanh. Và không có gì có làm trái tim bạn đau hơn là khi đã đi đến cuối cuộc đời và nhận ra bạn đã quên mất điều gì là quan trọng nhất - bởi bản thân bạn luôn quá bận rộn.
Ai sẽ khóc khi bạn lìa xa đã giúp hàng triệu người trên toàn cầu học lại cách tập trung vào những điều đáng giá và sống một cuộc sống giản đơn hơn với niềm vui, đam mê và mục đích. Cùng chứa đầy những cảm hứng và triết lý đã làm nên thành công trước đó của quyển The monk Who sold his Ferrari, cuốn cẩm nang này chia sẻ 101 ý tưởng mạnh mẽ để giúp bạn tạo nên thành công đích thực và ý nghĩa cuộc sống.",Sách tiếng Việt/Sách kỹ năng sống/Sách tư duy - Kỹ năng sống,677
47068251,sách con đường heartfulness - tim thiền - chuyển hóa tâm hồn,"KAMLESH D. PATEL, JOSHUA POLLOCK",72500,1,OFFICIAL_STORE,5,21,328,https://tiki.vn/sach-con-duong-heartfulness-tim-thien-chuyen-hoa-tam-hon-p47068251.html?spid=47068252,https://salt.tikicdn.com/cache/280x280/ts/product/1f/b1/f4/8be22d2ea136c6b8c74f24c7d5f8a086.jpg,"Kamlesh D.Patel chia sẻ: “Chúng ta không bao giờ biết cuộc sống dành cho chúng ta những gì và điều gì sắp xảy ra. Đó là điều bí ẩn và vẻ đẹp của cuộc sống. Tôi đã nhận được biết bao phước lành trong suốt 6 thập kỷ sống trên Trái đất này, và một trong những phước lành đó đến vào năm 1976 khi tôi còn là một thanh niên theo học ngành dược tại Ahmedabad, Ấn Độ. Thông qua một người bạn học, tôi tình cờ biết đến thiền Heartfulness, và vài tháng sau tôi đã gặp một người thật đặc biệt, người mà ngay lập tức đã trở thành vị guru đầu tiên và người dẫn dắt tôi trên con đường thực hành. Tên Ngài là Ram Chandra, và chúng tôi gọi Ngài là Babuji.
Tác động của buổi thiền Heartfulness đầu tiên đối với tôi sâu sắc đến mức tôi đã tìm thấy hướng đi và điểm tựa rõ ràng cho cuộc đời mình. Nhưng tác động của buổi gặp gỡ với Babuji thậm chí còn vượt xa hơn thế – một thứ gì đó kỳ diệu và tinh tế đến mức không ngòi bút nào có thể tả xiết. Kể từ ngày đó, những vũ trụ và những chiều không gian mở ra ở thế giới bên trong tôi, và nó chỉ là một phần của những gì được biểu lộ trong suốt 40 năm qua. Điều thậm chí còn tuyệt vời hơn là rất nhiều phẩm chất hàng ngày đã được tạo nên thông qua thực hành Heartfulness – những phẩm chất như tình yêu thương, sự chấp nhận, sự khiêm nhường, sự phụng sự, sự đồng cảm, lòng trắc ẩn và một mục đích cao cả hơn để tồn tại.
Tất cả bắt đầu bằng sự thực hành thiền đơn giản. Chúng ta không cần làm bất cứ điều gì ngoại trừ việc ngồi yên lặng, nhắm mắt lại và chú tâm vào Cội nguồn của mọi sự tồn tại bên trong trái tim. Nếu chúng ta có thể tiếp cận thiền với sự ngạc nhiên và hồn nhiên như trẻ nhỏ, vũ trụ bên trong sẽ tự nhiên mở ra trước mắt chúng ta. Trong thực hành thiền ở trái tim, chúng ta khám phá, trải nghiệm khía cạnh đơn giản nhất và tinh khiết nhất của sự tồn tại bên trong chính mình: linh hồn của chúng ta. Tất cả những gì thuộc về nó vô cùng tự nhiên.
Những thực hành Heartfulness trong cuốn sách này nuôi dưỡng tâm hồn chúng ta, dọn sạch cỏ dại và bùn đất đang che khuất linh hồn, giải phóng sự hồn nhiên và ngạc nhiên như trẻ nhỏ bên trong chúng ta, nhờ đó làm cho cuộc sống thực sự có ý nghĩa. Đồng thời, chúng ta đang phải sống trong một thế giới đầy rẫy áp lực của lối sống đô thị, tiền lương và các khoản thế chấp, sự nghiệp và các mối quan hệ. Thực hành Heartfulness giúp chúng ta đơn giản hoá cách phản ứng đối với mọi việc, định hướng cuộc sống hàng ngày một cách phong phú và trọn vẹn.
Nếu bạn biết có một phương pháp thực tiễn để vượt lên khổ đau, bay lên với cả một bầu trời hy vọng và mãn nguyện, bạn có quan tâm không? Đó chính xác là những gì Heartfulness trao tặng – không phải bằng cách loại bỏ hay ngăn chặn các vấn đề, mà bằng cách chuyển hoá chúng ta từ trong ra ngoài để chúng ta chiêm ngưỡng thế giới theo một cách nhìn mới, không bị che lấp bởi các lớp vỏ bọc do những hạn chế của bản thân.
Trên con đường Heartfulness, chúng ta khám phá và mở rộng tâm thức, và thậm chí vượt lên tâm thức để khám phá ra tiềm năng thực sự. Tôi hy vọng bạn thích cuốn sách và có được lợi ích từ những gì tôi đã học được trong cuộc hành trình này của cuộc sống.”",Sách tiếng Việt/Sách kỹ năng sống/Sách kỹ năng mềm,333
115254312,sách con đường heartfulness - tim thiền - chuyển hóa tâm hồn,,97000,126688,NONE,0,0,,https://tiki.vn/sach-con-duong-heartfulness-tim-thien-chuyen-hoa-tam-hon-p115254312.html?spid=120297019,https://salt.tikicdn.com/cache/280x280/ts/product/84/38/2b/cdd26b72e97d2dce1af039360428e7e8.jpg,"Con Đường Heartfulness - Tim Thiền - Chuyển Hoá Tâm Hồn
( Tặng postcard bốn mùa ngẫu nhiên )",Sách tiếng Việt/Sách kỹ năng sống/Sách kỹ năng mềm,603
137941489,sách con tin stockholm,,72000,295057,NONE,0,0,,https://tiki.vn/sach-nxb-tre-con-tin-stockholm-p137941489.html?spid=274178571,https://salt.tikicdn.com/cache/280x280/ts/product/8a/a6/0e/2ae15090d35a83ba77f79593532c011e.jpg,"CON TIN STOCKHOLM
“Con tin Stockholm” là tuyển tập truyện ngắn mới của Hoàng Công Danh. Truyện ngắn Hoàng Công Danh được cấu trúc hiện đại, các chi tiết hấp dẫn, ám ảnh, bất ngờ nhưng lại tạo ra độ sâu suy tưởng đặc trưng. Tập truyện này sẽ cho ta ấn tượng như đọc một tiểu thuyết.
“Truyện ngắn Con tin Stockholm - Hoàng Công Danh nói về một sự đời đắng ngắt, ấy là con người thật đáng thương trong khát vọng tự do. “Người ta có cởi trói cho nhau được không?” Câu hỏi quá khó nếu như người ta còn muốn trói buộc nhau, muốn bắt nhau làm con tin. Ngược lại thì quá dễ. Khó khó dễ dễ, được được mất mất, sắc sắc không không, những câu hỏi của tự do đều vậy cả.” – Nguyễn Quang Lập
“Con mèo vừa sống vừa chết. Tiếng mèo có thể gây mất ngủ. Quá bình thường! Tiếng mèo làm cho một nhà khoa học và một nhà văn phải đi tìm và cùng hẹn nhau sáng tạo trong lĩnh vực của họ - đến đây thì mọi chuyện đã trở nên khác thường. Điều đáng nói ở đây là cô gái và chàng trai đều nghiêm túc, và hoàn cảnh mới “có vấn đề”. Hoàng Công Danh là nhà văn hướng đến sự tìm tòi.” – Lê Anh Hoài",Sách tiếng Việt/Sách kỹ năng sống/Sách tư duy - Kỹ năng sống,689
137941537,sách con tin stockholm,,72000,295057,NONE,0,0,,https://tiki.vn/sach-nxb-tre-con-tin-stockholm-p137941537.html?spid=274178570,https://salt.tikicdn.com/cache/280x280/ts/product/8a/a6/0e/6cc4f98a86022b0e79243682e7ef2e54.jpg,"CON TIN STOCKHOLM
“Con tin Stockholm” là tuyển tập truyện ngắn mới của Hoàng Công Danh. Truyện ngắn Hoàng Công Danh được cấu trúc hiện đại, các chi tiết hấp dẫn, ám ảnh, bất ngờ nhưng lại tạo ra độ sâu suy tưởng đặc trưng. Tập truyện này sẽ cho ta ấn tượng như đọc một tiểu thuyết.
“Truyện ngắn Con tin Stockholm - Hoàng Công Danh nói về một sự đời đắng ngắt, ấy là con người thật đáng thương trong khát vọng tự do. “Người ta có cởi trói cho nhau được không?” Câu hỏi quá khó nếu như người ta còn muốn trói buộc nhau, muốn bắt nhau làm con tin. Ngược lại thì quá dễ. Khó khó dễ dễ, được được mất mất, sắc sắc không không, những câu hỏi của tự do đều vậy cả.” – Nguyễn Quang Lập
“Con mèo vừa sống vừa chết. Tiếng mèo có thể gây mất ngủ. Quá bình thường! Tiếng mèo làm cho một nhà khoa học và một nhà văn phải đi tìm và cùng hẹn nhau sáng tạo trong lĩnh vực của họ - đến đây thì mọi chuyện đã trở nên khác thường. Điều đáng nói ở đây là cô gái và chàng trai đều nghiêm túc, và hoàn cảnh mới “có vấn đề”. Hoàng Công Danh là nhà văn hướng đến sự tìm tòi.” – Lê Anh Hoài",Sách tiếng Việt/Sách kỹ năng sống/Sách tư duy - Kỹ năng sống,694
36701979,sách công thức hạnh phúc,TWYLA THARP,116000,97533,NONE,0,0,,https://tiki.vn/thoi-quen-lam-nen-sang-tao-tang-bookmark-romantic-p36701979.html?spid=274760927,https://salt.tikicdn.com/cache/280x280/ts/product/e2/4f/e0/05e417c652b6627e4a01c10c5e19c358.jpg,"Thomas Edison từng nói: “Thiên tài chỉ có 1% là may mắn, 99% còn lại là mồ hôi và nước mắt.”
Chẳng có ai sinh ra đã là thiên tài, những danh nhân được cả thế giới ngưỡng mộ như Moraz, Beethoven hay Newton cũng đều phải trải qua quá trình rèn luyện gian khổ để có thể đạt được thành tựu sáng tạo khiến người người đời sau kính nể. Sáng tạo không phải là món quà mà Thượng đế trao tặng cho tất cả chúng ta, nó là thành quả của sự nỗ lực và chuẩn bị. Sự sáng tạo luôn ở đó, trong tầm tay của những ai mong mỏi kiếm tìm và có được nó.
Tất cả những gì chúng ta cần làm là biến sáng tạo thành thói quen và ngược lại, để điều đó trở thành một phần không thể thiếu trong chúng ta.",Sách tiếng Việt/Sách kỹ năng sống/Sách tư duy - Kỹ năng sống,301
248656085,sách công thức hạnh phúc,PAUL ARDEN,79000,7247,OFFICIAL_STORE,4,1,2,https://tiki.vn/sach-nghi-nguoc-lai-va-lam-khac-di-p248656085.html?spid=262061641,https://salt.tikicdn.com/cache/280x280/ts/product/92/e1/05/7bc50591de2623534bb57e1e9822352c.png,"Trước Thế vận hội Mexico được tổ chức vào năm 1968, kiểu nhảy truyền thống của vận động viên nhảy sào vượt qua xà ngang là cơ thể song song úp người về phía thanh xà. Kỹ thuật này được biết đến với tên gọi “cú cuộn người kiểu phương Tây” (Western Roll). Tuy vậy, kỹ thuật đó sắp được thay thế. Một vận động viên ít tên tuổi đã vượt qua thanh xà và lập kỷ lục thế giới với mức xà đạt được là 7 feet 4¼ inch (tương đương 2,2415 mét). Anh đã tung mình lên nhưng thay vì úp người xuống thì anh lại quay lưng về phía xà ngang. Anh nâng chân lên và búng ngược người vượt qua xà ngang. Anh chính là Dick Fosbury và phương pháp nhảy này của anh được nhiều người biết đến với tên gọi “Cú nhảy Fosbury”. Kiểu nhảy này vẫn được dùng cho đến ngày nay. Anh đã nhảy cao hơn bất kỳ vận động viên nào trước đó bằng cách nghĩ ngược lại với mọi người.
Ví dụ này chỉ để minh hoạ cho một kỹ thuật suy nghĩ nhưng ở đây kỹ thuật suy nghĩ đã trở thành kỹ thuật nhảy cao, chuyển một cú nhảy vượt xà tưởng như có thể thất bại thành một thành công. Thế giới chính là những gì bạn nghĩ về nó. Vì vậy, hãy nghĩ về nó theo cách khác đi và cuộc sống của bạn sẽ thay đổi. Khi bạn nhìn lại sẽ có những thứ bạn cảm thấy hối tiếc. Bạn nghĩ mình đã từng quyết định sai lầm. Sai rồi! Dù quyết định thế nào, đó cũng là quyết định duy nhất. Mọi thứ ta làm đều cho ta chọn lựa. Vậy thì có gì phải hối tiếc?",Sách tiếng Việt/Sách kỹ năng sống/Sách tư duy - Kỹ năng sống,990
57767468,sách cứ làm đi!,AUSTIN KLEON,70500,1,OFFICIAL_STORE,4.6,156,857,https://tiki.vn/sach-cu-lam-di-p57767468.html?spid=58502437,https://salt.tikicdn.com/cache/280x280/media/catalog/producttmp/8c/51/84/d64fda5a0dec7a24b15ee8361092c21d.jpg,"Cứ Làm Đi!
Thế giới thật điện cuồng. Sáng tạo nghệ thuật thì thật khó. Vậy làm sao để bạn không ngừng phát triển?Trong những cuốn sách trước – Steal Like An Artist (tạm dịch: Trộm cắp như một nghệ sĩ) và Nghệ thuật PR bản thân – Austin đã dạy độc giả cách vay mượn để trở nên sáng tạo và rồi chia sẻ thế nào để được tìm thấy. Trong Cứ làm đi!, Austin tiếp tục đưa ra 10 cách để duy trì sự sáng tạo, tập trung và chất riêng của bản thân mình:
Austin Kleon (sinh 1983):Nhà văn – nghệ sĩ người Mỹ, tác giả của loạt sách truyền cảm hứng như Steal Like an Artist, Show Your Work! và Keep Going. Ông thường xuyên diễn thuyết tại TEDx, Google, Pixar và được The Atlantic đánh giá là “một trong những người thú vị nhất trên Internet”.
Nội dung sách
Cuốn sách trình bày 10 chương ngắn, mỗi chương là một chìa khoá giúp bạn luôn có mặt và làm việc mỗi ngày, không để ngại ngần hay sự trì trệ chi phối:
Mỗi ngày như Groundhog Day – quay lại từ đầu và sống hết hôm nay.
Bạn được phép thay đổi ý kiến – sáng tạo cũng là hành trình phát triển.
“Quỷ dữ ghét khí trời trong lành” – dành thời gian ra ngoài để làm mới tâm trí.
Xây dựng “Bliss Station” – nơi/lúc bạn thăng hoa sáng tạo.
Dọn dẹp không chỉ làm sạch không gian mà còn kích hoạt sáng tạo .
“Quên danh từ, làm đi động từ” – biến đam mê thành hành động cụ thể .
Không lo bị robot hoá, hãy sáng tạo từng ngày – “bản chất nghệ thuật không phải là màu sắc, mà là những khoảnh khắc đen trắng lặp đi lặp lại” .
Hãy tử tế, “thế giới là một thị trấn nhỏ” – kết nối qua giá trị và lòng tốt.
Hãy “tẻ nhạt” – thiết lập thói quen ổn định để duy trì bền vững.
Sáng tạo là “phép trừ” – tập trung loại bỏ để làm đúng điều trọng tâm .
Sách mang đến điều gì cho người đọc?
Khung thực hành dễ làm theo — bước vào ngày mới, dọn dẹp, ra ngoài, làm việc.
Gợi mở tư duy sáng tạo trong hiện tại, không chờ “đúng thời điểm”.
Khích lệ hành động, không chỉ là ý tưởng — thay vì chỉ đọc, bạn “cứ làm đi”.
Gợi mở sức mạnh từ thói quen nhỏ hàng ngày — làm thường xuyên tạo nên khác biệt lớn.
Gắn kết nhân văn và cộng đồng, giảm căng thẳng khi phải “phải nổi bật”.
“Cứ Làm Đi!” là cuốn sách không thể thiếu nếu bạn:
Muốn duy trì sáng tạo mỗi ngày, dù áp lực hay chán nản.
Là người làm sáng tạo, học sinh, giáo viên, freelancer – cần động lực hàng ngày.
Cần một cuốn cẩm nang ngắn gọn, dễ đọc nhưng sâu sắc, để mở lại đam mê mỗi khi cảm thấy mất lửa.
Tìm cuốn sách khích lệ hành động thay vì chỉ lý thuyết suông.
Nhận xét về Keep Going:
“Bất kỳ ai đang sống một cuộc đời sáng tạo đều cần có cuốn sách tiếp thêm động lực này trên kệ sách của mình.” — BookPage
Nhận xét về Austin Kleon:
“Thiên tài.” — New York Magazine
“Chắc chắn là một trong những người thú vị nhất trên Internet.” — The Atlantic.
“Viết phần tiếp theo của một sê-ri thành công cực kỳ khó, đặc biệt với một cuốn sách vô cùng nổi tiếng như Steal Like An Artist (tạm dịch: Trộm cắp như một nghệ sĩ). Nhưng Austin không chỉ hoàn thành tốt nhiệm vụ ấy, mà thậm chí còn nghiền nát nó. Cuốn sách này rất tuyệt và vô cùng phù hợp vào lúc này, dù bạn là nghệ sĩ hay doanh nhân, là nhà làm phim hay bậc làm cha mẹ. Cứ làm đi! hàm ẩn rất nhiều chiến lược giúp bạn vượt qua vực sâu tuyệt vọng, hỗn loạn và mù mờ khi cuộc sống đang dần vụn vỡ quanh mình. Austin không hứa hẹn về những phương pháp diệu kỳ nhưng anh ấy biết nếu tất cả chúng ta ngồi lại và bắt tay làm việc – tạo nên những điều tốt đẹp, những điều tuyệt vời rồi sẽ tới. Tôi nghĩ anh ấy đã đúng và tôi thực sự yêu thích cuốn sách này.” — Ryan Holiday, tác giả Vượt qua bản ngã, Cách tạo ra sản phẩm trường tồn.",Sách tiếng Việt/Sách kỹ năng sống/Sách tư duy - Kỹ năng sống,366
57771348,sách cứ làm đi!,,76300,7247,OFFICIAL_STORE,5,34,16,https://tiki.vn/sach-cu-lam-di-austin-kleon-p57771348.html?spid=259537328,https://salt.tikicdn.com/cache/280x280/ts/product/8c/52/9e/2490faf85149a6326cb5f7a960a36d28.png,"Cứ Làm Đi!
Thế giới thật điện cuồng. Sáng tạo nghệ thuật thì thật khó. Vậy làm sao để bạn không ngừng phát triển?
Trong những cuốn sách trước – Steal Like An Artist (tạm dịch: Trộm cắp như một nghệ sĩ) và Nghệ thuật PR bản thân – Austin đã dạy độc giả cách vay mượn để trở nên sáng tạo và rồi chia sẻ thế nào để được tìm thấy. Trong Cứ làm đi!, Austin tiếp tục đưa ra 10 cách để duy trì sự sáng tạo, tập trung và chất riêng của bản thân mình:
1. Mỗi ngày đều là ngày chuột chũi
2. Tạo dựng một căn phòng hạnh phúc
3. Quên đám danh từ đi, làm động từ thôi
4. Tạo ra món quà
5. Tầm thường + chú tâm = phi thường
6. Tiêu diệt con quái vật nghệ thuật
7. Bạn được phép đổi ý
8. Nếu gặp mớ bòng bong, dọn dẹp đi
9. Đám quỷ ghét không khí trong lành
10. Khu vườn của riêng bạn
Cho dù bạn đang kiệt sức, ở giai đoạn khởi động phải làm lại từ đầu, hay là đang vô cùng thành công đi chăng nữa, Cứ làm đi! sẽ giúp bạn tiếp bước trên con đường sáng tạo nghệ thuật.
NHẬN XÉT CỦA ĐỘC GIẢ UY TÍN
“Những ai dính dáng đến công việc sáng tạo nên có cuốn sách này trên giá.” —Bookpage
“Austin Kleon tựa như cầu vồng sáng rọi trong đám mây mù u tối trên Internet. Tôi theo dõi bảng tin của anh ấy hằng tuần vì nó mang lại cho tôi niềm vui và nguồn cảm hứng bất tận.” —Neil Pasricha, tác giả cuốn The Happiness Equation (tạm dịch: Hạnh phúc cân bằng)
“Viết phần tiếp theo của một sê-ri thành công cực kỳ khó, đặc biệt với một cuốn sách vô cùng nổi tiếng như Steal Like An Artist (tạm dịch: Trộm cắp như một nghệ sĩ). Nhưng Austin không chỉ hoàn thành tốt nhiệm vụ ấy, mà thậm chí còn nghiền nát nó. Cuốn sách này rất tuyệt và vô cùng phù hợp vào lúc này, dù bạn là nghệ sĩ hay doanh nhân, là nhà làm phim hay bậc làm cha mẹ. Cứ làm đi! hàm ẩn rất nhiều chiến lược giúp bạn vượt qua vực sâu tuyệt vọng, hỗn loạn và mù mờ khi cuộc sống đang dần vụn vỡ quanh mình. Austin không hứa hẹn về những phương pháp diệu kỳ nhưng anh ấy biết nếu tất cả chúng ta ngồi lại và bắt tay làm việc – tạo nên những điều tốt đẹp, những điều tuyệt vời rồi sẽ tới. Tôi nghĩ anh ấy đã đúng và tôi thực sự yêu thích cuốn sách này.” — Ryan Holiday, tác giả Vượt qua bản ngã, Cách tạo ra sản phẩm trường tồn.
Austin Kleon là tác giả của ba cuốn sách bán chạy viết về sáng tạo nghệ thuật trong kỷ nguyên kỹ thuật số: Nghệ thuật PR bản thân, Cứ làm đi!, Steal like an artist (tạm dịch: Trộm cắp như một nghệ sĩ). Sách của anh bán được hơn 2 triệu bản và dịch ra hơn 20 thứ tiếng. Ngoài ra, anh còn là diễn giả tại nhiều sự kiện do Pixar, Google, SXSW, Tedx và The Economist tổ chức.",Sách tiếng Việt/Sách kỹ năng sống/Sách tư duy - Kỹ năng sống,369
22080369,sách da thịt trong cuộc chơi,NASSIM NICHOLAS TALEB,139300,111899,OFFICIAL_STORE,0,0,2,https://tiki.vn/sach-da-thit-trong-cuoc-choi-tang-kem-bookmark-tiki-p22080369.html?spid=251929499,https://salt.tikicdn.com/cache/280x280/ts/product/c2/17/ed/deb51d198f34d17f741e683e61b23446.png,"Một công trình mới đầy táo bạo từ tác giả Thiên nga đen, thách thức những quan điểm truyền thống của chúng ta về rủi ro và phần thường, chính trị và tôn giáo, tài chính và trách nhiệm cá nhân.
Trong cuốn sách mới nhất này thuộc bộ INCERTO (Tính bất định), Taleb, một trong những tư tưởng gia hàng đầu của thời đại chúng ta, chỉ ra một lối tư duy mới mẻ, độc đáo, và thiết thực để tìm hiểu thế giới, thành công trong công việc, đóng góp xây dựng một xã hội công bằng, phát hiện ra những điều ngớ ngẩn, và tạo ảnh hưởng tới người khác. Với nguồn dẫn chứng vô cùng phong phú, cả về chiều rộng địa lý lẫn chiều dài thời gian, từ  Hammurabi tới Seneca, từ Thần Ăng-tê trong truyền thuyết cho đến Donald Trump ở thời hiện đại , Nassim Nicholas Taleb đã chỉ ra rằng thái độ sẵn sàng chấp nhận rủi ro cá nhân là một thuộc tính không thể thiếu của các vị anh hùng, các vị thánh, đồng thời giúp phát triển xã hội con người.
Nassim Nicholas Taleb (sinh năm 1960) là một tác giả, học giả, chuyên gia thống kê, và chuyên gia phân tích rủi ro người Mỹ gốc Lebanon. Các công trình của ông tập trung vào các lĩnh vực liên quan đến sự ngẫu nhiên, xác suất, và tính bất định. Cuốn sách Thiên nga Đen (2007) của ông được chào đón nồng nhiệt, và được tạp chí The Sunday Times bình chọn là một trong mười hai cuốn sách có ảnh hưởng nhất thế giới kể từ Thế chiến II.",Sách tiếng Việt/Sách kỹ năng sống/Sách tư duy - Kỹ năng sống,237
106362556,sách da thịt trong cuộc chơi,NASSIM NICHOLAS TALEB,153000,111899,OFFICIAL_STORE,0,0,4,https://tiki.vn/sach-da-thit-trong-cuoc-choi-p106362556.html?spid=251928266,https://salt.tikicdn.com/cache/280x280/ts/product/c2/17/ed/2792ab0cd9c2bf64a13f78cea6fc06c9.png,Sách - Da thịt trong cuộc chơi,Sách tiếng Việt/Sách kỹ năng sống/Sách tư duy - Kỹ năng sống,532
248499099,sách da thịt trong cuộc chơi,,153000,111899,OFFICIAL_STORE,0,0,4,https://tiki.vn/da-thit-trong-cuoc-choi-sach-ban-quyen-p248499099.html?spid=251928181,https://salt.tikicdn.com/cache/280x280/ts/product/c2/17/ed/bdc75631e3cbf83820d391b8483a4a11.png,"Da Thịt Trong Cuộc Chơi
Đảm bảo 100% sách gốc bản quyền từ NXB
Xử lí đơn đặt hàng nhanh
Chính sách hỗ trợ đổi sách cho khách hàng thuận tiện khi gặp sự cố
— Hãy chiêm nghiệm cuốn sách và cảm nhận hương vị của một tách trà vào mỗi cuối tuần khi bạn dành nhiều thời gian hơn cho bản thân mình! —
Nassim Nicholas Taleb (sinh năm 1960) là một tác giả, học giả, chuyên gia thống kê, và chuyên gia phân tích rủi ro người Mỹ gốc Lebanon. Các công trình của ông tập trung vào các lĩnh vực liên quan đến sự ngẫu nhiên, xác suất, và tính bất định. Cuốn sách Thiên nga Đen (2007) của ông được chào đón nồng nhiệt, và được tạp chí The Sunday Times bình chọn là một trong mười hai cuốn sách có ảnh hưởng nhất thế giới kể từ Thế chiến II.
Một công trình mới đầy táo bạo từ tác giả Thiên nga đen, thách thức những quan điểm truyền thống của chúng ta về rủi ro và phần thường, chính trị và tôn giáo, tài chính và trách nhiệm cá nhân.
Trong cuốn sách mới nhất này thuộc bộ INCERTO (Tính bất định), Taleb, một trong những tư tưởng gia hàng đầu của thời đại chúng ta, chỉ ra một lối tư duy mới mẻ, độc đáo, và thiết thực để tìm hiểu thế giới, thành công trong công việc, đóng góp xây dựng một xã hội công bằng, phát hiện ra những điều ngớ ngẩn, và tạo ảnh hưởng tới người khác. Với nguồn dẫn chứng vô cùng phong phú, cả về chiều rộng địa lý lẫn chiều dài thời gian, từ  Hammurabi tới Seneca, từ Thần Ăng-tê trong truyền thuyết cho đến Donald Trump ở thời hiện đại , Nassim Nicholas Taleb đã chỉ ra rằng thái độ sẵn sàng chấp nhận rủi ro cá nhân là một thuộc tính không thể thiếu của các vị anh hùng, các vị thánh, đồng thời giúp phát triển xã hội con người.",Sách tiếng Việt/Sách kỹ năng sống/Sách tư duy - Kỹ năng sống,980
77222080,sách đắc nhân tâm,DALE CARNEGIE,88200,161219,NONE,0,0,,https://tiki.vn/sach-dac-nhan-tam-nha-nam-tang-kem-bookmark-thiet-ke-p77222080.html?spid=77222083,https://salt.tikicdn.com/cache/280x280/ts/product/eb/71/2c/efbb4414120eb84eec92dc23538f3961.jpg,,Sách tiếng Việt/Sách kỹ năng sống/Sách tư duy - Kỹ năng sống,404
274845339,sách đắc nhân tâm,DALE CARNEGIE,54900,1,OFFICIAL_STORE,5,7,478,https://tiki.vn/sach-dac-nhan-tam-p274845339.html?spid=274845341,https://salt.tikicdn.com/cache/280x280/ts/product/db/09/a5/4892e37b77ddf3b9883e489a2151e7bf.jpg,"Một trong những cuốn sách thay đổi cuộc đời hàng triệu người trên thế giới
Đây là phiên bản được dịch từ phiên bản “How to Win Friends and Influence People” do nhà xuất bản Simon and Schuster xuất bản lần đầu tiên năm 1936.
“Đắc nhân tâm” là cuốn sách được lan toả rộng rãi và có sức ảnh hưởng vô cùng lớn, giúp thay đổi cuộc đời hàng triệu người trên thế giới. Đây là một trong những cuốn sách làm thay đổi cuộc đời của hàng triệu người trên toàn thế giới.
“Đắc nhân tâm” đem lại những giá trị tuyệt vời cho người đọc, bao gồm những lời khuyên bổ ích về cách ứng xử trong cuộc sống hằng ngày. Sức lan toả của cuốn sách vô cùng lớn, tác động tới nhiều tầng lớp và nhiều đối tượng khác nhau.
Triết lý của cuốn sách hướng con người tới việc hiểu mình, thành thật với chính mình, từ đó hiểu biết và quan tâm đến những người xung quanh nhằm khơi gợi những tiềm năng ẩn khuất của họ và giúp họ phát triển hơn.
“Đắc nhân tâm”, một trong những cuốn sách bán chạy nhất mọi thời đại, do Dale Carnegie viết được xuất bản lần đầu vào năm 1936, trở thành cuốn sách đầu tiên và hay nhất thuộc thể loại sách phát triển bản thân. Tác phẩm được chuyển ngữ sang nhiều thứ tiếng với 15 triệu bản sách đã được bán ra trên khắp thế giới, đồng thời cũng là cuốn sách đứng đầu danh mục Sách bán chạy nhất của New York Times trong nhiều năm liền. Riêng ở Hoa Kỳ, cuốn sách đã được tái bản tới lần thứ 90.
Cuốn sách ""Đắc nhân tâm"" của Dale Carnegie không chỉ là một tài liệu về ứng xử - giao tiếp, mà nó còn là một hành trình tri thức và trải nghiệm sâu sắc cho mọi đối tượng độc giả, không phân biệt độ tuổi, chỉ cần có sự quan tâm và khao khát phát triển bản thân. Với sức ảnh hưởng lớn, cuốn sách này không chỉ là nguồn cảm hứng mà còn là hướng dẫn chi tiết giúp mỗi người tự khám phá và phát triển tiềm năng của bản thân mình.",Sách tiếng Việt/Sách kỹ năng sống/Sách tư duy - Kỹ năng sống,1160
9948027,sách đắc nhân tâm,DALE CARNEGIE,88000,126688,NONE,0,12,,https://tiki.vn/sach-dac-nhan-tam-p9948027.html?spid=201508943,https://salt.tikicdn.com/cache/280x280/ts/product/da/d1/84/d8768423583da8e27a32f06a05e5ceee.jpg,"Đắc Nhân Tâm, nghĩa là sống sao cho đẹp lòng người, nhằm tạo dựng một cuộc sống an vui trong đời tư, thiện chí và đầy tinh thần hợp tác trong công việc. Lẽ thường sẽ chẳng bao giờ có một chiếc chìa khoá vạn năng mở ra mọi thành công. Bạn phải thông minh, đắc lực, nhiệt huyết và dấn thân. Nhưng Dale Carnegie sẽ nói rằng còn một điều cốt yếu nữa mà ta phải học: kỹ năng thu phục lòng người.
Đọc Đắc Nhân Tâm, nghiền ngẫm những mẩu chuyện thường nhật do chính Dale Carnegie hay các học viên của ông kể lại, hoặc những bài học rút ra từ trong sử sách mà ông dày công sưu tầm, ta chợt nhận ra một điều giản dị rằng nghệ thuật đối nhân xử thế chính là mảnh ghép cuối cùng để làm nên một công thức thành công mỹ mãn, bằng sự bình tâm suy xét, chỉnh đốn bản thân, bằng sức mạnh của lòng chân thành và sự cảm thông.",Sách tiếng Việt/Sách kỹ năng sống/Sách tư duy - Kỹ năng sống,184
263515801,sách đắc nhân tâm,DALE CARNEGIE,68800,7247,OFFICIAL_STORE,0,2,2,https://tiki.vn/sach-dac-nhan-tam-p263515801.html?spid=271983117,https://salt.tikicdn.com/cache/280x280/ts/product/e2/5f/61/cec03a60497f8c4ab14cb622540c8b9f.png,"ĐẮC NHÂN TÂM
BTV thực hiện: Hương Nguyễn - Hồng Ngọc
NỘI DUNG CHÍNH
Một trong những cuốn sách thay đổi cuộc đời hàng triệu người trên thế giới
Đây là phiên bản được dịch từ phiên bản “How to Win Friends and Influence People” do nhà xuất bản Simon and Schuster xuất bản lần đầu tiên năm 1936.
“Đắc nhân tâm” là cuốn sách được lan toả rộng rãi và có sức ảnh hưởng vô cùng lớn, giúp thay đổi cuộc đời hàng triệu người trên thế giới. Đây là một trong những cuốn sách làm thay đổi cuộc đời của hàng triệu người trên toàn thế giới.
“Đắc nhân tâm” đem lại những giá trị tuyệt vời cho người đọc, bao gồm những lời khuyên bổ ích về cách ứng xử trong cuộc sống hằng ngày. Sức lan toả của cuốn sách vô cùng lớn, tác động tới nhiều tầng lớp và nhiều đối tượng khác nhau.
Triết lý của cuốn sách hướng con người tới việc hiểu mình, thành thật với chính mình, từ đó hiểu biết và quan tâm đến những người xung quanh nhằm khơi gợi những tiềm năng ẩn khuất của họ và giúp họ phát triển hơn.
“Đắc nhân tâm”, một trong những cuốn sách bán chạy nhất mọi thời đại, do Dale Carnegie viết được xuất bản lần đầu vào năm 1936, trở thành cuốn sách đầu tiên và hay nhất thuộc thể loại sách phát triển bản thân. Tác phẩm được chuyển ngữ sang nhiều thứ tiếng với 15 triệu bản sách đã được bán ra trên khắp thế giới, đồng thời cũng là cuốn sách đứng đầu danh mục Sách bán chạy nhất của New York Times trong nhiều năm liền. Riêng ở Hoa Kỳ, cuốn sách đã được tái bản tới lần thứ 90.
Cuốn sách ""Đắc nhân tâm"" của Dale Carnegie không chỉ là một tài liệu về ứng xử - giao tiếp, mà nó còn là một hành trình tri thức và trải nghiệm sâu sắc cho mọi đối tượng độc giả, không phân biệt độ tuổi, chỉ cần có sự quan tâm và khao khát phát triển bản thân. Với sức ảnh hưởng lớn, cuốn sách này không chỉ là nguồn cảm hứng mà còn là hướng dẫn chi tiết giúp mỗi người tự khám phá và phát triển tiềm năng của bản thân mình.
Dale Carnegie (24/11/1888-1/11/1955)
Nhà văn, nhà thuyết trình người Mỹ và là người phát triển các khoá học phát triển bản thân, nghệ thuật bán hàng, kỹ năng giao tiếp và nói trước công chúng…
Ngoài Đắc nhân tâm, ông còn là tác giả của nhiều cuốn sách nổi tiếng khác đã được xuất bản tại Việt Nam như: “Quẳng gánh lo đi và vui sống”, “Nghệ thuật nói trước công chúng”, “Tổng thống Lincoln và những điều bạn chưa biết”.
TRÍCH ĐOẠN HAY
– Lời giới thiệu
“Cuốn sách này không được viết theo cách thông thường. Nó lớn lên như cách một đứa trẻ lớn dần, bắt đầu từ phòng thí nghiệm ấy, từ trải nghiệm của hàng ngàn người.”
“Những nguyên tắc mà chúng tôi đề ra trong cuốn sách này không phải là lý thuyết suông hay võ đoán. Đó thực sự là những phép màu đã làm nên cuộc cách mạng cho sự nghiệp và cuộc đời của những người đã áp dụng nó.”
“Kỹ năng diễn thuyết chính là lối tắt tạo nên sự khác biệt. Nó đặt người ta vào vị trí trung tâm, khiến ta trở nên nổi bật giữa đám đông. Và người có tài ăn nói thường được đánh giá cao hơn so với năng lực thực sự của anh ta.”",Sách tiếng Việt/Sách kỹ năng sống/Sách tư duy - Kỹ năng sống,1050
276503414,sách đắc nhân tâm,DALE CARNEGIE,91800,331008,NONE,0,0,,https://tiki.vn/sach-dac-nhan-tam-nha-nam-hcm-p276503414.html?spid=276503415,https://salt.tikicdn.com/cache/280x280/ts/product/f7/70/73/bf119e19f22dd0129cb3c9bcfbaa3aec.jpeg,"Đắc Nhân Tâm, nghĩa là sống sao cho đẹp lòng người, nhằm tạo dựng một cuộc sống an vui trong đời tư, thiện chí và đầy tinh thần hợp tác trong công việc. Lẽ thường sẽ chẳng bao giờ có một chiếc chìa khoá vạn năng mở ra mọi thành công. Bạn phải thông minh, đắc lực, nhiệt huyết và dấn thân. Nhưng Dale Carnegie sẽ nói rằng còn một điều cốt yếu nữa mà ta phải học: kỹ năng thu phục lòng người.
Đọc Đắc Nhân Tâm, nghiền ngẫm những mẩu chuyện thường nhật do chính Dale Carnegie hay các học viên của ông kể lại, hoặc những bài học rút ra từ trong sử sách mà ông dày công sưu tầm, ta chợt nhận ra một điều giản dị rằng nghệ thuật đối nhân xử thế chính là mảnh ghép cuối cùng để làm nên một công thức thành công mỹ mãn, bằng sự bình tâm suy xét, chỉnh đốn bản thân, bằng sức mạnh của lòng chân thành và sự cảm thông.",Sách tiếng Việt/Sách kỹ năng sống/Sách tư duy - Kỹ năng sống,1328
263201152,sách đắc nhân tâm,DALE CARNEGIE,68800,7247,OFFICIAL_STORE,0,1,9,https://tiki.vn/sach-dac-nhan-tam-p263201152.html?spid=271983049,https://salt.tikicdn.com/cache/280x280/ts/product/e2/5f/61/e31d1679b5bba0689c8585f578193146.png,"ĐẮC NHÂN TÂM
BTV thực hiện: Hương Nguyễn - Hồng Ngọc
NỘI DUNG CHÍNH
Một trong những cuốn sách thay đổi cuộc đời hàng triệu người trên thế giới
Đây là phiên bản được dịch từ phiên bản “How to Win Friends and Influence People” do nhà xuất bản Simon and Schuster xuất bản lần đầu tiên năm 1936.
“Đắc nhân tâm” là cuốn sách được lan toả rộng rãi và có sức ảnh hưởng vô cùng lớn, giúp thay đổi cuộc đời hàng triệu người trên thế giới. Đây là một trong những cuốn sách làm thay đổi cuộc đời của hàng triệu người trên toàn thế giới.
“Đắc nhân tâm” đem lại những giá trị tuyệt vời cho người đọc, bao gồm những lời khuyên bổ ích về cách ứng xử trong cuộc sống hằng ngày. Sức lan toả của cuốn sách vô cùng lớn, tác động tới nhiều tầng lớp và nhiều đối tượng khác nhau.
Triết lý của cuốn sách hướng con người tới việc hiểu mình, thành thật với chính mình, từ đó hiểu biết và quan tâm đến những người xung quanh nhằm khơi gợi những tiềm năng ẩn khuất của họ và giúp họ phát triển hơn.
“Đắc nhân tâm”, một trong những cuốn sách bán chạy nhất mọi thời đại, do Dale Carnegie viết được xuất bản lần đầu vào năm 1936, trở thành cuốn sách đầu tiên và hay nhất thuộc thể loại sách phát triển bản thân. Tác phẩm được chuyển ngữ sang nhiều thứ tiếng với 15 triệu bản sách đã được bán ra trên khắp thế giới, đồng thời cũng là cuốn sách đứng đầu danh mục Sách bán chạy nhất của New York Times trong nhiều năm liền. Riêng ở Hoa Kỳ, cuốn sách đã được tái bản tới lần thứ 90.
Cuốn sách ""Đắc nhân tâm"" của Dale Carnegie không chỉ là một tài liệu về ứng xử - giao tiếp, mà nó còn là một hành trình tri thức và trải nghiệm sâu sắc cho mọi đối tượng độc giả, không phân biệt độ tuổi, chỉ cần có sự quan tâm và khao khát phát triển bản thân. Với sức ảnh hưởng lớn, cuốn sách này không chỉ là nguồn cảm hứng mà còn là hướng dẫn chi tiết giúp mỗi người tự khám phá và phát triển tiềm năng của bản thân mình.
Dale Carnegie (24/11/1888-1/11/1955)
Nhà văn, nhà thuyết trình người Mỹ và là người phát triển các khoá học phát triển bản thân, nghệ thuật bán hàng, kỹ năng giao tiếp và nói trước công chúng…
Ngoài Đắc nhân tâm, ông còn là tác giả của nhiều cuốn sách nổi tiếng khác đã được xuất bản tại Việt Nam như: “Quẳng gánh lo đi và vui sống”, “Nghệ thuật nói trước công chúng”, “Tổng thống Lincoln và những điều bạn chưa biết”.
TRÍCH ĐOẠN HAY
– Lời giới thiệu
“Cuốn sách này không được viết theo cách thông thường. Nó lớn lên như cách một đứa trẻ lớn dần, bắt đầu từ phòng thí nghiệm ấy, từ trải nghiệm của hàng ngàn người.”
“Những nguyên tắc mà chúng tôi đề ra trong cuốn sách này không phải là lý thuyết suông hay võ đoán. Đó thực sự là những phép màu đã làm nên cuộc cách mạng cho sự nghiệp và cuộc đời của những người đã áp dụng nó.”
“Kỹ năng diễn thuyết chính là lối tắt tạo nên sự khác biệt. Nó đặt người ta vào vị trí trung tâm, khiến ta trở nên nổi bật giữa đám đông. Và người có tài ăn nói thường được đánh giá cao hơn so với năng lực thực sự của anh ta.”",Sách tiếng Việt/Sách kỹ năng sống/Sách tư duy - Kỹ năng sống,1049
275287101,sách đắc nhân tâm,,69000,126688,NONE,0,0,,https://tiki.vn/sach-dac-nhan-tam-kho-lon-p275287101.html?spid=276822583,https://salt.tikicdn.com/cache/280x280/ts/product/88/76/01/e54325cac2f07747f52916b245c426fe.jpg,"Tại sao Đắc Nhân Tâm luôn trong Top sách bán chạy nhất thế giới?
Bởi vì đó là cuốn sách mọi người đều nên đọc.
Hiện nay có một sự hiểu nhầm đã xảy ra. Tuy Đắc Nhân Tâm là tựa sách hầu hết mọi người đều biết đến, vì những danh tiếng và mức độ phổ biến, nhưng một số người lại “ngại” đọc. Lý do vì họ tưởng đây là cuốn sách “dạy làm người” nên có tâm lý e ngại. Có lẽ là do khi giới thiệu về cuốn sách, người ta luôn gắn với miêu tả đây là “nghệ thuật đối nhân xử thế”, “nghệ thuật thu phục lòng người”… Những cụm từ này đã không còn hợp với hiện nay nữa, gây cảm giác xa lạ và không thực tế.
Nhưng đâu phải thế, Đắc Nhân Tâm là cuốn sách không hề lỗi thời!
Những vấn đề được chỉ ra trong đó đều là căn bản ứng xử giữa người với người. Nếu diễn giải theo từ ngữ bây giờ, có thể gọi đây là “giáo trình” giúp hiểu mình – hiểu người để thành công trong giao tiếp. Có ai sống mà không cần giao tiếp? Có bao nhiêu người ngày ngày mệt mỏi, khổ sở vì gặp phải các vấn đề trong giao tiếp? Vì thế, Đắc Nhân Tâm chính là cuốn sách dành cho mọi người. Con cái nên đọc – cha mẹ càng nên đọc, nhân viên nên đọc – sếp càng nên đọc, người quen nhau nên đọc – người lạ nhau càng nên đọc…. Và đó mới chính thật là lý do Đắc Nhân Tâm luôn lọt vào Top sách bán chạy nhất thế giới, dù đã ra đời cách đây gần 80 năm.
Có lẽ sẽ có người vừa đọc vừa nghĩ, mấy điều trong sách này đơn giản mà, ai chẳng biết? Đúng thế, vì toàn bộ đều là những quy tắc, những cách cư xử căn bản giữa chúng ta với nhau thôi. Kiểu như “Không chỉ trích, oán trách hay than phiền”, “Thành thật khen ngợi và biết ơn người khác”, “Thật lòng làm cho người khác thấy rằng họ quan trọng”… Những điều này đúng thật là ai cũng biết, nhưng bạn có chắc bạn nhớ được và làm được những điều đơn giản đó? Vì vậy, cuốn sách mới ra đời, để giúp bạn thực hành.
Nhưng có lẽ đa số người đọc sẽ thành thật gật gù đồng ý với từng trang sách. Ồ nếu như bình tâm suy xét lại mọi việc, thì trong bất cứ trường hợp nào mình cũng có thể cư xử đúng mực, không làm người khác tổn thương, giúp bầu không khí luôn thoải mái, và thế là cả hai bên đều vui vẻ, công việc cũng vì thế mà suôn sẻ, thành công hơn. Vậy chứ mà cũng không dễ, bởi “cái tôi” của mỗi người thường chiến thắng tâm trí trong đa số trường hợp. Để thoả mãn nó, chúng ta hay mắc sai lầm không đáng. Đó cũng chính là lý do Đắc Nhân Tâm có mặt, để nhắc nhở và từng chút giúp ta uốn nắn chính “cái tôi” của mình.
Đắc Nhân Tâm - Dale Carnegie
Cuốn Sách Hay Nhất Của Mọi Thời Đại Đưa Bạn Đến Thành Công
Đắc nhân tâm – How to win friends and Influence People của Dale Carnegie là quyển sách nổi tiếng nhất, bán chạy nhất và có tầm ảnh hưởng nhất của mọi thời đại. Tác phẩm đã được chuyển ngữ sang hầu hết các thứ tiếng trên thế giới và có mặt ở hàng trăm quốc gia. Đây là quyển sách duy nhất về thể loại self-help liên tục đứng đầu danh mục sách bán chạy nhất (best-selling Books) do báo The New York Times bình chọn suốt 10 năm liền. Riêng bản tiếng Anh của sách đã bán được hơn 15 triệu bản trên thế giới. Tác phẩm có sức lan toả vô cùng rộng lớn – dù bạn đi đến bất cứ đâu, bất kỳ quốc gia nào cũng đều có thể nhìn thấy. Tác phẩm được đánh giá là quyển sách đầu tiên và hay nhất, có ảnh hưởng làm thay đổi cuộc đời của hàng triệu người trên thế giới.
Không còn nữa khái niệm giới hạn Đắc Nhân Tâm là nghệ thuật thu phục lòng người, là làm cho tất cả mọi người yêu mến mình. Đắc nhân tâm và cái Tài trong mỗi người chúng ta. Đắc Nhân Tâm trong ý nghĩa đó cần được thụ đắc bằng sự hiểu rõ bản thân, thành thật với chính mình, hiểu biết và quan tâm đến những người xung quanh để nhìn ra và khơi gợi những tiềm năng ẩn khuất nơi họ, giúp họ phát triển lên một tầm cao mới. Đây chính là nghệ thuật cao nhất về con người và chính là ý nghĩa sâu sắc nhất đúc kết từ những nguyên tắc vàng của Dale Carnegie.
Quyển sách Đắc nhân tâm “Đầu tiên và hay nhất mọi thời đại về nghệ thuật giao tiếp và ứng xử”, quyển sách đã từng mang đến thành công và hạnh phúc cho hàng triệu người trên khắp thế giới",Sách tiếng Việt/Sách kỹ năng sống/Sách tư duy - Kỹ năng sống,1181
208327951,sách đại dịch tâm lý thời hiện đại,,71000,126688,NONE,0,0,,https://tiki.vn/sach-dai-dich-tam-ly-thoi-hien-dai-alphabooks-ban-quyen-p208327951.html?spid=274452866,https://salt.tikicdn.com/cache/280x280/ts/product/40/de/76/a5ee0ad921e22744c1703e96214e6b33.jpg,"Đại Dịch Tâm Lý Thời Hiện Đại của tác giả Nghị Quế là một cuốn sách về kỹ năng, tâm lý ứng dụng, trong đó có trầm cảm, nghiện mạng xã hội, các trạng thái tâm lý tiêu cực mà xã hội hiện đại mang đến cho con người, đặc biệt những người đang sống và làm việc ở các thành phố lớn. Bằng những thống kê, dữ liệu có được từ thực tế cũng như những nghiên cứu có trên thế giới, tác giả lý giải việc tại sao những đại dịch tâm lý lại xảy đến. Giúp người đọc hiểu hơn về mức độ nguy hại của căn bệnh tâm lý đang lan rộng trong cuộc sống mà chúng ta đang hiện diện. Từ đó đưa ra lộ trình chữa lành vết thương, vượt qua được những chấn thương tâm lý cho bản thân.
Nghị Quế tên thật là Nguyễn Thị Quế, sinh năm 1989. Là Thạc sĩ Luật nhân quyền tại Đại học Quốc gia Hà Nội. Một cô gái với nhiều đam mê về nghiên cứu, thực hành biên kịch, tâm lý học, Tarot, triết học, đạo Phật và phương pháp thiền vipassana. Một cô gái đang bước đi để thưởng thức cuộc sống và cống hiến năng lượng tích cực của mình cho cộng đồng.",Sách tiếng Việt/Sách kỹ năng sống/Sách tư duy - Kỹ năng sống,850
202604408,sách đại dịch tâm lý thời hiện đại,,135000,126688,NONE,0,0,,https://tiki.vn/sach-365-ngay-thong-dong-tai-ban-p202604408.html?spid=274064060,https://salt.tikicdn.com/cache/280x280/ts/product/6c/9b/20/9158df19a303e9f984846a9a98bf52ea.jpg,,Sách tiếng Việt/Sách kỹ năng sống/Sách tư duy - Kỹ năng sống,821
199895788,sách dám bị ghét,"KISHIMI ICHIRO, KOGA FUMITAKE",96000,7734,TRUSTED_STORE,0,0,10,https://tiki.vn/sach-dam-bi-ghet-free-book-care-p199895788.html?spid=199895789,https://salt.tikicdn.com/cache/280x280/ts/product/c1/1a/a5/13a2a345ec2636f08388003db06079fc.jpg,"Sách - Dám Bị Ghét - Free Book Care
Sách được book care miễn phí
Bao bì thay đổi theo từng đợt nhập hàng
Sổ tay ngẫu nhiên ( 1 trong 4 hình )
Các mối quan hệ xã hội thật mệt mỏi.
Cuộc sống sao mà nhạt nhẽo và vô nghĩa.
Bản thân mình xấu xí và kém cỏi.
Quá khứ đầy buồn đau còn tương lai thì mờ mịt.
Yêu cầu của người khác thật khắc nghiệt và phi lý.
TẠI SAO BẠN CỨ PHẢI SỐNG THEO KHUÔN MẪU NGƯỜI KHÁC ĐẶT RA?
Dưới hình thức một cuộc đối thoại giữa Chàng thanh niên và Triết gia, cuốn sách trình bày một cách sinh động và hấp dẫn những nét chính trong tư tưởng của nhà tâm lý học Alfred Adler, người được mệnh danh là một trong “ba người khổng lồ của tâm lý học hiện đại”, sánh ngang với Freud và Jung. Khác với Freud cho rằng quá khứ và hoàn cảnh là động lực làm nên con người ta của hiện tại, Adler chủ trương “cuộc đời ta là do ta lựa chọn”, và tâm lý học Adler được gọi là “tâm lý học của lòng can đảm”.
Bạn bất hạnh không phải do quá khứ và hoàn cảnh, càng không phải do thiếu năng lực. Bạn chỉ thiếu “can đảm” mà thôi. Nói một cách khác, bạn không đủ “can đảm để dám hạnh phúc”. [] Bởi can đảm để dám hạnh phúc bao gồm cả “can đảm để dám bị ghét” nữa. [] Chỉ khi dám bị người khác ghét bỏ, chúng ta mới có được tự do, có được hạnh phúc.",Sách tiếng Việt/Sách kỹ năng sống/Sách tư duy - Kỹ năng sống,800
276503526,sách dám bị ghét,"KISHIMI ICHIRO, KOGA FUMITAKE",101150,331008,NONE,0,0,1,https://tiki.vn/sach-dam-bi-ghet-nha-nam-hcm-p276503526.html?spid=276503527,https://salt.tikicdn.com/cache/280x280/ts/product/8a/0c/b1/f593b5f557f30337e22a3445ae2acedf.jpeg,"Tại sao bạn cứ phải sống theo khuôn mẫu người khác đặt ra?
Dưới hình thức một cuộc đối thoại giữa Chàng thanh niên và Triết gia, cuốn sách trình bày một cách sinh động và hấp dẫn những nét chính trong tư tưởng của nhà tâm lý học Alfred Adler, người được mệnh danh là một trong “ba người khổng lồ của tâm lý học hiện đại”, sánh ngang với Freud và Jung. Khác với Freud cho rằng quá khứ và hoàn cảnh là động lực làm nên con người ta của hiện tại, Adler chủ trương “cuộc đời ta là do ta lựa chọn”, và tâm lý học Adler được gọi là “tâm lý học của lòng can đảm”.
Bạn b.ấ.t h.ạ.n.h không phải do quá khứ và hoàn cảnh, càng không phải do thiếu năng lực. Bạn chỉ thiếu “can đảm” mà thôi. Nói một cách khác, bạn không đủ “can đảm để dám hạnh phúc”. [...] Bởi can đảm để dám hạnh phúc bao gồm cả “can đảm để dám bị ghét” nữa. [...] Chỉ khi dám bị người khác ghét bỏ, chúng ta mới có được tự do, có được hạnh phúc.
Nhã Nam HCM cảm ơn bạn! ^^",Sách tiếng Việt/Sách kỹ năng sống/Sách tư duy - Kỹ năng sống,1329
271518926,sách dám bị ghét,"KOGA FUMITAKE, KISHIMI ICHIRO",85014,1,OFFICIAL_STORE,5,49,1112,https://tiki.vn/sach-dam-bi-ghet-p271518926.html?spid=271518929,https://salt.tikicdn.com/cache/280x280/ts/product/55/00/f0/c7f56cd8e154a62ef6d0cc2abbfa4dcb.jpg,"Các mối quan hệ xã hội thật mệt mỏi.
Cuộc sống sao mà nhạt nhẽo và vô nghĩa.
Bản thân mình xấu xí và kém cỏi.
Quá khứ đầy buồn đau còn tương lai thì mờ mịt.
Yêu cầu của người khác thật khắc nghiệt và phi lý.
TẠI SAO BẠN CỨ PHẢI SỐNG THEO KHUÔN MẪU NGƯỜI KHÁC ĐẶT RA?
Dưới hình thức một cuộc đối thoại giữa Chàng thanh niên và Triết gia, cuốn sách trình bày một cách sinh động và hấp dẫn những nét chính trong tư tưởng của nhà tâm lý học Alfred Adler, người được mệnh danh là một trong “ba người khổng lồ của tâm lý học hiện đại”, sánh ngang với Freud và Jung. Khác với Freud cho rằng quá khứ và hoàn cảnh là động lực làm nên con người ta của hiện tại, Adler chủ trương “cuộc đời ta là do ta lựa chọn”, và tâm lý học Adler được gọi là “tâm lý học của lòng can đảm”.
Bạn bất hạnh không phải do quá khứ và hoàn cảnh, càng không phải do thiếu năng lực. Bạn chỉ thiếu “can đảm” mà thôi. Nói một cách khác, bạn không đủ “can đảm để dám hạnh phúc”. [] Bởi can đảm để dám hạnh phúc bao gồm cả “can đảm để dám bị ghét” nữa. [] Chỉ khi dám bị người khác ghét bỏ, chúng ta mới có được tự do, có được hạnh phúc.",Sách tiếng Việt/Sách kỹ năng sống/Sách tư duy - Kỹ năng sống,1070
277996606,sách dám hạnh phúc,"KISHIMI ICHIRO, KOGA FUMITAKE",108700,53660,OFFICIAL_STORE,0,0,1,https://tiki.vn/sach-dam-hanh-phuc-p277996606.html?spid=277996607,https://salt.tikicdn.com/cache/280x280/ts/product/e9/d0/17/19827732952531a1fe6ff05f5963a106.jpg,"Dám Hạnh Phúc
- Ai cũng có thể hạnh phúc ngay từ giây phút này. [...]Chỉ có điều, chúng ta không thể hưởng thụ hạnh phúc nếu chỉ đứng yên tại chỗ. Cần phải tiếp tục tiến bước trên con đường m.ình đã đặt chân lên. Cậu đã tiến một bước đầu tiên. Đã tiến một bước dài. Tuy nhiên, cậu đang nhụt chí, định thoái lui chứ không chỉ dừng lại. Cậu có biết tại sao không?
Chàng thanh niên
- Thầy bảo tôi không có khả năng chịu đựng?
- Không hề. Cậu chỉ chưa đưa ra được “lựa chọn lớn nhất của cuộc đời” thôi.
Chàng thanh niên
- Lựa chọn lớn nhất của cuộc đời? Thầy bảo tôi lựa chọn gì cơ?
- Tôi nói vừa nãy rồi đấy. Là “tình yêu”.
Chàng thanh niên
- Trời, một từ đó thì làm sao mà tôi hiểu được! Đừng nói một cách trừu tượng để tránh né nữa!!
- Tôi nghiêm túc mà. Những vướng mắc trong lòng cậu bây giờ đều được gói gọn trong một từ “tình yêu”.",Sách tiếng Việt/Sách kỹ năng sống/Sách tư duy - Kỹ năng sống,1389
276508562,sách dám hạnh phúc,"KISHIMI ICHIRO, KOGA FUMITAKE",110000,111899,OFFICIAL_STORE,0,0,,https://tiki.vn/sach-dam-hanh-phuc-nha-nam-hcm-p276508562.html?spid=277978932,https://salt.tikicdn.com/cache/280x280/ts/product/e4/a1/73/4f17be693376cc67ba6e50adfec26ec6.jpeg,"Ai cũng có thể hạnh phúc ngay từ giây phút này. [...]Chỉ có điều, chúng ta không thể hưởng thụ hạnh phúc nếu chỉ đứng yên tại chỗ. Cần phải tiếp tục tiến bước trên con đường mình đã đặt chân lên. Cậu đã tiến một bước đầu tiên. Đã tiến một bước dài. Tuy nhiên, cậu đang nhụt chí, định thoái lui chứ không chỉ dừng lại. Cậu có biết tại sao không?
Chàng thanh niên
Thầy bảo tôi không có khả năng chịu đựng?
Không hề. Cậu chỉ chưa đưa ra được “lựa chọn lớn nhất của cuộc đời” thôi.
Chàng thanh niên
Lựa chọn lớn nhất của cuộc đời? Thầy bảo tôi lựa chọn gì cơ?
Tôi nói vừa nãy rồi đấy. Là “tình yêu”.
Chàng thanh niên
Trời, một từ đó thì làm sao mà tôi hiểu được! Đừng nói một cách trừu tượng để tránh né nữa!!
Tôi nghiêm túc mà. Những vướng mắc trong lòng cậu bây giờ đều được gói gọn trong một từ “tình yêu”.
NHÃ NAM HCM CẢM ƠN BẠN ĐÃ QUAN T M ĐẾN SÁCH NHÃ NAM.",Sách tiếng Việt/Sách kỹ năng sống/Sách tư duy - Kỹ năng sống,1330
22080377,sách dấn thân vào hoang dã,BRENE BROWN,79000,7247,OFFICIAL_STORE,4.7,3,27,https://tiki.vn/sach-dan-than-vao-hoang-da-tang-kem-bookmark-tiki-p22080377.html?spid=60842381,https://salt.tikicdn.com/cache/280x280/ts/product/cd/c0/65/af42934f87ab5bef4a01cce0311bab7b.jpg,"“Em đã sống cả một đời lạc lõng giữa những đám đông. Thật khó khăn. Đôi khi, ngôi nhà của chúng ta là nơi duy nhất em cảm thấy không hoàn toàn một mình. Em luôn có cảm giác em đang đi trên một con đường mà chính bản thân em cũng không thể nào hiểu nổi vì cả chặng đường ấy chỉ có duy nhất một kẻ độc hành là em. Không có ai đi trước em và bảo em rằng: ‘Không sao đâu. Có những giáo sư-nhà nghiên cứu-người kể chuyện-nhà lãnh đạo-người khởi nghiệp-người chửi thề, tất cả bọn họ đều tin vào giá trị của lòng tin. Việc của bạn lúc này là vững tin bước tiếp’.”
Khi nói ra những lời này, Brené đang tựa trên vai chồng cô, Steve, với dòng nước mắt dâng trào của kẻ độc hành cô đơn không có người dẫn dắt.
Lúc ấy, hẳn cô không biết rằng, có một ngày cô sẽ trở thành người dẫn đường cho hàng triệu triệu kẻ độc hành cô đơn khác, trên con đường đi tìm về bản ngã của chính mình.",Sách tiếng Việt/Sách kỹ năng sống/Sách tư duy - Kỹ năng sống,238
15444773,sách dấn thân vào hoang dã,BRENE BROWN,54300,1,OFFICIAL_STORE,4,16,270,https://tiki.vn/sach-dan-than-vao-hoang-da-p15444773.html?spid=15444774,https://salt.tikicdn.com/cache/280x280/ts/product/f8/77/73/ff5b7590d2839594267ffbb86d99a0a9.jpg,"“Em đã sống cả một đời lạc lõng giữa những đám đông. Thật khó khăn. Đôi khi, ngôi nhà của chúng ta là nơi duy nhất em cảm thấy không hoàn toàn một mình. Em luôn có cảm giác em đang đi trên một con đường mà chính bản thân em cũng không thể nào hiểu nổi vì cả chặng đường ấy chỉ có duy nhất một kẻ độc hành là em. Không có ai đi trước em và bảo em rằng: ‘Không sao đâu. Có những giáo sư-nhà nghiên cứu-người kể chuyện-nhà lãnh đạo-người khởi nghiệp-người chửi thề, tất cả bọn họ đều tin vào giá trị của lòng tin. Việc của bạn lúc này là vững tin bước tiếp’.”
Khi nói ra những lời này, Brené đang tựa trên vai chồng cô, Steve, với dòng nước mắt dâng trào của kẻ độc hành cô đơn không có người dẫn dắt.
Lúc ấy, hẳn cô không biết rằng, có một ngày cô sẽ trở thành người dẫn đường cho hàng triệu triệu kẻ độc hành cô đơn khác, trên con đường đi tìm về bản ngã của chính mình.",Sách tiếng Việt/Sách kỹ năng sống/Sách tư duy - Kỹ năng sống,219
106362552,sách dấn thân vào hoang dã,BRENE BROWN,89000,126688,NONE,0,0,,https://tiki.vn/sach-dan-than-vao-hoang-da-p106362552.html?spid=119420673,https://salt.tikicdn.com/cache/280x280/ts/product/91/83/e5/69ef0fb2cfbfeec7f370eaf22c18a141.jpg,"Lúc ấy, hẳn cô không biết rằng, có một ngày cô sẽ trở thành người dẫn đường cho hàng triệu triệu kẻ độc hành cô đơn khác, trên con đường đi tìm về bản ngã của chính mình.",Sách tiếng Việt/Sách kỹ năng sống/Sách tư duy - Kỹ năng sống,530
3653517,sách để học giỏi,NGUYỄN HỮU TUẤN,80000,126688,NONE,0,0,,https://tiki.vn/sach-de-hoc-gioi-tai-ban-2018-p3653517.html?spid=273948565,https://salt.tikicdn.com/cache/280x280/ts/product/3d/bf/38/4f42a4fb9954ed7a02d1f6b8158a736d.jpg,"Để Học Giỏi (Tái Bản 2018)
Việc học có tầm quan trọng rất lớn đối với cuộc đời của mỗi con người. Học là để hiểu biết, tiếp thu tinh hoa tri thức, có thêm trí tuệ, biết cách làm việc, để được xã hội công nhận… Đa số các bạn học sinh ngày nay rất quan tâm, chú trọng nhiệm vụ học tập của mình. Trong đó, một số học sinh bị áp lực học tập đè nặng, gây ảnh hưởng đến sức khoẻ, tâm lý…
Để việc học trở nên hiệu quả, bạn cần có thái độ học tập đúng, động cơ học tập rõ ràng và biết tạo cho mình những thói quen tốt, hạn chế và loại bỏ những thói quen xấu gây ảnh hưởng đến quá trình học. Thói quen học tập tốt bao gồm việc học có mục tiêu, có kế hoạch, có phương pháp… cùng các hoạt động tích cực đối với học tập. Nếu bạn có nhiều thói quen xấu hơn thói quen tốt thì cuộc sống, việc học tập và tương lai của bạn đều sẽ vấp phải khó khăn.
Nếu vậy, ngay lúc này, bạn hãy nỗ lực nhiều hơn để xây dựng cho mình những thói quen tốt Với kinh nghiệm thực tế của tác giả cùng những thống kê, ghi nhận các chia sẻ về thói quen tốt và kinh nghiệm học giỏi từ một số học sinh, sinh viên xuất sắc từng đoạt các giải thưởng quốc tế, quốc gia… chúng tôi xin trân trọng giới thiệu cuốn sách Để học giỏi tới tất cả các bạn học sinh trung học phổ thông. Hy vọng rằng cuốn sách này sẽ mang đến nhiều điều bổ ích cho các bạn trẻ.",Sách tiếng Việt/Sách kỹ năng sống/Sách tư duy - Kỹ năng sống,147
3598233,sách để học giỏi,NGUYỄN HỮU TUẤN,80000,295057,NONE,0,6,,https://tiki.vn/sach-de-hoc-gioi-tai-ban-2018-p3598233.html?spid=276940289,https://salt.tikicdn.com/cache/280x280/ts/product/3d/bf/38/148ae8dce1c9e3b1f8a96a09208e1334.jpg,"Để Học Giỏi (Tái Bản 2018)
Việc học có tầm quan trọng rất lớn đối với cuộc đời của mỗi con người. Học là để hiểu biết, tiếp thu tinh hoa tri thức, có thêm trí tuệ, biết cách làm việc, để được xã hội công nhận… Đa số các bạn học sinh ngày nay rất quan tâm, chú trọng nhiệm vụ học tập của mình. Trong đó, một số học sinh bị áp lực học tập đè nặng, gây ảnh hưởng đến sức khoẻ, tâm lý…
Để việc học trở nên hiệu quả, bạn cần có thái độ học tập đúng, động cơ học tập rõ ràng và biết tạo cho mình những thói quen tốt, hạn chế và loại bỏ những thói quen xấu gây ảnh hưởng đến quá trình học. Thói quen học tập tốt bao gồm việc học có mục tiêu, có kế hoạch, có phương pháp… cùng các hoạt động tích cực đối với học tập. Nếu bạn có nhiều thói quen xấu hơn thói quen tốt thì cuộc sống, việc học tập và tương lai của bạn đều sẽ vấp phải khó khăn.
Nếu vậy, ngay lúc này, bạn hãy nỗ lực nhiều hơn để xây dựng cho mình những thói quen tốt Với kinh nghiệm thực tế của tác giả cùng những thống kê, ghi nhận các chia sẻ về thói quen tốt và kinh nghiệm học giỏi từ một số học sinh, sinh viên xuất sắc từng đoạt các giải thưởng quốc tế, quốc gia… chúng tôi xin trân trọng giới thiệu cuốn sách Để học giỏi tới tất cả các bạn học sinh trung học phổ thông. Hy vọng rằng cuốn sách này sẽ mang đến nhiều điều bổ ích cho các bạn trẻ.",Sách tiếng Việt/Sách kỹ năng sống/Sách tư duy - Kỹ năng sống,144
335315,sách đêm tối và ánh sáng,TOREY HAYDEN,88000,97533,NONE,0,14,3,https://tiki.vn/sach-dem-toi-va-anh-sang-p335315.html?spid=275056807,https://salt.tikicdn.com/cache/280x280/media/catalog/product/d/e/dem_toi_v_as.jpg,"Đêm tối và ánh sáng là câu chuyện có thật về một bé gái bị chính mẹ ruột bỏ rơi trên đường cao tốc khi vừa mới 4 tuổi. Sống sót sau những biến động kinh hoàng, cô bé đã không bao giờ nói, cũng chẳng bao giờ cười và trở nên kỳ quặc. Sau khi thiêu sống một đứa bé hàng xóm bất thành, cô bé được đưa vào một lớp học dành cho những trẻ em bị thiểu năng nghiêm trọng. Mọi người đều nghĩ rằng không cách nào cứu được Sheila ra khỏi khoảng đời tăm tối đó, ngoại trừ cô Torey Hayden. Bằng sự kiên nhẫn, kỹ năng của một nhà giáo và trên hết là một tình yêu kiên định, cô đã chiến đấu bền bỉ để giúp đứa bé thoát khỏi những nỗi ám ảnh ác nghiệt.
Thời gian đầu khi Sheila đến với lớp học đặc biệt ấy, cô Torey đã rất vất vã để em có thể hoà nhập với các bạn cùng lớp. Ban đầu, lớp học ấy có tám đứa trẻ với hoàn cảnh khác nhau. Đó là Peter - bị co giật nghiêm trọng và thường xuyên có những hành vi bạo lực; Tyler - cô bé tám tuổi nhưng đã hai lần tự sát; Max - bé trai sáu tuổi mắc chứng tự kỷ bẩm sinh, không ngừng la khóc, vừa kêu quàng quạc vừa vỗ tay lượn vòng khắp phòng; Freddie - bảy tuổi cũng mắc chứng tự kỷ. Còn Sarah - chỉ mới bảy tuổi nhưng đã là nạn nhân của nạn lạm dụng thể xác mà thủ phạm chính là người cha ruột. Thêm một Susannah - bị tâm thần phân liệt từ nhỏ; William bị ám ảnh bởi nỗi sợ nước, bóng tối, xe ôtô, máy hút bụi và cả bụi dưới gầm giường; Guillermo khiếm thị với những hành vi hung hăng bất thường. Và cuối cùng căn phòng chật hẹp ấy còn có thêm Sheila hoang dại.
Dường như những đứa trẻ ấy chẳng còn chút hy vọng nào để hoà nhập với cuộc sống bình thường, nhưng điều đó không ngăn cản Torey làm nên điều kỳ diệu. ""Đêm tối và ánh sáng"" là câu chuyện cảm động về hành trình của hy vọng, lòng can đảm, sự cống hiến vô điều kiện và tình yêu thương bao la.",Sách tiếng Việt/Sách kỹ năng sống/Sách kỹ năng mềm,9
463480,sách đêm tối và ánh sáng,TOREY HAYDEN,79000,97533,NONE,0,11,,https://tiki.vn/sach-dem-toi-va-anh-sang-tai-ban-p463480.html?spid=275056811,https://salt.tikicdn.com/assets/img/image.svg,"Đêm Tối Và Ánh Sáng (Tái Bản)
Đêm tối và ánh sáng là câu chuyện có thật về một bé gái bị chính mẹ ruột bỏ rơi trên đường cao tốc khi vừa mới 4 tuổi. Sống sót sau những biến động kinh hoàng, cô bé đã không bao giờ nói, cũng chẳng bao giờ cười và trở nên kỳ quặc. Sau khi thiêu sống một đứa bé hàng xóm bất thành, cô bé được đưa vào một lớp học dành cho những trẻ em bị thiểu năng nghiêm trọng. Mọi người đều nghĩ rằng không cách nào cứu được Sheila ra khỏi khoảng đời tăm tối đó, ngoại trừ cô Torey Hayden. Bằng sự kiên nhẫn, kỹ năng của một nhà giáo và trên hết là một tình yêu kiên định, cô đã chiến đấu bền bỉ để giúp đứa bé thoát khỏi những nỗi ám ảnh ác nghiệt.
Thời gian đầu khi Sheila đến với lớp học đặc biệt ấy, cô Torey đã rất vất vã để em có thể hoà nhập với các bạn cùng lớp. Ban đầu, lớp học ấy có tám đứa trẻ với hoàn cảnh khác nhau. Đó là Peter - bị co giật nghiêm trọng và thường xuyên có những hành vi bạo lực; Tyler - cô bé tám tuổi nhưng đã hai lần tự sát; Max - bé trai sáu tuổi mắc chứng tự kỷ bẩm sinh, không ngừng la khóc, vừa kêu quàng quạc vừa vỗ tay lượn vòng khắp phòng; Freddie - bảy tuổi cũng mắc chứng tự kỷ. Còn Sarah - chỉ mới bảy tuổi nhưng đã là nạn nhân của nạn lạm dụng thể xác mà thủ phạm chính là người cha ruột. Thêm một Susannah - bị tâm thần phân liệt từ nhỏ; William bị ám ảnh bởi nỗi sợ nước, bóng tối, xe ôtô, máy hút bụi và cả bụi dưới gầm giường; Guillermo khiếm thị với những hành vi hung hăng bất thường. Và cuối cùng căn phòng chật hẹp ấy còn có thêm Sheila hoang dại.
Dường như những đứa trẻ ấy chẳng còn chút hy vọng nào để hoà nhập với cuộc sống bình thường, nhưng điều đó không ngăn cản Torey làm nên điều kỳ diệu. ""Đêm tối và ánh sáng"" là câu chuyện cảm động về hành trình của hy vọng, lòng can đảm, sự cống hiến vô điều kiện và tình yêu thương bao la.",Sách tiếng Việt/Sách kỹ năng sống/Sách kỹ năng mềm,53
172377932,sách đi tìm lẽ sống,VIKTOR EMIL FRANKL,88000,259784,OFFICIAL_STORE,0,0,1,https://tiki.vn/sach-di-tim-le-song-p172377932.html?spid=276911043,https://salt.tikicdn.com/cache/280x280/ts/product/79/35/ff/f7b008237963a4218e5ab9b19f275906.jpg,"Đi tìm lẽ sống của Viktor Frankl là một trong những quyển sách kinh điển của thời đại. Thông thường, nếu một quyển sách chỉ có một đoạn văn, một ý tưởng có sức mạnh thay đổi cuộc sống của một người, thì chỉ riêng điều đó cũng đã đủ để chúng ta đọc đi đọc lại và dành cho nó một chỗ trên kệ sách của mình. Quyển sách này có nhiều đoạn văn như thế.
Trước hết, đây là quyển sách viết về sự sinh tồn. Giống như nhiều người Do Thái sinh sống tại Đức và Đông Âu khi ấy, vốn nghĩ rằng mình sẽ được an toàn trong những năm 1930, Frankl đã trải qua khoảng thời gian chịu nhiều nghiệt ngã trong trại tập trung và trại huỷ diệt của Đức quốc xã. Điều kỳ diệu là ông đã sống sót, cụm từ “thép đã tôi thế đấy” có thể lột tả chính xác trường hợp này. Nhưng trong Đi tìm lẽ sống, tác giả ít đề cập đến những khó nhọc, đau thương, mất mát mà ông đã trải qua, thay vào đó ông viết về những nguồn sức mạnh đã giúp ông tồn tại.
Ông chua xót kể về những tù nhân đã đầu hàng cuộc sống, mất hết hy vọng ở tương lai và chắc hẳn là những người đầu tiên sẽ chết. Ít người chết vì thiếu thức ăn và thuốc men, mà phần lớn họ chết vì thiếu hy vọng, thiếu một lẽ sống. Ngược lại, Frankl đã nuôi giữ hy vọng để giữ cho mình sống sót bằng cách nghĩ về người vợ của mình và trông chờ ngày gặp lại nàng. Ông còn mơ ước sau chiến tranh sẽ được thuyết giảng về các bài học tâm lý ông đã học được từ trại tập trung Auschwitz. Rõ ràng có nhiều tù nhân khao khát được sống đã chết, một số chết vì bệnh, một số chết vì bị hoả thiêu. Trong tập sách này, Frankl tập trung lý giải nguyên nhân vì sao có những người đã sống sót trong trại tập trung của phát xít Đức hơn là đưa ra lời giải thích cho câu hỏi vì sao phần lớn trong số họ đã không bao giờ trở về nữa.
Nhiệm vụ lớn lao nhất của mỗi người là tìm ra ý nghĩa trong cuộc sống của mình. Frankl đã nhìn thấy ba nguồn ý nghĩa cơ bản của đời người: thành tựu trong công việc, sự quan tâm chăm sóc đối với những người thân yêu và lòng can đảm khi đối mặt với những thời khắc gay go của cuộc sống. Đau khổ tự bản thân nó không có ý nghĩa gì cả, chính cách phản ứng của chúng ta mới khoác lên cho chúng ý nghĩa. Frankl đã viết rằng một người “có thể giữ vững lòng quả cảm, phẩm giá và sự bao dung, hoặc người ấy có thể quên mất phẩm giá của con người và tự đặt mình ngang hàng loài cầm thú trong cuộc đấu tranh khắc nghiệt để sinh tồn”. Ông thừa nhận rằng chỉ có một số ít tù nhân của Đức quốc xã là có thể giữ được những phẩm chất ấy, nhưng “chỉ cần một ví dụ như thế cũng đủ chứng minh rằng sức mạnh bên trong của con người có thể đưa người ấy vượt lên số phận nghiệt ngã của mình”.",Sách tiếng Việt/Sách kỹ năng sống/Sách kỹ năng mềm,748
275351385,sách đi tìm lẽ sống,,88000,259784,OFFICIAL_STORE,0,0,1,https://tiki.vn/sach-di-tim-le-song-p275351385.html?spid=276911044,https://salt.tikicdn.com/cache/280x280/ts/product/a0/51/16/56242796c8f5a4139bd323431790fddc.jpg,"Đi Tìm Lẽ Sống
Đi tìm lẽ sống của Viktor Frankl là một trong những quyển sách kinh điển của thời đại. Thông thường, nếu một quyển sách chỉ có một đoạn văn, một ý tưởng có sức mạnh thay đổi cuộc sống của một người, thì chỉ riêng điều đó cũng đã đủ để chúng ta đọc đi đọc lại và dành cho nó một chỗ trên kệ sách của mình. Quyển sách này có nhiều đoạn văn như thế.
Trước hết, đây là quyển sách viết về sự sinh tồn. Giống như nhiều người Do Thái sinh sống tại Đức và Đông Âu khi ấy, vốn nghĩ rằng mình sẽ được an toàn trong những năm 1930, Frankl đã trải qua khoảng thời gian chịu nhiều nghiệt ngã trong trại tập trung và trại huỷ diệt của Đức quốc xã. Điều kỳ diệu là ông đã sống sót, cụm từ “thép đã tôi thế đấy” có thể lột tả chính xác trường hợp này. Nhưng trong Đi tìm lẽ sống, tác giả ít đề cập đến những khó nhọc, đau thương, mất mát mà ông đã trải qua, thay vào đó ông viết về những nguồn sức mạnh đã giúp ông tồn tại.
Ông chua xót kể về những tù nhân đã đầu hàng cuộc sống, mất hết hy vọng ở tương lai và chắc hẳn là những người đầu tiên sẽ chết. Ít người chết vì thiếu thức ăn và thuốc men, mà phần lớn họ chết vì thiếu hy vọng, thiếu một lẽ sống. Ngược lại, Frankl đã nuôi giữ hy vọng để giữ cho mình sống sót bằng cách nghĩ về người vợ của mình và trông chờ ngày gặp lại nàng. Ông còn mơ ước sau chiến tranh sẽ được thuyết giảng về các bài học tâm lý ông đã học được từ trại tập trung Auschwitz. Rõ ràng có nhiều tù nhân khao khát được sống đã chết, một số chết vì bệnh, một số chết vì bị hoả thiêu. Trong tập sách này, Frankl tập trung lý giải nguyên nhân vì sao có những người đã sống sót trong trại tập trung của phát xít Đức hơn là đưa ra lời giải thích cho câu hỏi vì sao phần lớn trong số họ đã không bao giờ trở về nữa.
Nhiệm vụ lớn lao nhất của mỗi người là tìm ra ý nghĩa trong cuộc sống của mình. Frankl đã nhìn thấy ba nguồn ý nghĩa cơ bản của đời người: thành tựu trong công việc, sự quan tâm chăm sóc đối với những người thân yêu và lòng can đảm khi đối mặt với những thời khắc gay go của cuộc sống. Đau khổ tự bản thân nó không có ý nghĩa gì cả, chính cách phản ứng của chúng ta mới khoác lên cho chúng ý nghĩa. Frankl đã viết rằng một người “có thể giữ vững lòng quả cảm, phẩm giá và sự bao dung, hoặc người ấy có thể quên mất phẩm giá của con người và tự đặt mình ngang hàng loài cầm thú trong cuộc đấu tranh khắc nghiệt để sinh tồn”. Ông thừa nhận rằng chỉ có một số ít tù nhân của Đức quốc xã là có thể giữ được những phẩm chất ấy, nhưng “chỉ cần một ví dụ như thế cũng đủ chứng minh rằng sức mạnh bên trong của con người có thể đưa người ấy vượt lên số phận nghiệt ngã của mình”.",Sách tiếng Việt/Sách kỹ năng sống/Sách tư duy - Kỹ năng sống,1203
22172572,sách điểm bùng phát,MALCOLM GLADWELL,161000,97533,NONE,0,18,6,https://tiki.vn/sach-diem-bung-phat-tang-kem-bookmark-tiki-p22172572.html?spid=117005333,https://salt.tikicdn.com/cache/280x280/ts/product/b0/b6/45/40f23d3ac4578a4324b6f6dbd0b04698.jpg,"Điểm Bùng Phát là một khoảnh khắc kỳ ảo, khi một ý tưởng, một xu thế, hay một hành vi xã hội vượt qua ngưỡng nhất định – bùng phát và lan ra như ngọn lửa hoang dã. Giống như chỉ một người bị ốm cũng có thể làm khởi phát cả dịch cúm, một mục tiêu nhỏ bé nhưng chính xác hoàn toàn có thể trở thành nguyên nhân thúc đẩy một xu hướng thời trang, nhân rộng việc tiêu thụ của sản phẩm, hay làm hạ tỷ lệ phạm tội,
Trong cuốn sách kinh doanh được độc giả chào đón nồng nhiệt này, Malcolm Gladwell đã khám phá và khai mở cho chúng ta những hiểu biết sâu sắc về hiện tượng “điểm bùng phát”, nó sẽ làm thay đổi hoàn toàn nhận thức của tất cả mọi người trên khắp thế giới về việc tiêu thụ các sản phẩm và phổ biến các ý tưởng.
“Một khám phá tinh tế về cách thức lan tràn của những “đại dịch” xã hội, cho dù đó là những xu hướng thời trang, bệnh tật hay những kiểu hành vi xã hội như tội phạm, … Một trong những khía cạnh nổi bật nhất trong cuốn sách của Gladwell là cuốn sách đã tái khẳng định rằng: cho dù công nghệ hiện đại có tham gia vào cuộc sống của con người nhiều đến thế nào, thì con người vẫn luôn chịu ảnh hưởng sâu sắc của những hiện tượng xã hội và chính con người cũng gây ảnh hưởng lẫn nhau.”
Cuốn sách nằm trong Top 10 cuốn sách hay - New York Times bình chọn",Sách tiếng Việt/Sách kỹ năng sống/Sách tư duy - Kỹ năng sống,239
170706996,sách điểm bùng phát,MALCOLM GLADWELL,115700,1,OFFICIAL_STORE,4.6,47,672,https://tiki.vn/sach-diem-bung-phat-tai-ban-p170706996.html?spid=170706997,https://salt.tikicdn.com/cache/280x280/ts/product/62/3f/0b/b577cf4cea76a088079b67cfb207e522.jpg,"Điểm Bùng Phát là một khoảnh khắc kỳ ảo, khi một ý tưởng, một xu thế, hay một hành vi xã hội vượt qua ngưỡng nhất định – bùng phát và lan ra như ngọn lửa hoang dã. Giống như chỉ một người bị ốm cũng có thể làm khởi phát cả dịch cúm, một mục tiêu nhỏ bé nhưng chính xác hoàn toàn có thể trở thành nguyên nhân thúc đẩy một xu hướng thời trang, nhân rộng việc tiêu thụ của sản phẩm, hay làm hạ tỷ lệ phạm tội,
Trong cuốn sách kinh doanh được độc giả chào đón nồng nhiệt này, Malcolm Gladwell đã khám phá và khai mở cho chúng ta những hiểu biết sâu sắc về hiện tượng “điểm bùng phát”, nó sẽ làm thay đổi hoàn toàn nhận thức của tất cả mọi người trên khắp thế giới về việc tiêu thụ các sản phẩm và phổ biến các ý tưởng.
“Một khám phá tinh tế về cách thức lan tràn của những “đại dịch” xã hội, cho dù đó là những xu hướng thời trang, bệnh tật hay những kiểu hành vi xã hội như tội phạm, … Một trong những khía cạnh nổi bật nhất trong cuốn sách của Gladwell là cuốn sách đã tái khẳng định rằng: cho dù công nghệ hiện đại có tham gia vào cuộc sống của con người nhiều đến thế nào, thì con người vẫn luôn chịu ảnh hưởng sâu sắc của những hiện tượng xã hội và chính con người cũng gây ảnh hưởng lẫn nhau.”
Cuốn sách nằm trong Top 10 cuốn sách hay - New York Times bình chọn",Sách tiếng Việt/Sách kỹ năng sống/Sách tư duy - Kỹ năng sống,743
247809179,sách điểm bùng phát,,161000,97533,NONE,0,0,,https://tiki.vn/diem-bung-phat-sach-ban-quyen-p247809179.html?spid=274717644,https://salt.tikicdn.com/cache/280x280/ts/product/62/3f/0b/b577cf4cea76a088079b67cfb207e522.jpg,"Điểm Bùng Phát (*** Sách Bản Quyền ***)
Cuốn sách nằm trong Top 10 cuốn sách hay - New York Times bình chọn
Điểm Bùng Phát (*** Sách Bản Quyền ***)
Điểm Bùng Phát là một khoảnh khắc kỳ ảo, khi một ý tưởng, một xu thế, hay một hành vi xã hội vượt qua ngưỡng nhất định – bùng phát và lan ra như ngọn lửa hoang dã. Giống như chỉ một người bị ốm cũng có thể làm khởi phát cả dịch cúm, một mục tiêu nhỏ bé nhưng chính xác hoàn toàn có thể trở thành nguyên nhân thúc đẩy một xu hướng thời trang, nhân rộng việc tiêu thụ của sản phẩm, hay làm hạ tỷ lệ phạm tội,
Trong cuốn sách kinh doanh được độc giả chào đón nồng nhiệt này, Malcolm Gladwell đã khám phá và khai mở cho chúng ta những hiểu biết sâu sắc về hiện tượng “điểm bùng phát”, nó sẽ làm thay đổi hoàn toàn nhận thức của tất cả mọi người trên khắp thế giới về việc tiêu thụ các sản phẩm và phổ biến các ý tưởng.
“Một khám phá tinh tế về cách thức lan tràn của những “đại dịch” xã hội, cho dù đó là những xu hướng thời trang, bệnh tật hay những kiểu hành vi xã hội như tội phạm, … Một trong những khía cạnh nổi bật nhất trong cuốn sách của Gladwell là cuốn sách đã tái khẳng định rằng: cho dù công nghệ hiện đại có tham gia vào cuộc sống của con người nhiều đến thế nào, thì con người vẫn luôn chịu ảnh hưởng sâu sắc của những hiện tượng xã hội và chính con người cũng gây ảnh hưởng lẫn nhau.”
— Hãy chiêm nghiệm cuốn sách và cảm nhận hương vị của một tách trà vào mỗi cuối tuần khi bạn có nhiều thời gian hơn dành cho bản thân mình! —",Sách tiếng Việt/Sách kỹ năng sống/Sách tư duy - Kỹ năng sống,964
196967274,sách điểm đến cuộc đời,ĐẶNG HOÀNG GIANG,101000,7247,OFFICIAL_STORE,0,0,1,https://tiki.vn/sach-diem-den-cuoc-doi-p196967274.html?spid=214185187,https://salt.tikicdn.com/cache/280x280/ts/product/d9/38/c9/e67d7aa691f1a8cc60e7565ad522a706.jpg,"Điểm đến của cuộc đời kể lại một hành trình không thể nào quên cùng những người cận tử. Dấn thân vào “một thế giới của những bi kịch và tổn thất khổng lồ, của phẩm giá và lòng tự trọng trong hoàn cảnh khắc nghiệt, của sự phản bội và sợ hãi, của tình yêu mãnh liệt và hy vọng khôn nguôi, tóm lại, của tất cả những gì thuộc về con người, ở mức độ dữ dội nhất”, tác giả muốn đi tìm câu trả lời cho thôi thúc nội tâm: ta nên ứng xử thế nào trước cái chết, và sự chết có thể dạy ta điều gì cho cuộc sống?
Kỳ lạ thay, những số phận được kể trong cuốn sách, dù đang ở tầng bậc tột cùng của nỗi đau đớn, lại cho thấy những điều đẹp đẽ đến mức khiến ta nghẹn ngào: bản lĩnh để đi qua bi kịch khó diễn đạt bằng lời, thái độ bình tĩnh của con người tự do trước cái chết, khao khát làm việc có ích, trỗi dậy vào những ngày tháng cuối cùng. Đồng hành với họ, ta thấy biết ơn, hạnh phúc và giàu có. Gấp lại cuốn sách, ta có thể được rất nhiều: một nhận thức thấm thía về sự hữu hạn của con người, một thái độ điềm tĩnh trước điểm kết, lòng trân trọng cuộc sống, để từ đó bắt đầu rời xa những phù phiếm ồn ào, sắp xếp lại các ưu tiên, tập trung vào những điều cốt lõi khiến cuộc sống có ý nghĩa.
Một hành trình dũng cảm. Một cuốn sách tràn đầy tính nhân văn và và sức lay động tâm hồn.",Sách tiếng Việt/Sách kỹ năng sống/Sách tư duy - Kỹ năng sống,795
196517620,sách điểm đến cuộc đời,ĐẶNG HOÀNG GIANG,101000,111899,OFFICIAL_STORE,0,34,,https://tiki.vn/sach-diem-den-cuoc-doi-p196517620.html?spid=271399176,https://salt.tikicdn.com/cache/280x280/ts/product/d9/38/c9/30d95bdd22b8d0b26414b3d40f2fbb0e.jpg,"Điểm đến của cuộc đời kể lại một hành trình không thể nào quên cùng những người cận tử. Dấn thân vào “một thế giới của những bi kịch và tổn thất khổng lồ, của phẩm giá và lòng tự trọng trong hoàn cảnh khắc nghiệt, của sự phản bội và sợ hãi, của tình yêu mãnh liệt và hy vọng khôn nguôi, tóm lại, của tất cả những gì thuộc về con người, ở mức độ dữ dội nhất”, tác giả muốn đi tìm câu trả lời cho thôi thúc nội tâm: ta nên ứng xử thế nào trước cái chết, và sự chết có thể dạy ta điều gì cho cuộc sống?
Kỳ lạ thay, những số phận được kể trong cuốn sách, dù đang ở tầng bậc tột cùng của nỗi đau đớn, lại cho thấy những điều đẹp đẽ đến mức khiến ta nghẹn ngào: bản lĩnh để đi qua bi kịch khó diễn đạt bằng lời, thái độ bình tĩnh của con người tự do trước cái chết, khao khát làm việc có ích, trỗi dậy vào những ngày tháng cuối cùng. Đồng hành với họ, ta thấy biết ơn, hạnh phúc và giàu có. Gấp lại cuốn sách, ta có thể được rất nhiều: một nhận thức thấm thía về sự hữu hạn của con người, một thái độ điềm tĩnh trước điểm kết, lòng trân trọng cuộc sống, để từ đó bắt đầu rời xa những phù phiếm ồn ào, sắp xếp lại các ưu tiên, tập trung vào những điều cốt lõi khiến cuộc sống có ý nghĩa.
Một hành trình dũng cảm. Một cuốn sách tràn đầy tính nhân văn và và sức lay động tâm hồn.",Sách tiếng Việt/Sách kỹ năng sống/Sách tư duy - Kỹ năng sống,794
48266426,sách điểm tựa của niềm tin,"JACK CANFIELD, MARK VICTOR HANSEN",51200,1,OFFICIAL_STORE,4.5,11,119,https://tiki.vn/sach-diem-tua-cua-niem-tin-tai-ban-2020-p48266426.html?spid=48266427,https://salt.tikicdn.com/cache/280x280/ts/product/b3/a1/fa/3c56d5fc4ce1460ee40cc198ed7754cf.jpg,"Điểm Tựa Của Niềm Tin
Trong cuộc sống có những lúc chúng ta phải đối đầu với những khó khăn, thử thách và vất vả tinh thần. Dù mỗi người có một ách ứng phó khác nhau nhưng chắc chắn có điều khác biệt khá lớn giữa một người có niềm tin và một người phó mặc đời mình cho số phận. Trong khó khăn, nếu bạn không có niềm tin, đổ lỗi cho người khác, đổ lỗi cho hoàn cảnh hay tự cho mình là một người kém may mắn, thì bạn chỉ càng làm cho mình đuối sức, bế tắc, vất vả hơn. Ngược lại, niềm tin vào bản thân và cuộc sống sẽ là sức mạnh to lớn giúp bạn vượt qua những khó khăn một cách nhẹ nhàng hơn nhiều.
Niềm tin là một trong những điều quý giá nhất của con người. Mỗi ngày trôi qua có thể là một niềm vui , nhưng đồng thời cũng đem đến cho bạn nỗi buồn và những điều không mong đợi.Bạn đừng tìm lý do để cho phép mình xuống tinh thần, từ bỏ hay buông xuôi. Một khi bạn sống mà không có niềm tin về bản thân, về con người và cuộc sống thì bạn thì bạn sẽ mãi còn ngụp lặn trong những suy nghĩ tiêu cực, sẽ lãng phí những khoảnh khắc đầy ý nghĩa của cuộc sống - một cuộc sống mà bạn vốn có thể làm được rất nhiều những điều mình hằng mơ ước.
Điểm tựa của niềm tin gồm những câu chuyện ý nghĩa về nghị lực vượt lên thử thách, về niềm tin của con người đối với bản thân và những điều tốt đẹp của cuộc sống.
Qua từng câu chuyện, chúng ta sẽ nhận ra rằng - một khi có niềm tin - tất cả mọi người điều có khả năng vượt qua khó khăn , nghịch cảnh của cuộc sống. Dù đang phải đối diện với thử thách nghiệt ngã đến đâu chăng nữa, bạn hãy tin rằng cuộc sống luôn còn những cơ hội cho bạn và khả năng của con người là không có giới hạn. Hơn nữa, bạn không đơn độc một mình. Bên cạnh bạn luôn có những bàn tay sẵn sàng nâng đỡ, còn có những tấm lòng chia sẻ, và những ký ức đẹp của cuộc sống. Đó chính là những điểm tựa quý giá, mang đến những điểm tựa quý giá, mang đến cho bạn nguồn động viên và sức mạnh tinh thần lớn lao.",Sách tiếng Việt/Sách kỹ năng sống/Sách kỹ năng mềm,338
528422,sách điểm tựa của niềm tin,FIRST NEWS,58000,97533,NONE,0,4,,https://tiki.vn/sach-diem-tua-cua-niem-tin-tai-ban-2016-p528422.html?spid=275024590,https://salt.tikicdn.com/cache/280x280/media/catalog/product/d/i/diem-tua-niem-tin.u547.d20160721.t090204.jpg,"Điểm Tựa Của Niềm Tin
Trong cuộc sống có những lúc chúng ta phải đối đầu với những khó khăn, thử thách và vất vả tinh thần. Dù mỗi người có một ách ứng phó khác nhau nhưng chắc chắn có điều khác biệt khá lớn giữa một người có niềm tin và một người phó mặc đời mình cho số phận. Trong khó khăn, nếu bạn không có niềm tin, đổ lỗi cho người khác, đổ lỗi cho hoàn cảnh hay tự cho mình là một người kém may mắn, thì bạn chỉ càng làm cho mình đuối sức, bế tắc, vất vả hơn. Ngược lại, niềm tin vào bản thân và cuộc sống sẽ là sức mạnh to lớn giúp bạn vượt qua những khó khăn một cách nhẹ nhàng hơn nhiều.
Niềm tin là một trong những điều quý giá nhất của con người. Mỗi ngày trôi qua có thể là một niềm vui , nhưng đồng thời cũng đem đến cho bạn nỗi buồn và những điều không mong đợi.Bạn đừng tìm lý do để cho phép mình xuống tinh thần, từ bỏ hay buông xuôi. Một khi bạn sống mà không có niềm tin về bản thân, về con người và cuộc sống thì bạn thì bạn sẽ mãi còn ngụp lặn trong những suy nghĩ tiêu cực, sẽ lãng phí những khoảnh khắc đầy ý nghĩa của cuộc sống - một cuộc sống mà bạn vốn có thể làm được rất nhiều những điều mình hằng mơ ước.
Điểm tựa của niềm tin gồm những câu chuyện ý nghĩa về nghị lực vượt lên thử thách, về niềm tin của con người đối với bản thân và những điều tốt đẹp của cuộc sống.
Qua từng câu chuyện, chúng ta sẽ nhận ra rằng - một khi có niềm tin - tất cả mọi người điều có khả năng vượt qua khó khăn , nghịch cảnh của cuộc sống. Dù đang phải đối diện với thử thách nghiệt ngã đến đâu chăng nữa, bạn hãy tin rằng cuộc sống luôn còn những cơ hội cho bạn và khả năng của con người là không có giới hạn. Hơn nữa, bạn không đơn độc một mình. Bên cạnh bạn luôn có những bàn tay sẵn sàng nâng đỡ, còn có những tấm lòng chia sẻ, và những ký ức đẹp của cuộc sống. Đó chính là những điểm tựa quý giá, mang đến những điểm tựa quý giá, mang đến cho bạn nguồn động viên và sức mạnh tinh thần lớn lao.",Sách tiếng Việt/Sách kỹ năng sống/Sách kỹ năng mềm,72
49204111,sách đọc vị người lạ,STÉPHANE GARNIER,65600,189565,OFFICIAL_STORE,5,32,8,https://tiki.vn/sach-thong-dong-nhu-chu-meo-hong-nang-ben-hien-p49204111.html?spid=114264381,https://salt.tikicdn.com/cache/280x280/ts/product/26/15/66/c8688b76efe8eb79d880287659f091b2.jpg,"Mèo luôn tự do tự tại. Chúng điềm tĩnh, quan sát, khôn ngoan, yểu điệu, duyên dáng và kiêu hãnh. Thực tế, mèo tìm ra bí quyết về cách chúng ta nên sống như thế nào, bất kể chúng ta thuộc giống loài gì! Trong cuốn sách này, Stéphane Garnier sẽ cho bạn thấy những điều anh rút ra từ hơn 15 năm quan sát kỹ chú mèo của anh, và chỉ cho bạn tất cả những cách để bạn có thể áp dụng bí quyết của loài mèo – vào công việc, ở nhà và với bạn bè mình.",Sách tiếng Việt/Sách kỹ năng sống/Sách tư duy - Kỹ năng sống,348
481169,sách đọc vị người lạ,INAMORI KAZUO,65000,111899,OFFICIAL_STORE,0,59,1,https://tiki.vn/sach-con-duong-di-den-thanh-cong-bang-su-tu-te-p481169.html?spid=274600633,https://salt.tikicdn.com/cache/280x280/ts/product/b4/b2/66/b924639d8fb0262ce4cef8de1be89ed0.jpg,"Con Đường Đi Đến Thành Công Bằng Sự Tử Tế
Đây là một cuốn sách ""2 trong 1"", bạn đọc sẽ được tìm hiểu cùng một lúc, triết lý kinh doanh của một nhà kinh doanh tài ba hàng đầu Nhật Bản hiện đại - Inamori Kazuo, và tư tưởng làm người mẫu mực của một võ sĩ samurai chân chính bậc nhất nước Nhật thời Minh Trị Duy Tân - Saigo Takamori.
Tình đồng hương, lòng ngưỡng mộ của Inamori dành cho người samurai chân chính Saigo được bộc lộ rõ trong sách nhưng nó không phải là những lời tán dương sáo rỗng mà là những lý giải đầy tâm tư của chính tác giả với những kinh nghiệm của bản thân. Và quan trọng hơn cả, hai nội dung trong sách đều xuất phát từ những ưu tư của những công dân yêu nước tột cùng. Saigo Takamori trăn trở trước những thay đổi của xã hội Nhật đương thời khi đương đầu với văn minh Âu - Mỹ, Inamori Kazuo trăn trở trước những nhiễu nhương của xã hội Nhật Bản hiện đại trên đường chạy gìn giữ vị trí cường quốc kinh tế. Vậy mà lạ thay, hai xã hội Nhật Bản ở cả hai thời đại khác nhau xa hàng trăm năm đấy đều là hai xã hội, hai thời kỳ mà người Việt Nam ta đang ngưỡng mộ, đang khao khát vươn đến.
Đọc Con Đường Đi Đến Thành Công Bằng Sự Tử Tế, bạn sẽ nhận ra chúng ta yêu nước bằng cách ngưỡng mộ hình mẫu, khao khát vươn lên không thôi chưa đủ, mà phải ngay lập tức, từ bây giờ, mỗi người chúng ta phải thay đổi, dám dấn thân trên con đường đầy chông gai của cuộc đời bởi ""hưng suy của một quốc gia đồng nhất với trạng thái tâm hồn của quốc dân"" (Inamori Kazuo). Có như vậy, chúng ta mới có thể góp phần xây dựng Việt Nam tốt đẹp hơn.",Sách tiếng Việt/Sách kỹ năng sống/Sách tư duy - Kỹ năng sống,59
7832991,sách đọc vị tính cách,NGHỊ QUẾ,57000,1,OFFICIAL_STORE,4.1,18,284,https://tiki.vn/sach-dai-dich-tam-ly-thoi-hien-dai-p7832991.html?spid=7832992,https://salt.tikicdn.com/cache/280x280/ts/product/87/66/f4/7f40129d3868da5dc58f5d95576febfb.jpg,"Đại dịch tâm lý thời hiện đại của tác giả Nghị Quế là một cuốn sách về kỹ năng, tâm lý ứng dụng, trong đó có trầm cảm, nghiện mạng xã hội, các trạng thái tâm lý tiêu cực mà xã hội hiện đại mang đến cho con người, đặc biệt những người đang sống và làm việc ở các thành phố lớn. Bằng những thống kê, dữ liệu có được từ thực tế cũng như những nghiên cứu có trên thế giới, tác giả lý giải việc tại sao những đại dịch tâm lý lại xảy đến. Giúp người đọc hiểu hơn về mức độ nguy hại của căn bệnh tâm lý đang lan rộng trong cuộc sống mà chúng ta đang hiện diện. Từ đó đưa ra lộ trình chữa lành vết thương, vượt qua được những chấn thương tâm lý cho bản thân.
Nghị Quế tên thật là Nguyễn Thị Quế, sinh năm 1989. Là Thạc sĩ Luật nhân quyền tại Đại học Quốc gia Hà Nội. Một cô gái với nhiều đam mê về nghiên cứu, thực hành biên kịch, tâm lý học, Tarot, triết học, đạo Phật và phương pháp thiền vipassana. Một cô gái đang bước đi để thưởng thức cuộc sống và cống hiến năng lượng tích cực của mình cho cộng đồng.
“Dù các bạn ngày hôm nay có là ai, trình độ học vấn như thế nào, sinh ra tạo một miền quê nghèo khó hay thành thị xô bồ, bạn lành lặn hay khiếm khuyết một phần cơ thể… Tất cả những điều đó đều không thể giới hạn tiềm năng của bạn.
Bạn hoàn toàn có khả năng sống một đời ý nghĩa, cao cả và không bị giới hạn bởi bất cứ điều gì. Chỉ cần bạn nỗ lực rèn luyện để LÀM CHỦ ĐƯỢC CẢM XÚC, TINH TẤN ĐƯỢC TƯ DUY thì không gì là không thể. Con người ta đa phần bị giới hạn là do mắc kẹt trong cảm xúc tiêu cực và tư duy hạn hẹp nông cạn của chính mình. Ngoài ra chẳng điều gì có thể ngăn trở bạn nữa”.",Sách tiếng Việt/Sách kỹ năng sống/Sách tư duy - Kỹ năng sống,172
249026422,sách đọc vị tính cách,,161000,295057,NONE,0,0,,https://tiki.vn/sach-tai-sao-la-nguoi-ay-nha-nam-ban-quyen-p249026422.html?spid=274360798,https://salt.tikicdn.com/cache/280x280/ts/product/3d/73/a7/448a949a33558f82a0bd4a63e5e21740.jpg,"""Tại sao là người ấy? đã phân tích kỹ càng xem các hoá chất trong não bộ đã quyết định tâm tính và tính cách của chúng ta như thế nào và qua đó ảnh hưởng đến việc ta lựa chọn ai để yêu… [Fisher đã đưa ra] một ý niệm choáng váng về tình yêu lãng mạn, nhưng rất đáng cân nhắc.""—Los Angeles Times
""Tuyệt vời… Có thể bạn đã có sẵn hình mẫu người yêu lý tưởng của mình, nhưng bạn vẫn sẽ muốn đọc cuốn sách này để có thêm nhiều hiểu biết sâu hơn về khoa học tình yêu.""—The Boston Globe
Trong suốt lịch sử, tình yêu mãi là một trong những chủ đề khiến con người không thể ngừng bận tâm. Tại sao ta yêu? Tại sao là người ấy chứ không phải ai khác?
Trong cuốn sách vừa hấp dẫn vừa đầy thông tin này, Helen Fisher, một trong những chuyên gia tình yêu hàng đầu thế giới, sẽ giải mật những bí ẩn phía sau các quyết định tình cảm của con người: dưới tác động của các cơ chế sinh hoá, ta bị thu hút về phía những người vừa phản chiếu vừa hoàn thiện cho nhân cách của chính ta.
Với cuốn sách này, Helen Fisher đã vén tấm màn che phủ lên tình yêu, thứ tình cảm vốn vẫn thường hay đi kèm với tính từ “mù quáng”. Dựa trên các kết quả nghiên cứu khoa học độc nhất vô nhị - bao gồm cả một bảng câu hỏi chi tiết từng được tham gia trả lời bởi hơn bảy triệu người ở ba mươi ba quốc gia - Tại sao là người ấy? sẽ thay đổi sâu sắc cái nhìn của ta về bản chất của tình yêu. Sau tất cả, tình yêu không hề phức tạp, hay mù quáng, một khi ta đã hiểu rõ chính mình.
Helen E. Fisher là giáo sư nhân loại học kiêm nhà nghiên cứu hành vi con người tại Đại học Rutgers. Là một trong những chuyên gia hàng đầu thế giới về trong lĩnh vực nghiên cứu bản chất của tình yêu, bà được mời làm cố vấn khoa học cho , một bộ phận thuộc trang web hẹn hò uy tín. Bà cũng là tác giả nổi tiếng, với nhiều tác phẩm best seller như Anatomy of Love, Why we love?, Tại sao là người ấy? Bà sống ở New York, Mỹ.",Sách tiếng Việt/Sách kỹ năng sống/Sách tư duy - Kỹ năng sống,997
106362609,sách dòng tiền gắn liền lợi nhuận,MIKE MICHALOWICZ,149000,295057,NONE,0,0,3,https://tiki.vn/sach-dong-tien-gan-lien-loi-nhuan-p106362609.html?spid=203982735,https://salt.tikicdn.com/cache/280x280/ts/product/dd/52/4e/fc53eaa9ccd1142b08445bc6d2c0ceea.jpg,"Sách - Dòng Tiền Gắn Liền Lợi Nhuận
Hoá giải nghịch lý kinh doanh có lãi mà không thấy tiền
Đó là vì các bạn quên đi một tham số quan trọng: là gía trị thời gian của tiền tệ, bởi vậy, các bạn chưa kiểm soát được DÒNG TIỀN!
Sử dụng phương pháp Dòng tiền gắn liền lợi nhuận (Profit First) của Mike Michalowicz, bạn sẽ biết:
- Bốn nguyên tắc để đơn giản hoá quy trình kế toán;
- Một doanh nghiệp nhỏ có lợi nhuận giá trị hơn nhiều so với một doanh nghiệp lớn cùng ngành;
- Các doanh nghiệp đạt được lợi nhuận sớm và biết quản trị dòng tiền đúng cách có thể đạt được sự tăng trưởng dài hạn.
Với hàng tá các nghiên cứu, lời khuyên cùng khiếu hài hước đặc trưng, Mike Michalowicz đã giúp các doanh nhân “lật ngược thế cờ” và đạt được doanh thu mà họ luôn mơ ước.
Sách - Dòng tiền gắn liền lợi nhuận",Sách tiếng Việt/Sách kỹ năng sống/Sách tư duy - Kỹ năng sống,544
106362817,sách dòng tiền gắn liền lợi nhuận,MIKE MICHALOWICZ,139300,7247,OFFICIAL_STORE,0,1,1,https://tiki.vn/sach-dong-tien-gan-lien-loi-nhuan-p106362817.html?spid=262042731,https://salt.tikicdn.com/cache/280x280/ts/product/05/04/1f/7f936d35f50e4f94e1e5b540cbb78cd8.png,"Sách - Dòng Tiền Gắn Liền Lợi Nhuận
Hoá giải nghịch lý kinh doanh có lãi mà không thấy tiền
Đó là vì các bạn quên đi một tham số quan trọng: là gía trị thời gian của tiền tệ, bởi vậy, các bạn chưa kiểm soát được DÒNG TIỀN!
Sử dụng phương pháp Dòng tiền gắn liền lợi nhuận (Profit First) của Mike Michalowicz, bạn sẽ biết:
- Bốn nguyên tắc để đơn giản hoá quy trình kế toán;
- Một doanh nghiệp nhỏ có lợi nhuận giá trị hơn nhiều so với một doanh nghiệp lớn cùng ngành;
- Các doanh nghiệp đạt được lợi nhuận sớm và biết quản trị dòng tiền đúng cách có thể đạt được sự tăng trưởng dài hạn.
Với hàng tá các nghiên cứu, lời khuyên cùng khiếu hài hước đặc trưng, Mike Michalowicz đã giúp các doanh nhân “lật ngược thế cờ” và đạt được doanh thu mà họ luôn mơ ước.",Sách tiếng Việt/Sách kỹ năng sống/Sách tư duy - Kỹ năng sống,581
275396675,sách đủ duyên ta lại tương phùng,,68000,326683,NONE,0,0,,https://tiki.vn/sach-du-duyen-ta-lai-tuong-phung-first-news-p275396675.html?spid=275493757,https://salt.tikicdn.com/cache/280x280/ts/product/12/7a/77/4dd1a071903ced9f83029dbcf61ee0c8.jpg,"Suốt nhiều năm tu học và giảng dạy Phật pháp, Đại đức Thích Đồng Tâm đã không ngừng dùng ngòi bút tự sự của mình kết nối và chia sẻ với những người hữu duyên nhằm chuyển hoá những giáo lý lớn lao của đạo Phật vào cuộc đời trần thế, sao cho mọi người đều có thể hiểu được, cảm được và thực hành được.
“Đủ duyên ta lại tương phùng” là cuốn sách ghi lại những trải nghiệm và rung cảm đẹp đẽ của tác giả trong quãng thời gian tu học tại đảo quốc Sri Lanka. Mỗi bài viết là một chiêm nghiệm đầy triết lý về các khía cạnh cuộc sống, với nền tảng là chữ “duyên”. Duyên vốn là một giáo lý quan trọng của nhà Phật và thuận theo nhân duyên cũng là một loại trí tuệ. Trong tương giao của muôn vật, muôn người đều tồn tại chữ duyên mà nếu không đủ trong sáng và từ bi, người đời dễ dàng vướng mắc và khổ luỵ.
Cuốn sách ngắn này được tác giả viết ra với tâm nguyện bầu bạn với người hữu duyên, mong tất cả luôn có thể tuỳ thuận nhân duyên, bình an bước qua mọi gập ghềnh, va vấp của cuộc đời, giữ vẹn nguyên lòng từ bi và tâm trong sáng, đối đãi nhau bằng hiểu biết và tình thương.
“Đủ duyên ta lại tương phùng” và “Sát-na này là thiên thu” từng được Đại đức Thích Đồng Tâm xuất bản với tư cách cá nhân, nhằm mục đích gây quỹ cho các hoạt động nhà chùa. Lần tái bản này, cuốn sách được chỉnh sửa, bổ sung và khoác một diện mạo hoàn toàn mới.
Trân trọng giới thiệu cùng bạn đọc.",Sách tiếng Việt/Sách kỹ năng sống/Sách tư duy - Kỹ năng sống,1244
275396677,sách đủ duyên ta lại tương phùng,,68000,326683,NONE,0,0,,https://tiki.vn/sach-du-duyen-ta-lai-tuong-phung-first-news-p275396677.html?spid=275493779,https://salt.tikicdn.com/cache/280x280/ts/product/12/7a/77/3039c182140fb1913671d281efa72f17.jpg,"Suốt nhiều năm tu học và giảng dạy Phật pháp, Đại đức Thích Đồng Tâm đã không ngừng dùng ngòi bút tự sự của mình kết nối và chia sẻ với những người hữu duyên nhằm chuyển hoá những giáo lý lớn lao của đạo Phật vào cuộc đời trần thế, sao cho mọi người đều có thể hiểu được, cảm được và thực hành được.
“Đủ duyên ta lại tương phùng” là cuốn sách ghi lại những trải nghiệm và rung cảm đẹp đẽ của tác giả trong quãng thời gian tu học tại đảo quốc Sri Lanka. Mỗi bài viết là một chiêm nghiệm đầy triết lý về các khía cạnh cuộc sống, với nền tảng là chữ “duyên”. Duyên vốn là một giáo lý quan trọng của nhà Phật và thuận theo nhân duyên cũng là một loại trí tuệ. Trong tương giao của muôn vật, muôn người đều tồn tại chữ duyên mà nếu không đủ trong sáng và từ bi, người đời dễ dàng vướng mắc và khổ luỵ.
Cuốn sách ngắn này được tác giả viết ra với tâm nguyện bầu bạn với người hữu duyên, mong tất cả luôn có thể tuỳ thuận nhân duyên, bình an bước qua mọi gập ghềnh, va vấp của cuộc đời, giữ vẹn nguyên lòng từ bi và tâm trong sáng, đối đãi nhau bằng hiểu biết và tình thương.
“Đủ duyên ta lại tương phùng” và “Sát-na này là thiên thu” từng được Đại đức Thích Đồng Tâm xuất bản với tư cách cá nhân, nhằm mục đích gây quỹ cho các hoạt động nhà chùa. Lần tái bản này, cuốn sách được chỉnh sửa, bổ sung và khoác một diện mạo hoàn toàn mới.
Trân trọng giới thiệu cùng bạn đọc.",Sách tiếng Việt/Sách kỹ năng sống/Sách tư duy - Kỹ năng sống,1245
177340644,sách đừng để mục tiêu như diều không gió,S.J.SCOTT,89000,295057,NONE,0,0,,https://tiki.vn/sach-dung-de-muc-tieu-nhu-dieu-khong-gio-p177340644.html?spid=192583941,https://salt.tikicdn.com/cache/280x280/ts/product/07/9e/c0/d9e33fe8de4f67907577e4821bb41ece.jpg,"Chúng ta thường được khuyên rằng sống phải có mục tiêu. Nhưng đặt ra mục tiêu là một chuyện, lên kế hoạch hành động và đạt được mục tiêu lại là một chuyện khác.
Có không ít những mục tiêu mãi vẫn nằm nguyên trên giấy vì nhiều lý do:
Quá chung chung
Quá xa rời thực tế
Không có con số cụ thể cần đạt
Không phù hợp với bạn
Không có thời hạn hoàn thành
Nguyên tắc S.M.A.R.T: Specific – Rõ ràng, Measurable – Đo lường được, Attainable – Khả thi, Relevant – Phù hợp, Time-bound – Có thời hạn chính là công cụ để bạn thiết lập chính xác mục tiêu. S. J. Scott sẽ cụ thể nguyên tắc thành 10 bước để bạn biến mục tiêu đúng thành kế hoạch hành động khoa học và thực thi chúng mỗi ngày.
10 bước mà S. J. Scott đưa ra để tạo lập mục tiêu S.M.A.R.T là:
Bước 1: Mua một cuốn sổ mục tiêu
Bước 2: Tạo một danh sách các việc cần làm trong đời
Bước 3: Viết ra những mục tiêu của năm
Bước 4a: Tập trung vào việc lập các mục tiêu theo quý
Bước 4b: Tạo những mục tiêu hằng quý bằng cách thực hiện 5 hành động
Bước 5a: Chuyển những mục tiêu hằng quý thành những kế hoạch hành động
Bước 5b: Nghĩ nhanh các ý tưởng dự bằng cách sử dụng bản đồ tư duy
Bước 6a: Làm việc (hay “Các thói quen giúp bạn đạt được các mục tiêu như thế nào?”)
Bước 6b: Sử dung một bản nhận xét hằng tuần để tạo một lịch trình
Bước 6c: Đánh giá mức hoàn thành các mục tiêu của bạn
Bước 7: Vượt qua năm trở ngại để thiết lập mục tiêu S.M.A.R.T
Bước 8: Đánh giá các mục tiêu của bạn
Bước 9: Sử dụng tinh thần trách nhiệm để giữ động lực
Bước 10: Làm một bản định lượng mục tiêu hằng quý.
Mỗi bước đều có những ví dụ cụ thể thuộc bảy lĩnh vực mà chúng ta thường phải thiết lập mục tiêu như: Sức khoẻ, Các mối quan hệ, Nghề nghiệp, Tài chính, Thư giãn, nghỉ ngơi, Đời sống tâm linh và Cộng đồng.",Sách tiếng Việt/Sách kỹ năng sống/Sách tư duy - Kỹ năng sống,763
7986380,sách đừng để mục tiêu như diều không gió,S. J. SCOTT,57500,1,OFFICIAL_STORE,5,20,324,https://tiki.vn/sach-dung-de-muc-tieu-nhu-dieu-khong-gio-p7986380.html?spid=7987709,https://salt.tikicdn.com/cache/280x280/ts/product/fe/f3/c3/be6d4b36b93e5c6891a31c1f50926854.jpg,"Chúng ta thường được khuyên rằng sống phải có mục tiêu. Nhưng đặt ra mục tiêu là một chuyện, lên kế hoạch hành động và đạt được mục tiêu lại là một chuyện khác.
Có không ít những mục tiêu mãi vẫn nằm nguyên trên giấy vì nhiều lý do:
Quá chung chung
Quá xa rời thực tế
Không có con số cụ thể cần đạt
Không phù hợp với bạn
Không có thời hạn hoàn thành
Nguyên tắc S.M.A.R.T: Specific – Rõ ràng, Measurable – Đo lường được, Attainable – Khả thi, Relevant – Phù hợp, Time-bound – Có thời hạn chính là công cụ để bạn thiết lập chính xác mục tiêu. S. J. Scott sẽ cụ thể nguyên tắc thành 10 bước để bạn biến mục tiêu đúng thành kế hoạch hành động khoa học và thực thi chúng mỗi ngày.
10 bước mà S. J. Scott đưa ra để tạo lập mục tiêu S.M.A.R.T là:
Bước 1: Mua một cuốn sổ mục tiêu
Bước 2: Tạo một danh sách các việc cần làm trong đời
Bước 3: Viết ra những mục tiêu của năm
Bước 4a: Tập trung vào việc lập các mục tiêu theo quý
Bước 4b: Tạo những mục tiêu hằng quý bằng cách thực hiện 5 hành động
Bước 5a: Chuyển những mục tiêu hằng quý thành những kế hoạch hành động
Bước 5b: Nghĩ nhanh các ý tưởng dự bằng cách sử dụng bản đồ tư duy
Bước 6a: Làm việc (hay “Các thói quen giúp bạn đạt được các mục tiêu như thế nào?”)
Bước 6b: Sử dung một bản nhận xét hằng tuần để tạo một lịch trình
Bước 6c: Đánh giá mức hoàn thành các mục tiêu của bạn
Bước 7: Vượt qua năm trở ngại để thiết lập mục tiêu S.M.A.R.T
Bước 8: Đánh giá các mục tiêu của bạn
Bước 9: Sử dụng tinh thần trách nhiệm để giữ động lực
Bước 10: Làm một bản định lượng mục tiêu hằng quý.
Mỗi bước đều có những ví dụ cụ thể thuộc bảy lĩnh vực mà chúng ta thường phải thiết lập mục tiêu như: Sức khoẻ, Các mối quan hệ, Nghề nghiệp, Tài chính, Thư giãn, nghỉ ngơi, Đời sống tâm linh và Cộng đồng.",Sách tiếng Việt/Sách kỹ năng sống/Sách tư duy - Kỹ năng sống,175
209608785,sách enneagram căn bản,,134000,126688,NONE,0,0,,https://tiki.vn/sach-enneagram-can-ban-alphabooks-ban-quyen-p209608785.html?spid=274758632,https://salt.tikicdn.com/cache/280x280/ts/product/d5/6a/b9/9292e8f5eaa2b4e49d4aea7e20a7d6ef.jpg,"Cẩm Nang Tự Khám Phá Bản Thân và Trắc Nghiệm Tính Cách
Enneagram là một hệ thống tính cách đầy năng lượng và linh hoạt, miêu tả chín mô hình cơ bản khác biệt nhau về cách suy nghĩ, cảm xúc và hành động.
“Ennea” trong tiếng Hy Lạp là từ chỉ số chín, còn “gram” nghĩa là hình ảnh hay một điều gì đó được viết ra. Do đó, hệ thống tính cách Enneagram được thể hiện bằng một biểu đồ gồm chín điểm nằm bên trong một vòng tròn. Mỗi kiểu tính cách đều dựa trên một bộ lọc nhận thức rõ ràng, đi cùng nguồn năng lượng được định hướng bởi cảm xúc. Việc này tương tự với cách mà các tế bào nơ-ron thần kinh của chúng ta hoạt động dựa trên dòng chảy đan xen giữa thông tin và năng lượng.
Các kiểu hình này sẽ quyết định những gì mà các cá nhân thuộc từng kiểu tính cách chú ý đến và cách mà họ điều khiển năng lượng cũng như hành vi của mình. Ẩn dưới mỗi kiểu hình là các xác nhận cơ bản (niềm tin) về những gì chúng ta cần trong cuộc sống để sinh tồn và được thoả mãn.
DAVID N. DANIELS
Bác sĩ y khoa, chuyên gia lâm sàng về tâm thần tại Đại học Stanford và là học giả phát triển Enneagram hàng đầu.
VIRGIN A. PRICE (1942-2005)
Tiến sĩ, nhà tâm thần học tại Palo Anto. Bà là tác giả cuốn sách Type A Behavior Pattern, được công nhận rộng rãi như một cột mốc trong lĩnh vực nghiên cứu Enneagram.",Sách tiếng Việt/Sách kỹ năng sống/Sách tư duy - Kỹ năng sống,878
92010866,sách enneagram căn bản,,134000,126688,NONE,0,0,,https://tiki.vn/sach-enneagram-can-ban-p92010866.html?spid=274758619,https://salt.tikicdn.com/cache/280x280/ts/product/b4/d6/c0/4627c8c3770ffa70f67c186f59d1da69.jpg,"Cẩm Nang Tự Khám Phá Bản Thân và Trắc Nghiệm Tính Cách
Enneagram là một hệ thống tính cách đầy năng lượng và linh hoạt, miêu tả chín mô hình cơ bản khác biệt nhau về cách suy nghĩ, cảm xúc và hành động.
Các kiểu hình này sẽ quyết định những gì mà các cá nhân thuộc từng kiểu tính cách chú ý đến và cách mà họ điều khiển năng lượng cũng như hành vi của mình. Ẩn dưới mỗi kiểu hình là các xác nhận cơ bản (niềm tin) về những gì chúng ta cần trong cuộc sống để sinh tồn và được thoả mãn.
DAVID N. DANIELS
Bác sĩ y khoa, chuyên gia lâm sàng về tâm thần tại Đại học Stanford và là học giả phát triển Enneagram hàng đầu.
VIRGIN A. PRICE (1942-2005)",Sách tiếng Việt/Sách kỹ năng sống/Sách tư duy - Kỹ năng sống,431
106362641,sách enneagram căn bản,.,119000,146243,NONE,0,1,,https://tiki.vn/sach-enneagram-can-ban-p106362641.html?spid=146209522,https://salt.tikicdn.com/cache/280x280/ts/product/d5/6a/b9/95b09bed85598d84efb168caa1c039b1.jpg,"Cẩm Nang Tự Khám Phá Bản Thân và Trắc Nghiệm Tính Cách
Enneagram là một hệ thống tính cách đầy năng lượng và linh hoạt, miêu tả chín mô hình cơ bản khác biệt nhau về cách suy nghĩ, cảm xúc và hành động.
Các kiểu hình này sẽ quyết định những gì mà các cá nhân thuộc từng kiểu tính cách chú ý đến và cách mà họ điều khiển năng lượng cũng như hành vi của mình. Ẩn dưới mỗi kiểu hình là các xác nhận cơ bản (niềm tin) về những gì chúng ta cần trong cuộc sống để sinh tồn và được thoả mãn.
DAVID N. DANIELS
Bác sĩ y khoa, chuyên gia lâm sàng về tâm thần tại Đại học Stanford và là học giả phát triển Enneagram hàng đầu.
VIRGIN A. PRICE (1942-2005)",Sách tiếng Việt/Sách kỹ năng sống/Sách tư duy - Kỹ năng sống,550
275382095,sách gieo trồng hạnh phúc,,75650,161219,NONE,0,0,,https://tiki.vn/sach-gieo-trong-hanh-phuc-p275382095.html?spid=277400870,https://salt.tikicdn.com/cache/280x280/ts/product/ab/75/66/988b48ad0ace2a06a0e0e7bf2a8e0c7d.jpg,"Chánh Niệm là nguồn năng lượng tỉnh thức đưa ta trở về với giây phút hiện tại và giúp ta tiếp xúc sâu sắc với sự sống trong mỗi phút giây của đời sống hằng ngày. Chúng ta không cần phải đi đâu xa để thực tập chánh niệm. Chúng ta có thể thực tập chánh niệm ngay trong phòng mình hoặc trên đường đi từ nơi này đến nơi khác. Ta vẫn có thể tiếp tục làm những công việc ta thường làm hằng ngày như đi, đứng, nằm, ngồi, làm việc, ăn, uống, giao tiếp, chuyện trò… nhưng với ý thức là mình đang làm những công việc ấy. Hãy tưởng tượng ta đang ngắm mặt trời mọc với một số người. Trong khi những người khác đang thưởng thức khung cảnh đẹp đẽ ấy thì ta lại “bận rộn” với những thứ trong đầu mình. Ta bận rộn và lo lắng cho những kế hoạch của ta. Ta nghĩ về quá khứ hoặc tương lai mà không thực sự có mặt để trân quý cơ hội đó. Thay vì thưởng thức cảnh đẹp của buổi bình minh, ta lại để cho những khoảnh khắc quý giá ấy trôi qua oan uổng. Nếu quả thực như vậy, ta có thể sử dụng một phương pháp khác. Mỗi khi tâm ta đi lang thang thì ta kéo tâm về và tập trung tâm ý vào hơi thở vào - ra.
Thực tập hơi thở ý thức giúp ta trở về với giây phút hiện tại. Thân tâm hợp nhất, ta sẽ có mặt trọn vẹn để ngắm nhìn, quán chiếu và thưởng thức khung cảnh đẹp đẽ ấy. Bằng cách trở về với hơi thở, ta lấy lại được sự mầu nhiệm của buổi bình minh. Chúng ta thường quá bận rộn đến nỗi quên mình đang làm gì, hoặc có khi ta quên mình là ai. Thậm chí có người quên mất là mình đang thở. Ta quên nhìn những người thương của ta và trân quý sự có mặt của họ, cho đến một ngày họ đi xa hay qua đời ta mới thấy hối tiếc. Có khi rảnh rỗi đi nữa, ta cũng không biết cách tiếp xúc với những gì đang xảy ra trong ta. Vì vậy ta mở ti vi lên xem hoặc nhấc điện thoại gọi cho ai đó. Ta nghĩ làm như thế là ta có thể trốn thoát được chính mình. Ý thức về hơi thở là tinh yếu của chánh niệm.
Theo lời Bụt dạy, chánh niệm là nguồn suối phát sinh hỷ lạc. Hạt giống chánh niệm có trong mỗi chúng ta nhưng thường thì ta quên tưới tẩm hạt giống đó. Nếu biết cách nương vào hơi thở, nương vào bước chân của mình, chúng ta có thể tiếp xúc được với những hạt giống an lành ấy và cho phép chúng biểu hiện. Thay vì nương vào những ý niệm trừu tượng về Bụt, về Chúa hoặc về Allah, chúng ta có thể tiếp xúc được với Bụt, với Chúa trong từng hơi thở và bước chân của mình. Điều này nghe có vẻ dễ dàng và ai cũng có thể làm được, tuy nhiên đòi hỏi ở chúng ta một sự tập luyện. Quan trọng là tập dừng lại. Dừng lại như thế nào? Dừng lại bằng hơi thở vào ra và bước chân của mình. Vì vậy pháp môn căn bản của chúng ta là hơi thở ý thức và bước chân chánh niệm. Nếu nắm vững những pháp môn này, chúng ta có thể ăn, uống, nấu nướng, làm việc, lái xe… trong chánh niệm. Và chúng ta luôn luôn an trú trong giây phút hiện tại, bây giờ ở đây.
Thực tập chánh niệm (smrti) đưa đến định (samadhi) và định đưa đến tuệ (prajna). Tuệ giác mà ta đạt được từ sự thực tập chánh niệm có khả năng giải phóng chúng ta ra khỏi những tình trạng sợ hãi, lo âu, tuyệt vọng và đem lại hạnh phúc đích thực cho ta. Chúng ta có thể sử dụng những đối tượng đơn giản như bông hoa để thực tập chánh niệm. Khi cầm bông hoa trong tay, chúng ta ý thức về bông hoa. Hơi thở vào ra giúp ta duy trì ý thức. Thay vì để cho những suy nghĩ trấn ngự hoặc lôi kéo, ta trở về có mặt cho bông hoa và thưởng thức vẻ đẹp của bông hoa. Định lực sẽ trở thành nguồn suối phát sinh niềm vui trong ta.
Để thưởng thức trọn vẹn những món quà mà cuộc sống ban tặng, chúng ta phải thực tập chánh niệm trong mọi lúc, mọi nơi dù đang đánh răng, chuẩn bị thức ăn sáng hay lái xe đi làm. Mỗi bước chân, mỗi hơi thở có thể là một cơ hội đem đến cho ta niềm vui và hạnh phúc. Cuộc sống đầy dẫy khổ đau. Nếu không đủ hạnh phúc, ta sẽ không chăm sóc được nỗi khổ đau và tuyệt vọng của mình. Chúng ta hãy thực tập với tinh thần nhẹ nhàng thư thái, với tâm hồn rộng mở bao la và với một trái tim sẵn sàng lắng nghe, chấp nhận. Thực tập là để nuôi lớn hiểu biết chứ không phải để phô trương hình thức. Có chánh niệm, ta có thể nuôi lớn được niềm vui trong ta, giúp ta xử lý tốt hơn những khó khăn thách thức trong cuộc sống và biết cách chế tác tự do, an lạc, thương yêu trong mỗi chúng ta.",Sách tiếng Việt/Sách kỹ năng sống/Sách tư duy - Kỹ năng sống,1237
250072583,sách gieo trồng hạnh phúc,THÍCH NHẤT HẠNH,75000,7247,OFFICIAL_STORE,0,1,,https://tiki.vn/sach-gieo-trong-hanh-phuc-tai-ban-p250072583.html?spid=277395557,https://salt.tikicdn.com/cache/280x280/ts/product/d8/18/70/530e17e8393d05bd4b42900a09578536.jpg,Sách - Gieo Trồng Hạnh Phúc (Tái Bản),Sách tiếng Việt/Sách kỹ năng sống/Sách kỹ năng mềm,1018
22400993,sách giới hạn cho con bạn,HENRY CLOUD - JOHN TOWNSEND,95200,295057,NONE,0,3,,https://tiki.vn/sach-gioi-han-cho-con-ban-tang-kem-bookmark-tiki-p22400993.html?spid=276605030,https://salt.tikicdn.com/cache/280x280/ts/product/4e/73/49/fa525caa26044c17b7a9458c1a65c4ad.jpg,"Ranh giới là “đường giới hạn” định nghĩa một người; nó định rõ điểm kết thúc của người này và điểm khởi đầu của người kia. Nếu biết rõ vị trí các ranh giới của một người, chúng ta có thể mong đợi họ biết cách kiểm soát bản thân. Chúng ta có thể đòi hỏi ở họ trách nhiệm đối với cảm xúc, hành vi và thái độ. Ví dụ, tất cả chúng ta đều từng thấy các cặp vợ chồng tranh cãi với nhau về việc “ai là người có lỗi”, mỗi người đều né tránh việc phải chịu trách nhiệm với người kia. Trong một mối quan hệ với ai đó, chúng ta có thể xác định những gì chúng ta mong đợi ở người kia, sau đó chúng ta có thể yêu cầu đối phương chịu trách nhiệm về phần mình. Khi mỗi người nắm quyền sở hữu một phần mối quan hệ, mối quan hệ sẽ bền vững, và tất cả chúng ta đều đạt được mục đích của mình
Một đứa trẻ cũng vậy. Nó cần phải biết mình có thể bắt đầu từ đâu, cần hoặc không cần phải chịu trách nhiệm về điều gì. Nếu biết mình phải tự chịu trách nhiệm về bản thân và cuộc sống của chính mình, nó sẽ tìm cách đáp ứng những yêu cầu đó và sống hoà hợp với mọi người trong cuộc sống.",Sách tiếng Việt/Sách kỹ năng sống/Sách tư duy - Kỹ năng sống,253
21054302,sách giới hạn cho con bạn,HENRY CLOUD - JOHN TOWNSEND,95200,97533,NONE,0,19,1,https://tiki.vn/sach-gioi-han-cho-con-ban-p21054302.html?spid=198057886,https://salt.tikicdn.com/cache/280x280/ts/product/4b/40/79/3a9541e5ccae8e7d092d514a189213da.jpg,"Ranh giới là “đường giới hạn” định nghĩa một người; nó định rõ điểm kết thúc của người này và điểm khởi đầu của người kia. Nếu biết rõ vị trí các ranh giới của một người, chúng ta có thể mong đợi họ biết cách kiểm soát bản thân. Chúng ta có thể đòi hỏi ở họ trách nhiệm đối với cảm xúc, hành vi và thái độ. Ví dụ, tất cả chúng ta đều từng thấy các cặp vợ chồng tranh cãi với nhau về việc “ai là người có lỗi”, mỗi người đều né tránh việc phải chịu trách nhiệm với người kia. Trong một mối quan hệ với ai đó, chúng ta có thể xác định những gì chúng ta mong đợi ở người kia, sau đó chúng ta có thể yêu cầu đối phương chịu trách nhiệm về phần mình. Khi mỗi người nắm quyền sở hữu một phần mối quan hệ, mối quan hệ sẽ bền vững, và tất cả chúng ta đều đạt được mục đích của mình
Một đứa trẻ cũng vậy. Nó cần phải biết mình có thể bắt đầu từ đâu, cần hoặc không cần phải chịu trách nhiệm về điều gì. Nếu biết mình phải tự chịu trách nhiệm về bản thân và cuộc sống của chính mình, nó sẽ tìm cách đáp ứng những yêu cầu đó và sống hoà hợp với mọi người trong cuộc sống.",Sách tiếng Việt/Sách kỹ năng sống/Sách tư duy - Kỹ năng sống,229
275382105,sách hạnh phúc cầm tay,,67500,126688,NONE,0,0,1,https://tiki.vn/sach-hanh-phuc-cam-tay-p275382105.html?spid=275444507,https://salt.tikicdn.com/cache/280x280/ts/product/8c/ce/b9/5413d560356aff70e92039f3dfafeb74.jpg,"Cuộc sống quanh ta đầy màu nhiệm, chánh niệm là trái tim của thiền tập, là nguồn năng lượng xuyên suốt không thể thay đổi. Một người sống trong chánh niệm, tâm an, sẽ khiến những người xung quanh vui vẻ, an nhiên và thậm chí thay đổi cả xã hội.
“Tất cả chúng ta đều có hạt giống của niệm và định”.
“Định làm phát sinh hỷ lạc” Định nguồn căn, có định con người sẽ cảm thấy đang thực sự sống chứ không phải chỉ tồn tại. Cảm nhận cuộc đời tươi đẹp không qua đôi mắt mà qua hơi thở và tâm hồn.
Thiền sư Lâm Tế đã nói rằng: “Phép lạ là đi trên mặt đất mà không phải đi trên mặt nước hay đi trên than hồng”. Tất cả những gì ta làm đều cốt yếu là để tâm an. Mỗi ngày, ta đì tìm tự do cho hạnh phúc, hay hạnh phúc để được tự do? Nếu cứ mải mê mắc kẹt trong quá khứ và lo buồn về tương lai, hiện tại sẽ tự nhiên ngả màu héo úa.
Nghỉ ngơi là bước đầu tiên của thiền tập, và con đường ngắn nhất là thả lỏng và không gượng ép. Sống là để không uổng phí một đời, sống trọn vẹn từng giây phút, thanh thản từng hành động.
Bước đi một cách thoải mái, an lạc, đi như không đi sẽ không thấy mệt mỏi. Sự cố gượng là không cần thiết nếu ta hiểu được rằng mỗi bước đi là mỗi bước được tiếp xúc với cuộc đời và sự màu nhiệm vô tận. Chạm vào đất Mẹ là nguồn căn của “Sám Pháp địa xúc”, người thường cũng có thể thực hành khi bế tắc, lo sợ, Người nhẫn nại bảo hộ, che chở và cho ta lối thoát, mọi thứ tự khắc trở nên nhẹ nhàng.
Cuốn sách tiếp tục với Năm uẩn trong một con người: sắc, thọ, tưởng, hành, thức, đều cần ta trị vì, cai quản. Có chánh niệm sẽ nhận diện được tập khí khi chúng đang phát khởi và ngăn ngừa nó hoành hành ta, quấy nhiễu giấc ngủ ta mỗi đêm. Cả những tri giác sai lầm vây bám lấy tâm trí ta, cũng sẽ được loại bỏ.
Khép lại với Năm giới tân tu: Bảo vệ sự sống, Hạnh phúc chân thật, Tình thương đích thực, Lắng nghe và ái ngữ, Nuôi dưỡng và trị liệu là năm phép thực tập chánh niệm, có khả năng xoá bỏ mọi rào cản, kể cả hận thù và tuyệt vọng để ta bước đi trên con đường thanh thản, sống cuộc đời đáng sống của ta.
""Trong mỗi chúng ta, ai cũng có một em bé bị thương bên trong. Khi còn nhỏ tất cả chúng ta đều trải qua những giai đoạn khó khăn và khổ đau nên mang theo trong lòng nhiều thương tích. Để bảo vệ và phòng hộ cho chính mình, không muốn cho những khổ đau ấy xảy ra trong tương lai, ta có khuynh hướng quên đi những khổ đau thời thơ ấu. Mỗi lần tiếp xúc với những khổ đau như thế ta có cảm tưởng là ta không thể chịu nỗi và ta muốn nhận chìm những cảm thọ, những ký ức này xuống dưới vùng vô thức. Và ta không dám đối diện với em bé này đã nhiều năm rồi. Tuy nhiên, không phải vì ta không muốn để ý tới nó mà nó không có. Đứa trẻ bị thương luôn luôn có đó, muốn sự chú ý của ta. """,Sách tiếng Việt/Sách kỹ năng sống/Sách tư duy - Kỹ năng sống,1238
275339023,sách hạnh phúc cầm tay,,67500,295057,NONE,0,0,,https://tiki.vn/sach-hanh-phuc-cam-tay-th-p275339023.html?spid=275444148,https://salt.tikicdn.com/cache/280x280/ts/product/dd/9c/42/3aaaef31d09927be4c2f601b717a2630.jpg,"Hạnh Phúc Cầm Tay
Cuộc sống quanh ta đầy màu nhiệm, chánh niệm là trái tim của thiền tập, là nguồn năng lượng xuyên suốt không thể thay đổi. Một người sống trong chánh niệm, tâm an, sẽ khiến những người xung quanh vui vẻ, an nhiên và thậm chí thay đổi cả xã hội.
“Tất cả chúng ta đều có hạt giống của niệm và định”.
“Định làm phát sinh hỷ lạc” Định nguồn căn, có định con người sẽ cảm thấy đang thực sự sống chứ không phải chỉ tồn tại. Cảm nhận cuộc đời tươi đẹp không qua đôi mắt mà qua hơi thở và tâm hồn.
Thiền sư Lâm Tế đã nói rằng: “Phép lạ là đi trên mặt đất mà không phải đi trên mặt nước hay đi trên than hồng”. Tất cả những gì ta làm đều cốt yếu là để tâm an. Mỗi ngày, ta đì tìm tự do cho hạnh phúc, hay hạnh phúc để được tự do? Nếu cứ mải mê mắc kẹt trong quá khứ và lo buồn về tương lai, hiện tại sẽ tự nhiên ngả màu héo úa.
Nghỉ ngơi là bước đầu tiên của thiền tập, và con đường ngắn nhất là thả lỏng và không gượng ép. Sống là để không uổng phí một đời, sống trọn vẹn từng giây phút, thanh thản từng hành động.
Bước đi một cách thoải mái, an lạc, đi như không đi sẽ không thấy mệt mỏi. Sự cố gượng là không cần thiết nếu ta hiểu được rằng mỗi bước đi là mỗi bước được tiếp xúc với cuộc đời và sự màu nhiệm vô tận. Chạm vào đất Mẹ là nguồn căn của “Sám Pháp địa xúc”, người thường cũng có thể thực hành khi bế tắc, lo sợ, Người nhẫn nại bảo hộ, che chở và cho ta lối thoát, mọi thứ tự khắc trở nên nhẹ nhàng.
Cuốn sách tiếp tục với Năm uẩn trong một con người: sắc, thọ, tưởng, hành, thức, đều cần ta trị vì, cai quản. Có chánh niệm sẽ nhận diện được tập khí khi chúng đang phát khởi và ngăn ngừa nó hoành hành ta, quấy nhiễu giấc ngủ ta mỗi đêm. Cả những tri giác sai lầm vây bám lấy tâm trí ta, cũng sẽ được loại bỏ.
Khép lại với Năm giới tân tu: Bảo vệ sự sống, Hạnh phúc chân thật, Tình thương đích thực, Lắng nghe và ái ngữ, Nuôi dưỡng và trị liệu là năm phép thực tập chánh niệm, có khả năng xoá bỏ mọi rào cản, kể cả hận thù và tuyệt vọng để ta bước đi trên con đường thanh thản, sống cuộc đời đáng sống của ta.",Sách tiếng Việt/Sách kỹ năng sống/Sách tư duy - Kỹ năng sống,1202
275398080,sách hạnh phúc đến từ sự biến mất,,98000,326683,NONE,0,0,,https://tiki.vn/sach-hanh-phuc-den-tu-su-bien-mat-first-news-p275398080.html?spid=277568912,https://salt.tikicdn.com/cache/280x280/ts/product/0a/9f/73/55e16a5a90934454c2e624f7d6a49a01.jpg,"Trong “Hạnh phúc đến từ sự biến mất”, tu sỹ Ajahn Brahm chia sẻ những trải nghiệm và suy nghĩ của mình về con đường đi tìm hạnh phúc vĩnh hằng. Đó chính là con đường chánh niệm, diệt trừ cái tôi, trở nên “vô ngã” của Đức Phật từ ngàn xưa.
Đối diện với những biến cố trong cuộc sống, với vòng sinh tử luân hồi, ta trở nên lo lắng, sợ hãi, bất an, đau khổ trước những sự thay đổi. Nhưng ta có tự hỏi, vì cớ nào mà mình trở nên đau khổ, sợ hãi?
Đó là vì ta thường nghĩ đến mình và sợ mất đi những thứ “của mình”. Đối với Ajahn Brahm, chìa khoá để mở cánh cửa hạnh phúc vĩnh hằng và bình an chính là buông bỏ. Biến mất là dứt bỏ tất cả mọi thứ, không chuốc thêm vật chất hay giành giật địa vị. Khi ta dứt bỏ cái gì đó, dứt bỏ thật sự thì nó biến mất. Đó là sự biến mất từ trong ra ngoài, sự biến mất của cái tôi – bản ngã. Dứt bỏ cái tôi thì ta dứt bỏ được tất cả phù phiếm, ảo ảnh bên ngoài; dứt bỏ được những nỗi đau, lo lắng thua thiệt đi kèm nó. Từ đó, ta tìm được bình yên thực sự, tìm được niềm hạnh phúc bất diệt.
Điểm đặc biệt của cuốn sách “Hạnh phúc đến từ sự biến mất” là Ajahn Brahm không chủ tâm đem đến một quyển cẩm nang hay sách hướng dẫn hành thiền theo từng bước. Thay vào đó, Ajahn Brahm chỉ đơn giản đưa ra những lời chia sẻ, những mô tả về con đường quay trở về bản chất “vô ngã” của một người. Đây là những lời chia sẻ minh triết, đi thẳng vào trọng tâm, tháo gỡ những thắc mắc, băn khoăn của các thiền sinh, tu sỹ.
Sách bao gồm 11 chương, mỗi chương chia sẻ về các vấn đề, trải nghiệm mà thiền sinh đối mặt trong hành trình đạt được giác ngộ. Những chia sẻ này không chỉ giúp các thiền sinh vượt qua những trở ngại trong quá trình tu thiền, mà còn là những chỉ dẫn giúp họ soi xét lộ trình giác ngộ, đúng với con đường mà Đức Phật đã đi qua.",Sách tiếng Việt/Sách kỹ năng sống/Sách tư duy - Kỹ năng sống,1255
275398594,sách hạnh phúc đến từ sự biến mất,,98000,326683,NONE,0,0,,https://tiki.vn/sach-hanh-phuc-den-tu-su-bien-mat-first-news-p275398594.html?spid=277568886,https://salt.tikicdn.com/cache/280x280/ts/product/56/a5/2d/e44c534afb783ee01a29decda31e20dc.jpg,"HẠNH PHÚC ĐẾN TỪ SỰ BIẾN MẤT
Đối với Ajahn Brahm, chìa khoá để mở cánh cửa hạnh phúc vĩnh hằng và bình an chính là buông bỏ. Biến mất là dứt bỏ tất cả mọi thứ, không chuốc thêm vật chất hay giành giật địa vị. Khi ta dứt bỏ cái gì đó, dứt bỏ thật sự thì nó biến mất. Đó là sự biến mất từ trong ra ngoài, sự biến mất của cái tôi – bản ngã. Dứt bỏ cái tôi thì ta dứt bỏ được tất cả phù phiếm, ảo ảnh bên ngoài; dứt bỏ được những nỗi đau, lo lắng thua thiệt đi kèm nó. Từ đó, ta tìm được bình yên thực sự, tìm được niềm hạnh phúc bất diệt.
Điểm đặc biệt của cuốn sách “Hạnh phúc đến từ sự biến mất” là Ajahn Brahm không chủ tâm đem đến một quyển cẩm nang hay sách hướng dẫn hành thiền theo từng bước. Thay vào đó, Ajahn Brahm chỉ đơn giản đưa ra những lời chia sẻ, những mô tả về con đường quay trở về bản chất “vô ngã” của một người. Đây là những lời chia sẻ minh triết, đi thẳng vào trọng tâm, tháo gỡ những thắc mắc, băn khoăn của các thiền sinh, tu sỹ.
Sách bao gồm 11 chương, mỗi chương chia sẻ về các vấn đề, trải nghiệm mà thiền sinh đối mặt trong hành trình đạt được giác ngộ. Những chia sẻ này không chỉ giúp các thiền sinh vượt qua những trở ngại trong quá trình tu thiền, mà còn là những chỉ dẫn giúp họ soi xét lộ trình giác ngộ, đúng với con đường mà Đức Phật đã đi qua.
Trong “Hạnh phúc đến từ sự biến mất”, Ajahn Brahm trích tại nhiều điển tích, lời dạy của Đức Phật. Ông giảng giải, chia sẻ những câu chuyện về thiền định và hành trình giác ngộ qua giọng văn chân thực, đôi khi có chút hài hước. Cuốn sách là một sự lựa chọn sáng suốt cho những ai mong muốn tìm hiểu sâu sắc về Phật giáo, và đang nghiêm túc thực hành thiền định. Sách do Trần Thị Hương Lan dịch, First News thực hiện, NXB Tổng hợp ấn hành.",Sách tiếng Việt/Sách kỹ năng sống/Sách tư duy - Kỹ năng sống,1269
342428,sách hạnh phúc tại tâm,OSHO,91700,60209,NONE,0,1,,https://tiki.vn/sach-hanh-phuc-tai-tam-p342428.html?spid=192889241,https://salt.tikicdn.com/cache/280x280/media/catalog/product/h/a/hanh_phuc_1.jpg,"Hạnh Phúc Tại Tâm - quyển sách sẽ giúp bạn hiểu rằng hạnh phúc không ở đâu xa mà ở ngay bên trong con người bạn. Với những lý giải tinh tế của Osho sẽ giúp bạn đọc có những trải nghiệm thật thú vị khi đọc quyển sách này, hệt như bạn đang được nói chuyện với chính mình - một cách thông minh nhất.
Mời các bạn đón đọc!",Sách tiếng Việt/Sách kỹ năng sống/Sách kỹ năng mềm,14
75530157,sách hạnh phúc tại tâm,OSHO,95000,111899,OFFICIAL_STORE,5,203,17,https://tiki.vn/sach-hanh-phuc-tai-tam-tai-ban-p75530157.html?spid=174808260,https://salt.tikicdn.com/cache/280x280/ts/product/ce/f4/a3/180b05e1591efcacba3c242d5b892c1b.jpg,"Một trong các bậc thầy tâm linh được nhắc tới nhiều nhất và gây ra nhiều tranh luận nhất trong thời hiện đại chính là Osho. Người ta gọi ông là đạo sư, nhà triết học và kể cả là kẻ nổi loạn, ma quỷ.
Hạnh phúc tại tâm là cuốn sách nằm trong số lượng đồ sộ các tác phẩm của Osho được học trò ghi lại. Những mẩu chuyện hài hước, những ngụ ngôn triết học, những tâm sự đầy trải nghiệm cá nhân, những đúc kết hiền về hạnh phúc chân thật là tất cả những gì mà Osho dành cho người lắng nghe ông. Toàn bộ các chương mục trong cuốn sách này tập trung vào bản chất của đời sống và khả năng hạnh phúc của con người, sẽ cho bạn một cái nhìn sâu sắc về con đường tìm kiếm hạnh phúc của Osho.
Hạnh phúc tại tâm - quyển sách sẽ giúp bạn hiểu rằng hạnh phúc không ở đâu xa mà ở ngay bên trong con người bạn. Với những lý giải tinh tế của, Osho sẽ giúp bạn đọc có những trải nghiệm thật thú vị khi đọc quyển sách này, hệt như bạn đang được nói chuyện với chính mình - một cách thông minh nhất.",Sách tiếng Việt/Sách kỹ năng sống/Sách kỹ năng mềm,395
230010726,sách harvard bốn rưỡi sáng,XIU-YING WEI,125000,295057,NONE,0,1,1,https://tiki.vn/sach-harvard-bon-ruoi-sang-tang-kem-bo-bookmark-love-book-p230010726.html?spid=274259987,https://salt.tikicdn.com/cache/280x280/ts/product/78/40/8b/56d3ee12f35f92be3c0127eace3993f1.png,"Harvard bốn rưỡi sáng sử dụng hình ảnh Harvard như một biểu tượng xuyên suốt, kể lại các câu chuyện có tính cách điệu về Harvard như một phương thức nhằm thu hút bạn đọc đến với cuốn sách, để từ đó chuyển tải những chỉ dẫn, khuyến khích, gợi ý cùng thông điệp vừa thực dụng vừa bay bổngtới các bạn trẻ đang ngồi trên ghế nhà trường và chuẩn bị bước vào đời. Có nhiềuthông điệp giá trị và hữu ích mà bạn sẽ học thu hoạch được từ cuốn sách như:
Nếu không chăm chỉ, thiên tài cũng trắng tay
Nhiệt tình là sức mạnh thay đổi vận mệnh
Biết tự kiểm soát bản thân để vững bước thành công
Tri thức là vốn quý mà không kẻ trộm nào lấy được
Đừng bao giờ lãng phí thời gian vào những việc vô bổ…
“Ai cũng là người cầm lái vận mệnh của chính mình. Và tự tin chính là la bàn chỉ hướng cho con thuyền của đời người. Người ta thành công hay không, hạnh phúc hay không, điều cốt yếu nhất là có tạo lập được niềm tin vững chắc hay không?”
---Harvard bốn rưỡi sáng",Sách tiếng Việt/Sách kỹ năng sống/Sách tư duy - Kỹ năng sống,932
170298038,sách harvard bốn rưỡi sáng,XIU-YING WEI,97300,1,OFFICIAL_STORE,4.8,163,1474,https://tiki.vn/sach-harvard-bon-ruoi-sang-p170298038.html?spid=170298039,https://salt.tikicdn.com/cache/280x280/ts/product/d7/cb/ea/aa532f265514c8a2be830e04eff4e3b2.jpg,"Harvard bốn rưỡi sáng sử dụng hình ảnh Harvard như một biểu tượng xuyên suốt, kể lại các câu chuyện có tính cách điệu về Harvard như một phương thức nhằm thu hút bạn đọc đến với cuốn sách, để từ đó chuyển tải những chỉ dẫn, khuyến khích, gợi ý cùng thông điệp vừa thực dụng vừa bay bổngtới các bạn trẻ đang ngồi trên ghế nhà trường và chuẩn bị bước vào đời. Có nhiềuthông điệp giá trị và hữu ích mà bạn sẽ học thu hoạch được từ cuốn sách như:
Nếu không chăm chỉ, thiên tài cũng trắng tay
Nhiệt tình là sức mạnh thay đổi vận mệnh
Biết tự kiểm soát bản thân để vững bước thành công
Tri thức là vốn quý mà không kẻ trộm nào lấy được
Đừng bao giờ lãng phí thời gian vào những việc vô bổ…
“Ai cũng là người cầm lái vận mệnh của chính mình. Và tự tin chính là la bàn chỉ hướng cho con thuyền của đời người. Người ta thành công hay không, hạnh phúc hay không, điều cốt yếu nhất là có tạo lập được niềm tin vững chắc hay không?”
---Harvard bốn rưỡi sáng",Sách tiếng Việt/Sách kỹ năng sống/Sách tư duy - Kỹ năng sống,742
244299434,sách harvard bốn rưỡi sáng,,125000,97533,NONE,0,0,,https://tiki.vn/sach-harvard-bon-ruoi-sang-tb-2022-nha-nam-ban-quyen-p244299434.html?spid=275141006,https://salt.tikicdn.com/cache/280x280/ts/product/eb/0f/dc/5ca0df124818b14b56333995e6a0eab1.jpg,"Harvard bốn rưỡi sáng sử dụng hình ảnh Harvard như một biểu tượng xuyên suốt, kể lại các câu chuyện có tính cách điệu về Harvard như một phương thức nhằm thu hút bạn đọc đến với cuốn sách, để từ đó chuyển tải những chỉ dẫn, khuyến khích, gợi ý cùng thông điệp vừa thực dụng vừa bay bổng tới các bạn trẻ đang ngồi trên ghế nhà trường và chuẩn bị bước vào đời. Có nhiều thông điệp giá trị và hữu ích mà bạn sẽ học thu hoạch được từ cuốn sách như:
Nếu không chăm chỉ, thiên tài cũng trắng tay
Nhiệt tình là sức mạnh thay đổi vận mệnh
Biết tự kiểm soát bản thân để vững bước thành công
Tri thức là vốn quý mà không kẻ trộm nào lấy được
Đừng bao giờ lãng phí thời gian vào những việc vô bổ…
“Ai cũng là người cầm lái vận mệnh của chính mình. Và tự tin chính là la bàn chỉ hướng cho con thuyền của đời người. Người ta thành công hay không, hạnh phúc hay không, điều cốt yếu nhất là có tạo lập được niềm tin vững chắc hay không?”
---Harvard bốn rưỡi sáng",Sách tiếng Việt/Sách kỹ năng sống/Sách tư duy - Kỹ năng sống,950
343393,sách hạt giống tâm hồn 1,.,76000,326683,NONE,0,0,,https://tiki.vn/sach-hat-giong-tam-hon-1-p343393.html?spid=277550937,https://salt.tikicdn.com/cache/280x280/media/catalog/product/h/g/hgth_-_1_2.jpg,"Hạt Giống Tâm Hồn Tập 1 - Cho Lòng Dũng Cảm và Tình Yêu Cuộc Sống
“Thân tặng tất cả những người đang trăn trở, đang vượt qua những khó khăn, thử thách tinh thần và niềm tin trong cuộc sống để đạt được ước mơ của mình”.
Cuộc sống chúng ta ra sao, luôn ngập tràn sợ hãi và oán hờn hay chấp nhận và vui sống để vươn lên sẽ tuỳ thuộc vào cách ta đối mặt với những khó khăn thử thách ta gặp trên con đường như thế nào.
Hai tập “ Hạt giống tâm hồn cho lòng dũng cảm và tình yêu cuộc sống” do First News thực hiện trong bộ sách Hạt giống tâm hồn này sẽ là người bạn đồng hành cùng độc giả vượt qua những khó khăn thử thách trong cuộc sống thường ngày như nỗi mất mát, nỗi đau tổn thương tinh thần, tình cảm, niềm tin, bệnh tật, những thăng trầm trên bước đường theo đuổi ước mơ của cuộc đời hay vươn lên cho cuộc sống tốt đẹp hơn.
Qua những sự kiện bất hạnh, những câu chuyện bình thường, những người bình dị, các câu chuyện đều nhấn mạnh đến tinh thần vượt lên, chiến thắng chứ không phải những điều lạ thường. bạn có thể bắt gặp câu chuyện của chính mình, của những người xung quanh hay của những người hoàn toàn xa lạ... để suy gẫm, chiêm nghiệm, khám phá và tìm thấy câu châm ngôn cuộc sống của mình!
Mời bạn đón đọc.",Sách tiếng Việt/Sách kỹ năng sống/Sách kỹ năng mềm,16
324681,sách hạt giống tâm hồn 1,.,76000,326683,NONE,0,4,1,https://tiki.vn/sach-hat-giong-tam-hon-1-p324681.html?spid=277550946,https://salt.tikicdn.com/cache/280x280/media/catalog/product/h/g/hgth_-_1.jpg,"Hạt Giống Tâm Hồn Tập 1 - Cho Lòng Dũng Cảm và Tình Yêu Cuộc Sống
“Thân tặng tất cả những người đang trăn trở, đang vượt qua những khó khăn, thử thách tinh thần và niềm tin trong cuộc sống để đạt được ước mơ của mình”.
Cuộc sống chúng ta ra sao, luôn ngập tràn sợ hãi và oán hờn hay chấp nhận và vui sống để vươn lên sẽ tuỳ thuộc vào cách ta đối mặt với những khó khăn thử thách ta gặp trên con đường như thế nào.
Hai tập “ Hạt giống tâm hồn cho lòng dũng cảm và tình yêu cuộc sống” do First News thực hiện trong bộ sách Hạt giống tâm hồn này sẽ là người bạn đồng hành cùng độc giả vượt qua những khó khăn thử thách trong cuộc sống thường ngày như nỗi mất mát, nỗi đau tổn thương tinh thần, tình cảm, niềm tin, bệnh tật, những thăng trầm trên bước đường theo đuổi ước mơ của cuộc đời hay vươn lên cho cuộc sống tốt đẹp hơn.
Qua những sự kiện bất hạnh, những câu chuyện bình thường, những người bình dị, các câu chuyện đều nhấn mạnh đến tinh thần vượt lên, chiến thắng chứ không phải những điều lạ thường. bạn có thể bắt gặp câu chuyện của chính mình, của những người xung quanh hay của những người hoàn toàn xa lạ... để suy gẫm, chiêm nghiệm, khám phá và tìm thấy câu châm ngôn cuộc sống của mình!
Mời bạn đón đọc.",Sách tiếng Việt/Sách kỹ năng sống/Sách kỹ năng mềm,6
274729356,sách hạt giống tâm hồn 1,,76000,326683,NONE,0,0,1,https://tiki.vn/sach-hat-giong-tam-hon-1-p274729356.html?spid=277550871,https://salt.tikicdn.com/cache/280x280/ts/product/99/ac/91/6879f168ddafffbece1bcebfcbb5a4fb.jpg,"“Thân tặng tất cả những người đang trăn trở, đang vượt qua những khó khăn, thử thách tinh thần và niềm tin trong cuộc sống để đạt được ước mơ của mình”.
Cuộc sống chúng ta ra sao, luôn ngập tràn sợ hãi và oán hờn hay chấp nhận và vui sống để vươn lên sẽ tuỳ thuộc vào cách ta đối mặt với những khó khăn thử thách ta gặp trên con đường như thế nào.
Hai tập “ Hạt giống tâm hồn cho lòng dũng cảm và tình yêu cuộc sống” do First News thực hiện trong bộ sách Hạt giống tâm hồn này sẽ là người bạn đồng hành cùng độc giả vượt qua những khó khăn thử thách trong cuộc sống thường ngày như nỗi mất mát, nỗi đau tổn thương tinh thần, tình cảm, niềm tin, bệnh tật, những thăng trầm trên bước đường theo đuổi ước mơ của cuộc đời hay vươn lên cho cuộc sống tốt đẹp hơn.
Qua những sự kiện bất hạnh, những câu chuyện bình thường, những người bình dị, các câu chuyện đều nhấn mạnh đến tinh thần vượt lên, chiến thắng chứ không phải những điều lạ thường. bạn có thể bắt gặp câu chuyện của chính mình, của những người xung quanh hay của những người hoàn toàn xa lạ để suy gẫm, chiêm nghiệm, khám phá và tìm thấy câu châm ngôn cuộc sống của mình!",Sách tiếng Việt/Sách kỹ năng sống/Sách kỹ năng mềm,1151
48266434,sách hạt giống tâm hồn 1,FIRST NEWS,60800,1,OFFICIAL_STORE,4.5,20,310,https://tiki.vn/sach-hat-giong-tam-hon-1-tai-ban-p48266434.html?spid=48266435,https://salt.tikicdn.com/cache/280x280/ts/product/06/1f/91/1b09671e6100e43a43c018d4cf2055d1.jpg,"Hạt Giống Tâm Hồn 1
Cuộc sống chúng ta ra sao, luôn ngập tràn sợ hãi và oán hờn hay chấp nhận và vui sống để vươn lên sẽ tuỳ thuộc vào cách ta đối mặt với những khó khăn thử thách ta gặp trên con đường như thế nào.
Với mong muốn được cùng độc giả vượt qua những khó khăn thử thách trong cuộc sống thường ngày như nỗi mất mát, nỗi đau tổn thương tinh thần, tình cảm, niềm tin, bệnh tật, những thăng trầm trên bước đường theo đuổi ước mơ của cuộc đời hay vươn lên cho cuộc sống tốt đẹp hơn, ""Hạt Giống Tâm Hồn - Cho Lòng Dũng Cảm và Tình Yêu Cuộc Sống"" đã được giới thiệu đến độc giả.",Sách tiếng Việt/Sách kỹ năng sống/Sách kỹ năng mềm,339
345422,sách hạt giống tâm hồn 1,.,76000,326683,NONE,0,1,,https://tiki.vn/sach-hat-giong-tam-hon-1-tai-ban-p345422.html?spid=277551001,https://salt.tikicdn.com/cache/280x280/media/catalog/product/h/g/hgth_-_1_2_1.jpg,"Hạt Giống Tâm Hồn Tập 1 - Cho Lòng Dũng Cảm và Tình Yêu Cuộc Sống
“Thân tặng tất cả những người đang trăn trở, đang vượt qua những khó khăn, thử thách tinh thần và niềm tin trong cuộc sống để đạt được ước mơ của mình”.
Cuộc sống chúng ta ra sao, luôn ngập tràn sợ hãi và oán hờn hay chấp nhận và vui sống để vươn lên sẽ tuỳ thuộc vào cách ta đối mặt với những khó khăn thử thách ta gặp trên con đường như thế nào.
Hai tập “ Hạt giống tâm hồn cho lòng dũng cảm và tình yêu cuộc sống” do First News thực hiện trong bộ sách Hạt giống tâm hồn này sẽ là người bạn đồng hành cùng độc giả vượt qua những khó khăn thử thách trong cuộc sống thường ngày như nỗi mất mát, nỗi đau tổn thương tinh thần, tình cảm, niềm tin, bệnh tật, những thăng trầm trên bước đường theo đuổi ước mơ của cuộc đời hay vươn lên cho cuộc sống tốt đẹp hơn.
Qua những sự kiện bất hạnh, những câu chuyện bình thường, những người bình dị, các câu chuyện đều nhấn mạnh đến tinh thần vượt lên, chiến thắng chứ không phải những điều lạ thường. bạn có thể bắt gặp câu chuyện của chính mình, của những người xung quanh hay của những người hoàn toàn xa lạ... để suy gẫm, chiêm nghiệm, khám phá và tìm thấy câu châm ngôn cuộc sống của mình!
Mời bạn các đón đọc!",Sách tiếng Việt/Sách kỹ năng sống/Sách kỹ năng mềm,22
274729346,sách hạt giống tâm hồn 10,,66800,111899,OFFICIAL_STORE,0,0,,https://tiki.vn/sach-hat-giong-tam-hon-10-p274729346.html?spid=277360692,https://salt.tikicdn.com/cache/280x280/ts/product/cb/dc/74/7bff3e436aee1ed7514b18ddbd7d37c1.jpg,"Hạt Giống Tâm Hồn - Theo Dòng Thời Gian
Những vụ cướp bóc và lừa đảo. Những bê bối chính trị và văn hoá thể hiện sự suy đồi đạo đức. Những cuộc chiến khiến nhiều người vô tội thương vong. Thiên tai, dịch bệnh và những kẻ trục lợi từ nỗi đau của người khác. Mỗi ngày theo nhiều cách, chúng ta biết được các thông tin đáng buồn có thể khiến ta hoài nghi về sự tốt đẹp của con người.
Giữa một xã hội đầy biến động với nhiều điều tiêu cực bủa vây bạn, “Theo Dòng Thời Gian” như một chốn an toàn để bạn tránh bão, một bến đỗ cho niềm tin của bạn vào cuộc sống. Quyển sách gồm những câu chuyện người thật việc thật cho chúng ta thấy được nhiều khía cạnh tích cực của con người - những người rất đỗi bình thường dám hy sinh vì người khác mặc cho bản thân gặp nguy hiểm, những người vẫn chọn tin vào điều tốt đẹp dẫu cuộc sống của họ có vô vàn khó khăn, những người không khuất phục trước bệnh tật hay khiếm khuyến trên cơ thể, quyết tâm sống trọn vẹn và cống hiến cho xã hội.
Trong thời đại mà tình cảm gia đình và giữa con người với nhau đang bị đe doạ nghiêm trọng, cuộc đời vẫn thật đẹp khi có một Hazel Miner mười lăm tuổi dũng cảm hy sinh thân mình để bảo vệ các em sống sót qua cơn bão tuyết; một huấn luyện viên Joe từ chối lời đề nghị triệu đô vì nhận ra rằng không tiền bạc nào mua được những kỷ niệm với vợ con và quá trình chứng kiến các lớp học trò của mình trưởng thành hơn từng ngày.
Giữa lúc chúng ta nghe quá nhiều vụ bê bối và tình trạng suy đồi đạo đức trong kinh tế, giáo dục, y tế và các lĩnh vực khác của xã hội, thật may mắn khi cuộc đời vẫn thật đẹp khi có một Lori Lewis dám đứng lên tố cáo nạn sử dụng chất steroid lên các vận động viên bóng bầu dục trẻ tuổi tại một trường trung học và góp phần thúc đẩy phong trào chống chất steroid; một kỹ sư cơ khí Don Schoendorfer dành ra thời gian mỗi ngày để cặm cụi phát minh xe lăn chi phí thấp và lập chiến dịch Free Wheelchair Mission, trao tặng hàng trăm ngàn chiến xe lăn miễn phí cho người khuyết tật ở bốn mươi lăm quốc gia trên thế giới.
Trong một thế kỷ có nhiều tội ác, chiến tranh, thiên tai và dịch bệnh luôn rình rập, cuộc đời vẫn thật đẹp khi có một Rick nhất quyết không đầu hàng bệnh tật và một tay chăm sóc cô con gái thường xuyên đau ốm bất chấp căn bệnh hành hạ khiến ông đi không vững; một người hàng xóm cuối cùng cũng thay đổi quan điểm và thành kiến về sắc tộc và màu da, dần dần chung sống hoà thuận với những con người hiền hoà và chăm chỉ đến từ nhiều nền văn hoá khác nhau.
Mỗi nhân vật trong quyển sách là một tấm gương về nghĩa cử cao đẹp của lòng nhân ái, sự trong sáng của tình yêu, sự chân thành của tình bạn, sự nồng ấm của tình cảm gia đì Họ là những người đã dùng cuộc sống của mình để chứng minh rằng thế giới quanh ta vẫn thật đáng quý, đáng yêu.",Sách tiếng Việt/Sách kỹ năng sống/Sách kỹ năng mềm,1146
355123,sách hạt giống tâm hồn 10,.,68000,97533,NONE,0,5,1,https://tiki.vn/sach-hat-giong-tam-hon-10-tai-ban-p355123.html?spid=274874065,https://salt.tikicdn.com/cache/280x280/media/catalog/product/h/a/hat-giong-tam-hon-10.jpg,"Hạt Giống Tâm Hồn 10 (Tái Bản)
Sống trong một thế giới đầy biến động, với những cuộc khủng hoảng, chết chóc và thở than, tôi thấy mình thật may mắn khi hằng ngày được gặp gỡ với rất nhiều cá nhân trên khắp thế giới. Họ là những người đã dùng cuộc sống của mình để chứng minh rằng thế giới quanh ta vẫn thật đáng quý, đáng yêu.
Giữa lúc chúng ta phải nghe qua nhiều những vụ bê bối của các doanh nghiệp và tình trạng suy đồi đạo đức trong kinh doanh, tôi thấy mình thật may mắn khi quen biết nhiều nhà lãnh đạo cấp quốc gia, chủ tịch các tập đoàn và các tư vấn viên đạo đức liêm chính.
Sống trong thế kỷ khi ma tội ác, chiến tranh, thiên tai và dịch bệnh lươn rình rập, đe doạ, tôi cảm thấy mình thật may mắn khi được làm việc cùng các nhà hành pháp, các nhà lãnh đạo, các giáo sư bác sĩ sẵn lòng cống hiến cho mọi người.
Sống trong thời đại khi mà tình phụ tử và mối ràng buộc gia đình đang bị đoe doạ nghiêm trọng, tôi cảm thấy mình thật may mắn khi biết những người cha tận tuỵ, nhựng người mẹ bao dung đang từng ngày từng đêm nỗ lực hết sức mìnhcho sự lớn khôn cả về thể chất lẫn tâm hồn của con cái.
Quả thực tôi thấy mình may mắn khi có cơ hội gặp gỡ những con người như thế trên mọi nẻo đời. Chính họ đã mang đến cho tôi niềm tin rằng ở bất cứ nơi đâu trên trái đất này luôn hiện diện những con người dấn thân, cống hiến cho đời. Họ chính là nguồn cảm hứng bất tận của tôi. Và tôi đang muốn truyên nguồn cảm hứng đó đến bạn qua tập sách này.
Mời bạn đón đọc.",Sách tiếng Việt/Sách kỹ năng sống/Sách kỹ năng mềm,28
274729353,sách hạt giống tâm hồn 13,,68000,97533,NONE,0,0,,https://tiki.vn/sach-hat-giong-tam-hon-13-p274729353.html?spid=275047257,https://salt.tikicdn.com/cache/280x280/ts/product/9e/62/f2/8657f1c1593acfa8bd6740070f259ca0.jpg,"Hạt Giống Tâm Hồn - Cách Nghĩ Mở Con Đường
Một trong những khao khát mãnh liệt nhất của con người chính là khao khát chinh phục vũ trụ. Vì vậy trong suốt hàng thập kỷ, các tổ chức ở nhiều quốc gia không ngừng nghiên cứu và phát triển công nghệ để có thể bay đến các hành tinh trong hệ Mặt trời. Sự kiện ngày 12 tháng Tư năm 1961 đánh dấu một cột mốc lịch sử của nhân loại khi nước Nga phóng thành công con tàu Phương Đông đưa con người đầu tiên trên thế giới bay vào vũ trụ.
Chúng ta ai cũng biết nhân vật nổi tiếng đó là phi hành gia Yuri Alechseyevich Gagarin (1934-1968). Thế nhưng có lẽ ít người biết lý do vì sao Gagarin, lúc bấy giờ chỉ mới hai mươi bảy tuổi, lại có thể vượt qua rất nhiều ứng cử viên khác để có được vinh dự này. Đó là vì nhà thiết kế tàu vũ trụ Sergey Pavlovich Korolyov đã nhìn thấy Gagarin thực hiện một việc nhỏ: Anh cởi giày ra và chỉ mang tất khi bước vào phi thuyền.
Chính hành động tinh tế đó của Gagarin đã thuyết phục Korolyov tin rằng anh biết tuân theo quy tắc và trân trọng phi thuyền. Để chinh phục được các mục tiêu đã đặt ra, bạn phải trang bị cho mình những kiến thức, kỹ năng và thái độ cần có. Chẳng hạn như nếu muốn chinh phục một ngọn núi, bạn phải tìm hiểu địa hình ngọn núi, có kỹ năng leo núi, nắm rõ lộ trình, các yếu tố thời tiết, địa lý và mang theo đủ những vật dụng thiết yếu. Sự chuẩn bị kỹ lưỡng và để ý đến những chi tiết sẽ giúp nâng cao khả năng bạn đặt chân đến được đỉnh núi.
Câu chuyện về phi hành gia Gagarin cũng cho thấy cách suy nghĩ của chúng ta quan trọng nhiều đến mức nào. Bởi vì ý nghĩ quyết định hành động và hành động quyết định kết quả, nên khi có cách suy nghĩ đúng, bạn sẽ biết phải hành động như thế nào để tạo ra kết quả mình mong muốn.
Thế nhưng sống ở đời, không ai tránh được những việc ngoài ý muốn. Nếu ví đường đời như một sợi dây thì bạn giống như người đang tập để trở thành nghệ sĩ đi trên dây. Để thành thạo kỹ năng đi thăng bằng trên dây, bạn phải kiên trì rèn luyện dẫu cho có ngã bao nhiêu lần đi nữa. Đừng vì ngã đau mà bỏ cuộc. Sau mỗi lần ngã, bạn hãy đứng dậy, giữ thẳng lưng và ngẩng cao đầu tiếp tục tiến về phía trước. Khi không còn bận tâm về “chuyện ngoài ý muốn” hay cảm giác sợ bị ngã, đó là lúc bạn có thể vững bước trên đường đời.
Quyển sách “Cách Nghĩ Mở Con Đường” (tái bản từ quyển “Cách Nghĩ Quyết Định Hướng Đi”, có chỉnh sửa và bổ sung) gồm những câu chuyện nhỏ ý nghĩa và những bài học quý giá được đúc kết bởi nhiều thế hệ về tầm quan trọng của việc tích luỹ kiến thức, giữ vững niềm tin và quyết tâm cao độ để theo đuổi lý tưởng tốt đẹp.
Trong suốt hành trình cuộc sống, bạn phải luôn nhắc nhở bản thân đừng bao giờ nản lòng trước khó khăn hay ngủ quên trong chiến thắng vì cuộc sống đầy những điều bất ngờ. Đồng thời sau mỗi chặng đường,",Sách tiếng Việt/Sách kỹ năng sống/Sách kỹ năng mềm,1149
217730456,sách hạt giống tâm hồn 13,NHIỀU TÁC GIẢ,59800,1,OFFICIAL_STORE,4.8,4,55,https://tiki.vn/sach-hat-giong-tam-hon-13-tai-ban-p217730456.html?spid=217730457,https://salt.tikicdn.com/cache/280x280/ts/product/a7/35/31/e4ad86ea856378463cce300b90388d69.png,"“Cuộc sống vốn có nhiều khó khăn thử thách và cả thất vọng, nỗi buồn. Dũng cảm vượt qua để luôn là chính mình và đừng để điều gì có thể che khuất ước mơ, niềm tin và hoài bão”.
Đó chính là ý tưởng chính của Tập sách “Hạt Giống Tâm Hồn” do Công Ty First News (NXB Tổng Hợp TP. HCM) phát hành. Mỗi tập sách gồm nhiều bài viết, truyện ngắn hay, có ý nghĩa sâu sắc, gần gũi với cuộc sống, mang tính tự nhận thức và giáo dục cao.
Trong cuộc sống chúng ta ai cũng có một ước mơ cho một ngày mai thật đẹp, dù bình dị hay phi thường. Đó có thể là ước mơ của một cậu bé mồ côi mong có ngày được chăm sóc trong vòng tay người mẹ; ước mơ của một chú bé tật nguyền được bước đi bình thường như bao người khác; ước mơ nhìn thấy ánh sáng của một người mù; ước mơ tìm được việc làm của một chàng trai thất nghiệp…; hoặc có thể là những ước mơ chinh phục, vượt qua thử thách, vươn lên khẳng định mình và trở thành những gì mà mình từng ao ước…
Nhưng cuộc sống luôn tiềm ẩn những trở ngại, khó khăn và thử thách bất ngờ - con đường đi đến những ước mơ ấy không hề bằng phẳng. Bao khó khăn, trở ngại và cả bất hạnh có thể xảy ra vào những lúc không mong chờ nhất như để thử thách lòng dũng cảm của con người.
Trước những khó khăn thử thách ấy, mỗi người sẽ tự chọn cho mình cách đón nhận, đối đầu để có một hướng đi riêng. Có người phó thác cho số phận, có người trốn chạy đi tìm nơi trú ẩn, có người tự thay đổi để thích nghi với hoàn cảnh mới, cũng có người chìm vào biển tự than thân, trách phận để rồi ngã gục trong cơn dông tố cuộc đời.
Thế nhưng, bất kể là ai, tự đáy lòng của mỗi con người đều tồn tại một khát vọng mãnh liệt - đó là khát vọng sống và được luôn là chính mình. Chính khát vọng ấy đã khiến bao trái tim trăn trở, thao thức tìm cho mình một cách nghĩ, một sức mạnh tinh thần, một hướng đi để theo đuổi những hoài bão, ước mơ của mình.
Trong cuộc sống chúng ta ai cũng có một uớc mơ cho một ngày mai thật đẹp, dù bình dị hay phi thường. Những ước mơ đáng quý, đáng trân trọng đó luôn là niềm hy vọng, là nguồn động lực và niềm tin lớn nhất cho mỗi người để sống, để cảm nhận và hướng đến ngày mai.
Nhưng cuộc sống luôn tìm ẩn những trở ngại, khó khăn, và thử thách bất ngờ - con đường đi đến những ước mơ ấy không hề bằng phẳng. Bao khó khăn, trở ngại và cả bất hạnh có thể xảy ra vào những lúc không mong chờ nhất như để thử thách lòng dũng cảm của con người. Đó có thể là những trở ngại nhỏ ta vấp phải vào một thời điểm nào đó trước khi tự đứng thẳng trên đôi chân của mình. Có thể nó như những đám mây đen kịt báo hiệu cơn dông, khiến ngay cả những tâm hồn dũng cảm nhất cũng phải tìm kiếm chở che. Cũng có thể do khách quan hay là những ngục tù mà chính ta tự đưa mình và khiến ta tổn thương, mất niềm tin, và có lúc tưởng như không còn điểm tựa hay nghị lực để vượt qua. Trước những khó khăn thử thách ấy, mỗi người sẽ tự chọn cho mình cách đón nhận, đối đầu để có một hướng đi riêng. Có những phó thác cho số phận, có người trốn chạy để tìm nơi trú ẩn, có người tự thay đổi để thích nghi với hoàn cảnh mới, cũng có người ngã gục trong cơn giông tố cuộc đời.
Thế nhưng, bất kể là ai, tự đáy lòng của mỗi con người đều tồn tại một khát vọng mãnh liệt - đó chính là khát vọng sống - và được luôn là chính mình. Chính khát vọng ấy đã khiến bao trái tim trăn trở, thao thức tìm cho mình một cách nghĩ, một sức mạnh tinh thần, một hướng đi để theo đuổi những hoài bão, ước mơ của mình. Các tập sách “Hạt Giống Tâm Hồn” sẽ là người bạn đồng hành cùng độc giả vượt qua những khó khăn thử thách trong cuộc sống thường ngày, những nỗi mất mát, tổn thương tinh thần, tình cảm, những thăng trầm trên bước đường theo đuổi ước mơ của cuộc đời và vươn lên vì cuộc sống tốt đẹp hơn.
Báo chí nói gì về cuốn sách này:
“Bạn đọc có thể bắt gặp câu chuyện của chính mình, của những người xung quanh hay những người hoàn toàn xa lạ… để rồi suy ngẫm, chiêm nghiệm, khám phá và tìm thấy điều ý nghĩa nhất cũng như tìm thấy câu châm ngôn cho cuộc sống của mình.” – Tuổi Trẻ
“Đọc Hạt giống tâm hồn, chúng ta sẽ thấy được những cánh cửa mở ra cho mình khi ở bước đường cùng.” – Người Lao Động
“Hạt giống tâm hồn trở thành một hiện tượng văn hoá cộng đồng, biểu tượng nhân văn lan toả đến mọi ngóc ngách của người dân Việt Nam qua những nội dung sâu sắc, thực tế.” – Giáo Dục
“Hạt giống tâm hồn là những câu chuyện giản dị nhưng giàu ý nghĩa nhân văn, giàu cảm xúc giáo dục để bồi dưỡng tâm hồn.” - Sài Gòn Giải Phóng
“Hạt Giống Tâm Hồn cái tựa nghe thôi cũng rất trìu mến, thân thương và gần gũi đến thế. Trước khi thành công thì nên thành nhân trước là vậy. Bên trong con người ai cũng có những hạt giống đầy tốt đẹp và cần được nuôi dưỡng, vun đắp. Một tâm hồn khai mở và rộng lớn thì chắc chắn sẽ làm được điều gì đó giúp ích cho xã hội.” – Một Thế Giới",Sách tiếng Việt/Sách kỹ năng sống/Sách kỹ năng mềm,916
324684,sách hạt giống tâm hồn 2,.,76000,326683,NONE,0,0,1,https://tiki.vn/sach-hat-giong-tam-hon-2-p324684.html?spid=277551011,https://salt.tikicdn.com/cache/280x280/media/catalog/product/h/g/hgth_-_2.jpg,"Hạt Giống Tâm Hồn Tập 2 - Cho Lòng Dũng Cảm và Tình Yêu Cuộc Sống
“Thân tặng tất cả những người đang trăn trở, đang vượt qua những khó khăn, thử thách tinh thần và niềm tin trong cuộc sống để đạt được ước mơ của mình”.
Cuộc sống chúng ta ra sao, luôn ngập tràn sợ hãi và oán hờn hay chấp nhận và vui sống để vươn lên sẽ tuỳ thuộc vào cách ta đối mặt với những khó khăn thử thách ta gặp trên con đường như thế nào.
Hai tập “ Hạt giống tâm hồn cho lòng dũng cảm và tình yêu cuộc sống” do First News thực hiện trong bộ sách Hạt giống tâm hồn này sẽ là người bạn đồng hành cùng độc giả vượt qua những khó khăn thử thách trong cuộc sống thường ngày như nỗi mất mát, nỗi đau tổn thương tinh thần, tình cảm, niềm tin, bệnh tật, những thăng trầm trên bước đường theo đuổi ước mơ của cuộc đời hay vươn lên cho cuộc sống tốt đẹp hơn.
Qua những sự kiện bất hạnh, những câu chuyện bình thường, những người bình dị, các câu chuyện đều nhấn mạnh đến tinh thần vượt lên, chiến thắng chứ không phải những điều lạ thường. bạn có thể bắt gặp câu chuyện của chính mình, của những người xung quanh hay của những người hoàn toàn xa lạ... để suy gẫm, chiêm nghiệm, khám phá và tìm thấy câu châm ngôn cuộc sống của mình!
Mời bạn đón đọc.",Sách tiếng Việt/Sách kỹ năng sống/Sách kỹ năng mềm,7
274729351,sách hạt giống tâm hồn 2,,66800,111899,OFFICIAL_STORE,0,0,,https://tiki.vn/sach-hat-giong-tam-hon-2-p274729351.html?spid=277360576,https://salt.tikicdn.com/cache/280x280/ts/product/cc/58/8a/31eb76490474cfe74e3e7ca840a480c1.jpg,"Hạt Giống Tâm Hồn - Cho Lòng dũng Cảm Và Tình Yêu Cuộc Sống
“Cuộc sống vốn có nhiều khó khăn thử thách và cả thất vọng, nỗi buồn. Dũng cảm vượt qua để luôn là chính mình và đừng để điều gì có thể che khuất ước mơ, niềm tin và hoài bão”.
Đó chính là ý tưởng chính của hai tập sách Hạt giống tâm hồn: Cho Lòng Dũng Cảm và Tình Yêu Cuộc Sống do First News phát hành. Tập sách gồm 100 bài viết, truyện ngắn hay, có ý nghĩa sâu sắc (mỗi tập 50 truyện), gần gũi với cuộc sống, mang tính tự nhận thức và giáo dục cao.
Trong cuộc sống chúng ta ai cũng có một ước mơ cho một ngày mai thật đẹp, dù bình dị hay phi thường. Đó có thể là ước mơ của một cậu bé mồ côi mong có ngày được chăm sóc trong vòng tay người mẹ; ước mơ của một chú bé tật nguyền được bước đi bình thường như bao người khác; ước mơ nhìn thấy ánh sáng của một người mù; ước mơ tìm được việc làm của một chàng trai thất nghiệp…; hoặc có thể là những ước mơ chinh phục, vượt qua thử thách, vươn lên khẳng định mình và trở thành những gì mà mình từng ao ước…
Nhưng cuộc sống luôn tiềm ẩn những trở ngại, khó khăn và thử thách bất ngờ - con đường đi đến những ước mơ ấy không hề bằng phẳng. Bao khó khăn, trở ngại và cả bất hạnh có thể xảy ra vào những lúc không mong chờ nhất như để thử thách lòng dũng cảm của con người.
Trước những khó khăn thử thách ấy, mỗi người sẽ tự chọn cho mình cách đón nhận, đối đầu để có một hướng đi riêng. Có người phó thác cho số phận, có người trốn chạy đi tìm nơi trú ẩn, có người tự thay đổi để thích nghi với hoàn cảnh mới, cũng có người chìm vào biển tự than thân, trách phận để rồi ngã gục trong cơn dông tố cuộc đờ
Thế nhưng, bất kể là ai, tự đáy lòng của mỗi con người đều tồn tại một khát vọng mãnh liệt - đó là khát vọng sống và được luôn là chính mình. Chính khát vọng ấy đã khiến bao trái tim trăn trở, thao thức tìm cho mình một cách nghĩ, một sức mạnh tinh thần, một hướng đi để theo đuổi những hoài bão, ước mơ của mình.",Sách tiếng Việt/Sách kỹ năng sống/Sách kỹ năng mềm,1148
343394,sách hạt giống tâm hồn 2,.,76000,326683,NONE,0,0,,https://tiki.vn/sach-hat-giong-tam-hon-2-tai-ban-1-p343394.html?spid=277550894,https://salt.tikicdn.com/cache/280x280/media/catalog/product/h/g/hgth_-_2_3.jpg,"Hạt Giống Tâm Hồn Tập 2 - Cho Lòng Dũng Cảm và Tình Yêu Cuộc Sống
“Thân tặng tất cả những người đang trăn trở, đang vượt qua những khó khăn, thử thách tinh thần và niềm tin trong cuộc sống để đạt được ước mơ của mình”.
Cuộc sống chúng ta ra sao, luôn ngập tràn sợ hãi và oán hờn hay chấp nhận và vui sống để vươn lên sẽ tuỳ thuộc vào cách ta đối mặt với những khó khăn thử thách ta gặp trên con đường như thế nào.
Hai tập “ Hạt giống tâm hồn cho lòng dũng cảm và tình yêu cuộc sống” do First News thực hiện trong bộ sách Hạt giống tâm hồn này sẽ là người bạn đồng hành cùng độc giả vượt qua những khó khăn thử thách trong cuộc sống thường ngày như nỗi mất mát, nỗi đau tổn thương tinh thần, tình cảm, niềm tin, bệnh tật, những thăng trầm trên bước đường theo đuổi ước mơ của cuộc đời hay vươn lên cho cuộc sống tốt đẹp hơn.
Qua những sự kiện bất hạnh, những câu chuyện bình thường, những người bình dị, các câu chuyện đều nhấn mạnh đến tinh thần vượt lên, chiến thắng chứ không phải những điều lạ thường. bạn có thể bắt gặp câu chuyện của chính mình, của những người xung quanh hay của những người hoàn toàn xa lạ... để suy gẫm, chiêm nghiệm, khám phá và tìm thấy câu châm ngôn cuộc sống của mình!
Mời bạn đón đọc.",Sách tiếng Việt/Sách kỹ năng sống/Sách kỹ năng mềm,17
533853,sách hạt giống tâm hồn 2,.,68000,97533,NONE,0,6,,https://tiki.vn/sach-hat-giong-tam-hon-2-kem-cd-tai-ban-p533853.html?spid=275046301,https://salt.tikicdn.com/cache/280x280/media/catalog/product/h/a/hat-giong-tam-hon_2_1.jpg,"Hạt Giống Tâm Hồn 2 (Kèm CD)
“Thân tặng tất cả những người đang trăn trở, đang vượt qua những khó khăn, thử thách tinh thần và niềm tin trong cuộc sống để đạt được ước mơ của mình”.
Cuộc sống chúng ta ra sao, luôn ngập tràn sợ hãi và oán hờn hay chấp nhận và vui sống để vươn lên sẽ tuỳ thuộc vào cách ta đối mặt với những khó khăn thử thách ta gặp trên con đường như thế nào.
Bộ sách Hạt giống tâm hồn sẽ là người bạn đồng hành cùng độc giả vượt qua những khó khăn thử thách trong cuộc sống thường ngày như nỗi mất mát, nỗi đau tổn thương tinh thần, tình cảm, niềm tin, bệnh tật, những thăng trầm trên bước đường theo đuổi ước mơ của cuộc đời hay vươn lên cho cuộc sống tốt đẹp hơn.
Qua những sự kiện bất hạnh, những câu chuyện bình thường, những người bình dị, các câu chuyện đều nhấn mạnh đến tinh thần vượt lên, chiến thắng chứ không phải những điều lạ thường. bạn có thể bắt gặp câu chuyện của chính mình, của những người xung quanh hay của những người hoàn toàn xa lạ để suy gẫm, chiêm nghiệm, khám phá và tìm thấy câu châm ngôn cuộc sống của mình!",Sách tiếng Việt/Sách kỹ năng sống/Sách kỹ năng mềm,75
345423,sách hạt giống tâm hồn 2,.,76000,326683,NONE,0,0,,https://tiki.vn/sach-hat-giong-tam-hon-2-tai-ban-2-p345423.html?spid=277550948,https://salt.tikicdn.com/cache/280x280/media/catalog/product/h/g/hgth_-_2_3_1.jpg,"Hạt Giống Tâm Hồn Tập 2 - Cho Lòng Dũng Cảm và Tình Yêu Cuộc Sống
“Thân tặng tất cả những người đang trăn trở, đang vượt qua những khó khăn, thử thách tinh thần và niềm tin trong cuộc sống để đạt được ước mơ của mình”.
Cuộc sống chúng ta ra sao, luôn ngập tràn sợ hãi và oán hờn hay chấp nhận và vui sống để vươn lên sẽ tuỳ thuộc vào cách ta đối mặt với những khó khăn thử thách ta gặp trên con đường như thế nào.
Hai tập “ Hạt giống tâm hồn cho lòng dũng cảm và tình yêu cuộc sống” do First News thực hiện trong bộ sách Hạt giống tâm hồn này sẽ là người bạn đồng hành cùng độc giả vượt qua những khó khăn thử thách trong cuộc sống thường ngày như nỗi mất mát, nỗi đau tổn thương tinh thần, tình cảm, niềm tin, bệnh tật, những thăng trầm trên bước đường theo đuổi ước mơ của cuộc đời hay vươn lên cho cuộc sống tốt đẹp hơn.
Qua những sự kiện bất hạnh, những câu chuyện bình thường, những người bình dị, các câu chuyện đều nhấn mạnh đến tinh thần vượt lên, chiến thắng chứ không phải những điều lạ thường. bạn có thể bắt gặp câu chuyện của chính mình, của những người xung quanh hay của những người hoàn toàn xa lạ... để suy gẫm, chiêm nghiệm, khám phá và tìm thấy câu châm ngôn cuộc sống của mình!
Mời các bạn đón đọc!",Sách tiếng Việt/Sách kỹ năng sống/Sách kỹ năng mềm,23
324688,sách hạt giống tâm hồn 3,.,60800,1,OFFICIAL_STORE,4.5,4,,https://tiki.vn/sach-hat-giong-tam-hon-3-p324688.html?spid=12350,https://salt.tikicdn.com/cache/280x280/ts/product/9b/d3/d2/58e1ac45f62336e47ed3c2a0e167bb91.jpg,"Hạt Giống Tâm Hồn Tập 3 - Từ Những Điều Bình Dị
""Trong những lúc khó khăn nhất của cuộc sống, đừng cố gắng trở thành một người thành công hay hạnh phúc,  mà tốt hơn hãy trở thành một người có giá trị”.
Có khi nào chúng ta chợt cảm thấy không còn phương hướng để đi và cuộc sống dường như không còn ý nghĩa để sống, hay có lúc chúng ta mãi trăn trở về giá trị bản thân mình, bị tổn thương sâu sắc hay ngờ vực cả con đường ta đã chọn, sẽ đi mà tương lai mịt mù mây đen che phủ phía trước? Vâng! trong cuộc sống ai cũng sẽ có những lúc như vậy. Chúng ta mãi loay hoay vất vả, đau khổ, thất vọng hay có lúc chùn bước… để rồi đến khi vượt qua được, chúng ta mới nhận ra ân nhân của chúng ta không phải là những gì cao siêu mà chính là từ những điều rất bình dị – và chúng ta sẽ thầm cảm ơn những giá trị của những điều bình dị, chân tình và quí giá đó.
Hai tập ""Hạt Giống Tâm Hồn Từ Những Điều Bình Dị""  tiếp theo này gồm những câu chuyện có giá trị vĩnh hằng của cuộc sống, những câu chuyện chân tình, giản dị từ những con người bình dị đó sẽ giúp bạn cảm nhận, tìm lại được những giá trị của bản thân và ý nghĩa cuộc sống mà ta đã băng qua quá nhanh và vô tình lãng quên. Ý nghĩa sâu sắc từ những câu chuyện ngắn này sẽ như một bàn tay xoa dịu tâm hồn, tiếp thêm nguồn động viên và sức mạnh giúp chúng ta có thể vượt qua những trở ngại tinh thần, những khó khăn thử thách trong cuộc sống để khẳng định mình, theo đuổi ước mơ và vươn đến những điều tốt đẹp hơn.
Qua những sự kiện xúc động, bất ngờ với những ý tưởng hiện thực sâu sắc, các câu chuyện đều nhấn mạnh đến tinh thần vượt lên, tìm được cảm hứng cuộc sống và sức mạnh tinh thần. Bạn có thể nhận ra những vấn đề của chính mình, của những người xung quanh... để suy gẫm, chiêm nghiệm, khám phá và tìm ra lời giải cho cuộc sống của mình.
Mời bạn đón đọc.",Sách tiếng Việt/Sách kỹ năng sống/Sách kỹ năng mềm,8
274729372,sách hạt giống tâm hồn 3,,66800,111899,OFFICIAL_STORE,0,0,1,https://tiki.vn/sach-hat-giong-tam-hon-3-p274729372.html?spid=277360571,https://salt.tikicdn.com/cache/280x280/ts/product/22/6d/ca/349b065ceff2b7a84c943cbac071d8d3.jpg,"Hạt Giống Tâm Hồn - Từ Những Điều Bình Dị
Giữa nhịp sống hối hả, không ít lần chúng ta để mình bị cuốn theo những lo toan cuộc sống để rồi mắc kẹt giữa vòng xoáy cơm – áo – gạo – tiền. Những lúc như vậy, việc tìm về những khoảnh khắc bình dị đời thường là giải pháp giúp ta tìm lại bình yên cho chính mình và là cơ hội để ta khám phá những góc cạnh mới của cuộc sống.
Tuyển tập Từ những điều bình dị gồm 2 cuốn (tập 3, tập 4) nằm trong bộ sách Hạt giống tâm hồn 16 quyển. Chung một chủ đề, hai tập sách Từ những điều bình dị là những câu chuyện dung dị về những con người rất đỗi bình thường trong cuộc sống. Đôi lúc, đó là câu chuyện về cậu bé với chú chó nhỏ khuyết tật. Đôi lúc, lại là câu chuyện về cô con gái không thích tiếng hát của người cha, hay chuyện một bác nông dân luôn sẵn lòng chia sẻ giống ngô tốt cho mọi người xung quanh… Điểm chung của những câu chuyện này là chúng đều chứa đựng những bài học ý nghĩa, mang lại cho bạn niềm lạc quan, niềm tin, tình yêu cũng như thêm trân trọng những gì đang có trong cuộc sống.
Cuộc sống vốn dĩ không bằng phẳng. Trên con đường bạn đi, sẽ không thiếu những chông chênh, trở ngại. Tập sách này sẽ là người bạn đồng hành truyền động lực giúp bạn vượt qua khó khăn, thử thách để theo đuổi ước mơ và vươn đến cuộc sống tốt đẹp hơn.
Một thông điệp quan trọng khác mà tuyển tập Từ những điều bình dị muốn gửi gắm đó là hãy sẵn sàng dang tay giúp đỡ, chở che người khác, sẵn lòng chia sẻ những nỗi buồn, bất hạnh…, bởi hạnh phúc thật sự không chỉ là nhận mà còn là khi ta biết cho đi.
Trong lần tái bản này, tuyển tập Từ những điều bình dị có thay đổi về thiết kế và chỉnh sửa, bổ sung nội dung. Mong rằng cuốn sách tiếp tục là món quà tinh thần ý nghĩa để bạn đọc được tiếp thêm sức mạnh, niềm tin, lòng dũng cảm và tình yêu cuộc sống từ chính những mối quan hệ bình dị, gần gũi nhất trong cuộc sống.",Sách tiếng Việt/Sách kỹ năng sống/Sách kỹ năng mềm,1155
275398121,sách hạt giống tâm hồn 3,,76000,326683,NONE,0,0,,https://tiki.vn/sach-hat-giong-tam-hon-3-kho-lon-first-news-p275398121.html?spid=277550869,https://salt.tikicdn.com/cache/280x280/ts/product/c5/37/f3/21058cacf3adaeff969337e42fe0ce2c.jpg,"Hạt Giống Tâm Hồn - Từ Những Điều Bình Dị
Giữa nhịp sống hối hả, không ít lần chúng ta để mình bị cuốn theo những lo toan cuộc sống để rồi mắc kẹt giữa vòng xoáy cơm – áo – gạo – tiền. Những lúc như vậy, việc tìm về những khoảnh khắc bình dị đời thường là giải pháp giúp ta tìm lại bình yên cho chính mình và là cơ hội để ta khám phá những góc cạnh mới của cuộc sống.
Tuyển tập Từ những điều bình dị gồm 2 cuốn (tập 3, tập 4) nằm trong bộ sách Hạt giống tâm hồn 16 quyển. Chung một chủ đề, hai tập sách Từ những điều bình dị là những câu chuyện dung dị về những con người rất đỗi bình thường trong cuộc sống. Đôi lúc, đó là câu chuyện về cậu bé với chú chó nhỏ khuyết tật. Đôi lúc, lại là câu chuyện về cô con gái không thích tiếng hát của người cha, hay chuyện một bác nông dân luôn sẵn lòng chia sẻ giống ngô tốt cho mọi người xung quanh… Điểm chung của những câu chuyện này là chúng đều chứa đựng những bài học ý nghĩa, mang lại cho bạn niềm lạc quan, niềm tin, tình yêu cũng như thêm trân trọng những gì đang có trong cuộc sống.
Cuộc sống vốn dĩ không bằng phẳng. Trên con đường bạn đi, sẽ không thiếu những chông chênh, trở ngại. Tập sách này sẽ là người bạn đồng hành truyền động lực giúp bạn vượt qua khó khăn, thử thách để theo đuổi ước mơ và vươn đến cuộc sống tốt đẹp hơn.
Một thông điệp quan trọng khác mà tuyển tập Từ những điều bình dị muốn gửi gắm đó là hãy sẵn sàng dang tay giúp đỡ, chở che người khác, sẵn lòng chia sẻ những nỗi buồn, bất hạnh…, bởi hạnh phúc thật sự không chỉ là nhận mà còn là khi ta biết cho đi.
Trong lần tái bản này, tuyển tập Từ những điều bình dị có thay đổi về thiết kế và chỉnh sửa, bổ sung nội dung. Mong rằng cuốn sách tiếp tục là món quà tinh thần ý nghĩa để bạn đọc được tiếp thêm sức mạnh, niềm tin, lòng dũng cảm và tình yêu cuộc sống từ chính những mối quan hệ bình dị, gần gũi nhất trong cuộc sống.",Sách tiếng Việt/Sách kỹ năng sống/Sách tư duy - Kỹ năng sống,1257
343395,sách hạt giống tâm hồn 3,.,76000,326683,NONE,0,3,,https://tiki.vn/sach-hat-giong-tam-hon-3-tai-ban-p343395.html?spid=277551000,https://salt.tikicdn.com/cache/280x280/media/catalog/product/h/g/hgth_-_3_2.jpg,"Hạt Giống Tâm Hồn Tập 3 - Từ Những Điều Bình Dị
""Trong những lúc khó khăn nhất của cuộc sống, đừng cố gắng trở thành một người thành công hay hạnh phúc,  mà tốt hơn hãy trở thành một người có giá trị”.
Có khi nào chúng ta chợt cảm thấy không còn phương hướng để đi và cuộc sống dường như không còn ý nghĩa để sống, hay có lúc chúng ta mãi trăn trở về giá trị bản thân mình, bị tổn thương sâu sắc hay ngờ vực cả con đường ta đã chọn, sẽ đi mà tương lai mịt mù mây đen che phủ phía trước? Vâng! trong cuộc sống ai cũng sẽ có những lúc như vậy. Chúng ta mãi loay hoay vất vả, đau khổ, thất vọng hay có lúc chùn bước… để rồi đến khi vượt qua được, chúng ta mới nhận ra ân nhân của chúng ta không phải là những gì cao siêu mà chính là từ những điều rất bình dị – và chúng ta sẽ thầm cảm ơn những giá trị của những điều bình dị, chân tình và quí giá đó.
Hai tập ""Hạt Giống Tâm Hồn Từ Những Điều Bình Dị""  tiếp theo này gồm những câu chuyện có giá trị vĩnh hằng của cuộc sống, những câu chuyện chân tình, giản dị từ những con người bình dị đó sẽ giúp bạn cảm nhận, tìm lại được những giá trị của bản thân và ý nghĩa cuộc sống mà ta đã băng qua quá nhanh và vô tình lãng quên. Ý nghĩa sâu sắc từ những câu chuyện ngắn này sẽ như một bàn tay xoa dịu tâm hồn, tiếp thêm nguồn động viên và sức mạnh giúp chúng ta có thể vượt qua những trở ngại tinh thần, những khó khăn thử thách trong cuộc sống để khẳng định mình, theo đuổi ước mơ và vươn đến những điều tốt đẹp hơn.
Qua những sự kiện xúc động, bất ngờ với những ý tưởng hiện thực sâu sắc, các câu chuyện đều nhấn mạnh đến tinh thần vượt lên, tìm được cảm hứng cuộc sống và sức mạnh tinh thần. Bạn có thể nhận ra những vấn đề của chính mình, của những người xung quanh... để suy gẫm, chiêm nghiệm, khám phá và tìm ra lời giải cho cuộc sống của mình.
Mời bạn đón đọc.",Sách tiếng Việt/Sách kỹ năng sống/Sách kỹ năng mềm,18
370666,sách hạt giống tâm hồn 3,.,68000,97533,NONE,0,10,,https://tiki.vn/sach-hat-giong-tam-hon-3-tai-ban-2013-p370666.html?spid=275046298,https://salt.tikicdn.com/cache/280x280/media/catalog/product/h/g/hgth-tu-nhung-dieu-binh-di-a.jpg,"Hạt Giống Tâm Hồn 3 (Tái Bản 2013)
""Trong những lúc khó khăn nhất của cuộc sống, đừng cố gắng trở thành một người thành công hay hạnh phúc,  mà tốt hơn hãy trở thành một người có giá trị”.
Có khi nào chúng ta chợt cảm thấy không còn phương hướng để đi và cuộc sống dường như không còn ý nghĩa để sống, hay có lúc chúng ta mãi trăn trở về giá trị bản thân mình, bị tổn thương sâu sắc hay ngờ vực cả con đường ta đã chọn, sẽ đi mà tương lai mịt mù mây đen che phủ phía trước? Vâng! trong cuộc sống ai cũng sẽ có những lúc như vậy. Chúng ta mãi loay hoay vất vả, đau khổ, thất vọng hay có lúc chùn bước… để rồi đến khi vượt qua được, chúng ta mới nhận ra ân nhân của chúng ta không phải là những gì cao siêu mà chính là từ những điều rất bình dị – và chúng ta sẽ thầm cảm ơn những giá trị của những điều bình dị, chân tình và quí giá đó.
Hai tập ""Hạt Giống Tâm Hồn Từ Những Điều Bình Dị"" tiếp theo này gồm những câu chuyện có giá trị vĩnh hằng của cuộc sống, những câu chuyện chân tình, giản dị từ những con người bình dị đó sẽ giúp bạn cảm nhận, tìm lại được những giá trị của bản thân và ý nghĩa cuộc sống mà ta đã băng qua quá nhanh và vô tình lãng quên. Ý nghĩa sâu sắc từ những câu chuyện ngắn này sẽ như một bàn tay xoa dịu tâm hồn, tiếp thêm nguồn động viên và sức mạnh giúp chúng ta có thể vượt qua những trở ngại tinh thần, những khó khăn thử thách trong cuộc sống để khẳng định mình, theo đuổi ước mơ và vươn đến những điều tốt đẹp hơn.
Qua những sự kiện xúc động, bất ngờ với những ý tưởng hiện thực sâu sắc, các câu chuyện đều nhấn mạnh đến tinh thần vượt lên, tìm được cảm hứng cuộc sống và sức mạnh tinh thần. Bạn có thể nhận ra những vấn đề của chính mình, của những người xung để suy gẫm, chiêm nghiệm, khám phá và tìm ra lời giải cho cuộc sống của mình.",Sách tiếng Việt/Sách kỹ năng sống/Sách kỹ năng mềm,39
274729370,sách hạt giống tâm hồn 4,,68000,97533,NONE,0,0,,https://tiki.vn/sach-hat-giong-tam-hon-4-p274729370.html?spid=275049256,https://salt.tikicdn.com/cache/280x280/ts/product/f0/eb/b6/efbba1a3b79e65faca396577cf0224f7.jpg,"Hạt Giống Tâm Hồn Tập 4 - Từ Những Điều Bình Dị
""Trong những lúc khó khăn nhất của cuộc sống, đừng cố gắng trở thành một người thành công hay hạnh phúc, mà tốt hơn hãy trở thành một người có giá trị”.
Có khi nào chúng ta chợt cảm thấy không còn phương hướng để đi và cuộc sống dường như không còn ý nghĩa để sống, hay có lúc chúng ta mãi trăn trở về giá trị bản thân mình, bị tổn thương sâu sắc hay ngờ vực cả con đường ta đã chọn, sẽ đi mà tương lai mịt mù mây đen che phủ phía trước? Vâng! trong cuộc sống ai cũng sẽ có những lúc như vậy. Chúng ta mãi loay hoay vất vả, đau khổ, thất vọng hay có lúc chùn bước… để rồi đến khi vượt qua được, chúng ta mới nhận ra ân nhân của chúng ta không phải là những gì cao siêu mà chính là từ những điều rất bình dị - và chúng ta sẽ thầm cảm ơn những giá trị của những điều bình dị, chân tình và quí giá đó.
Hạnh phúc đôi khi đơn giản chỉ là có những điều bình dị nhất tưởng chừng như nhỏ nhặt nhưng lại mang đến cho chúng ta những bất ngờ. Đừng mải kiếm tìm đâu xa mà hãy nhìn lại mọi thú mọi người xung quanh mình để có được hạnh phúc thật sự.
hân hạnh giới thiệu đến bạn đọc!",Sách tiếng Việt/Sách kỹ năng sống/Sách kỹ năng mềm,1154
550893,sách hạt giống tâm hồn 4,.,48000,97533,NONE,0,6,,https://tiki.vn/sach-hat-giong-tam-hon-4-kho-nho-tai-ban-p550893.html?spid=265177071,https://salt.tikicdn.com/cache/280x280/media/catalog/product/i/m/img263_12_1.jpg,"Hạt Giống Tâm Hồn Tập 4 - Từ Những Điều Bình Dị
""Trong những lúc khó khăn nhất của cuộc sống, đừng cố gắng trở thành một người thành công hay hạnh phúc, mà tốt hơn hãy trở thành một người có giá trị.""
Có khi nào chúng ta chợt cảm thấy không còn phương hướng để đi và cuộc sống dường như không còn ý nghĩa để sống, hay có lúc chúng ta mãi trăn trở về giá trị bản thân mình, bị tổn thương sâu sắc hay ngờ vực cả con đường ta đã chọn, sẽ đi mà tương lai mịt mù mây đen che phủ phía trước? Vâng! trong cuộc sống ai cũng sẽ có những lúc như vậy. Chúng ta mãi loay hoay vất vả, đau khổ, thất vọng hay có lúc chùn bước… để rồi đến khi vượt qua được, chúng ta mới nhận ra ân nhân của chúng ta không phải là những gì cao siêu mà chính là từ những điều rất bình dị - và chúng ta sẽ thầm cảm ơn những giá trị của những điều bình dị, chân tình và quí giá đó.
Hạt Giống Tâm Hồn Từ Những Điều Bình Dị sẽ là người bạn đồng hành cùng độc giả vượt qua những khó khăn thử thách trong cuộc sống thường ngày như nỗi mất mát, nỗi đau tổn thương tinh thần, tình cảm, niềm tin, bệnh tật, những thăng trầm trên bước đường theo đuổi ước mơ của cuộc đời hay vươn lên cho cuộc sống tốt đẹp hơn.
Qua những sự kiện bất hạnh, những câu chuyện bình thường, những người bình dị, các câu chuyện đều nhấn mạnh đến tinh thần vượt lên, chiến thắng chứ không phải những điều lạ thường, bạn có thể bắt gặp câu chuyện của chính mình, của những người xung quanh hay của những người hoàn toàn xa lạ để rồi suy ngẫm, chiêm nghiệm, khám phá và tìm thấy câu châm ngôn cuộc sống của mình!
Hy vọng những câu chuyện trong Hạt Giống Tâm Hồn Tập 4 - Từ Những Điều Bình Dị sẽ là động lực khuyến khích bạn đưa tay cho người khác cũng như mở rộng lòng với những ai cần bờ vai để chia sẻ nỗi đau. Hy vọng rằng chúng sẽ mang đến cho bạn thêm niềm lạc quan, niềm tin và tình yêu cuộc sống để thấy mỗi trở ngại, thử thách trong cuộc sống như một hòn đá cần có và dễ dàng bước qua, để bạn có thể mỉm cười và trân trọng những gì bạn đã và đang có.",Sách tiếng Việt/Sách kỹ năng sống/Sách kỹ năng mềm,78
274729328,sách hạt giống tâm hồn 5,,66800,111899,OFFICIAL_STORE,0,0,,https://tiki.vn/sach-hat-giong-tam-hon-5-p274729328.html?spid=277360685,https://salt.tikicdn.com/cache/280x280/ts/product/2e/3f/19/e6337067d499593551a36448f222740e.jpg,"Khi đến với cuộc sống này, bất kỳ ai trong chúng ta cũng mong muốn lớn lên có được một tương lai tươi đẹp. Chúng ta ấp ủ trong lòng nhiều hoài bão, ước mơ chinh phục, khám phá bao điều mới lạ trên thế giới. Chúng ta tin tưởng bản thân có thể vươn lên tự khẳng định mình. Thế nhưng thực tế là hành trình cuộc sống không phải lúc nào cũng diễn ra trên con đường bằng phẳng và sáng sủa.
Sẽ có những lúc bạn không thể tránh khỏi những thử thách, cạm bẫy khiến bạn phạm sai lầm, đối diện với nỗi đau và cả sự mất mát. Sau khi đạt được tấm bằng cử nhân và bước vào thế giới công sở, bạn phát hiện công việc mình đang làm không giống như những gì mình tưởng tượng khi theo học ngành nghề này và trở nên hoang mang, mất phương hướng. Bạn chán nản, mất lòng tin vào tình yêu vì mối quan hệ nồng nhiệt thuở ban đầu nay đã phai nhạt. Bạn tuyệt vọng vì bị căn bệnh ác tính cướp đi sức khoẻ và thậm chí ngăn cản bạn thực hiện ước mơ của mình.
Khi gặp nghịch cảnh hay những điều không như ý, bạn có thể tự hỏi: Ý nghĩa của cuộc sống này thật sự là gì?
“Ý nghĩa cuộc sống” là một khái niệm trừu tượng mà chưa từng có ai giải thích được đầy đủ và chính xác. Thế nhưng thú vị thay, câu trả lời vốn lại có sẵn trong mỗi chúng ta. Mỗi người chúng ta có cách cảm nhận và suy nghĩ rất riêng về cuộc sống. Nhiều người tin ý nghĩa cuộc sống được quyết định bởi mức độ thành công trong sự nghiệp. Một số người lại cho rằng cuộc sống có ý nghĩa khi mỗi ngày của họ luôn xảy ra những điều vui vẻ, thú vị chứ không trôi qua một cách vô vị và tẻ nhạt. Số khác thì tìm kiếm ý nghĩa cuộc sống trong việc lao động và giúp đỡ những người xung quanh. Cũng có những người yêu sự bình yên, không muốn cuộc sống của mình chỉ đơn thuần là chuỗi ngày chạy theo tiền tài danh vọng.
Nếu sống đủ chậm và sâu, bạn sẽ nghiệm ra rằng ý nghĩa cuộc sống không nằm ở những triết lý cao xa mà hiện diện ngay trong những điều hết sức bình dị và đời thường xung quanh chúng ta.
Quyển sách “Và Ý Nghĩa Cuộc Sống” tập hợp những câu chuyện nhỏ có giá trị vĩnh hằng. Mỗi câu chuyện truyền tải thông điệp gần gũi có thể gợi bạn nhớ lại những giá trị quan trọng đối với bản thân mà bạn đã vô tình lãng quên, từ đó có thể rút kết được ý nghĩa cuộc sống riêng cho mình. Thông qua những con người rất đỗi bình thường và những tình tiết gây xúc động, các câu chuyện trong quyển sách tựa như những lời nhắc nhở chân thành rằng bạn luôn có đủ sức mạnh vượt qua tất cả thử thách trong đời. Dù cho cuộc sống diễn ra như thế nào đi nữa, hãy luôn kiên cường, nuôi dưỡng tinh thần vượt lên nghịch cảnh và giữ vững niềm tin vào cuộc sống.
Khi đọc “Và Ý Nghĩa Cuộc Sống”, bạn có thể bắt gặp hình ảnh của chính mình cũng như của những người xung quanh qua từng câu chuyện, để từ đó bạn có dịp quan sát chính bạn từ một góc độ khác - góc độ của một người ngoài cuộc - và hiểu hơn về bản thân. Khi nhận ra nhân vật nào đó trong truyện cũng gặp phải những vấn đề giống mình hay giống người mà mình quen biết, bằng cách suy ngẫm, chiêm nghiệm xem nhân vật xử lý vấn đề như thế nào, bạn có thể tìm ra cách giải quyết phù hợp cho vấn đề của bạn, đồng thời thấu hiểu hơn những khó khăn mà người khác gặp phải để từ đó biết cảm thông và bao dung hơn.
Những câu chuyện ngắn trong quyển sách này tựa như những bàn tay: Có bàn tay sẽ vỗ nhẹ lưng bạn để động viên tinh thần bạn. Có bàn tay sẽ dịu dàng xoa tay bạn như thể muốn xoa dịu nỗi đau tâm hồn bạn. Có bàn tay sẽ chỉ lối cho bạn vượt qua những trở ngại, khó khăn thử thách trong cuộc sống. Những bàn tay sẽ khích lệ bạn tự tin khẳng định bản thân, theo đuổi ước mơ và vươn đến những điều tốt đẹp hơn.
Cuộc sống là một hành trình gồm nhiều sự kiện xảy ra, nhiều ngã rẽ bất ngờ và nhiều điều khác mà chúng ta không thể đoán trước. Để tìm được ý nghĩa trong hành trình của mình, bạn cần phải kiên trì, quan tâm chú ý đến ngay cả những điều nhỏ bé trên đường đi.
Quyển sách “Và Ý Nghĩa Cuộc Sống” đóng vai trò là người bạn đồng hành cùng bạn trên hành trình tìm kiếm ý nghĩa cuộc sống. Người bạn này sẽ không ngừng truyền động lực khuyến khích bạn dang tay giúp đỡ người khác, đưa tay ra đón nhận sự trợ giúp và mở rộng vòng tay đối với những ai cần được chia sẻ cảm xúc. Hy vọng rằng sau khi đọc quyển sách này, bạn sẽ rèn luyện được tinh thần lạc quan, niềm tin yêu cuộc sống và có được sự thanh thản trong tâm hồn.",Sách tiếng Việt/Sách kỹ năng sống/Sách kỹ năng mềm,1143
54653530,sách hạt giống tâm hồn 5,FIRST NEWS TỔNG HỢP,59800,1,OFFICIAL_STORE,4.6,37,207,https://tiki.vn/sach-hat-giong-tam-hon-5-tai-ban-2020-p54653530.html?spid=54653531,https://salt.tikicdn.com/cache/280x280/ts/product/96/34/6d/61cb5234dc9aa78a6fabe6bbd11f23dd.jpg,"Hạt Giống Tâm Hồn - Và Ý Nghĩa Cuộc Sống (Tập 5)
Cuốn sách gồm những câu chuyện có giá trị vĩnh hằng của cuộc sống, những câu chuyện của những con người bình dị trong tập sách sẽ giúp bạn cảm nhận, tìm lại được những giá trị của bản thân và ý nghĩa cuộc sống mà đôi khi vì băng qua quá nhanh, chúng ta đã vô tình lãng quên. Ý nghĩa sâu sắc từ những câu chuyện ngắn này sẽ như một bàn tay xoa dịu tâm hồn, tiếp thêm nguồn động viên và sức mạnh giúp chúng ta có thể vượt qua những trở ngại tinh thần, những khó khăn thử thách trong cuộc sống để khẳng định mình, theo đuổi ước mơ và vươn đến những điều tốt đẹp hơn.
Qua những sự kiện xúc động, chân tình với những con người bình dị, các câu chuyện đều nhấn mạnh đến tinh thần vượt lên, tìm được sức mạnh tinh thần và niềm tin chiến thắng. Bạn có thể nhận ra những vấn đề của chính mình, của những người xung để suy ngẫm, chiêm nghiệm, khám phá và tìm ra những vấn đề của chính mình.
Những câu chuyện trong cuốn sách là lời nhắc nhở không ngừng rằng bạn luôn có đủ sức mạnh vượt qua tất cả để đạt được những ước mơ của mình, cho dù cuộc sống thế nào đi nữa.",Sách tiếng Việt/Sách kỹ năng sống/Sách kỹ năng mềm,360
274729364,sách hạt giống tâm hồn 6,,68000,97533,NONE,0,0,,https://tiki.vn/sach-hat-giong-tam-hon-6-p274729364.html?spid=275047562,https://salt.tikicdn.com/cache/280x280/ts/product/3e/93/c4/0b72cb4b34f9cb2e19f1686e724dfd27.jpg,"Hạt Giống Tâm Hồn - Và Ý Nghĩa Cuộc Sống
Bất cứ ai trong chúng ta cũng luôn nuôi dưỡng trong mình một ước mơ về ngày mai tươi đẹp; một hoài bão chinh phục, khám phá cuộc sống với bao điều mới lạ; một niềm tin vào bản thân để vươn lên tự khẳng định mình… Thế nhưng không phải cuộc sống lúc nào cũng là những con đường bằng phẳng, êm đẹp. Chúng ta không thể tránh khỏi những sai lầm, thử thách, mất mát, và cả những nỗi đau buồn. Sẽ có lúc chúng ta tự hỏi bản thân: Điều gì là ý nghĩa thực sự của cuộc sống?
Câu trả lời nằm trong chính suy nghĩ của chúng ta. Thật sự, mỗi một người có cách cảm nhận cuộc sống rất riêng, và đôi khi rất đỗi bình dị. Có thể đó chính là khi bạn hoàn tất trọn vẹn một ngày làm việc của mình, là khi bạn bày tỏ được lòng mình với những người yêu thương, là khi bạn chia sẻ nỗi đau với người khác bằng tấm lòng của mình hay đơn giản là khi bạn bắt gặp một nét đẹp dịu dàng trong đôi mắt trẻ thơ.
“Và Ý Nghĩa Cuộc Sống” (tập 5 và tập 6) trong bộ Hạt Giống Tâm Hồn (gồm 16 tập) là những câu chuyện có giá trị vĩnh hằng của cuộc sống, những câu chuyện của những con người bình dị trong tập sách sẽ giúp bạn cảm nhận, tìm lại được những giá trị của bản thân và ý nghĩa cuộc sống mà đôi khi vì băng qua quá nhanh, chúng ta đã vô tình lãng quên. Ý nghĩa sâu sắc từ những câu chuyện ngắn này sẽ như một bàn tay xoa dịu tâm hồn, tiếp thêm nguồn động viên và sức mạnh giúp chúng ta có thể vượt qua những trở ngại tinh thần, những khó khăn thử thách trong cuộc sống để khẳng định mình, theo đuổi ước mơ và vươn đến những điều tốt đẹp hơn.
So với phiên bản trước thì cuốn sách “Và ý nghĩa cuộc sống” tập 6 thuộc bộ “Hạt giống tâm hồn” gồm 16 tập này có thay đổi về thiết kế, bổ sung và chỉnh sửa lại một số câu chuyện phù hợp hơn. Mong những câu chuyện giản dị này sẽ là động lực khuyến khích bạn đưa tay cho người khác cũng như mở rộng lòng với những ai cần bờ vai để chia sẻ nỗi đau. Hy vọng rằng chúng sẽ mang đến cho bạn niềm lạc quan, niềm tin và sự thanh thản tâm hồn để thấy mỗi trở ngại, thử thách như một điều cần phải có, để bạn sẽ mỉm cười khi thấy mình ở một bậc cao hơn khi vượt qua được và đứng trên nghịch cảnh.",Sách tiếng Việt/Sách kỹ năng sống/Sách kỹ năng mềm,1152
217730460,sách hạt giống tâm hồn 6,NHIỀU TÁC GIẢ,60800,1,OFFICIAL_STORE,5,4,72,https://tiki.vn/sach-hat-giong-tam-hon-6-tai-ban-p217730460.html?spid=217730461,https://salt.tikicdn.com/cache/280x280/ts/product/fc/da/57/d5b72e1a326ab1ac9bee164cd8091822.png,"Hạt Giống Tâm Hồn – Và Ý nghĩa Cuộc sống
“Nếu trong đêm tối đến mức ạn cũng không thể nhận ra được chính mình, thì hãy tin rằng đêm rồi sẽ qua và bình minh đang đến rất gần bạn” -- Khuyết danh
“Nếu để ý đến những điều bạn đang có trong cuộc sống, bạn sẽ nhận được nhiều hơn thế. Còn nếu chỉ để ý đến những điều bạn không có, bạn sẽ thấy mình không bao giờ có đủ” -- Oprah Winfrey
Bất cứ ai trong chúng ta cũng luôn nuôi dưỡng trong mình một ước mơ về ngày mai tươi đẹp; một hoài bão chinh phục, khám phá cuộc sống với bao điều mới lạ; một niềm tin vào bản thân để vươn lên tự khẳng định mình,… Thế nhưng không phải cuộc sống lúc nào cũng là những con đường bằng phẳng, êm đẹp. Chúng ta không thể tránh khỏi những sai lầm, thử thách, mất mát, và cả những nỗi đau buồn. Sẽ có lúc chúng ta tự hỏi bản thân: Điều gì là ý nghĩa thực sự của cuộc sống?
Câu trả lời nằm trong chính suy nghĩ của chúng ta. Thật sự, mỗi một người có cách cảm nhận cuộc sống rất riêng, và đôi khi rất đỗi bình dị. Có thể đó chính là khi bạn hoàn tất trọn vẹn một ngày làm việc của mình, là khi bạn bày tỏ được lòng mình với những người yêu thương, là khi bạn chia sẻ nỗi đau với người khác bằng tấm lòng của mình hay đơn giản là khi bạn bắt gặp một nét đẹp dịu dàng trong đôi mắt trẻ thơ…
Hai tập ""Hạt Giống Tâm Hồn Và Ý Nghĩa Cuộc Sống"" tiếp theo này gồm những câu chuyện có giá trị vĩnh hằng của cuộc sống, những câu chuyện của những con người bình dị trong tập sách sẽ giúp bạn cảm nhận, tìm lại được những giá trị của bản thân và ý nghĩa cuộc sống mà đôi khi vì băng qua quá nhanh, chúng ta đã vô tình lãng quên. Ý nghĩa sâu sắc từ những câu chuyện ngắn này sẽ như một bàn tay xoa dịu tâm hồn, tiếp thêm nguồn động viên và sức mạnh giúp chúng ta có thể vượt qua những trở ngại tinh thần, những khó khăn thử thách trong cuộc sống để khẳng định mình, theo đuổi ước mơ và vươn đến những điều tốt đẹp hơn.
Mong những câu chuyện giản dị này sẽ là động lực khuyến khích bạn đưa tay cho người khác cũng như mở rộng lòng với những ai cần bờ vai để chia sẻ nỗi đau. Hy vọng rằng chúng sẽ mang đến cho bạn niềm lạc quan, niềm tin và sự thanh thản tâm hồn để thấy mỗi trở ngại, thử thách như một điều cần phải có, để bạn sẽ mỉm cười khi thấy mình ở một bậc cao hơn khi vượt qua được và đứng trên nghịch cảnh.
Mời bạn đón đọc.",Sách tiếng Việt/Sách kỹ năng sống/Sách kỹ năng mềm,918
275398076,sách hạt giống tâm hồn 6,,76000,326683,NONE,0,0,,https://tiki.vn/sach-hat-giong-tam-hon-6-first-news-p275398076.html?spid=277550896,https://salt.tikicdn.com/cache/280x280/ts/product/12/cd/b3/d585e2d21c03e65ca55f341629b1b9aa.jpg,"Hạt Giống Tâm Hồn - Và Ý Nghĩa Cuộc Sống
Bất cứ ai trong chúng ta cũng luôn nuôi dưỡng trong mình một ước mơ về ngày mai tươi đẹp; một hoài bão chinh phục, khám phá cuộc sống với bao điều mới lạ; một niềm tin vào bản thân để vươn lên tự khẳng định mình… Thế nhưng không phải cuộc sống lúc nào cũng là những con đường bằng phẳng, êm đẹp. Chúng ta không thể tránh khỏi những sai lầm, thử thách, mất mát, và cả những nỗi đau buồn. Sẽ có lúc chúng ta tự hỏi bản thân: Điều gì là ý nghĩa thực sự của cuộc sống?
Câu trả lời nằm trong chính suy nghĩ của chúng ta. Thật sự, mỗi một người có cách cảm nhận cuộc sống rất riêng, và đôi khi rất đỗi bình dị. Có thể đó chính là khi bạn hoàn tất trọn vẹn một ngày làm việc của mình, là khi bạn bày tỏ được lòng mình với những người yêu thương, là khi bạn chia sẻ nỗi đau với người khác bằng tấm lòng của mình hay đơn giản là khi bạn bắt gặp một nét đẹp dịu dàng trong đôi mắt trẻ thơ.
“Và Ý Nghĩa Cuộc Sống” (tập 5 và tập 6) trong bộ Hạt Giống Tâm Hồn (gồm 16 tập) là những câu chuyện có giá trị vĩnh hằng của cuộc sống, những câu chuyện của những con người bình dị trong tập sách sẽ giúp bạn cảm nhận, tìm lại được những giá trị của bản thân và ý nghĩa cuộc sống mà đôi khi vì băng qua quá nhanh, chúng ta đã vô tình lãng quên. Ý nghĩa sâu sắc từ những câu chuyện ngắn này sẽ như một bàn tay xoa dịu tâm hồn, tiếp thêm nguồn động viên và sức mạnh giúp chúng ta có thể vượt qua những trở ngại tinh thần, những khó khăn thử thách trong cuộc sống để khẳng định mình, theo đuổi ước mơ và vươn đến những điều tốt đẹp hơn.
So với phiên bản trước thì cuốn sách “Và ý nghĩa cuộc sống” tập 6 thuộc bộ “Hạt giống tâm hồn” gồm 16 tập này có thay đổi về thiết kế, bổ sung và chỉnh sửa lại một số câu chuyện phù hợp hơn. Mong những câu chuyện giản dị này sẽ là động lực khuyến khích bạn đưa tay cho người khác cũng như mở rộng lòng với những ai cần bờ vai để chia sẻ nỗi đau. Hy vọng rằng chúng sẽ mang đến cho bạn niềm lạc quan, niềm tin và sự thanh thản tâm hồn để thấy mỗi trở ngại, thử thách như một điều cần phải có, để bạn sẽ mỉm cười khi thấy mình ở một bậc cao hơn khi vượt qua được và đứng trên nghịch cảnh.",Sách tiếng Việt/Sách kỹ năng sống/Sách tư duy - Kỹ năng sống,1254
274729380,sách hạt giống tâm hồn 8,,66800,111899,OFFICIAL_STORE,0,0,,https://tiki.vn/sach-hat-giong-tam-hon-8-p274729380.html?spid=277360560,https://salt.tikicdn.com/cache/280x280/ts/product/10/a8/79/fded40382a98dcda41063c4873955dda.jpg,"Hạt Giống Tâm Hồn - NHững Câu Chuyện Cuộc Sống
Ai trong chúng ta cũng có ước mơ một ngày mai thật đẹp. Nhưng cuộc sống luôn tiềm ẩn trở ngại và thử thách bất ngờ – con đường đi đến những ước mơ ấy không hề bằng phẳng. Bao khó khăn, trở ngại và cả bất hạnh có thể xảy ra vào những lúc không mong chờ nhất như để thử thách lòng kiên nhẫn và sức chịu đựng của con người. Đó có thể là những trở ngại mà ta vấp phải vào một thời điểm nào đó trước khi có thể tự đứng thẳng trên đôi chân của mình, đôi lúc chúng như những đám mây đen kịt báo hiệu một cơn giông bão lớn đang đến, khiến ngay cả những tâm hồn dũng cảm nhất cũng phải tìm kiếm sự chở che.
Hai tập Những Câu chuyện Cuộc sống trong bộ Hạt giống Tâm hồn này sẽ là người bạn đồng hành, giúp quý độc giả vượt qua những khó khăn, thử thách của cuộc sống. Cũng có thể do khách quan hay những ngục tù tâm trí mà chính ta tự đưa mình vào… khiến ta tổn thương, mất niềm tin, và có lúc tưởng như không còn điểm tựa hay nghị lực để vượt qua. Trước những khó khăn thử thách ấy, mỗi người sẽ tự chọn cho mình một cách đón nhận, đối đầu để có một hướng đi riêng. Có người phó thác cho số phận, chìm vào biển tự thương thân, trách phận để rồi ngã gục trong cơn giông tố cuộc đời; có người trốn chạy tìm nơi trú ẩn; có người tự thay đổi để thích nghi với hoàn cảnh mới; và cũng có người dám đường đầu với thử thách và mạnh mẽ cất bước đi lên…
Thế nhưng, bất kể là ai, tự đáy lòng của mỗi con người đều tồn tại một khát vọng mãnh liệt – đó là khát vọng sống – và được luôn là chính mình. Chính khát vọng ấy đã khiến bao trái tim trăn trở, thao thức tìm cho mình một cách nghĩ, một sức mạnh tinh thần, một hướng đi để theo đuổi hoài bão, ước mơ. Cuộc sống chúng ta ra sao, luôn ngập tràn sợ hãi và oán hờn, hay chấp nhận và vui sống để vươn lên, sẽ tuỳ thuộc vào cách ta đối mặt như thế nào với khó khăn.
Hai tập Những Câu Chuyện Hạt Giống trong bộ Hạt giống Tâm hồn do First News thực hiện này sẽ là người bạn đồng hành cùng độc giả vượt qua những khó khăn trong cuộc sống thường nhật như: nỗi đau mất mát, sự tổn thương tinh thần, tình cảm, niềm tin, bệnh tật, những thăng trầm trên bước đường theo dõi những ước mơ của cuộc đời, hay hướng đến cuộc sống tốt đẹp hơn. Qua những chuyện bất hạnh của những con người bình dị, các câu chuyện đều nhấn mạnh đến tinh thần vượt lên, chiến thắng chứ không phải những điều lạ thường. Bạn cũng có thể bắt gặp câu chuyện của chính mình, những người xung quanh hay những người hoàn toàn xa lạ… để rồi suy gẫm, chiêm nghiệm, khám phá và tìm ra châm ngôn sống cho mình!
Qua những trang sách này, chúng tôi xin gởi đến bạn đọc một món quà tặng của tâm hồn. Mong rằng các bạn sẽ đón nhận quyển sách như một nguồn tiếp thêm sức mạnh và lòng dũng cảm –một lời nhắc nhở không ngừng rằng bạn luôn có đủ sức mạnh để v",Sách tiếng Việt/Sách kỹ năng sống/Sách kỹ năng mềm,1158
355136,sách hạt giống tâm hồn 8,.,68000,97533,NONE,0,12,1,https://tiki.vn/sach-hat-giong-tam-hon-8-tai-ban-2012-p355136.html?spid=275046311,https://salt.tikicdn.com/cache/280x280/media/catalog/product/h/a/hat-giong-tam-hon-_tap-8__1_1.jpg,"Hạt Giống Tâm Hồn - Những Câu Chuyện Cuộc Sống:
Trong cuộc sống chúng ta ai cũng có một uớc mơ cho một ngày mai thật đẹp, dù bình dị hay phi thường - đó có thể là ước mơ của một cậu bé mồ côi mong có ngày được chăm sóc trong vòng tay người mẹ, đó là ước mơ rất đỗi giản dị của một chú bé tật nguyền được bước đi bình thường như bao người khác, ước mơ nhìn thấy ánh sáng của một người không còn nhìn thấy được, ước mơ tìm được việc làm mà mình yêu thích của một chàng trai thất nghiệp, ước mơ tìm được một tình yêu đẹp, được sống yên vui hạnh phúc, hoặc có thể là những ước mơ chinh phục, vượt qua những thử thách, vươn lên khẳng định mình và trở thành những gì mà mình từng ao ước. Những ước mơ đáng quý, đáng trân trọng đó luôn là niềm hy vọng, là nguồn động lực và niềm tin lớn nhất cho mỗi người để sống, để cảm nhận và hướng đến ngày mai.
Nhưng cuộc sống luôn tìm ẩn những trở ngại, khó khăn, và thử thách bất ngờ - con đường đi đến những ước mơ ấy không hề bằng phẳng. Bao khó khăn, trở ngại và cả bất hạnh có thể xảy ra vào những lúc không mong chờ nhất như để thử thách lòng dũng cảm của con người. Đó có thể là những trở ngại nhỏ ta vấp phải vào một thời điểm nào đó trước khi tự đứng thẳng trên đôi chân của mình. Có thể nó như những đám mây đen kịt báo hiệu cơn dông, khiến ngay cả những tâm hồn dũng cảm nhất cũng phải tìm kiếm chở che. Cũng có thể do khách quan hay là những ngục tù mà chính ta tự đưa mình và khiến ta tổn thương, mất niềm tin, và có lúc tưởng như không còn điểm tựa hay nghị lực để vượt qua. Trước những khó khăn thử thách ấy, mỗi người sẽ tự chọn cho mình cách đón nhận, đối đầu để có một hướng đi riêng. Có những phó thác cho số phận, có người trốn chạy để tìm nơi trú ẩn, có người tự thay đổi để thích nghi với hoàn cảnh mới, cũng có người chìm vào biển tự thương thân, trách phận để rồi ngã gục trong cơn giông tố cuộc đờ
Thế nhưng, bất kể là ai, tự đáy lòng của mỗi con người đều tồn tại một khát vọng mãnh liệt - đó chính là khát vọng sống - và được luôn là chính mình. Chính khát vọng ấy đã khiến bao trái tim trăn trở, thao thức tìm cho mình một cách nghĩ, một sức mạnh tinh thần, một hướng đi để theo đuổi những hoài bão, ước mơ của mình.
Cuốn sách ""Những câu chuyện cuộc sống"" sẽ là người bạn đồng hành cùng độc giả vượt qua những khó khăn thử thách trong cuộc sống thường ngày như nỗi mất mát, nỗi đau tổn thương tinh thần, tình cảm, niềm tin, bệnh tật, những thăng trầm trên bước đường theo đuổi ước mơ của cuộc đời hay vươn lên cho cuộc sống tốt đẹp hơn.
Mời bạn đón đọc.",Sách tiếng Việt/Sách kỹ năng sống/Sách kỹ năng mềm,29
274729368,sách hạt giống tâm hồn 9,,68000,97533,NONE,0,0,,https://tiki.vn/sach-hat-giong-tam-hon-9-p274729368.html?spid=275050001,https://salt.tikicdn.com/cache/280x280/ts/product/00/29/4e/df9c9a9435ee24e99d11e3c0bd02bcbc.jpg,"""Quả thực, tôi cảm thấy mình may mắn khi có cơ hội gặp gỡ những con người như thế trên mọi nẻo đời. Chính họ đã mang đến cho tôi niềm tin rằng ở bất cứ nơi đâu trên trái đất này vẫn luôn hiện diện những con người giàu lòng nhân hậu, không ngừng dấn thân, cống hiến cho đời. Họ chính là nguồn cảm hứng bất tận của tôi. Và tôi đang muốn truyền nguồn cảm hứng đó đến bạn qua tập sách này.Mà rất có thể, bạn cũng là một người trong số họ.""",Sách tiếng Việt/Sách kỹ năng sống/Sách kỹ năng mềm,1153
48266442,sách hạt giống tâm hồn 9,FIRST NEWS TỔNG HỢP,60800,1,OFFICIAL_STORE,5,18,152,https://tiki.vn/sach-hat-giong-tam-hon-9-tai-ban-p48266442.html?spid=48266443,https://salt.tikicdn.com/cache/280x280/ts/product/bc/9e/3c/050a6aaea67f5e8becb6e70cc8e72c22.png,"Hạt Giống Tâm Hồn 9
Cuộc sống chúng ta ra sao, luôn ngập tràn sợ hãi và oán hờn hay chấp nhận và vui sống để vươn lên sẽ tuỳ thuộc vào cách ta đối mặt với những khó khăn thử thách ta gặp trên con đường như thế nào.
Với mong muốn được cùng độc giả vượt qua những khó khăn thử thách trong cuộc sống thường ngày như nỗi mất mát, nỗi đau tổn thương tinh thần, tình cảm, niềm tin, bệnh tật, những thăng trầm trên bước đường theo đuổi ước mơ của cuộc đời hay vươn lên cho cuộc sống tốt đẹp hơn, ""Hạt Giống Tâm Hồn - Cho Lòng Dũng Cảm và Tình Yêu Cuộc Sống"" đã được giới thiệu đến độc giả.",Sách tiếng Việt/Sách kỹ năng sống/Sách kỹ năng mềm,340
22401005,sách hãy sống cuộc đời như bạn muốn,PAM GROUT,89000,126688,NONE,0,2,,https://tiki.vn/sach-hay-song-cuoc-doi-nhu-ban-muon-tai-ban-2018-tang-kem-bookmark-tiki-p22401005.html?spid=194806095,https://salt.tikicdn.com/cache/280x280/ts/product/c7/32/b7/5f4df1814987d5d96beba20059a3d28a.jpg,"Hãy Sống Cuộc Đời Như Bạn Muốn (Tái Bản 2018)
Hãy sống cuộc đời như bạn muốn, cuốn sách kỹ năng của tác giả Pam Grout sẽ hướng dẫn bạn cách thay đổi thái độ, nắm bắt ý tưởng, và phát triển năng lực tiềm ẩn của bản thân để đạt đến tiềm năng thành công. Bằng cách nghĩ lớn, mơ lớn và đặt ra các câu hỏi lớn, mỗi người chúng ta chắc chắn sẽ tạo sự khác biệt trong cuộc sống của bản thân và những người xung quanh.
Chúng ta luôn luôn đặt ra cho bản thân câu hỏi rằng, làm thế nào để sống một cuộc sống như chúng ta mơ ước? Mà quên mất một thực tế rằng dù đau đáu về một cuộc sống như thế nhưng chúng ta vẫn đang quẩn quanh với những lịch trình hàng ngày, những việc làm nhàm chán đến mức gần như làm tê liệt ý chí vùng vẫy thoát ra khỏi nó. Chúng ta muốn sống khác nhưng vẫn dành quá nhiều thời gian xem tivi mỗi ngày, sa đà vào những bữa tiệc vui chơi quên ngày tháng, vẫn chấp nhận gắn bó với công việc mà mình không yêu thích, … Vâng, để có một cuộc sống như mơ ước, việc bạn chỉ khao khát, thèm muốn và làm một vài hành động đơn lẻ thôi không đủ, bởi để sống khác cần đến sự tổng hoà của rất nhiều yếu tố.
Hãy sống cuộc đời như bạn mong muốn sẽ cung cấp cho bạn rất nhiều thông tin đầy đủ và hoàn chỉnh từ những nguyên tắc để sống vĩ đại, những ví dụ điển hình về những con người sống vĩ đại rất gần gũi với chúng ta, từ những cô bé cậu bé tật nguyền hay Mozart và Picasso.
Mỗi chương trong cuốn sách tâm lý giáo dục này đều dành những câu hỏi và bài tập thực tế để độc giả có thể thực hành áp dụng nó vào chính cuộc sống của mỗi người! Hãy sống cuộc đời như bạn muốn là cuốn sách hay đáng đọc nếu bạn muốn có những thay đổi tích cực, tìm ra đam mê và theo đuổi đam mê của chính mình.
Sản phẩm được tặng kèm bookmark như hình đính kèm",Sách tiếng Việt/Sách kỹ năng sống/Sách tư duy - Kỹ năng sống,254
403086,sách hãy sống cuộc đời như bạn muốn,PAM GROUT,89000,126688,NONE,0,17,,https://tiki.vn/sach-hay-song-cuoc-doi-nhu-ban-muon-p403086.html?spid=273981901,https://salt.tikicdn.com/cache/280x280/media/catalog/product/h/a/hay-song-cuoc-doi-nhu-ban-muon.png,"Hãy Sống Cuộc Đời Như Bạn Muốn
Chúng ta luôn luôn đặt ra cho bản thân câu hỏi rằng, làm thế nào để sống một cuộc sống như chúng ta mơ ước? Mà quên mất một thực tế rằng dù đau đáu về một cuộc sống như thế nhưng chúng ta vẫn đang quẩn quanh với những lịch trình hàng ngày, những việc làm nhàm chán đến mức gần như làm tê liệt ý chí vùng vẫy thoát ra khỏi nó. Chúng ta muốn sống khác nhưng vẫn dành quá nhiều thời gian xem tivi mỗi ngày, sa đà vào những bữa tiệc vui chơi quên ngày tháng, vẫn chấp nhận gắn bó với công việc mà mình không yêu thích, … Vâng, để có một cuộc sống như mơ ước, việc bạn chỉ khao khát, thèm muốn và làm một vài hành động đơn lẻ thôi không đủ, bởi để sống khác cần đến sự tổng hoà của rất nhiều yếu tố.
Hãy sống cuộc đời như bạn muốn, cuốn sách của tác giả Pam Grout sẽ hướng dẫn bạn cách thay đổi thái độ, nắm bắt ý tưởng, và phát triển năng lực tiềm ẩn của bản thân để đạt đến tiềm năng thành công. Bằng cách nghĩ lớn, mơ lớn và đặt ra các câu hỏi lớn, mỗi người chúng ta chắc chắn sẽ tạo sự khác biệt trong cuộc sống của bản thân và những người xung quanh.
Hãy sống cuộc đời như bạn muốn sẽ cung cấp cho bạn rất nhiều thông tin đầy đủ và hoàn chỉnh từ những nguyên tắc để sống vĩ đại, những ví dụ điển hình về những con người sống vĩ đại rất gần gũi với chúng ta, từ những cô bé cậu bé tật nguyền, người tù binh trên chiến trường Việt Nam hay Mozart và Picasso. Mỗi chương sách đều dành những câu hỏi và bài tập thực tế để độc giả có thể thực hành áp dụng nó vào chính cuộc sống của mỗi người!",Sách tiếng Việt/Sách kỹ năng sống/Sách tư duy - Kỹ năng sống,45
106362639,sách hãy sống cuộc đời như bạn muốn,PAM GROUT,89000,295057,NONE,0,0,1,https://tiki.vn/sach-hay-song-cuoc-doi-nhu-ban-muon-p106362639.html?spid=203850186,https://salt.tikicdn.com/cache/280x280/ts/product/5e/51/79/70985e7316fe1d91c927db38d1bcc41a.jpg,"Hãy sống cuộc đời như bạn mong muốn sẽ cung cấp cho bạn rất nhiều thông tin đầy đủ và hoàn chỉnh từ những nguyên tắc để sống vĩ đại, những ví dụ điển hình về những con người sống vĩ đại rất gần gũi với chúng ta, từ những cô bé cậu bé tật nguyền hay Mozart và Picasso.",Sách tiếng Việt/Sách kỹ năng sống/Sách tư duy - Kỹ năng sống,548
174579917,sách hãy sống cuộc đời như bạn muốn,PAM GROUT,87120,57167,NONE,0,0,1,https://tiki.vn/sach-hay-song-cuoc-doi-nhu-ban-muon-tai-ban-p174579917.html?spid=193263385,https://salt.tikicdn.com/cache/280x280/ts/product/0a/5d/46/9c14ef87364225f75b399ee55786608e.jpg,"SÁCH HÃY SỐNG CUỘC ĐỜI NHƯ BẠN MUỐN (TÁI BẢN 2018)
Cuốn sách kỹ năng của tác giả Pam Grout sẽ hướng dẫn bạn cách thay đổi thái độ, nắm bắt ý tưởng, và phát triển năng lực tiềm ẩn của bản thân để đạt đến tiềm năng thành công. Bằng cách nghĩ lớn, mơ lớn và đặt ra các câu hỏi lớn, mỗi người chúng ta chắc chắn sẽ tạo sự khác biệt trong cuộc sống của bản thân và những người xung quanh.
Chúng ta luôn luôn đặt ra cho bản thân câu hỏi rằng, làm thế nào để sống một cuộc sống như chúng ta mơ ước? Mà quên mất một thực tế rằng dù đau đáu về một cuộc sống như thế nhưng chúng ta vẫn đang quẩn quanh với những lịch trình hàng ngày, những việc làm nhàm chán đến mức gần như làm tê liệt ý chí vùng vẫy thoát ra khỏi nó. Chúng ta muốn sống khác nhưng vẫn dành quá nhiều thời gian xem tivi mỗi ngày, sa đà vào những bữa tiệc vui chơi quên ngày tháng, vẫn chấp nhận gắn bó với công việc mà mình không yêu thích, … Vâng, để có một cuộc sống như mơ ước, việc bạn chỉ khao khát, thèm muốn và làm một vài hành động đơn lẻ thôi không đủ, bởi để sống khác cần đến sự tổng hoà của rất nhiều yếu tố.
Hãy sống cuộc đời như bạn mong muốn sẽ cung cấp cho bạn rất nhiều thông tin đầy đủ và hoàn chỉnh từ những nguyên tắc để sống vĩ đại, những ví dụ điển hình về những con người sống vĩ đại rất gần gũi với chúng ta, từ những cô bé cậu bé tật nguyền hay Mozart và Picasso.
Mỗi chương trong cuốn sách tâm lý giáo dục này đều dành những câu hỏi và bài tập thực tế để độc giả có thể thực hành áp dụng nó vào chính cuộc sống của mỗi người! Hãy sống cuộc đời như bạn muốn là cuốn sách hay đáng đọc nếu bạn muốn có những thay đổi tích cực, tìm ra đam mê và theo đuổi đam mê của chính mình.
THÔNG TIN BỔ SUNG VỀ CUỐN SÁCH HÃY SỐNG CUỘC ĐỜI NHƯ BẠN MUỐN (TÁI BẢN 2018) :",Sách tiếng Việt/Sách kỹ năng sống/Sách tư duy - Kỹ năng sống,758
2071481,sách hãy sống cuộc đời như bạn muốn,PAM GROUT,69300,7247,OFFICIAL_STORE,5,112,60,https://tiki.vn/sach-hay-song-cuoc-doi-nhu-ban-muon-tai-ban-2018-p2071481.html?spid=73362223,https://salt.tikicdn.com/cache/280x280/ts/product/20/36/f4/4c86bcb078422bd853f13b292cade68c.jpg,"Hãy Sống Cuộc Đời Như Bạn Muốn (Tái Bản 2018)
Hãy sống cuộc đời như bạn muốn, cuốn sách kỹ năng của tác giả Pam Grout sẽ hướng dẫn bạn cách thay đổi thái độ, nắm bắt ý tưởng, và phát triển năng lực tiềm ẩn của bản thân để đạt đến tiềm năng thành công. Bằng cách nghĩ lớn, mơ lớn và đặt ra các câu hỏi lớn, mỗi người chúng ta chắc chắn sẽ tạo sự khác biệt trong cuộc sống của bản thân và những người xung quanh.
Chúng ta luôn luôn đặt ra cho bản thân câu hỏi rằng, làm thế nào để sống một cuộc sống như chúng ta mơ ước? Mà quên mất một thực tế rằng dù đau đáu về một cuộc sống như thế nhưng chúng ta vẫn đang quẩn quanh với những lịch trình hàng ngày, những việc làm nhàm chán đến mức gần như làm tê liệt ý chí vùng vẫy thoát ra khỏi nó. Chúng ta muốn sống khác nhưng vẫn dành quá nhiều thời gian xem tivi mỗi ngày, sa đà vào những bữa tiệc vui chơi quên ngày tháng, vẫn chấp nhận gắn bó với công việc mà mình không yêu thích, v.v… Vâng, để có một cuộc sống như mơ ước, việc bạn chỉ khao khát, thèm muốn và làm một vài hành động đơn lẻ thôi không đủ, bởi để sống khác cần đến sự tổng hoà của rất nhiều yếu tố.
Hãy sống cuộc đời như bạn mong muốn sẽ cung cấp cho bạn rất nhiều thông tin đầy đủ và hoàn chỉnh từ những nguyên tắc để sống vĩ đại, những ví dụ điển hình về những con người sống vĩ đại rất gần gũi với chúng ta, từ những cô bé cậu bé tật nguyền hay Mozart và Picasso.
Mỗi chương trong cuốn sách tâm lý giáo dục này đều dành những câu hỏi và bài tập thực tế để độc giả có thể thực hành áp dụng nó vào chính cuộc sống của mỗi người! Hãy sống cuộc đời như bạn muốn là cuốn sách hay đáng đọc nếu bạn muốn có những thay đổi tích cực, tìm ra đam mê và theo đuổi đam mê của chính mình.",Sách tiếng Việt/Sách kỹ năng sống/Sách tư duy - Kỹ năng sống,127
247813410,sách hãy sống cuộc đời như bạn muốn,,89000,126688,NONE,0,0,,https://tiki.vn/hay-song-cuoc-doi-nhu-ban-muon-sach-ban-quyen-p247813410.html?spid=273981910,https://salt.tikicdn.com/cache/280x280/ts/product/20/36/f4/4c86bcb078422bd853f13b292cade68c.jpg,"Hãy Sống Cuộc Đời Như Bạn Muốn (*** Sách Bản Quyền ***)
Hãy Sống Cuộc Đời Như Bạn Muốn (*** Sách Bản Quyền ***)
Hãy sống cuộc đời như bạn muốn, cuốn sách kỹ năng của tác giả Pam Grout sẽ hướng dẫn bạn cách thay đổi thái độ, nắm bắt ý tưởng, và phát triển năng lực tiềm ẩn của bản thân để đạt đến tiềm năng thành công. Bằng cách nghĩ lớn, mơ lớn và đặt ra các câu hỏi lớn, mỗi người chúng ta chắc chắn sẽ tạo sự khác biệt trong cuộc sống của bản thân và những người xung quanh.
Chúng ta luôn luôn đặt ra cho bản thân câu hỏi rằng, làm thế nào để sống một cuộc sống như chúng ta mơ ước? Mà quên mất một thực tế rằng dù đau đáu về một cuộc sống như thế nhưng chúng ta vẫn đang quẩn quanh với những lịch trình hàng ngày, những việc làm nhàm chán đến mức gần như làm tê liệt ý chí vùng vẫy thoát ra khỏi nó. Chúng ta muốn sống khác nhưng vẫn dành quá nhiều thời gian xem tivi mỗi ngày, sa đà vào những bữa tiệc vui chơi quên ngày tháng, vẫn chấp nhận gắn bó với công việc mà mình không yêu thích, … Vâng, để có một cuộc sống như mơ ước, việc bạn chỉ khao khát, thèm muốn và làm một vài hành động đơn lẻ thôi không đủ, bởi để sống khác cần đến sự tổng hoà của rất nhiều yếu tố.
Hãy sống cuộc đời như bạn mong muốn sẽ cung cấp cho bạn rất nhiều thông tin đầy đủ và hoàn chỉnh từ những nguyên tắc để sống vĩ đại, những ví dụ điển hình về những con người sống vĩ đại rất gần gũi với chúng ta, từ những cô bé cậu bé tật nguyền hay Mozart và Picasso.
Mỗi chương trong cuốn sách tâm lý giáo dục này đều dành những câu hỏi và bài tập thực tế để độc giả có thể thực hành áp dụng nó vào chính cuộc sống của mỗi người! Hãy sống cuộc đời như bạn muốn là cuốn sách hay đáng đọc nếu bạn muốn có những thay đổi tích cực, tìm ra đam mê và theo đuổi đam mê của chính mình.
— Hãy chiêm nghiệm cuốn sách và cảm nhận hương vị của một tách trà vào mỗi cuối tuần khi bạn có nhiều thời gian hơn dành cho bản thân mình! —",Sách tiếng Việt/Sách kỹ năng sống/Sách tư duy - Kỹ năng sống,967
275338612,sách hiểu về trái tim,,125000,326534,NONE,0,0,,https://tiki.vn/sach-hieu-ve-trai-tim-p275338612.html?spid=278751087,https://salt.tikicdn.com/cache/280x280/ts/product/a5/7c/0c/8f91cb4645ce68a389ceac0bbf08a577.jpg,"Hiểu Về Trái Tim – Cuốn Sách Mở Cửa Thề Giới Cảm Xúc Của Mỗi Người
Là tác phẩm đầu tay của nhà sư Minh Niệm, người sáng lập dòng thiền hiểu biết (Understanding Meditation), kết hợp giữa tư tưởng Phật giáo Đại thừa và Thiền nguyên thuỷ Vipassana, nhưng Hiểu Về Trái Tim không phải tác phẩm thuyết giáo về Phật pháp. Cuốn sách rất “đời” với những ưu tư của một người tu nhìn về cõi thế. Ở đó, có hạnh phúc, có đau khổ, có tình yêu, có cô đơn, có tuyệt vọng, có lười biếng, có yếu đuối, có buông xả… Nhưng, tất cả những hỉ nộ ái ố ấy đều được khoác lên tấm áo mới, một tấm áo tinh khiết và xuyên suốt, khiến người đọc khi nhìn vào, đều thấy mọi sự như nhẹ nhàng hơn…
Sinh tại Châu Thành, Tiền Giang, xuất gia tại Phật Học Viện Huệ Nghiêm – Sài Gòn, Minh Niệm từng thọ giáo thiền sư Thích Nhất Hạnh tại Pháp và thiền sư Tejaniya tại Mỹ. Kết quả sau quá trình tu tập, lĩnh hội kiến thức… Ông quyết định chọn con đường hướng dẫn thiền và khai triển tâm lý trị liệu cho giới trẻ làm Phật sự của mình. Tiếp cận với nhiều người trẻ, lắng nghe thế giới quan của họ và quan sát những đổi thay trong đời sống hiện đại, ông phát hiện có rất nhiều vấn đề của cuộc sống. Nhưng, tất cả, chỉ xuất phát từ một nguyên nhân: Chúng ta chưa hiểu, và chưa hiểu đúng về trái tim mình là chưa cơ chế vận động của những hỉ, nộ, ái, ố trong mỗi con người. “Tôi đã từng quyết lòng ra đi tìm hạnh phúc chân thật. Dù thời điểm ấy, ý niệm về hạnh phúc chân thật trong tôi rất mơ hồ nhưng tôi vẫn tin rằng nó có thật và luôn hiện hữu trong thực tại. Hơn mười năm sau, tôi mới thấy con đường. Và cũng chừng ấy năm nữa, tôi mới tự tin đặt bút viết về những điều mình đã khám phá và trải nghiệm…”, tác giả chia sẻ.
Gần 500 trang sách, Hiểu Về Trái Tim là những phác thảo rõ nét về bức tranh đời sống cảm xúc của tất cả mọi người. Người đọc sẽ tìm thấy căn nguyên thành hình của những xúc cảm, thấy cả việc chúng chi phối thế nào đến hành xử thường ngày và quan trọng hơn cả là cách thức để điều khiển chúng thế nào. Không có câu trả lời cuối cùng của việc đúng – sai trong từng tình huống nhưng Hiểu Về Trái Tim có chứa trong nó chìa khoá để mở ra một cánh cửa đến với thế giới mới, thế giới an lạc từ trong tâm mỗi người. Bởi, suy cho cùng, mỗi trái tim - cơ quan chúng ta thường gắn cho nhiệm vụ điều khiển trí tuệ cảm xúc của con người, đều có những nỗi niềm riêng. Chỉ cần hiểu câu chuyện của trái tim, tự khắc, mỗi người sẽ quyết định được câu chuyện của chính mình. Bí quyết của sự chuyển hoá là không nên dùng ý chí để áp đặt hay nhồi nặn tâm mình trở thành một kiểu mẫu tốt đẹp nào đó. Chỉ cẩn quan sát và thấu hiểu chúng là đủ. Tác giả nhận định: “Việc đưa tâm thức vượt lên những cung bậc cao hơn để nhìn đúng đắn hơn về thân phận của mình và bản chất cuộc sống là điều hoàn toàn có thể làm được”.
Lúc sinh thời cố Giáo sư, Tiến sĩ Trần Văn Khuê, có dịp tiếp cận với Hiểu Về Trái Tim. Ông nhận xét, như một cuốn sách đầu tiên thuộc chủ đề Hạt Giống Tâm Hồn do một tác giả Việt Nam viết, cuốn sách sẽ giúp người đọc hiểu được cảm xúc của tâm hồn, trái tim của chính mình và của người khác. Để, tận cùng là loại bỏ nỗi buồn, tổn thương và tìm được hạnh phúc trong cuộc sống. Có lẽ, vì điều này mà gần 10 năm qua, Hiểu về trái tim vẫn là cuốn sách liên tục được tái bản và chưa có dấu hiệu “hạ nhiệt”. Đáng quý hơn, toàn bộ lợi nhuận thu được từ việc phát hành cuốn sách này đều được chuyển về quỹ từ thiện cùng tên để giúp đỡ trẻ em có hoàn cảnh khó khăn, bất hạnh tại Việt Nam.",Sách tiếng Việt/Sách kỹ năng sống/Sách tư duy - Kỹ năng sống,1201
340167,sách hiểu về trái tim,MINH NIỆM,142200,295057,NONE,0,112,,https://tiki.vn/sach-hieu-ve-trai-tim-khong-kem-cd-p340167.html?spid=274911552,https://salt.tikicdn.com/cache/280x280/media/catalog/product/h/i/hieu-ve-trai-tim-2016.u84.d20161125.t171859.117131.jpg,"TIKI KHUYÊN ĐỌC
ĐÁNH GIÁ TỪ TIKI.VN:
Thông thường, thể loại nghệ thuật sống thường được dịch từ sách nước ngoài là nhiều. Hiểu về trái tim không như vậy, cuốn sách do một tác giả Việt Nam suy ngẫm, ngộ ra và viết. Bạn sẽ chẳng hiểu về nó nếu bạn đọc với suy nghĩ ngờ vực hay xét đoán. Hãy cứ đọc và cảm nhận những điều Minh Niệm chia sẻ bằng chính trái tim của bạn. Những chia sẻ từ trái tim thì nên cảm nhận bằng trái tim bạn ạ!
Bạn sẽ chín chắn hơn, hiểu cuộc sống một cách mới và tích cực hơn sau khi đọc cuốn sách này đấy! Không dối lừa, chỉ toàn là sự thật thôi.
Cuộc sống không phải toàn màu hồng, cũng không phải chỉ đầy hố đen. Và bạn hãy biết cân bằng cuộc sống của chính mình để luôn thấy hạnh phúc nhé! :)
ĐÁNH GIÁ CỦA BẠN PHÚ PHÔ MAI (﻿myphudinh@ - TP HCM):
Hạnh phúc là điều mà tất cả mọi người điều hướng tới nhưng con người cứ chăm lo cho giá trị hạnh phúc mang lại từ vật chất mà sống xa rời trái tim của mình. Vậy đến khi nào thì họ mới có được hạnh phúc thật sự khi mà họ bỏ ngoài tai những lời trái tim họ nói (hay họ cố tình không nghe). Và những gì trái tim con người lên tiếng đã được Minh Niệm cảm nhận và viết thành quyển ""Hiểu về trái tim"".
Không chỉ giải mã lời trái tim mà tác giả còn chỉ cho chúng ta thấy những bí quyết để sống hạnh phúc, để không còn cảm thấy đau đáu mỗi khi thất bại, mỗi khi ngồi khâu mình trong góc tối mà chẳng biết ta nên làm gì. Không đơn giản chỉ là quyển sách dành riêng cho trái tim của mỗi người mà nó còn là phương thuốc hữu hiệu để giúp ta có thể chữa lành trái tim của người thân xung quanh mình. Cách tốt nhất để san lấp những nỗi đau là chia sẻ, nhưng nếu chúng ta không hiểu những nỗi đau đó xuất phát từ đâu thì làm sao chúng ta có thể xoá nhoà chúng.
Vậy nên ""Hiểu về trái tim"" xứng đáng là một quyển sách tuyệt vời để mang lại giá trị sống hạnh phúc đích thực khi mà những giá trị ảo đang ngày càng thống trị trái tim mỗi người, để rồi một khi chúng ta không còn khả năng đáp ứng được vật chất nữa, chúng sẽ bỏ ta lại với một trái tim đã quá nhiều vết sẹo và có thể chẳng phục hồi lại được nữa.
Cả đời người chỉ mong cuối cùng được sống hạnh phúc, vậy thì đừng đi lạc nữa, hãy tập lắng nghe trái tim và từ hôm nay, hãy đi theo lời trái tim nói dù cho con đường đó chông gai thế nào nhưng hãy tin phía cuối đường luôn tràn đầy hoa hồng.
(Nhận xét tham gia chương trình ""ĐÓN TẾT SÁCH TƯNG BỪNG, CHỈ VỚI MỘT ""CÚ"" LIKE"" của T)
Mỗi chúng ta được sinh ra với một trái tim và đều mong muốn trái tim mình khoẻ mạnh, an vui. Vậy mà có biết bao trẻ em nghèo bất hạnh với chứng bệnh tim bẩm sinh không tiền chữa trị, còn người khoẻ mạnh thì vì những đau khổ của cuộc sống không hạnh phúc mà trái tim cũng bị tổn thương, mỏi mệ Tác giả Minh Niệm là vị thầy có những trải nghiệm lớn lao trong thiền định và đang là điểm tựa tinh thần cho rất nhiều thiền sinh trên thế giới. Những bài viết của ông giúp chúng ta tìm lại chính mình, nuôi dưỡng những hạt giống tốt trong tâm hồn như lòng bao dung, vị tha, lắng nghe, chia sẻ đồng thời nhận biết và chuyển hoá những năng lượng tiêu cực của giận hờn, ghen tỵ, che đậy, tham lam, đố kỵ
“Để chữa lành những tổn thương và nổi đau, cách tốt nhứt và hữu hiệu nhất là cần hiểu rõ được trái tim, tâm hồn của mình, và của người khác, cuốn sách Hiểu về Trái Tim chính là cuốn sách giúp bạn đọc làm được điều đó: Hiểu rõ và chữa lành trái tim, tâm hồn của mình và của những người xung quanh, để mọi người cùng được sống trong hạnh phúc và yêu thương. Với cuốn sách này, chúc bạn đọc sẽ luôn hạnh phúc và không bao giờ phải sống với một trái tim tan vỡ hay một tâm hồn tổn thương” Giáo sư – Tiến sĩ Trần Văn Khê",Sách tiếng Việt/Sách kỹ năng sống/Sách kỹ năng mềm,12
46107066,sách học cách học,"BARBARA OAKLEY, ALISTAIR MCCONVILLE, TERRENCE SEJNOWSKI",122000,7247,OFFICIAL_STORE,5,295,985,https://tiki.vn/sach-hoc-cach-hoc-p46107066.html?spid=60732014,https://salt.tikicdn.com/cache/280x280/ts/product/9a/82/e5/320cdbd59aebe8c3f3620120efeb3a9b.png,"Cách cho tâm trí lang thang để kích hoạt chế độ tập trung học tập;
Cách ra khỏi “tư duy lối mòn” để tư duy bứt phá;
Cách để biến một trí nhớ kém trở thành lợi thế tư duy;
Cách đơn giản nhưng đầy hiệu quả để đập tan sự trì hoãn, hãy dùng một quả cà chua (Pomodoro).
Đồng hành cùng khoá học nổi tiếng Học Cách Học, cuốn sách sẽ giúp bạn mở khoá não bộ, để việc học trở nên dễ dàng và thú vị.
“Chân thực và đầy thú vị về cách xây dựng kỹ năng quan trọng bậc nhất: học tập.” - Adam Grant, tác giả sách bán chạy của New York Times
“Những người trẻ được đặt nhiều hy vọng trong việc học nhưng hiếm khi được dạy về cách học. Cuốn sách này sẽ dạy họ những phương pháp tuyệt vời.” - Henry L. Roediger III, đồng tác giả của Bí quyết học đâu nhớ đó",Sách tiếng Việt/Sách kỹ năng sống/Sách tư duy - Kỹ năng sống,331
248656090,sách học cách học,NHIỀU TÁC GIẢ,122000,7247,OFFICIAL_STORE,0,3,13,https://tiki.vn/sach-hoc-cach-hoc-p248656090.html?spid=261989922,https://salt.tikicdn.com/cache/280x280/ts/product/9a/82/e5/5869e1397333279295436087a4b721b0.png,"1. Cách cho tâm trí lang thang để kích hoạt chế độ tập trung học tập.
2. Cách ra khỏi “tư duy lối mòn” để tư duy bứt phá.
3. Cách để biến một trí nhớ kém trở thành lợi thế tư duy.
4. Cách đơn giản nhưng đầy hiệu quả để đập tan sự trì hoãn, hãy dùng một quả cà chua (Pomodoro).
Đồng hành cùng khoá học nổi tiếng “Học Cách Học”, cuốn sách sẽ giúp bạn mở khoá não bộ, để việc học trở nên dễ dàng và thú vị.
“Chân thực và đầy thú vị về cách xây dựng kỹ năng quan trọng bậc nhất: học tập.” - Adam Grant, tác giả sách bán chạy của New York Times.
“Những người trẻ được đặt nhiều hy vọng trong việc học nhưng hiếm khi được dạy về cách học. Cuốn sách này sẽ dạy họ những phương pháp tuyệt vời.” - Henry L. Roediger III, đồng tác giả của “Bí quyết học đâu nhớ đó”.",Sách tiếng Việt/Sách kỹ năng sống/Sách tư duy - Kỹ năng sống,991
189940673,sách học cách học,NHIỀU TÁC GIẢ,106700,1,OFFICIAL_STORE,5,51,734,https://tiki.vn/sach-hoc-cach-hoc-tai-ban-p189940673.html?spid=189940674,https://salt.tikicdn.com/cache/280x280/ts/product/f9/4c/b7/e8556b1180decd5a4d4e937fea7f18bf.png,"Học Cách Học.
Bạn có đang cảm thấy việc học trở nên quá tải, khô khan và thiếu hiệu quả? Bạn dành hàng giờ để học nhồi nhét nhưng kiến thức vẫn ""rơi rụng"" sau đó? Trong một thế giới tri thức bùng nổ, việc học không còn chỉ là tiếp thu thông tin, mà là một kỹ năng cần được rèn luyện. Cuốn sách ""Học Cách Học"" của Barbara Oakley kết hợp với Terrence Joseph Sejnowski và Alistair McConville chính là vị cứu tinh, giúp bạn mở khoá tiềm năng của bộ não và khám phá những phương pháp học tập thông minh nhất.
Qua cuốn sách này, bạn sẽ:
Phân biệt hai chế độ tư duy: Chế độ tập trung (Focused Mode) và chế độ phân tán (Diffuse Mode), từ đó biết cách tận dụng tối đa sức mạnh của não bộ.
Đập tan sự trì hoãn: Học cách vượt qua thói quen ""nước đến chân mới nhảy"" bằng kỹ thuật Pomodoro nổi tiếng và các phương pháp hiệu quả khác.
Xây dựng trí nhớ bền vững: Áp dụng kỹ thuật ""nhớ lại chủ động"" (Active Recall) và phương pháp lặp lại ngắt quãng để kiến thức đi từ trí nhớ ngắn hạn vào trí nhớ dài hạn.
Học mọi thứ dễ dàng hơn: Khám phá bí quyết để học các môn ""khó nhằn"" như toán và khoa học, biến chúng trở nên đơn giản và thú vị.
Tăng cường khả năng sáng tạo: Rời khỏi ""tư duy lối mòn"" để tìm ra những giải pháp đột phá và độc đáo cho mọi vấn đề.
Barbara Oakley là một Giáo sư Kỹ thuật tại Đại học Oakland và là một trong số ít phụ nữ nhận bằng Tiến sĩ về kỹ thuật hệ thống. Bà nổi tiếng với khoá học trực tuyến miễn phí ""Learning How to Learn"" trên Coursera, thu hút hàng triệu học viên trên toàn thế giới. Câu chuyện của bà vô cùng truyền cảm hứng: từ một người từng rất khó khăn với toán học và khoa học, bà đã rèn luyện để trở thành một nhà giáo dục và kỹ sư xuất sắc.
Hai đồng tác giả của bà là:
Terrence Joseph Sejnowski: một nhà sinh học thần kinh và là người đứng đầu Phòng thí nghiệm Sinh học thần kinh tính toán tại Viện Salk. Ông là một trong 10 nhà sinh học tính toán sống vĩ đại nhất.
Alistair McConville: một chuyên gia giáo dục, nhà thiết kế chương trình học và là đồng tác giả của nhiều tài liệu học tập.
Sự kết hợp giữa kiến thức khoa học thần kinh sâu sắc của Tiến sĩ Sejnowski, kinh nghiệm thực tế của Giáo sư Oakley và chuyên môn giáo dục của McConville đã tạo nên một cuốn sách mang tính đột phá và thực tiễn cao.
Cuốn Sách Này Dành Cho Ai? Cuốn sách này dành cho bất kỳ ai muốn nâng cấp kỹ năng học tập của mình:
Học sinh, sinh viên: Muốn đạt kết quả cao hơn trong học tập và vượt qua các kỳ thi một cách nhẹ nhàng.
Người đi làm: Muốn tự học thêm kỹ năng mới để thăng tiến trong sự nghiệp hoặc chuyển đổi công việc.
Giáo viên, phụ huynh: Muốn giúp đỡ con cái và học trò của mình học tập hiệu quả hơn.
Đừng để cách học sai lầm cản trở bạn. Hãy đầu tư vào tri thức, học cách học thông minh để mở ra một tương lai đầy tiềm năng. Thay đổi cách học, thay đổi cuộc đời.",Sách tiếng Việt/Sách kỹ năng sống/Sách tư duy - Kỹ năng sống,783
247814591,sách học cách học,,122000,7247,OFFICIAL_STORE,5,7,29,https://tiki.vn/hoc-cach-hoc-sach-ban-quyen-p247814591.html?spid=261990023,https://salt.tikicdn.com/cache/280x280/ts/product/9a/82/e5/7327881b5b9aa6a191097e3c94bf8a97.png,"Học Cách Học (*** Sách Bản Quyền ***)
Học Cách Học (*** Sách Bản Quyền ***)
Cách cho tâm trí lang thang để kích hoạt chế độ tập trung học tập;
Cách ra khỏi “tư duy lối mòn” để tư duy bứt phá;
Cách để biến một trí nhớ kém trở thành lợi thế tư duy;
Cách đơn giản nhưng đầy hiệu quả để đập tan sự trì hoãn, hãy dùng một quả cà chua (Pomodoro).
Đồng hành cùng khoá học nổi tiếng Học Cách Học, cuốn sách sẽ giúp bạn mở khoá não bộ, để việc học trở nên dễ dàng và thú vị.
“Chân thực và đầy thú vị về cách xây dựng kỹ năng quan trọng bậc nhất: học tập.” - Adam Grant, tác giả sách bán chạy của New York Times
“Những người trẻ được đặt nhiều hy vọng trong việc học nhưng hiếm khi được dạy về cách học. Cuốn sách này sẽ dạy họ những phương pháp tuyệt vời.” - Henry L. Roediger III, đồng tác giả của Bí quyết học đâu nhớ đó.
— Hãy chiêm nghiệm cuốn sách và cảm nhận hương vị của một tách trà vào mỗi cuối tuần khi bạn có nhiều thời gian hơn dành cho bản thân mình! —",Sách tiếng Việt/Sách kỹ năng sống/Sách tư duy - Kỹ năng sống,968
246102889,sách học cách sống,,107000,326534,NONE,0,0,,https://tiki.vn/sach-hoc-cach-song-nha-nam-ban-quyen-p246102889.html?spid=252720257,https://salt.tikicdn.com/cache/280x280/ts/product/da/54/77/681641b5796691ed4e8d1201e7b58be2.jpg,"“Học cách sống, học đừng sợ một cách vô bổ nữa những diện mạo khác nhau của cái chết hoặc, đơn thuần, là học cách khắc phục tính tầm thường vô vị của cuộc sống hàng ngày, sự buồn chán, thời gian trôi qua, đó đã từng là mục đích hàng đầu của các môn phái Hy Lạp cổ đại. Thông điệp của họ đáng được nghe, vì khác với những gì diễn ra trong lịch sử các khoa học, những triết lý của thời quá khứ vẫn còn đang nói với chúng ta. Vả chăng đó là một điểm mà riêng nó cũng đáng để suy nghĩ.”
“Đây quả là cuốn sách bàn về triết học dễ tiếp cận một cách hiếm hoi nhưng vẫn tạo được cảm hứng và tràn đầy niềm tin vào khả năng của con người trong việc tư duy số phận cũng như các cứu cánh của mình.” - Livres et Lecture
“Chúng ta có thể cảm ơn Luc Ferry bởi ông đã giúp độc giả học được cách cảm thông trước khi phản bác, bởi ông đã dạy cho các bạn trẻ cách tư duy nhờ người khác và cùng với người khác trước khi có thể tự mình tư duy.” - Esprits et Vie",Sách tiếng Việt/Sách kỹ năng sống/Sách tư duy - Kỹ năng sống,953
337881,sách học cách sống,LUC FERRY,100800,326534,NONE,0,4,3,https://tiki.vn/sach-hoc-cach-song-p337881.html?spid=252720260,https://salt.tikicdn.com/cache/280x280/media/catalog/product/h/o/hoc_cach_song.jpg,"Trong Học cách sống, Luc Ferry đóng vai trò một người đối thoại, như một người thầy, nhưng không rao giảng và áp đặt, mà như thể đang tìm kiếm bạn đồng hành. Xen lẫn những ví dụ sinh động về từ nguyên, lịch sử và đời sống hiện đại, ông cho thấy sự liên quan sâu sắc giữa các tư tưởng tưởng chừng như xa lạ với cội rễ cuộc sống hằng ngày của chúng ta. Học cách sống khơi dậy niềm hứng thú, chứ không phải nỗi kính sợ, với một môn khoa học nhân văn, dành cho con người để hiểu về con người và thế giới, khi làm một hành trình xuyên suốt triết học phương Tây, từ các nhà khắc kỷ Hy Lạp cổ đại đến các triết gia hậu hiện đại.
Các nhà triết học Hy Lạp cổ đại tôn sùng một vũ trụ toàn thể - cái cosmos có tính đúng đắn, đẹp đẽ và vĩnh hằng, không phụ thuộc vào con người. Nối mình và làm khớp mình với cosmos là nguyên tắc của đạo lý và chính trị, vì vậy cái chết không có gì đáng sợ bởi khi già đi và chết đi mỗi chúng ta lại trở thành một mảnh của cosmos, hoà nhập trong trật tự đẹp và bất biến. Tiếp đến là Kitô giáo, tôn giáo có tư tưởng thống trị thế giới phương Tây gần mười lăm thế kỷ. Kitô giáo nhân vị hoá sự cứu rỗi, cái cosmos hoàn hảo được thay thế bằng chúa Kitô, chúng ta không chỉ được cứu rỗi bởi một con người mà còn với tư cách một con người – không phải một mảnh của vũ trụ.
Những đặc điểm đạo đức của Kitô giáo đã đặt nền móng cho sự ra đời của triết học hiện đại, chủ nghĩa nhân văn với Rousseau và Descartes, với những nghiên cứu sâu về nhân tính. Con người là sinh thể duy nhất mang tính lịch sử, phẩm cách bình đẳng và lo lắng tinh thần. Không bị quyết định bởi chủng tộc hay xuất thân, con người có những đức tính – như “một cuộc đấu tranh của tự do chống lại tự nhiên tính trong chúng ta”. Kiến thức khoa học và quan niệm về chủ nghĩa cá nhân đã giúp người Hiện đại đảo ngược lại cách nhìn của Cổ nhân: cái cosmos thần diệu và hài hoà không còn tồn tại, quan trọng là con người cần phải bằng mọi giá tìm được vị trí của mình và tự hội nhập. Duy nhất cá nhân là đáng kể, là “mục đích tự nó” và con người sẽ được đánh giá tuỳ theo khả năng dứt mình ra khỏi logic của sự vị kỷ tự nhiên để xây dựng một thế giới đạo đức nhân tạo – dựa trên sự bình đẳng và lao động. “Tôi tư duy vậy tôi tồn tại” – câu  nói nổi tiếng của Descartes mở ra thời kỳ của chủ nghĩa nhân văn hiện đại, trong lòng nó điều mà người ta sẽ gọi là “tính chủ quan” sẽ trở thành chúa tể - thành xác tín không lay chuyển. Cosmos chuyển lại chuyển từ Chúa cứu thế vào tiêu chuẩn của chân lý – cái mà “chủ thể người tin chắc một cách tuyệt đối”.
“Sự mong manh và tính hữu hạn của sự tồn tại của con người, với tính phải chết của mọi sự vật ở thế gian này” mãi mãi là thứ khiến con người phải đi tìm sự cứu rỗi. Khi không còn cosmos và Chúa, khi đã chán đặt mình vào trung tâm của vũ trụ, con người lại tiếp tục thất bại nặng nề với các “tôn giáo về sự cứu rỗi trần thế”, khi tìm cách thiêng liêng hoá nhân loại và các khái niệm tương tự để thay thế cho Chúa Trời, nhằm bấu víu vào các “thần tượng”. Ngay cả khi Nietzsche, với sự sắc bén quyết liệt của mình, đánh đổ các thần tượng và những khái niệm mù mờ vốn “xét đoán và cuối cùng kết án bản thân sự sống”, kêu gọi một lối sống mạnh mẽ và nhẹ nhõm, thì rốt cuộc vẫn không có giải pháp rốt ráo nào cho cuộc sống trước hết là của chính bản thân các triết gia.
Và thời đại ngày nay, “thế giới của kỹ thuật” dưới mắt Heidegger, khi đúng như Nietzsche mong muốn, mọi thần tượng đã sụp đổ, không còn gì hoàn mỹ và thiêng liêng. Để đối phó với tình thế này, con người cần sự minh mẫn hơn bao giờ hết. Sống, “để mở rộng tầm nhìn, học yêu mến tính dị biệt của những con người cũng như tính dị biệt của các tác phẩm, và thỉnh thoảng, khi tình yêu ấy mãnh liệu, sống tình trạng triệt tiêu của thời gian mà sự hiện diện của tình yêu ấy đem lại cho ta”.
Học cách sống – hay khái luận triết học dành cho thế hệ trẻ là một cuốn sách khiêm tốn mà tham vọng. Khiêm tốn, vì chỉ hướng tới một công chúng không chuyên môn, nhưng tham vọng, bởi Luc Ferry không chấp nhận việc đơn giản hoá có thể dẫn tới làm biến dạng những tư tưởng lớn. Kính trọng các học thuyết lớn, nhưng sau khi đã nhận thấy những chân lý toàn trị bị vượt qua, con người hiện đại cần sự tỉnh táo hơn bao giờ hết để hiểu rằng triết học “không phải là công cụ chính trị cũng chẳng phải là chỗ nương tựa cho đạo đức”. Người ta không triết lý để chơi đùa, cũng không chỉ để hiểu mình và thế giới, mà đôi khi “để cứu lấy cái mạng mình”, bởi “trong triết học có những điều thắng được những nỗi sợ làm tê liệt sự sống, và tin rằng ngày nay tâm lý học có thể thay thế được những điều đó là một sai lầm.”",Sách tiếng Việt/Sách kỹ năng sống/Sách tư duy - Kỹ năng sống,10
28199546,sách học cách sống,LUC FERRY,102700,326534,NONE,0,11,1,https://tiki.vn/sach-hoc-cach-song-tai-ban-p28199546.html?spid=252720256,https://salt.tikicdn.com/cache/280x280/ts/product/e6/93/9b/cbcfd70f7b80b417619fe6ea4a9fa917.jpg,"Học Cách Sống (Tái Bản)
“Học cách sống, học đừng sợ một cách vô bổ nữa những diện mạo khác nhau của cái chết hoặc, đơn thuần, là học cách khắc phục tính tầm thường vô vị của cuộc sống hàng ngày, sự buồn chán, thời gian trôi qua, đó đã từng là mục đích hàng đầu của các môn phái Hy Lạp cổ đại. Thông điệp của họ đáng được nghe, vì khác với những gì diễn ra trong lịch sử các khoa học, những triết lý của thời quá khứ vẫn còn đang nói với chúng ta. Vả chăng đó là một điểm mà riêng nó cũng đáng để suy nghĩ.”
“Đây quả là cuốn sách bàn về triết học dễ tiếp cận một cách hiếm hoi nhưng vẫn tạo được cảm hứng và tràn đầy niềm tin vào khả năng của con người trong việc tư duy số phận cũng như các cứu cánh của mình.”
- Livres et Lecture
“Chúng ta có thể cảm ơn Luc Ferry bởi ông đã giúp độc giả học được cách cảm thông trước khi phản bác, bởi ông đã dạy cho các bạn trẻ cách tư duy nhờ người khác và cùng với người khác trước khi có thể tự mình tư duy.”
- Esprits et Vie",Sách tiếng Việt/Sách kỹ năng sống/Sách tư duy - Kỹ năng sống,264
209413524,sách học cách tiêu tiền,NHIEU TAC GIA,95000,111899,OFFICIAL_STORE,0,0,,https://tiki.vn/sach-hoc-cach-tieu-tien-alphabooks-ban-quyen-p209413524.html?spid=278638753,https://salt.tikicdn.com/cache/280x280/ts/product/93/e5/42/b61e9639303c507be502f42a914ca612.png,"Hẳn bạn sẽ ngạc nhiên với tiêu đề này? Học cách tiêu tiền, bạn từng nghe lần nào chưa?
Mọi người vẫn cho rằng tiêu tiền là một việc hết sức tự nhiên và dễ nhất trần đời. Chúng ta chi tiền cho những nhu cầu cá nhân: thực phẩm, quần áo, giải trí,… Quan trọng là bạn có tiền hay không? Bạn kiếm tiền như thế nào? Và, làm thế nào để kiếm được thật nhiều tiền? Khi đã có tiền thì việc tiêu tiền thật đơn giản!!! Nếu bạn từng suy nghĩ như vậy thì việc bạn “vung tay quá trán” cũng là điều dễ hiểu.
Tiền bạc luôn là một trong những vấn đề quan trọng của cuộc sống. Có thể, tiền không là mục tiêu hàng đầu đối với bạn, nhưng tiền lại có tác động đến hầu hết mọi khía cạnh trong cuộc sống, những ước mơ, dự định trong tương lai của bạn đều ít nhiều chịu sự chi phối của đồng tiền. Nghe có vẻ to tát quá phải không bạn? Vậy hãy nghĩ đến những việc đơn giản hơn như mua đồ ăn, quần áo, xăng xe; đi chơi, đi xem phim, đi ăn nhà hàng; theo học bậc đại học, sách vở, dụng cụ học tập… tất cả đều cần có tiền. Tiêu tiền là một hành động quá đỗi bình thường, nhưng không có nghĩa là mọi người đều đã biết cách tiêu tiền.
Ông chỉ ra rằng chính cách chi tiêu cùng lối suy nghĩ của mọi người về vấn đề tiền bạc, chứ không phải nguyên nhân nào khác, đã khiến họ lâm vào tình cảnh “cháy túi” và nợ nần chồng chất.
Trong cuốn sách này, Larry Winget đưa ra những phương pháp rõ ràng, cụ thể và dễ áp dụng để kiểm soát chi tiêu. Đó là những việc làm hết sức đơn giản nhưng mang lại hiệu quả bất ngờ, như bỏ truyền hình cáp, hạn chế đi ăn nhà hàng, dọn dẹp nhà cửa,… hay những việc làm mang tính dài hạn như lên kế hoạch chi tiêu hàng tháng, chuyển sang một căn hộ mới, dạy dỗ con cái về tài chính… Xen kẽ là những bài tập thực hành nho nhỏ, những câu chuyện, ví dụ đơn giản và gần gũi, giúp người đọc hiểu rõ hơn về thực trạng tài chính của bản thân và có thêm động lực để thoát khỏi tình trạng khó khăn.
Bạn đang có một công việc kiếm sống nhưng bạn gặp khó khăn trong việc vươn lên một tầm cao mới? Bạn mong muốn tự chủ về tài chính? Bạn đang ngập trong đống nợ nần và loay hoay tìm cách thoát ra? Bạn chi nhiều hơn thu và không thể tìm ra cách để chấm dứt? Học cách tiêu tiền chính là giải pháp cho những vấn đề đó.
Sách - Học cách tiêu tiền",Sách tiếng Việt/Sách kỹ năng sống/Sách tư duy - Kỹ năng sống,874
106362555,sách học cách tiêu tiền,LARRY WINGET,107000,295057,NONE,0,1,4,https://tiki.vn/sach-hoc-cach-tieu-tien-p106362555.html?spid=248889536,https://salt.tikicdn.com/cache/280x280/ts/product/ca/4a/30/bfba9dc190400bf07388c9596e013cd4.jpg,"Hẳn bạn sẽ ngạc nhiên với tiêu đề này? Học cách tiêu tiền, bạn từng nghe lần nào chưa?
Mọi người vẫn cho rằng tiêu tiền là một việc hết sức tự nhiên và dễ nhất trần đời. Chúng ta chi tiền cho những nhu cầu cá nhân: thực phẩm, quần áo, giải trí,… Quan trọng là bạn có tiền hay không? Bạn kiếm tiền như thế nào? Và, làm thế nào để kiếm được thật nhiều tiền? Khi đã có tiền thì việc tiêu tiền thật đơn giản!!! Nếu bạn từng suy nghĩ như vậy thì việc bạn “vung tay quá trán” cũng là điều dễ hiểu.
Tiền bạc luôn là một trong những vấn đề quan trọng của cuộc sống. Có thể, tiền không là mục tiêu hàng đầu đối với bạn, nhưng tiền lại có tác động đến hầu hết mọi khía cạnh trong cuộc sống, những ước mơ, dự định trong tương lai của bạn đều ít nhiều chịu sự chi phối của đồng tiền. Nghe có vẻ to tát quá phải không bạn? Vậy hãy nghĩ đến những việc đơn giản hơn như mua đồ ăn, quần áo, xăng xe; đi chơi, đi xem phim, đi ăn nhà hàng; theo học bậc đại học, sách vở, dụng cụ học tập… tất cả đều cần có tiền. Tiêu tiền là một hành động quá đỗi bình thường, nhưng không có nghĩa là mọi người đều đã biết cách tiêu tiền.
Trong cuốn sách này, Larry Winget đưa ra những phương pháp rõ ràng, cụ thể và dễ áp dụng để kiểm soát chi tiêu. Đó là những việc làm hết sức đơn giản nhưng mang lại hiệu quả bất ngờ, như bỏ truyền hình cáp, hạn chế đi ăn nhà hàng, dọn dẹp nhà cửa,… hay những việc làm mang tính dài hạn như lên kế hoạch chi tiêu hàng tháng, chuyển sang một căn hộ mới, dạy dỗ con cái về tài chính… Xen kẽ là những bài tập thực hành nho nhỏ, những câu chuyện, ví dụ đơn giản và gần gũi, giúp người đọc hiểu rõ hơn về thực trạng tài chính của bản thân và có thêm động lực để thoát khỏi tình trạng khó khăn.
Sách - Học cách tiêu tiền",Sách tiếng Việt/Sách kỹ năng sống/Sách tư duy - Kỹ năng sống,531
73521481,sách học cách tiêu tiền,LARRY WINGET,79600,1,OFFICIAL_STORE,4.7,20,116,https://tiki.vn/sach-hoc-cach-tieu-tien-p73521481.html?spid=73521482,https://salt.tikicdn.com/cache/280x280/ts/product/3e/b6/59/b4551128b5fbef28c65faa07fcdc5a88.jpg,"Hẳn bạn sẽ ngạc nhiên với tiêu đề này? Học cách tiêu tiền, bạn từng nghe lần nào chưa?
Mọi người vẫn cho rằng tiêu tiền là một việc hết sức tự nhiên và dễ nhất trần đời. Chúng ta chi tiền cho những nhu cầu cá nhân: thực phẩm, quần áo, giải trí,… Quan trọng là bạn có tiền hay không? Bạn kiếm tiền như thế nào? Và, làm thế nào để kiếm được thật nhiều tiền? Khi đã có tiền thì việc tiêu tiền thật đơn giản!!! Nếu bạn từng suy nghĩ như vậy thì việc bạn “vung tay quá trán” cũng là điều dễ hiểu.
Tiền bạc luôn là một trong những vấn đề quan trọng của cuộc sống. Có thể, tiền không là mục tiêu hàng đầu đối với bạn, nhưng tiền lại có tác động đến hầu hết mọi khía cạnh trong cuộc sống, những ước mơ, dự định trong tương lai của bạn đều ít nhiều chịu sự chi phối của đồng tiền. Nghe có vẻ to tát quá phải không bạn? Vậy hãy nghĩ đến những việc đơn giản hơn như mua đồ ăn, quần áo, xăng xe; đi chơi, đi xem phim, đi ăn nhà hàng; theo học bậc đại học, sách vở, dụng cụ học tập… tất cả đều cần có tiền. Tiêu tiền là một hành động quá đỗi bình thường, nhưng không có nghĩa là mọi người đều đã biết cách tiêu tiền.
Ông chỉ ra rằng chính cách chi tiêu cùng lối suy nghĩ của mọi người về vấn đề tiền bạc, chứ không phải nguyên nhân nào khác, đã khiến họ lâm vào tình cảnh “cháy túi” và nợ nần chồng chất.
Trong cuốn sách này, Larry Winget đưa ra những phương pháp rõ ràng, cụ thể và dễ áp dụng để kiểm soát chi tiêu. Đó là những việc làm hết sức đơn giản nhưng mang lại hiệu quả bất ngờ, như bỏ truyền hình cáp, hạn chế đi ăn nhà hàng, dọn dẹp nhà cửa,… hay những việc làm mang tính dài hạn như lên kế hoạch chi tiêu hàng tháng, chuyển sang một căn hộ mới, dạy dỗ con cái về tài chính… Xen kẽ là những bài tập thực hành nho nhỏ, những câu chuyện, ví dụ đơn giản và gần gũi, giúp người đọc hiểu rõ hơn về thực trạng tài chính của bản thân và có thêm động lực để thoát khỏi tình trạng khó khăn.
Bạn đang có một công việc kiếm sống nhưng bạn gặp khó khăn trong việc vươn lên một tầm cao mới? Bạn mong muốn tự chủ về tài chính? Bạn đang ngập trong đống nợ nần và loay hoay tìm cách thoát ra? Bạn chi nhiều hơn thu và không thể tìm ra cách để chấm dứt? Học cách tiêu tiền chính là giải pháp cho những vấn đề đó.
Chúng tôi xuất bản cuốn sách này với mục đích giúp bạn hiểu thêm về lĩnh vực tài chính cá nhân cũng như nhanh chóng có được phương pháp quản lý chi tiêu hiệu quả.",Sách tiếng Việt/Sách kỹ năng sống/Sách tư duy - Kỹ năng sống,385
104268118,sách học cách tiêu tiền,LARRY WINGET,95200,7734,TRUSTED_STORE,0,1,,https://tiki.vn/sach-hoc-cach-tieu-tien-tai-ban-2020-p104268118.html?spid=257828784,https://salt.tikicdn.com/cache/280x280/ts/product/45/e0/7f/70c48d28f625beb9d25cb2f3f82d63f2.jpg,"Học Cách Tiêu Tiền (Tái Bản 2020)
Hẳn bạn sẽ ngạc nhiên với tiêu đề này? Học cách tiêu tiền, bạn từng nghe lần nào chưa?
Mọi người vẫn cho rằng tiêu tiền là một việc hết sức tự nhiên và dễ nhất trần đời. Chúng ta chi tiền cho những nhu cầu cá nhân: thực phẩm, quần áo, giải trí,… Quan trọng là bạn có tiền hay không? Bạn kiếm tiền như thế nào? Và, làm thế nào để kiếm được thật nhiều tiền? Khi đã có tiền thì việc tiêu tiền thật đơn giản!!! Nếu bạn từng suy nghĩ như vậy thì việc bạn “vung tay quá trán” cũng là điều dễ hiểu.
Tiền bạc luôn là một trong những vấn đề quan trọng của cuộc sống. Có thể, tiền không là mục tiêu hàng đầu đối với bạn, nhưng tiền lại có tác động đến hầu hết mọi khía cạnh trong cuộc sống, những ước mơ, dự định trong tương lai của bạn đều ít nhiều chịu sự chi phối của đồng tiền. Nghe có vẻ to tát quá phải không bạn? Vậy hãy nghĩ đến những việc đơn giản hơn như mua đồ ăn, quần áo, xăng xe; đi chơi, đi xem phim, đi ăn nhà hàng; theo học bậc đại học, sách vở, dụng cụ học tập… tất cả đều cần có tiền. Tiêu tiền là một hành động quá đỗi bình thường, nhưng không có nghĩa là mọi người đều đã biết cách tiêu tiền.
Trong cuốn sách này, Larry Winget đưa ra những phương pháp rõ ràng, cụ thể và dễ áp dụng để kiểm soát chi tiêu. Đó là những việc làm hết sức đơn giản nhưng mang lại hiệu quả bất ngờ, như bỏ truyền hình cáp, hạn chế đi ăn nhà hàng, dọn dẹp nhà cửa,… hay những việc làm mang tính dài hạn như lên kế hoạch chi tiêu hàng tháng, chuyển sang một căn hộ mới, dạy dỗ con cái về tài chính… Xen kẽ là những bài tập thực hành nho nhỏ, những câu chuyện, ví dụ đơn giản và gần gũi, giúp người đọc hiểu rõ hơn về thực trạng tài chính của bản thân và có thêm động lực để thoát khỏi tình trạng khó khăn.",Sách tiếng Việt/Sách kỹ năng sống/Sách tư duy - Kỹ năng sống,452
262687372,sách hơn cả hạnh phúc,NHIEU TAC GIA,104167,161219,NONE,0,0,,https://tiki.vn/sach-hon-ca-hanh-phuc-th-p262687372.html?spid=262728459,https://salt.tikicdn.com/cache/280x280/ts/product/e4/14/7a/4d91896ef960b1be97a9901e3ecf66a1.jpg,"Có một sự giao thoa độc đáo giữa Đạo Phật và Chủ nghĩa khắc kỷ.
Chúng ta không thể chắc chắn rằng liệu triết học Ấn Độ có ảnh hưởng trực tiếp đối với triết học Hy Lạp hay Hy Lạp với Ấn Độ hay không, và nếu có thì chính xác đó là gì, nhưng đây vẫn là một vấn đề thú vị nhấn mạnh sự tương đồng nổi bật giữa đạo Phật và chủ nghĩa khắc kỷ.
Người ta thường chỉ ra những điểm tương đồng giữa các trường phái triết học Hy Lạp cổ đại và triết học Ấn Độ sơ khai. Những nét giao thoa thoáng qua giữa hai nền văn hoá Ấn Độ và Hy Lạp gợi nên sự tò mò.
Trong cuốn sách này, chúng ta sẽ cố gắng tìm hiểu về nguyên nhân khổ đau của con người, từ đó bàn về các giải pháp rồi chuyển sang một số suy ngẫm và quan điểm về những điều quý giá còn lại ở cả hai tư tưởng.
Đạo Phật và Chủ nghĩa khắc kỷ có phải là tôn giáo không?
Một số hệ thống niềm tin tạo thành một tổng thể hoàn chỉnh và yêu cầu những người gia nhập tuân theo mọi giáo lý, khiến việc vay mượn ý tưởng từ chúng trở nên khó khăn hơn. Điều này đặc biệt đúng với tôn giáo. Đạo Phật thường được xem như là một tôn giáo, mặc dù người ta vẫn thường tranh cãi về điều này.
Mặt khác, chủ nghĩa khắc kỷ thường được xem như là một triết thuyết, mặc dù nó có một vài điểm tương đồng với các tôn giáo. Cả hai đều không hoàn toàn phù hợp với khuôn mẫu hiện tịa của chúng ta về tôn giáo. Nhưng xét cho cùng, tất cả đều phụ thuộc vào việc chúng ta định nghĩa “tôn giáo” là như thế nào.
Cuốn sách bao gồm 10 chương.
Chương 1: Thiết lập bối cảnh
Chương 2: Đời là bể khổ
Chương 3: Chứng bệnh của tâm hồn – Lý do ta khổ
Chương 4: Làm thế nào để được cứu rỗi I – Niết bàn
Chương 5: Làm thế nào để được giải thoát II – Sống thuật theo tự nhiên
Chương 6: Hơn cả hạnh phúc
Chương 7: Gạt bỏ bụi trần
Chương 8: Nhà hiền triết và Đức Phật – Các mô hình dành cho cuộc sống
Chương 9: Thực hành tinh thần – Không chỉ là lý thuyết
Chương 10: Những suy tưởng để hướng tới một cuộc sống tốt đẹp hơn
Công ty Cổ phần Sách Thái Hà trân trọng giới thiệu!",Sách tiếng Việt/Sách kỹ năng sống/Sách kỹ năng mềm,1047
273880803,sách hơn cả hạnh phúc,,129000,259784,OFFICIAL_STORE,0,0,,https://tiki.vn/sach-hon-ca-hanh-phuc-th-p273880803.html?spid=273880804,https://salt.tikicdn.com/cache/280x280/ts/product/7c/47/40/e9c1ac2f2e16e600ca0e203c47479ed6.jpg,"Hơn cả hạnh phúc - Minh triết Phật giáo và chủ nghĩa Khắc kỷ trong một kỷ nguyên đầy hoài nghi
Có một sự giao thoa độc đáo giữa Đạo Phật và Chủ nghĩa khắc kỷ.
Chúng ta không thể chắc chắn rằng liệu triết học Ấn Độ có ảnh hưởng trực tiếp đối với triết học Hy Lạp hay Hy Lạp với Ấn Độ hay không, và nếu có thì chính xác đó là gì, nhưng đây vẫn là một vấn đề thú vị nhấn mạnh sự tương đồng nổi bật giữa đạo Phật và chủ nghĩa khắc kỷ. Người ta thường chỉ ra những điểm tương đồng giữa các trường phái triết học Hy Lạp cổ
đại và triết học Ấn Độ sơ khai. Những nét giao thoa thoáng qua giữa hai nền văn hoá Ấn Độ và Hy Lạp gợi nên sự tò mò.
Trong cuốn sách này, chúng ta sẽ cố gắng tìm hiểu về nguyên nhân khổ đau của con người, từ đó bàn về các giải pháp rồi chuyển sang một số suy ngẫm và quan điểm về những điều quý giá còn lại ở cả hai tư tưởng.
Đạo Phật và Chủ nghĩa khắc kỷ có phải là tôn giáo không?
Một số hệ thống niềm tin tạo thành một tổng thể hoàn chỉnh và yêu cầu những người gia nhập tuân theo mọi giáo lý, khiến việc vay mượn ý tưởng từ chúng trở nên khó khăn hơn. Điều này đặc biệt đúng với tôn giáo. Đạo Phật thường được xem như là một tôn giáo, mặc dù người ta vẫn thường tranh cãi về điều này. Mặt khác, chủ nghĩa khắc kỷ thường được xem như là một triết thuyết, mặc dù nó có một vài điểm tương đồng với các tôn giáo. Cả hai đều không hoàn toàn phù hợp với khuôn mẫu hiện tịa của chúng ta về tôn giáo. Nhưng xét cho cùng, tất cả đều phụ thuộc vào việc chúng ta định nghĩa “tôn giáo” là như thế nào.
Trích đoạn sách hay:
Ta có thể hoàn toàn sống trọn vẹn trong một thế giới không hoàn hảo. Điều này có
nghĩa là chấp nhận những mâu thuẫn của mình: chúng ta vừa có lý lại vừa vô lý, bị bó buộc mà cũng tự do.
Chúng ta cần phải lấy làm tự hào về toàn bộ con người của ta như chính bản chất của
ta, cả thể xác và tinh thần, lý trí lẫn cảm xúc. (Trang 267)
Hai tư tưởng này có thuyết phục chúng ta chấp nhận thế nào, thì họ vẫn coi mình như là người đưa ra con đường giải thoát. Nhưng có một sự thật đáng buồn là không bao giờ có thể xoá bỏ sự bất toàn. Nhìn nhận sáng suốt có nghĩa là từ bỏ những ảo tưởng về sự cứu rỗi linh hồn và chấp nhận những điều không dễ chịu trong cuộc sống mà không có lấy một liều thuốc giải độc. Nếu ta thực sự có thể chấm dứt đau khổ bằng cách tách biệt bản thân mình khỏi những thứ vẫn thường được xem là tốt đẹp, vậy thì cái giá phải trả sẽ là quá cao. (Trang 267)
Lời ngợi khen của các hệ tư tưởng này dành cho sự yên lặng cũng là một cách hiệu chỉnh hữu ích đối với sự đề cao việc xây dựng mạng lưới quan hệ, giao tiếp và hướng ngoại trong nền văn hoá của chúng ta. Ngày nay, yên lặng gần như có thể được coi là có vấn đề về tâm thần. Những ai chúng ta mà kiệm lời và nói năng chừng mực có thể
cảm thấy được cổ vũ bởi điều này. (Trang 265)
Nghĩ bao dung hơn quan điểm của người khác sẽ cho phép ta nhìn rõ hơn quan điểm của họ và trở nên thấu hiểu hơn. (Trang 253)
Đối lập với truyền thống coi trọng sự khiêm nhường, ngày nay chúng ta thường được khuyến khích hãy khoe khoang những tài năng và thành tích của mình với thế giới. Nhưng lời khuyên của các triết gia là tốt hơn hết thì không nên khoe về thành tích của mình. “Những phẩm chất của anh nên hướng vào bên trong,” như lời Seneca từng nói. (Trang 251)",Sách tiếng Việt/Sách kỹ năng sống/Sách kỹ năng mềm,1116
229769378,sách hợp nhất với vũ trụ - eckhart tolle,,83700,7734,TRUSTED_STORE,0,0,,https://tiki.vn/sach-hop-nhat-voi-vu-tru-eckhart-tolle-top-1-international-bestseller-first-news-tang-kem-bookmark-bamboo-books-p229769378.html?spid=270796869,https://salt.tikicdn.com/cache/280x280/ts/product/7f/c9/76/95df49afd43db34c9bfa95a63d9658ba.jpg,"Sách - Hợp Nhất Với Vũ Trụ - Eckhart Tolle - Top 1 International Bestseller - First News - Tặng Kèm Bookmark Bamboo Books
Sách - Hợp Nhất Với Vũ Trụ
Sau cuốn sách Thức tỉnh mục đích sống (A News Earth), Eckhart Tolle đã tuyển chọn những đoạn văn đặc biệt phù hợp với cuốn sách gốc để xây dựng thành một quyển sách mới, ngắn gọn, súc tích giúp bạn đọc chiêm nghiệm và tiếp nhận được cảm hứng để vượt qua những cảm giác mệt mỏi, khó khăn. Vì lý do đó, tác giả đã không khuyến khích bạn đọc ngay từ đầu đến cuối trang sách. Mỗi lần, bạn chỉ cần đọc tối đa một chương, thậm chí là một vài trang. Khi đọc bạn nên tạm dừng và hoặc đọc lại một câu, một đoạn để khơi dậy trải nghiệm trong bạn. Sau đó, hãy để những con chữ ngấm vào và cảm nhận những điều thuộc về chân lý vốn dĩ đã và đang ẩn náu hoặc ngủ quên trong tron con người bạn. Hoặc thi thoảng bạn có thể mở một trang bất kỳ, đọc hết trang hay chỉ một đoạn, rồi để cho những con chữ mở ra những chiều kích trải nghiệm tận sâu bên trong không gian nội tâm mà không co từ ngữ hay tư tưởng nào có thể biểu đạt được. Bởi cuốn sách không phải là một câu chuyện xuyên suốt từ đầu tới cuối, mà mỗi trang sách là những lời tâm sự thủ thỉ, nhỏ nhẹ mang đến cho bạn sự đồng cảm và chia sẻ.
Cuốn sách này không phải là phiên bản cô đọng của Thức Tỉnh Mục Đích Sống. Mặc dù trong sách có một vài ý “đắt giá” được trích từ sách gốc song lại ít nhắc đến bản ngã (cái tôi giả tạm) và không nói vẻ nỗi đau thân xác. Nói khác đi, nếu bạn đã từng đọc cuốn Thức Tỉnh Mục Đích Sống, tuốn sách này sẽ mang đến cho bạn cảm nhận rõ nét về sự biến đổi nội tâm và làm chủ cảm xúc. Với quyển sách này, bạn đọc không phải để học hỏi cái mới, mà để tĩnh tâm soi lại chính mình một cách sâu sách hơn, từ đó khơi nguồn cho những suy nghĩ, hành động theo hướng tích cực.
Cầm cuốn sách Hợp nhất vũ trụ được trình bày trang trọng, lấy gam màu thiền làm chủ đạo. Mỗi trang sách là một kiểu trình bày nhẹ nhàng, ấn tượng không quá nhiều chữ để bạn có cảm giác mỏi mắt, ngán ngại, mà mỗi trang sách như là lời chia sẻ nhẹ nhàng của người thấu hiểu và luôn theo sát bạn. Nếu bạn bắt gặp trong cuốn sách này những đoạn ảnh hưởng mạnh mẽ đến mình, hãy nhận ra rằng cảm giác ấy chính là sức mạnh tinh thần từ cuốn sách đã thấm vào bạn, đấy là câu trả lời cho câu hỏi “Tôi là ai?”. Chỉ có Tầm hồn mới có thể nhận ra sức mạnh và sự đồng cảm của Tàm hồn.
Có trong tay cuốn sách Hợp nhất vũ trụ bạn sẽ không đọc một lần mà bạn sẽ luôn mang theo nó bên mình và sẽ mở cuốn sách khi cảm thấy khó khăn, bế tắc trong trong tâm hồn bạn.",Sách tiếng Việt/Sách kỹ năng sống/Sách kỹ năng mềm,930
209379063,sách hợp nhất với vũ trụ - eckhart tolle,ECKHART TOLLE,83700,7734,TRUSTED_STORE,0,0,,https://tiki.vn/sach-hop-nhat-voi-vu-tru-eckhart-tolle-top-1-international-bestseller-first-news-tang-kem-bookmark-bamboo-books-p209379063.html?spid=270797065,https://salt.tikicdn.com/cache/280x280/ts/product/7f/c9/76/95df49afd43db34c9bfa95a63d9658ba.jpg,"Sách - Hợp Nhất Với Vũ Trụ
Sau cuốn sách Thức tỉnh mục đích sống (A News Earth), Eckhart Tolle đã tuyển chọn những đoạn văn đặc biệt phù hợp với cuốn sách gốc để xây dựng thành một quyển sách mới, ngắn gọn, súc tích giúp bạn đọc chiêm nghiệm và tiếp nhận được cảm hứng để vượt qua những cảm giác mệt mỏi, khó khăn. Vì lý do đó, tác giả đã không khuyến khích bạn đọc ngay từ đầu đến cuối trang sách. Mỗi lần, bạn chỉ cần đọc tối đa một chương, thậm chí là một vài trang. Khi đọc bạn nên tạm dừng và hoặc đọc lại một câu, một đoạn để khơi dậy trải nghiệm trong bạn. Sau đó, hãy để những con chữ ngấm vào và cảm nhận những điều thuộc về chân lý vốn dĩ đã và đang ẩn náu hoặc ngủ quên trong tron con người bạn. Hoặc thi thoảng bạn có thể mở một trang bất kỳ, đọc hết trang hay chỉ một đoạn, rồi để cho những con chữ mở ra những chiều kích trải nghiệm tận sâu bên trong không gian nội tâm mà không co từ ngữ hay tư tưởng nào có thể biểu đạt được. Bởi cuốn sách không phải là một câu chuyện xuyên suốt từ đầu tới cuối, mà mỗi trang sách là những lời tâm sự thủ thỉ, nhỏ nhẹ mang đến cho bạn sự đồng cảm và chia sẻ.
Cuốn sách này không phải là phiên bản cô đọng của Thức Tỉnh Mục Đích Sống. Mặc dù trong sách có một vài ý “đắt giá” được trích từ sách gốc song lại ít nhắc đến bản ngã (cái tôi giả tạm) và không nói vẻ nỗi đau thân xác. Nói khác đi, nếu bạn đã từng đọc cuốn Thức Tỉnh Mục Đích Sống, tuốn sách này sẽ mang đến cho bạn cảm nhận rõ nét về sự biến đổi nội tâm và làm chủ cảm xúc. Với quyển sách này, bạn đọc không phải để học hỏi cái mới, mà để tĩnh tâm soi lại chính mình một cách sâu sách hơn, từ đó khơi nguồn cho những suy nghĩ, hành động theo hướng tích cực.
Cầm cuốn sách Hợp nhất vũ trụ được trình bày trang trọng, lấy gam màu thiền làm chủ đạo. Mỗi trang sách là một kiểu trình bày nhẹ nhàng, ấn tượng không quá nhiều chữ để bạn có cảm giác mỏi mắt, ngán ngại, mà mỗi trang sách như là lời chia sẻ nhẹ nhàng của người thấu hiểu và luôn theo sát bạn. Nếu bạn bắt gặp trong cuốn sách này những đoạn ảnh hưởng mạnh mẽ đến mình, hãy nhận ra rằng cảm giác ấy chính là sức mạnh tinh thần từ cuốn sách đã thấm vào bạn, đấy là câu trả lời cho câu hỏi “Tôi là ai?”. Chỉ có Tầm hồn mới có thể nhận ra sức mạnh và sự đồng cảm của Tàm hồn.
Có trong tay cuốn sách Hợp nhất vũ trụ bạn sẽ không đọc một lần mà bạn sẽ luôn mang theo nó bên mình và sẽ mở cuốn sách khi cảm thấy khó khăn, bế tắc trong trong tâm hồn bạn.",Sách tiếng Việt/Sách kỹ năng sống/Sách kỹ năng mềm,873
109862031,sách im lặng là siêu sức mạnh,,130300,9988,NONE,0,0,,https://tiki.vn/sach-im-lang-la-sieu-suc-manh-p109862031.html?spid=110739047,https://salt.tikicdn.com/cache/280x280/ts/product/04/b6/38/49b33249f13cd4c306e341fdfaa06453.jpg,"Không nhiều lời, nhưng mọi người đều lắng nghe bạn
Jill Chang (Trương Tịnh Nhân)
Thích đọc sách, nhạc rock, đồ ngọt.",Sách tiếng Việt/Sách kỹ năng sống/Sách tư duy - Kỹ năng sống,600
103569998,sách im lặng là siêu sức mạnh,JILL CHANG,124000,1,OFFICIAL_STORE,4.8,30,194,https://tiki.vn/sach-im-lang-la-sieu-suc-manh-p103569998.html?spid=103569999,https://salt.tikicdn.com/cache/280x280/ts/product/57/68/e0/f28b8d50d235e21df8ead08f077efd23.jpg,"IM LẶNG LÀ SIÊU SỨC MẠNH
Không nhiều lời, nhưng mọi người đều lắng nghe bạn
Người hướng nội có thể thành công trong các nền văn hoá, ở các nơi làm việc khác nhau, Tịnh Nhân (Jill) chính là một ví dụ tuyệt vời. Cuốn sách hữu ích này của bà sẽ dẫn dắt độc giả vào cuộc cách mạng im lặng của người hướng nội. Từ nhiều ví dụ thực tế, Tịnh Nhân (Jill) cho thấy người hướng nội làm cách nào là chính mình, phát huy sở trường để có thể toả sáng nơi làm việc, trở thành tài sản tuyệt vời của công ty. Đây là cuốn sách hay mà các chiến sĩ im lặng chốn công sở hiện đại cần đọc. – Susan Cain, người sáng lập công ty Cách mạng Im lặng, tác giả cuốn Im lặng chính là sức mạnh
Sách của Tịnh Nhân (Jill) đem lại sự tự tin và sức mạnh cho những người im lặng, có tư duy chu toàn nhưng đôi lúc bị đánh giá thấp một cách thiếu công bằng. Là một người hướng nội, bà cho thấy người hướng nội có thể đem lại ưu thế và năng lực khác biệt cho nơi làm việc. Đây là một cuốn sách thẳng thắn, xuất sắc, khiến người hướng nội như bạn cũng có thể toả sáng rực rỡ. – Tiến sĩ Doris Martin, nhà tư vấn đào tạo doanh nghiệp nổi tiếng người Đức, tác giả cuốn Mật mã thành công của người hướng nội
Phải chăng người hướng nội trầm lặng, kiệm lời và e thẹn, thì khó lòng làm chuyên gia marketing, không thể đảm nhiệm việc quyên tiền từ thiện quốc tế, cũng thiếu sức thuyết phục khi trở thành nhà tư vấn nghề nghiệp? Tác giả Jill Chang đã dùng thân phận “người hướng nội” để kể lại quá trình phấn đấu của mình trong các doanh nghiệp có nền văn hoá hướng ngoại, qua đó làm thay đổi những ấn tượng đóng khung thông thường về người hướng nội.
Đây là cuốn cẩm nang hữu ích giúp những người hướng nội nơi công sở hiểu rõ tính cách và sở trường của bản thân, biết cách “phân phối năng lượng” và “chọn thời cơ tấn công” để toả sáng. Không mệt mỏi với việc xã giao thù tạc, nhưng vẫn có quan hệ tốt đẹp với cấp trên, đồng nghiệp, khách hàng. Không nhiều lời, nhưng mọi người đều lắng nghe bạn.
Giám đốc khu vực châu Á-Thái Bình Dương của tổ chức phi lợi nhuận Give2Asia, được chọn vào danh sách “40 nữ tinh anh trong ngành khoa học kỹ thuật” của Đài Loan năm 2018.
Thích đọc sách, nhạc rock, đồ ngọt.",Sách tiếng Việt/Sách kỹ năng sống/Sách tư duy - Kỹ năng sống,449
49549978,sách kẻ thù của ý chí,BENJAMIN HARDY,99000,7247,OFFICIAL_STORE,5,108,24,https://tiki.vn/sach-ke-thu-cua-y-chi-p49549978.html?spid=58510163,https://salt.tikicdn.com/cache/280x280/ts/product/75/a0/20/2464a955f39ee6a8d2fdfeec09bcc694.jpg,"Kẻ Thù Của Ý Chí
Hãy thành thật đi nào:
Bạn đã từng cố gắng cải thiện cuộc sống của mình hàng triệu lần - cũng hàng triệu lần đó bạn quay trở về vạch xuất phát một cách bực bội.
Bạn thử vạch ra mục tiêu cho năm mới, nhưng mới chỉ tới tháng 2, mọi thứ đã quay lại như cũ.
Bạn đặt ra những mục tiêu lớn thay đổi cuộc đời, nhưng có vẻ như không thể đạt được dù cố gắng thế nào đi nữa.
Sau khi nếm đủ thất bại, thật dễ dàng để kết luận rằng bạn chính là vấn đề. Bạn chắc hẳn không có đủ những yếu tố cần thiết - sự can đảm, sức mạnh nội lực, sức mạnh ý chí. Có lẽ bạn chỉ nên yên phận sống với những gì vốn có
Nhưng nếu như sự đánh giá đó hoàn toàn sai?
Nếu như vấn đề không hề bắt nguồn từ bạn?
Cuốn sách này sẽ chỉ dẫn bạn làm thế nào để định hình được môi trường một cách có chủ đích, những nguyên lý cơ bản và những chiến lược để tạo nên môi trường giúp bạn thành công.",Sách tiếng Việt/Sách kỹ năng sống/Sách tư duy - Kỹ năng sống,350
174578936,sách kẻ thù của ý chí,BENJAMIN HARDY,116000,126688,NONE,0,0,,https://tiki.vn/sach-ke-thu-cua-y-chi-ban-quyen-p174578936.html?spid=273892211,https://salt.tikicdn.com/cache/280x280/ts/product/d7/b0/63/4cf694ba59c6eb1501e4714c077c2e41.jpg,"Sách - Kẻ thù của ý chí
Hãy thành thật đi nào:
Bạn đã từng cố gắng cải thiện cuộc sống của mình hàng triệu lần - cũng hàng triệu lần đó bạn quay trở về vạch xuất phát một cách bực bội.
Bạn thử vạch ra mục tiêu cho năm mới, nhưng mới chỉ tới tháng 2, mọi thứ đã quay lại như cũ.
Bạn đặt ra những mục tiêu lớn thay đổi cuộc đời, nhưng có vẻ như không thể đạt được dù cố gắng thế nào đi nữa.
Sau khi nếm đủ thất bại, thật dễ dàng để kết luận rằng bạn chính là vấn đề. Bạn chắc hẳn không có đủ những yếu tố cần thiết - sự can đảm, sức mạnh nội lực, sức mạnh ý chí. Có lẽ bạn chỉ nên yên phận sống với những gì vốn có
Nhưng nếu như sự đánh giá đó hoàn toàn sai?
Nếu như vấn đề không hề bắt nguồn từ bạn?
Cuốn sách này sẽ chỉ dẫn bạn làm thế nào để định hình được môi trường một cách có chủ đích, những nguyên lý cơ bản và những chiến lược để tạo nên môi trường giúp bạn thành công.
Sách - Kẻ thù của ý chí",Sách tiếng Việt/Sách kỹ năng sống/Sách tư duy - Kỹ năng sống,757
249602066,sách kẻ thù của ý chí,,116000,97533,NONE,0,0,,https://tiki.vn/ke-thu-cua-y-chi-sach-ban-quyen-p249602066.html?spid=274733727,https://salt.tikicdn.com/cache/280x280/ts/product/75/a0/20/2464a955f39ee6a8d2fdfeec09bcc694.jpg,"Kẻ Thù Của Ý Chí
Đảm bảo 100% sách gốc bản quyền từ NXB
Xử lí đơn đặt hàng nhanh
Chính sách hỗ trợ đổi sách cho khách hàng thuận tiện khi gặp sự cố
Kẻ Thù Của Ý Chí
Hãy thành thật đi nào:
Bạn đã từng cố gắng cải thiện cuộc sống của mình hàng triệu lần - cũng hàng triệu lần đó bạn quay trở về vạch xuất phát một cách bực bội.
Bạn thử vạch ra mục tiêu cho năm mới, nhưng mới chỉ tới tháng 2, mọi thứ đã quay lại như cũ.
Bạn đặt ra những mục tiêu lớn thay đổi cuộc đời, nhưng có vẻ như không thể đạt được dù cố gắng thế nào đi nữa.
Sau khi nếm đủ thất bại, thật dễ dàng để kết luận rằng bạn chính là vấn đề. Bạn chắc hẳn không có đủ những yếu tố cần thiết - sự can đảm, sức mạnh nội lực, sức mạnh ý chí. Có lẽ bạn chỉ nên yên phận sống với những gì vốn có.
Nhưng nếu như sự đánh giá đó hoàn toàn sai?
Nếu như vấn đề không hề bắt nguồn từ bạn?
Cuốn sách này sẽ chỉ dẫn bạn làm thế nào để định hình được môi trường một cách có chủ đích, những nguyên lý cơ bản và những chiến lược để tạo nên môi trường giúp bạn thành công.
— Hãy chiêm nghiệm cuốn sách và cảm nhận hương vị của một tách trà vào mỗi cuối tuần khi bạn dành nhiều thời gian hơn cho bản thân mình! —",Sách tiếng Việt/Sách kỹ năng sống/Sách tư duy - Kỹ năng sống,1008
345908,sách khổng tử tinh hoa,VU ĐAN,77340,60209,NONE,0,0,,https://tiki.vn/sach-khong-tu-tinh-hoa-p345908.html?spid=191695549,https://salt.tikicdn.com/cache/280x280/media/catalog/product/k/h/khongtutinhhoa_1.jpg,"Khổng Tử và học thuyết Nho gia có ảnh hưởng rất lớn đối với các nền văn hoá Á Đông, trong đó có Việt Nam. Bao nhiêu thế hệ trí thức Việt Nam đã tiếp thu và ứng dụng triết lý của ông. Còn ngày nay, sự minh triết trong tư tưởng Khổng Tử có thể giúp gì cho chúng ta khi đối diện với vô số vấn đề của cuộc sống hiện đại?
Vu Đan, với niềm say mê và am hiểu về Khổng Tử cộng với tầm nhìn của một nhà nghiên cứu thông thái, đã làm cho mọi người sững sờ khi vén mở những bí mật ẩn chứa trong tư tưởng Khổng Tử. Đó là những bí mật có thể giúp ta đứng vững trong thực tại, hiểu được thế giới sôi động mà chúng ta đang sống, giúp ta tận hưởng một cuộc đời phong phú và trọn vẹn.
Giản dị, trực tiếp và hứng khởi, bà gạt bỏ cách tiếp cận sùng kính của các học giả khác và cho thấy những chân lý mà Khổng Tử giới thiệu với chúng ta luôn là những chân lý dễ nắm bắt nhất, chỉ cho chúng ta một cách sống hạnh phúc theo đúng nhu cầu tinh thần của mình.
Những gì chúng ta có thể học hỏi từ Khổng Tử hôm nay không phải là môn “Khổng học” do Hán Vũ Đế lập ra; không phải là “Khổng giáo” long trọng, cao quý, nặng nghi thức bên cạnh Đạo giáo và Phật giáo; cũng chẳng phải học thuyết Khổng Tử của các học giả, đầy luận chứng sâu xa và mang tính bác học khuôn phép mà là những bài học, những chân lý giản dị mà mỗi người tâm đắc và đều có thể tiếp nhận.
Những chân lý đó đi vào lòng người tự nhiên nhất như chính là tiếng gọi từ bên trong tâm tưởng của mỗi chúng ta. Dù thời gian trôi qua và thế giới có đổi thay thế nào đi nữa thì những giá trị tinh tuý nhất của Khổng Tử luôn mãi sống với thời gian.
Mời bạn đón đọc.",Sách tiếng Việt/Sách kỹ năng sống/Sách kỹ năng mềm,24
322063,sách khổng tử tinh hoa,VU ĐAN,70400,1,OFFICIAL_STORE,4,16,565,https://tiki.vn/sach-khong-tu-tinh-hoa-tai-ban-p322063.html?spid=9400,https://salt.tikicdn.com/cache/280x280/ts/product/48/57/17/7525896d5a3a0fa5a2098040958220a8.png,"Khổng Tử và học thuyết Nho gia có ảnh hưởng rất lớn đối với các nền văn hoá Á Đông, trong đó có Việt Nam. Bao nhiêu thế hệ trí thức Việt Nam đã tiếp thu và ứng dụng triết lý của ông. Còn ngày nay, sự minh triết trong tư tưởng Khổng Tử có thể giúp gì cho chúng ta khi đối diện với vô số vấn đề của cuộc sống hiện đại?
Vu Đan, với niềm say mê và am hiểu về Khổng Tử cộng với tầm nhìn của một nhà nghiên cứu thông thái, đã làm cho mọi người sững sờ khi vén mở những bí mật ẩn chứa trong tư tưởng Khổng Tử. Đó là những bí mật có thể giúp ta đứng vững trong thực tại, hiểu được thế giới sôi động mà chúng ta đang sống, giúp ta tận hưởng một cuộc đời phong phú và trọn vẹn.
Giản dị, trực tiếp và hứng khởi, bà gạt bỏ cách tiếp cận sùng kính của các học giả khác và cho thấy những chân lý mà Khổng Tử giới thiệu với chúng ta luôn là những chân lý dễ nắm bắt nhất, chỉ cho chúng ta một cách sống hạnh phúc theo đúng nhu cầu tinh thần của mình.
Những gì chúng ta có thể học hỏi từ Khổng Tử hôm nay không phải là môn “Khổng học” do Hán Vũ Đế lập ra; không phải là “Khổng giáo” long trọng, cao quý, nặng nghi thức bên cạnh Đạo giáo và Phật giáo; cũng chẳng phải học thuyết Khổng Tử của các học giả, đầy luận chứng sâu xa và mang tính bác học khuôn phép mà là những bài học, những chân lý giản dị mà mỗi người tâm đắc và đều có thể tiếp nhận.
Những chân lý đó đi vào lòng người tự nhiên nhất như chính là tiếng gọi từ bên trong tâm tưởng của mỗi chúng ta. Dù thời gian trôi qua và thế giới có đổi thay thế nào đi nữa thì những giá trị tinh tuý nhất của Khổng Tử luôn mãi sống với thời gian.
Mời bạn đón đọc.",Sách tiếng Việt/Sách kỹ năng sống/Sách kỹ năng mềm,3
518787,sách khổng tử tinh hoa,VU ĐAN,77340,60209,NONE,0,9,2,https://tiki.vn/sach-khong-tu-tinh-hoa-tai-ban-p518787.html?spid=191695550,https://salt.tikicdn.com/cache/280x280/media/catalog/product/k/h/khongtutinhhoa_2.jpg,"Khổng Tử Tinh Hoa
Khổng Tử và học thuyết Nho gia có ảnh hưởng rất lớn đối với các nền văn hoá Á Đông, trong đó có Việt Nam. Bao nhiêu thế hệ trí thức Việt Nam đã tiếp thu và ứng dụng triết lý của ông. Còn ngày nay, sự minh triết trong tư tưởng Khổng Tử có thể giúp gì cho chúng ta khi đối diện với vô số vấn đề của cuộc sống hiện đại?
Vu Đan, với niềm say mê và am hiểu về Khổng Tử cộng với tầm nhìn của một nhà nghiên cứu thông thái, đã làm cho mọi người sững sờ khi vén mở những bí mật ẩn chứa trong tư tưởng Khổng Tử. Đó là những bí mật có thể giúp ta đứng vững trong thực tại, hiểu được thế giới sôi động mà chúng ta đang sống, giúp ta tận hưởng một cuộc đời phong phú và trọn vẹn.
Giản dị, trực tiếp và hứng khởi, bà gạt bỏ cách tiếp cận sùng kính của các học giả khác và cho thấy những chân lý mà Khổng Tử giới thiệu với chúng ta luôn là những chân lý dễ nắm bắt nhất, chỉ cho chúng ta một cách sống hạnh phúc theo đúng nhu cầu tinh thần của mình.
Những gì chúng ta có thể học hỏi từ Khổng Tử hôm nay không phải là môn “Khổng học” do Hán Vũ Đế lập ra; không phải là “Khổng giáo” long trọng, cao quý, nặng nghi thức bên cạnh Đạo giáo và Phật giáo; cũng chẳng phải học thuyết Khổng Tử của các học giả, đầy luận chứng sâu xa và mang tính bác học khuôn phép mà là những bài học, những chân lý giản dị mà mỗi người tâm đắc và đều có thể tiếp nhận.
Những chân lý đó đi vào lòng người tự nhiên nhất như chính là tiếng gọi từ bên trong tâm tưởng của mỗi chúng ta. Dù thời gian trôi qua và thế giới có đổi thay thế nào đi nữa thì những giá trị tinh tuý nhất của Khổng Tử luôn mãi sống với thời gian.",Sách tiếng Việt/Sách kỹ năng sống/Sách kỹ năng mềm,70
270182270,"sách làm ra làm, chơi ra chơi",,127000,126688,NONE,0,0,,https://tiki.vn/sach-lam-ra-lam-choi-ra-choi-p270182270.html?spid=276736060,https://salt.tikicdn.com/cache/280x280/ts/product/d8/61/e0/1ee0194871824371c0352860d26f7f3c.jpg,"Đã bao giờ bạn ngồi xuống để làm việc và sau đó, không hề nhận ra mình lại kết thúc bằng việc dành một (vài) tiếng đồng hồ lướt Y, tin tức? Tất cả chúng ta đều đã từng làm vậy. Có vẻ như có quá nhiều thứ lôi kéo sự chú ý của chúng ta trong thời đại này, nên rất khó để thậm chí đạt đến trạng thái tinh thần giúp hoàn thành công việc một cách tốt nhất. Trong Làm ra làm chơi ra chơi, tác giả Cal Newport nhấn mạnh chủ đề “làm việc sâu” (deep work) đang ngày càng được chú trọng. Học cách làm thế nào để làm việc sâu – khả năng tập trung vào một nhiệm vụ khó nhằn mà không hề bị sao lãng – là chìa khoá để tạo ra những kết quả tốt hơn trong thời gian ngắn hơn. Cuốn sách đưa ra hai mục tiêu, được chia làm hai phần. Phần 1 nhằm thuyết phục bạn rằng giả thiết về làm việc sâu là đúng. Phần 2 giới thiệu đến bạn một số cách để tận dụng làm việc sâu bằng cách rèn luyện não bộ và chuyển đổi thói quen làm việc sang hướng đặt làm việc sâu ở trung tâm sự nghiệp.
Newport không hề đưa ra những lời khuyên xáo rỗng, mang tính lý thuyết hay giáo điều. Ông đề nghị chúng ta nên học cách làm quen với sự hời hợt và từ bỏ các công cụ truyền thông xã hội, (Thậm chí, nếu bạn không muốn làm vậy thì lỹ lẽ của ông cũng rất đáng đọc). Nếu bạn đã từng dành một ngày làm việc trong tình trạng bị sao lãng bởi đám email và thông báo hiện lên liên tục rồi băn khoăn bạn đã làm gì cả ngày thì đây chính là cuốn sách dành cho bạn.",Sách tiếng Việt/Sách kỹ năng sống/Sách hướng nghiệp,1061
174500473,"sách làm ra làm, chơi ra chơi",CAL NEWPORT,127000,60209,NONE,0,0,1,https://tiki.vn/sach-lam-ra-lam-choi-ra-choi-p174500473.html?spid=247271501,https://salt.tikicdn.com/cache/280x280/ts/product/6f/46/62/2e4c5c222123d35595253913e7c91fbb.jpg,"Thông tin bổ sung:
Làm Ra Làm Chơi Ra Chơi
Đã bao giờ bạn ngồi xuống để làm việc và sau đó, không hề nhận ra mình lại kết thúc bằng việc dành một (vài) tiếng đồng hồ lướt Youtube, Facebook, tin tức? Tất cả chúng ta đều đã từng làm vậy. Có vẻ như có quá nhiều thứ lôi kéo sự chú ý của chúng ta trong thời đại này, nên rất khó để thậm chí đạt đến trạng thái tinh thần giúp hoàn thành công việc một cách tốt nhất. Trong Làm ra làm chơi ra chơi, tác giả Cal Newport nhấn mạnh chủ đề “làm việc sâu” (deep work) đang ngày càng được chú trọng. Học cách làm thế nào để làm việc sâu – khả năng tập trung vào một nhiệm vụ khó nhằn mà không hề bị sao lãng – là chìa khoá để tạo ra những kết quả tốt hơn trong thời gian ngắn hơn. Cuốn sách đưa ra hai mục tiêu, được chia làm hai phần. Phần 1 nhằm thuyết phục bạn rằng giả thiết về làm việc sâu là đúng. Phần 2 giới thiệu đến bạn một số cách để tận dụng làm việc sâu bằng cách rèn luyện não bộ và chuyển đổi thói quen làm việc sang hướng đặt làm việc sâu ở trung tâm sự nghiệp.
Newport không hề đưa ra những lời khuyên xáo rỗng, mang tính lý thuyết hay giáo điều. Ông đề nghị chúng ta nên học cách làm quen với sự hời hợt và từ bỏ các công cụ truyền thông xã hội như Facebook, Instagram, (Thậm chí, nếu bạn không muốn làm vậy thì lỹ lẽ của ông cũng rất đáng đọc). Nếu bạn đã từng dành một ngày làm việc trong tình trạng bị sao lãng bởi đám email và thông báo hiện lên liên tục rồi băn khoăn bạn đã làm gì cả ngày thì đây chính là cuốn sách dành cho bạn.",Sách tiếng Việt/Sách kỹ năng sống/Sách tư duy - Kỹ năng sống,756
179546672,sách làm sao học hết được nhân sinh,POMNYUN,119238,1,OFFICIAL_STORE,5,185,2061,https://tiki.vn/sach-lam-sao-hoc-het-duoc-nhan-sinh-p179546672.html?spid=179546673,https://salt.tikicdn.com/cache/280x280/ts/product/b0/24/e9/ce612a5526b7490400492b23ae3a14ad.jpg,"Ngày còn nhỏ, ta cho rằng chỉ cần trở thành người lớn thì mình sẽ hạnh phúc. Thời đi học, ta lại cho rằng chỉ cần vào đại học thì mọi chuyện sẽ tốt đẹp. Chúng ta luôn chờ đợi ngày mai “chỉ cần tốt nghiệp đại học"", “chỉ cần kết hôn”, “chỉ cần sinh con"". Chúng ta luôn hẹn ước với sau này và khổ sở chịu đựng ngày hôm nay. Từ trước đến giờ, chúng ta luôn nỗ lực như vậy. Thể rồi đến khi có tuổi, nhiều người bắt đầu bản khoăn “Mình có đang sống tốt không?""
Làm sao học hết được nhân sinh? với những bài giảng súc tích, dung dị, đôi khi không kém phần dí dỏm của thiền sư Pomnyun sẽ gửi đến bạn - người đang quay cuồng giữa các hệ giá trị liên tục biến ảo của xã hội hiện đại – lời giải đáp vừa ân cần lại vừa thực tế cho câu hỏi “Mình có đang sống tốt không?” mà ai ai cũng từng ít nhất một lần trăn trở trong đời ấy.
Một cuốn sách không chỉ vỗ về tâm hồn bạn đang tổn thương mà còn thức tỉnh tâm trí bạn vẫn còn mù mờ. Kể từ lần xuất bản đầu tiên năm 2013, Làm sao học hết được nhân sinh? đã nhiều tuần đứng đầu danh sách sách bán chạy và liên tục nằm trong top 10 sách Phật giáo được nhiều người đọc nhất tại Hàn Quốc.
Pomnyun sinh năm 1953 tại Ulsan, Hàn Quốc. Là một thiền sư, nhà văn, lãnh đạo Phật giáo và nhà hoạt động xã hội nổi tiếng và có ảnh hưởng lớn tại Hàn Quốc.
Năm 1988 ông sáng lập nên tổ chức Phật giáo Jungto (có nghĩa là Miền đất lành) - một cộng đồng giúp đỡ những người gặp nhiều chuyện khổ tâm. Trên kênh Youtube của mình () ông đã tổ chức hơn 1000 buổi nói chuyện dưới dạng hỏi đáp tại chỗ, lắng nghe, giải đáp và vỗ về những người đang gặp khó khăn trong cuộc sống. Các buổi hỏi đáp còn được dịch sang tiếng Anh và nhiều thứ tiếng khác để người nước ngoài cũng có thể dễ dàng tiếp cận.
Thiền sư Pomnyun đã nhận nhiều giải thưởng về tôn giáo và hoà bình. Đặc biệt năm 2018, ông nhận Huân chương Dân sự - Huân chương Mẫu đơn (hạng mục Vận động thống nhất dân sự) và năm 2020, ông được Quỹ Hoà bình Niwano (Nhật Bản) trao giải Hoà bình lần thứ 37 cho những đóng góp quan trọng của mình trên nhiều phương diện như nhân đạo, hoạt động xã hội, môi trường, hoà bình thế giới
Thiền sư cũng đã xuất bản nhiều cuốn tản văn chữa lành, Làm sao học hết được nhận sinh? là một trong những cuốn bán chạy nhất tại Hàn Quốc của ông.",Sách tiếng Việt/Sách kỹ năng sống/Sách tư duy - Kỹ năng sống,770
181656860,sách làm sao học hết được nhân sinh,,169000,263994,OFFICIAL_STORE,0,3,,https://tiki.vn/sach-lam-sao-hoc-het-duoc-nhan-sinh-p181656860.html?spid=271945980,https://salt.tikicdn.com/cache/280x280/ts/product/87/1a/fc/bc87c3deae682587f31993c0e3d3f64b.jpg,"Ngày còn nhỏ, ta cho rằng chỉ cần trở thành người lớn thì mình sẽ hạnh phúc. Thời đi học, ta lại cho rằng chỉ cần vào đại học thì mọi chuyện sẽ tốt đẹp. Chúng ta luôn chờ đợi ngày mai “chỉ cần tốt nghiệp đại học"", “chỉ cần kết hôn”, “chỉ cần sinh con"". Chúng ta luôn hẹn ước với sau này và khổ sở chịu đựng ngày hôm nay. Từ trước đến giờ, chúng ta luôn nỗ lực như vậy. Thể rồi đến khi có tuổi, nhiều người bắt đầu bản khoăn “Mình có đang sống tốt không?""
Làm sao học hết được nhân sinh? với những bài giảng súc tích, dung dị, đôi khi không kém phần dí dỏm của thiền sư Pomnyun sẽ gửi đến bạn - người đang quay cuồng giữa các hệ giá trị liên tục biến ảo của xã hội hiện đại – lời giải đáp vừa ân cần lại vừa thực tế cho câu hỏi “Mình có đang sống tốt không?” mà ai ai cũng từng ít nhất một lần trăn trở trong đời ấy.
Một cuốn sách không chỉ vỗ về tâm hồn bạn đang tổn thương mà còn thức tỉnh tâm trí bạn vẫn còn mù mờ. Kể từ lần xuất bản đầu tiên năm 2013, Làm sao học hết được nhân sinh? đã nhiều tuần đứng đầu danh sách sách bán chạy và liên tục nằm trong top 10 sách Phật giáo được nhiều người đọc nhất tại Hàn Quốc.
Pomnyun sinh năm 1953 tại Ulsan, Hàn Quốc. Là một thiền sư, nhà văn, lãnh đạo Phật giáo và nhà hoạt động xã hội nổi tiếng và có ảnh hưởng lớn tại Hàn Quốc.
Năm 1988 ông sáng lập nên tổ chức Phật giáo Jungto (có nghĩa là Miền đất lành) - một cộng đồng giúp đỡ những người gặp nhiều chuyện khổ tâm. Trên kênh Youtube của mình () ông đã tổ chức hơn 1000 buổi nói chuyện dưới dạng hỏi đáp tại chỗ, lắng nghe, giải đáp và vỗ về những người đang gặp khó khăn trong cuộc sống. Các buổi hỏi đáp còn được dịch sang tiếng Anh và nhiều thứ tiếng khác để người nước ngoài cũng có thể dễ dàng tiếp cận.
Thiền sư Pomnyun đã nhận nhiều giải thưởng về tôn giáo và hoà bình. Đặc biệt năm 2018, ông nhận Huân chương Dân sự - Huân chương Mẫu đơn (hạng mục Vận động thống nhất dân sự) và năm 2020, ông được Quỹ Hoà bình Niwano (Nhật Bản) trao giải Hoà bình lần thứ 37 cho những đóng góp quan trọng của mình trên nhiều phương diện như nhân đạo, hoạt động xã hội, môi trường, hoà bình thế giớ
Thiền sư cũng đã xuất bản nhiều cuốn tản văn chữa lành, Làm sao học hết được nhận sinh? là một trong những cuốn bán chạy nhất tại Hàn Quốc của ông.",Sách tiếng Việt/Sách kỹ năng sống/Sách tư duy - Kỹ năng sống,772
106362865,sách lão tử đạo đức kinh,LÃO TỬ,66400,1,OFFICIAL_STORE,4.7,78,602,https://tiki.vn/sach-lao-tu-dao-duc-kinh-p106362865.html?spid=127524527,https://salt.tikicdn.com/cache/280x280/ts/product/bd/d4/ca/cdf5b6ab6f0bee199341fc51d071358d.jpg,"Đạo đức kinh là một trong những tác phẩm cổ điển quan trọng nhất trong lịch sử văn hoá nhân loại. Đạo đức kinh tương truyền do Lão Tử biên soạn dưới thời Xuân thu - Chiến quốc.
Ở Việt Nam hiện nay cũng có đến 4, 5 bản dịch Việt ngữ. Tuy nhiên, phần lớn độc giả không đọc thẳng vào văn bản mà chỉ đọc lời bàn của các dịch giả. Có lẽ vì thế nên nhiều người hiểu sai về Đạo đức kinh.
Tác phẩm chứa đựng những kinh nghiệm của cổ nhân mà người đọc đã quen thuộc qua những câu thành ngữ, tục ngữ thường ngày. Độc giả sẽ tìm lại được phần cơ sở tư tưởng mà họ từng được học qua thơ văn, sách vở Việt Nam và Trung Hoa một cách sâu sắc nhất.
Phiên bản Đạo đức kinh này được trình bày bằng 3 thứ tiếng : Hán, Việt, Anh; dịch dựa trên văn bản cổ nhất hiện nay được khai quật vào cuối năm 1973, trong ngôi cổ mộ của viên thái thú Trường Sa thời nhà Hán được chôn vào ngày năm 168 TCN ở thôn Mã Vương Đôi, Hà Nam, Trung Quốc.
Sách - Lão tử đạo đức kinh",Sách tiếng Việt/Sách kỹ năng sống/Sách tư duy - Kỹ năng sống,588
248499312,sách lão tử đạo đức kinh,,76000,7247,OFFICIAL_STORE,0,1,1,https://tiki.vn/lao-tu-dao-duc-kinh-sach-ban-quyen-p248499312.html?spid=275155012,https://salt.tikicdn.com/cache/280x280/ts/product/bd/d4/ca/cdf5b6ab6f0bee199341fc51d071358d.jpg,"Lão Tử Đạo Đức Kinh
Đảm bảo 100% sách gốc bản quyền từ NXB
Xử lí đơn đặt hàng nhanh
Chính sách hỗ trợ đổi sách cho khách hàng thuận tiện khi gặp sự cố
— Hãy chiêm nghiệm cuốn sách và cảm nhận hương vị của một tách trà vào mỗi cuối tuần khi bạn dành nhiều thời gian hơn cho bản thân mình! —
Đạo đức kinh là một trong những tác phẩm cổ điển quan trọng nhất trong lịch sử văn hoá nhân loại. Đạo đức kinh tương truyền do Lão Tử biên soạn dưới thời Xuân thu - Chiến quốc.
Ở Việt Nam hiện nay cũng có đến 4, 5 bản dịch Việt ngữ. Tuy nhiên, phần lớn độc giả không đọc thẳng vào văn bản mà chỉ đọc lời bàn của các dịch giả. Có lẽ vì thế nên nhiều người hiểu sai về Đạo đức kinh.
Tác phẩm chứa đựng những kinh nghiệm của cổ nhân mà người đọc đã quen thuộc qua những câu thành ngữ, tục ngữ thường ngày. Độc giả sẽ tìm lại được phần cơ sở tư tưởng mà họ từng được học qua thơ văn, sách vở Việt Nam và Trung Hoa một cách sâu sắc nhất.
Phiên bản Đạo đức kinh này được trình bày bằng 3 thứ tiếng : Hán, Việt, Anh; dịch dựa trên văn bản cổ nhất hiện nay được khai quật vào cuối năm 1973, trong ngôi cổ mộ của viên thái thú Trường Sa thời nhà Hán được chôn vào ngày năm 168 TCN ở thôn Mã Vương Đôi, Hà Nam, Trung Quốc.",Sách tiếng Việt/Sách kỹ năng sống/Sách tư duy - Kỹ năng sống,982
2071483,sách lẽ phải của phi lý trí,DAN ARIELY,139300,111899,OFFICIAL_STORE,0,114,,https://tiki.vn/sach-le-phai-cua-phi-ly-tri-tai-ban-2018-p2071483.html?spid=72145670,https://salt.tikicdn.com/cache/280x280/ts/product/65/05/0d/7bfba6fb0318433aa6a77e6fc4903a0f.png,"Lẽ Phải Của Phi Lý Trí (Tái Bản 2018)
Lẽ phải của phi lý trí là cuốn sách tư duy được xây dựng và phát triển trên cuốn sách nền tảng Phi lý trí của nhà khoa học xã hội Dan Ariely. Nếu như trong Phi lý trí, Dan Ariely đã đưa ra những ảnh hưởng đa chiều dẫn tới việc con người đưa ra những quyết định thiếu khôn ngoan thì giờ đây trong cuốn Lẽ phải của phi lý trí ông hé lộ những ảnh hưởng đầy bất ngờ, cả tích cực lẫn tiêu cực, mà ‘phi lý trí’ có thể tác động đến cuộc sống của chúng ta. Tập trung vào nghiên cứu những hành vi của chúng ta tại nơi làm việc và các mối quan hệ của chúng ta, ông đưa ra những hiểu biết mới và những sự thật đáng ngạc nhiên về những điều đang thôi thúc chúng ta làm việc, cách thức mà một hành động thiếu khôn ngoan có thể trở thành một thói quen, cách mà chúng ta học để yêu thương những người mà chúng ta sống cùng, và còn nhiều hơn thế nữa.
Lẽ phải của phi lý trí không phải là một cuốn sách hàn lâm khô khan chỉ toàn lý thuyết, mà nó được sử dụng dữ liệu từ những thí nghiệm thú vị và độc đáo dẫn đến những kết luận hấp dẫn về cách thức – và nguyên nhân tại sao chúng ta hành động như vậy. Từ những thái độ tại nơi làm việc của chúng ta, cho tới những mối quan hệ lãng mạn, tới việc chúng ta luôn tìm kiếm mục đích cuộc đời mình, Ariely lý giải cách thức phá vỡ những khuôn mẫu bi quan trong suy nghĩ và hành vi của chúng ta để đưa ra những quyết định tốt hơn. Cuốn sách kỹ năng này sẽ thay đổi cách thức chúng ta nhận thức bản thân trong công việc và trong gia đình – và soi xét các hành vi phi lý trí của chúng ta dưới một thứ sắc thái ánh sáng hoàn toàn mới mẻ. Đọc Lẽ phải của phi lý trí – một cuốn sách lãnh đạo và quản lý hữu ích, bạn sẽ biết nhiều điều như:
Tại sao những khoản tiền thưởng lớn lại có thể khiến các CEO làm việc kém hiệu quả hơn?
Làm cách nào mà những định hướng rối rắm lại hữu ích đối với chúng ta?
Tại sao việc trả thù lại quan trọng?
Tại sao có một sự khác biệt rất lớn giữa điều mà chúng ta nghĩ là sẽ khiến chúng ta hạnh phúc và những thứ thực sự khiến chúng ta hạnh phúc?
Và rất nhiều phát hiện thú vị khác.",Sách tiếng Việt/Sách kỹ năng sống/Sách tư duy - Kỹ năng sống,128
247746299,sách lẽ phải của phi lý trí,NHIEU TAC GIA,159000,111899,OFFICIAL_STORE,0,0,,https://tiki.vn/le-phai-cua-phi-ly-tri-sach-ban-quyen-p247746299.html?spid=278769964,https://salt.tikicdn.com/cache/280x280/ts/product/fa/6e/3e/d616e975ed5b2d32aea14122ae10a9cb.png,"Lẽ Phải Của Phi Lý Trí (*** Sách Bản Quyền ***)
Lẽ Phải Của Phi Lý Trí (*** Sách Bản Quyền ***)
Lẽ phải của phi lý trí là cuốn sách tư duy được xây dựng và phát triển trên cuốn sách nền tảng Phi lý trí của nhà khoa học xã hội Dan Ariely. Nếu như trong Phi lý trí, Dan Ariely đã đưa ra những ảnh hưởng đa chiều dẫn tới việc con người đưa ra những quyết định thiếu khôn ngoan thì giờ đây trong cuốn Lẽ phải của phi lý trí ông hé lộ những ảnh hưởng đầy bất ngờ, cả tích cực lẫn tiêu cực, mà ‘phi lý trí’ có thể tác động đến cuộc sống của chúng ta. Tập trung vào nghiên cứu những hành vi của chúng ta tại nơi làm việc và các mối quan hệ của chúng ta, ông đưa ra những hiểu biết mới và những sự thật đáng ngạc nhiên về những điều đang thôi thúc chúng ta làm việc, cách thức mà một hành động thiếu khôn ngoan có thể trở thành một thói quen, cách mà chúng ta học để yêu thương những người mà chúng ta sống cùng, và còn nhiều hơn thế nữa.
Lẽ phải của phi lý trí không phải là một cuốn sách hàn lâm khô khan chỉ toàn lý thuyết, mà nó được sử dụng dữ liệu từ những thí nghiệm thú vị và độc đáo dẫn đến những kết luận hấp dẫn về cách thức – và nguyên nhân tại sao chúng ta hành động như vậy. Từ những thái độ tại nơi làm việc của chúng ta, cho tới những mối quan hệ lãng mạn, tới việc chúng ta luôn tìm kiếm mục đích cuộc đời mình, Ariely lý giải cách thức phá vỡ những khuôn mẫu bi quan trong suy nghĩ và hành vi của chúng ta để đưa ra những quyết định tốt hơn. Cuốn sách kỹ năng này sẽ thay đổi cách thức chúng ta nhận thức bản thân trong công việc và trong gia đình – và soi xét các hành vi phi lý trí của chúng ta dưới một thứ sắc thái ánh sáng hoàn toàn mới mẻ. Đọc Lẽ phải của phi lý trí – một cuốn sách lãnh đạo và quản lý hữu ích, bạn sẽ biết nhiều điều như:
Tại sao những khoản tiền thưởng lớn lại có thể khiến các CEO làm việc kém hiệu quả hơn?
Làm cách nào mà những định hướng rối rắm lại hữu ích đối với chúng ta?
Tại sao việc trả thù lại quan trọng?
Tại sao có một sự khác biệt rất lớn giữa điều mà chúng ta nghĩ là sẽ khiến chúng ta hạnh phúc và những thứ thực sự khiến chúng ta hạnh phúc?
Và rất nhiều phát hiện thú vị khác.
— Hãy chiêm nghiệm cuốn sách và cảm nhận hương vị của một tách trà vào mỗi cuối tuần khi bạn có nhiều thời gian hơn dành cho bản thân mình! —",Sách tiếng Việt/Sách kỹ năng sống/Sách tư duy - Kỹ năng sống,961
208137076,sách logic của tâm trí,,161000,295057,NONE,0,0,,https://tiki.vn/sach-logic-cua-tam-tri-alphabooks-ban-quyen-p208137076.html?spid=274050437,https://salt.tikicdn.com/cache/280x280/ts/product/64/e9/d3/fbc7f58938c72ab04399783d51a18256.jpg,"Cuốn sách là câu chuyện về tình bạn của hai nhà tâm lý học nổi tiếng Amos Tversky và Daniel Kahneman cùng hành trình khám phá, lý giải tâm lý con người của đôi bạn này. Trước đây, các nhà khoa học, nhà kinh tế học và nhà tiếp thị đều coi con người là những người có lý trí, có trí óc, có khả năng sử dụng dữ liệu cứng để đưa ra quyết định mà không bị ảnh hưởng bởi cảm xúc, bản năng hoặc niềm tin sai lầm. Song đôi bạn Kahneman và Tversky đã dành cả sự nghiệp của họ để chứng minh rằng điều chúng ta vẫn tin thực chất lại hoàn toàn trái ngược.
Đặc điểm nổi bật:
- Cuốn sách mở ra một góc nhìn hoàn toàn mới mẻ về tâm lý con người. Nếu như trước đây, chúng ta vẫn dựa vào xác suất, thống kê, dữ liệu để dự báo, đưa ra quyết định cho các vấn đề khác nhau trong cuộc sống, thì hai nhà tâm lý học trong cuốn sách lại chỉ ra rằng: dù có sử dụng dữ liệu nhiều đến đâu, con người vẫn luôn bị chi phối bởi cảm xúc, đặc biệt là trong những điều kiện không chắc chắn.
- Bằng lối kể chuyện mượt mà, lôi cuốn, tác giả đã vẽ nên câu chuyện tình bạn tuyệt đẹp của hai nhà tâm lý học lỗi lạc trên hành trình đi tìm lời giải cho tâm lý con người. Tác giả đã khéo léo lồng ghép nhiều chi tiết về con người, tính cách cũng như cách ứng xử của hai nhà tâm lý học này, để từ đó độc giả thêm hiểu về lý do tại sao họ lại đến với tâm lý học và bước trên hành trình đặc biệt này.
- Cuốn sách không chỉ kể chuyện mà còn đưa ra nhiều học thuyết thú vị về tâm lý con người, nhiều trong số đó sẽ khiến chúng ta bất ngờ, ngạc nhiên bởi từ trước đến nay ta vẫn mặc định coi đó là điều bình thường. Những câu chuyện về các thí nghiệm tâm lý của hai nhà nghiên cứu trong cuốn sách cũng giúp độc giả hiểu biết thêm về khía cạnh tâm lý của con người – một lĩnh vực vô cùng khó và mênh mông cho đến tận ngày nay.
Sách - Logic của tâm trí",Sách tiếng Việt/Sách kỹ năng sống/Sách tư duy - Kỹ năng sống,834
106362583,sách logic của tâm trí,MICHAEL LEWIS,137000,111899,OFFICIAL_STORE,0,0,2,https://tiki.vn/sach-logic-cua-tam-tri-p106362583.html?spid=274531375,https://salt.tikicdn.com/cache/280x280/ts/product/31/95/a4/d73dd0441b5c7da0fa25e08f98cd4cb2.png,#NAME?,Sách tiếng Việt/Sách kỹ năng sống/Sách tư duy - Kỹ năng sống,539
106362512,sách logic của tâm trí,MICHAEL LEWIS,143000,7247,OFFICIAL_STORE,0,1,3,https://tiki.vn/sach-logic-cua-tam-tri-p106362512.html?spid=274531363,https://salt.tikicdn.com/cache/280x280/ts/product/31/95/a4/2546a6d28be7f7304ab73fbf6b101d93.png,#NAME?,Sách tiếng Việt/Sách kỹ năng sống/Sách tư duy - Kỹ năng sống,523
76176359,sách logic của tâm trí,MICHAEL LEWIS,115700,1,OFFICIAL_STORE,4.6,68,445,https://tiki.vn/sach-logic-cua-tam-tri-p76176359.html?spid=76176360,https://salt.tikicdn.com/cache/280x280/ts/product/d2/b6/e8/e9e7a77529157c50bfeb329bc447a8cf.jpg,"Cuốn sách là câu chuyện về tình bạn của hai nhà tâm lý học nổi tiếng Amos Tversky và Daniel Kahneman cùng hành trình khám phá, lý giải tâm lý con người của đôi bạn này. Trước đây, các nhà khoa học, nhà kinh tế học và nhà tiếp thị đều coi con người là những người có lý trí, có trí óc, có khả năng sử dụng dữ liệu cứng để đưa ra quyết định mà không bị ảnh hưởng bởi cảm xúc, bản năng hoặc niềm tin sai lầm. Song đôi bạn Kahneman và Tversky đã dành cả sự nghiệp của họ để chứng minh rằng điều chúng ta vẫn tin thực chất lại hoàn toàn trái ngược.
Nói về thiên kiến xác nhận:
“Một tuyển trạch viên quan sát cầu thủ sẽ có xu hướng hình thành ấn tượng ngay tức thì, trong khi các dữ liệu khác xung quanh có hơi hướng tự sắp xếp lại. “Tiên kiến xác nhận”, ông nghe nói nó được gọi như vậy. Tâm trí con người không giỏi nhìn nhận những thứ nó không muốn thấy và hơi quá háo hức muốn thấy những gì mình trông đợi. “Thiên kiến xác nhận là thứ âm ỉ sâu kín nhất bởi bạn còn chẳng biết nó đang diễn ra”, ông nói. Tuyển trạch viên sẽ chấp nhận quan điểm về một cầu thủ, sau đó sắp xếp bằng chứng để bảo vệ quan điểm đó. “Chuyện kinh điển”, Morey nói, “và chuyện này xảy ra suốt: Nếu không thích ai đó, anh sẽ nói chẳng có vị trí nào cho chàng trai ấy. Nếu thích cậu ta, anh sẽ nói cậu chơi được nhiều vị trí. Nếu thích một cầu thủ, anh so sánh hình thể cậu ấy với người giỏi. Còn nếu không ưa, anh sẽ so sánh cậu ta với một kẻ kém cỏi”. Dù một người có định kiến gì khi lựa chọn các cầu thủ nghiệp dư, anh ta đều có xu hướng bảo vệ nó, ngay cả khi nó chỉ đem lại điều tệ hại, bởi anh luôn mong định kiến đó được xác nhận.”
Nói về sự cảm tính của con người khi đánh giá người khác qua các buổi phỏng vấn tuyển dụng:
“Những khó khăn tiềm ẩn phát sinh trong lúc đánh giá người khác đã được nhà tâm lý học người Mỹ Edward Torndike mô tả vào năm 1915. Ông yêu cầu các sĩ quan Lục quân Mỹ đánh giá binh sĩ theo một đặc điểm thể chất nào đó (“hình thể” chẳng hạn) và sau đó đánh giá một tố chất trừu tượng hơn (“trí thông minh”, “khả năng lãnh đạo”…). Ông phát hiện ra rằng cảm xúc sinh ra khi đánh giá tiêu chí đầu tiên sẽ ảnh hưởng tới tiêu chí thứ hai: nếu sĩ quan thấy một người lính có hình thể đẹp thì cũng sẽ thích các khía cạnh khác ở anh ta. Hoán đổi thứ tự đánh giá và vấn đề tương tự vẫn xảy ra: Nếu một người ban đầu được đánh giá xuất sắc thì sau đó sẽ được cho là mạnh mẽ hơn thực tế. “Rõ ràng sức lan toả của một phẩm chất chung tốt đẹp sẽ ảnh hưởng đến nhận định về một khả năng đặc biệt và ngược lại”, Torndike kết luận; ông tiếp tục nói mình đã “bị thuyết phục rằng ngay cả một quản đốc, ông chủ, giáo viên hay một vị trưởng phòng rất có năng lực đều không thể xem cá nhân là một tổ hợp của các phẩm chất riêng biệt và gán cho mỗi phẩm chất một tầm quan trọng riêng, độc lập với những phẩm chất khác”. Bởi thế đã có một hiệu ứng ra đời và cho đến nay vẫn được gọi là “hiệu ứng lan toả”.”
Nói về niềm tin ở quy luật số nhỏ:
““Niềm tin ở quy luật số nhỏ” rút ra được các hàm ý của một lỗi tâm lý con người thường mắc – ngay cả những nhà thống kê được đào tạo. Mọi người nhầm lẫn một phần rất nhỏ của sự vật với tổng thể. Ngay cả các nhà thống kê cũng có khuynh hướng vội đưa ra kết luận từ số lượng bằng chứng ít ỏi. Amos và Danny lập luận rằng họ làm như thế do họ tin – ngay cả khi không nhận thức được niềm tin ấy – rằng bất kỳ mẫu nhất định nào của một tổng thể lớn cũng đều mang tính tiêu biểu cho tổng thể ấy nhiều hơn mức độ thật sự của nó.”
“Niềm tin vào quy luật số nhỏ: Đây là lỗi tâm lý mà Danny và Amos nghi ngờ có rất nhiều nhà tâm lý học phạm phải, vì chính Danny cũng từng như thế. Danny có cảm nhận về thống kê tốt hơn rất nhiều so với hầu hết nhà tâm lý học khác, hay thậm chí hơn đại đa số nhà thống kê. Nói cách khác, toàn bộ dự án có gốc rễ sâu xa từ những nỗi nghi ngờ của Danny về chính công trình nghiên cứu của mình, cùng với sự sẵn sàng, gần như hăng hái muốn tìm ra lỗi trong công trình đó của ông. Trong mối quan hệ cộng tác giữa họ, xu hướng tìm kiếm các lỗi do bản thân gây ra của Danny đã trở thành chất liệu tuyệt vời nhất. Vì không chỉ có Danny mắc những lỗi đó: Mọi người đều phạm phải. Đó không chỉ là vấn đề cá nhân; nó là một lỗi nhỏ trong bản chất con người. Chí ít, đó là nghi ngờ của họ.
Bài kiểm tra họ tiến hành với các nhà tâm lý học đã xác nhận nghi ngờ đó. Khi tìm cách xác định liệu cái túi mình cầm có chứa nhiều phỉnh đỏ hơn không, các nhà tâm lý học có khuynh hướng rút ra những kết luận bao quát sau khi chỉ rút ra vài phỉnh. Khi tìm kiếm chân lý khoa học, họ dựa quá nhiều vào may rủi. Hơn nữa, vì đặt quá nhiều niềm tin vào sức mạnh của các mẫu nhỏ, họ có khuynh hướng hợp lý hoá bất cứ thứ gì mình phát hiện ra ở đó.”
Nói về quy luật hoàn tác của tâm trí con người:
“Lúc này đây, Danny có một ý tưởng rằng có thể tồn tại một kinh nghiệm cảm tính thứ tư – để bổ sung vào tính hiện hữu, tính tiêu biểu và neo giữ. Sau này ông gọi nó là “kinh nghiệm cảm tính mô phỏng” và nó là tất cả sức mạnh của các khả năng không có thực gây ảnh hưởng tiêu cực đến tâm trí con người. Trong cuộc sống, con người dựng lên các mô phỏng về tương lai. Chuyện gì sẽ xảy đến nếu tôi nói ra những điều mình nghĩ thay vì giả vờ đồng ý? Chuyện gì sẽ xảy ra nếu họ chuyền bóng cho tôi và nó nảy qua giữa hai chân? Sẽ thế nào nếu tôi từ chối đề nghị của họ thay vì đồng ý? Họ dựa vào phán đoán và quyết định như một phần của các kịch bản tưởng tượng này. Nhưng không phải kịch bản nào cũng dễ tưởng tượng như nhau; chúng miễn cưỡng, rất giống cách tâm trí con người tỏ vẻ miễn cưỡng khi phải “xoá bỏ” một bi kịch nào đó. Hãy khám phá các quy luật tinh thần mà tâm trí tuân thủ vào lúc nó xoá bỏ các sự kiện đã rồi, bạn sẽ có thể nhận biết cách nó mô phỏng thực tế trước lúc xuất hiện.”
“Sự hối tiếc là cảm xúc phản thực tế rõ ràng nhất nhưng nỗi thất vọng và lòng đố kỵ đều thể hiện các đặc tính bản chất của hối tiếc. “Các cảm xúc về khả năng không có thực”, Danny gọi chúng như thế trong một lá thư gửi Amos. Những cảm xúc này có thể được mô tả bằng phép tính đơn giản. Cường độ của chúng, Danny viết, là tích số của hai biến: “mong muốn thay thế” và “khả năng thay thế”. Những trải nghiệm dẫn tới sự hối tiếc và thất vọng không phải lúc nào cũng dễ dàng xoá bỏ. Những người thất vọng cần hoàn tác một đặc tính nào đó trong môi trường của mình, trong khi những kẻ hối tiếc cần xoá bỏ các hành động của bản thân. “Dù vậy, các quy tắc cơ bản của việc hoàn tác được áp dụng tương tự cho sự thất vọng và nỗi hối tiếc”, ông viết. “Chúng đòi hỏi một con đường mòn ít nhiều hợp lý để dẫn tới tình trạng thay thế”.
Đặc điểm nổi bật:
- Cuốn sách mở ra một góc nhìn hoàn toàn mới mẻ về tâm lý con người. Nếu như trước đây, chúng ta vẫn dựa vào xác suất, thống kê, dữ liệu để dự báo, đưa ra quyết định cho các vấn đề khác nhau trong cuộc sống, thì hai nhà tâm lý học trong cuốn sách lại chỉ ra rằng: dù có sử dụng dữ liệu nhiều đến đâu, con người vẫn luôn bị chi phối bởi cảm xúc, đặc biệt là trong những điều kiện không chắc chắn.
- Bằng lối kể chuyện mượt mà, lôi cuốn, tác giả đã vẽ nên câu chuyện tình bạn tuyệt đẹp của hai nhà tâm lý học lỗi lạc trên hành trình đi tìm lời giải cho tâm lý con người. Tác giả đã khéo léo lồng ghép nhiều chi tiết về con người, tính cách cũng như cách ứng xử của hai nhà tâm lý học này, để từ đó độc giả thêm hiểu về lý do tại sao họ lại đến với tâm lý học và bước trên hành trình đặc biệt này.
- Cuốn sách không chỉ kể chuyện mà còn đưa ra nhiều học thuyết thú vị về tâm lý con người, nhiều trong số đó sẽ khiến chúng ta bất ngờ, ngạc nhiên bởi từ trước đến nay ta vẫn mặc định coi đó là điều bình thường. Những câu chuyện về các thí nghiệm tâm lý của hai nhà nghiên cứu trong cuốn sách cũng giúp độc giả hiểu biết thêm về khía cạnh tâm lý của con người – một lĩnh vực vô cùng khó và mênh mông cho đến tận ngày nay.
MICHAEL LEWIS là một tác giả và nhà báo tài chính người Mỹ. Ông cũng là biên tập viên đóng góp cho Vanity Fair từ năm 2019, chủ yếu viết về kinh doanh, tài chính và kinh tế. Ông nổi tiếng với các tác phẩm phi hư cấu, đặc biệt là đề cập đến các cuộc khủng hoảng tài chính và tài chính hành vi. Các tác phẩm nổi tiếng của ông như The Fifth Risk, Flash Boys (Cuộc nổi dậy ở Phố Wall), Moneyball và The Big Shot (Bán khống) đều nằm trong danh sách bán chạy của Mỹ.",Sách tiếng Việt/Sách kỹ năng sống/Sách tư duy - Kỹ năng sống,399
22172884,sách lời hứa về một cây bút chì,ADAM BRAUN,127000,60209,NONE,0,0,,https://tiki.vn/sach-loi-hua-ve-mot-cay-but-chi-tang-kem-bookmark-tiki-p22172884.html?spid=248004892,https://salt.tikicdn.com/cache/280x280/ts/product/49/24/43/95e1b8bf590fa8ae8f53f5c434c216d2.jpg,"Lời Hứa Về Một Cây Bút Chì
Hành trình từ 25 đô-la đến 250 trường học dành cho trẻ em trên toàn cầu và câu chuyện phi thường của một CEO nuôi chí thay đổi thế giới bằng giáo dục.
Adam Braun bắt đầu làm việc hè tại các quỹ đầu tư khi anh mới mười sáu tuổi nhằm mục tiêu có được một sự nghiệp thành công ở phố Wall. Nhưng trong một chuyến du lịch, anh đã gặp một cậu bé ăn xin trên đường phố của Ấn Độ. Anh hỏi cậu muốn điều gì nhất trên đời này, thì nhận được câu trả lời đơn giản: ""Một cây bút chì."" Chính mong ước nhỏ nhoi này đã thôi thúc Adam làm vô số điều đáng kinh ngạc trước khi thành lập ra tổ chức PoP (Bút chì hứa hẹn), một tổ chức mà Braun bắt đầu chỉ vẻn vẹn với 25 đô-la và sau đó xây dựng được hơn 250 trường học trên khắp thế giới.
Lời hứa về một cây bút chì tái hiện lại cuộc hành trình của Adam Braun. Mỗi chương giải thích một bước rõ ràng mà mỗi người có thể làm để biến những tham vọng lớn nhất của họ thành hiện thực. Nếu bạn cảm thấy náo nức và sẵn sàng cho quá trình chuyển đổi, nếu bạn đang tìm kiếm định hướng và mục tiêu cuộc đời, cuốn sách này là dành cho bạn. Được dẫn dắt bởi những câu chuyện và các chia sẻ đầy cảm hứng, cuốn sách sẽ cung cấp cho bạn những công cụ để tạo nên một câu chuyện đáng kể trong cuộc sống của chính bạn.",Sách tiếng Việt/Sách kỹ năng sống/Sách tư duy - Kỹ năng sống,242
106362792,sách lời hứa về một cây bút chì,ADAM BRAUN,122000,111899,OFFICIAL_STORE,0,0,3,https://tiki.vn/sach-loi-hua-ve-mot-cay-but-chi-p106362792.html?spid=262694820,https://salt.tikicdn.com/cache/280x280/ts/product/2f/fc/bc/54dc89f767155f785b5d681eb3eb0133.png,"Hành trình từ 25 đô-la đến 250 trường học dành cho trẻ em trên toàn cầu và câu chuyện phi thường của một CEO nuôi chí thay đổi thế giới bằng giáo dục.
“Adam chính là đại diện cho cơn trở mình mà thế giới của chúng ta cần – cơn trở mình mà ở đó những bộ óc sáng láng nhất của thế hệ chúng ta tập trung giải quyết những vấn đề nhức nhối nhất của thời đại. Càng có nhiều người biết đến câu chuyện của anh, cơn trở mình càng diễn ra mau lẹ và dứt khoát.”
- Ben Rattray, nhà sáng lập kiêm CEO của
“Một câu chuyện truyền cảm hứng với những bài học thiết yếu cho hành trình kiến tạo một cuộc sống đầy ắp ý nghĩa, đam mê và mục đích.”
- Deepak Chopra",Sách tiếng Việt/Sách kỹ năng sống/Sách tư duy - Kỹ năng sống,577
169546325,sách lời hứa về một cây bút chì,ADAM BRAUN,108000,1,OFFICIAL_STORE,4.8,74,697,https://tiki.vn/sach-loi-hua-ve-mot-cay-but-chi-tai-ban-p169546325.html?spid=169546326,https://salt.tikicdn.com/cache/280x280/ts/product/c1/8f/38/3376f38d72a45bcfc408eab33c354d96.jpg,"Hành trình từ 25 đô-la đến 250 trường học dành cho trẻ em trên toàn cầu và câu chuyện phi thường của một CEO nuôi chí thay đổi thế giới bằng giáo dục.
Adam Braun bắt đầu làm việc hè tại các quỹ đầu tư khi anh mới mười sáu tuổi nhằm mục tiêu có được một sự nghiệp thành công ở phố Wall. Nhưng trong một chuyến du lịch, anh đã gặp một cậu bé ăn xin trên đường phố của Ấn Độ. Anh hỏi cậu muốn điều gì nhất trên đời này, thì nhận được câu trả lời đơn giản: ""Một cây bút chì."" Chính mong ước nhỏ nhoi này đã thôi thúc Adam làm vô số điều đáng kinh ngạc trước khi thành lập ra tổ chức PoP (Bút chì hứa hẹn), một tổ chức mà Braun bắt đầu chỉ vẻn vẹn với 25 đô-la và sau đó xây dựng được hơn 250 trường học trên khắp thế giới.
Lời hứa về một cây bút chì tái hiện lại cuộc hành trình của Adam Braun. Mỗi chương giải thích một bước rõ ràng mà mỗi người có thể làm để biến những tham vọng lớn nhất của họ thành hiện thực. Nếu bạn cảm thấy náo nức và sẵn sàng cho quá trình chuyển đổi, nếu bạn đang tìm kiếm định hướng và mục tiêu cuộc đời, cuốn sách này là dành cho bạn. Được dẫn dắt bởi những câu chuyện và các chia sẻ đầy cảm hứng, cuốn sách sẽ cung cấp cho bạn những công cụ để tạo nên một câu chuyện đáng kể trong cuộc sống của chính bạn.",Sách tiếng Việt/Sách kỹ năng sống/Sách tư duy - Kỹ năng sống,736
184629946,sách lối sống tối giản của người nhật,SASAKI FUMIO,139920,57167,NONE,0,8,,https://tiki.vn/sach-loi-song-toi-gian-cua-nguoi-nhat-bia-cung-p184629946.html?spid=198784294,https://salt.tikicdn.com/cache/280x280/ts/product/c9/a0/f6/3ba518d76729526896223657ce40b896.jpg,"Lối sống tối giản là cách sống cắt giảm vật dụng xuống còn mức tối thiểu. Và cùng với cuộc sống ít đồ đạc, ta có thể để tâm nhiều hơn tới hạnh phúc, đó chính là chủ đề của cuốn sách này.
Chẳng có ai từ khi sinh ra đã có tài sản, đồ đạc gì trong tay. Vậy nên bất cứ ai khi mới chào đời đều là những người sống tối giản. Cứ mỗi lần bạn sở hữu trong tay những đồ dùng hơn mức cần thiết là một lần bạn lấy mất tự do của chính mình. Giá trị bản thân chúng ta không đo bằng những đồ dùng mà chúng ta sở hữu. Những đồ dùng này chỉ cho chúng ta một chút cảm giác hạnh phúc nhất thời mà thôi. Mang theo những đồ dùng hơn mức cần thiết sẽ lấy hết thời gian, năng lượng của bạn. Khi nhận ra được điều đó, tức là bạn đã bắt đầu trở thành một người sống tối giản.
Những người sống tối giản luôn cảm thấy vui vẻ, mới lạ mỗi ngày. Cái cảm giác này, tôi nghĩ bất cứ ai cũng có thể cảm nhận được, dù bạn có phải là một người sống tối giản hay không, bởi bất cứ ai.
Lối sống tối giản của người Nhật gồm có năm chương, trong đó, chương một, tác giả sẽ giới thiệu cho bạn lối sống tối giản là gì, đưa ra định nghĩa của anh về nó. Sau đó anh sẽ đưa ra lý do vì sao mình lại theo lối sống này sau nhiều năm sống trong căn phòng của bản thân.
Chương hai tác giả sẽ đề cập đến tại sao sau ngần ấy năm, đồ đạc trong nhà lại chất nhiều đến thế. Những đồ đạc được tích tụ lại do thói quen hay nhu cầu của con người này mang ý nghĩa gì?
Chương ba là những bí quyết để cắt giảm đồ đạc trong nhà. Tác giả sẽ đưa ra cho bạn những quy tắc cụ thể, những phương pháp để có thể giảm bớt đồ đạc trong nhà. Thêm vào đó cũng sẽ giới thiệu cho bạn danh sách bổ sung 15 điều cho những người muốn tối giản hơn nữa cùng với toa thuốc cho “căn bệnh muốn vứt bỏ”.
Chương bốn, những thay đổi của chính tác giả sau khi dọn hết đồ đạc trong nhà. Kèm theo đó, anh còn phân tích và khảo sát thêm về các kết quả nghiên cứu tâm lý học.
Cuối cùng chương năm, tiếp nối ý từ chương bốn, tác giả sẽ giải thích tại sao những thay đổi của bản thân lại dẫn đến “hạnh phúc”.
Để hiểu sâu hơn về lối sống tối giản, bạn nên đọc hết từ chương một đến chương bốn. Tuy nhiên, bạn cũng có thể đọc riêng từng chương. Thậm chí chỉ cần đọc chương ba cũng có thể giúp bạn cắt giảm được đồ đạc của mình.
Trong cuốn sách này, “lối sống tối giản” được hiểu là: 1) giới hạn tối thiểu cần thiết cho bản thân và 2) vứt bỏ tất cả mọi thứ trừ những thứ quan trọng.
Và những người sống theo lối sống đó gọi là người sống tối giản.
Cấu trúc cuốn sách
Lời mở đầu
Chương 1: Tại sao lại có những người sống tối giản?
Chương 2: Tại sao đồ đạc lại chất nhiều đến vậy?
Chương 3: 55 quy tắc vứt bỏ
Chương 4: Vứt bớt đồ đạc, 12 điều thay đổi trong tôi
Chương 5: Không phải trở nên hạnh phúc mà là cảm nhận hạnh phúc
Lời kết – Lời cảm ơn chân thành
Danh sách 55 quy tắc vứt bỏ
Sasaki Fumio sinh năm 1979 tại tỉnh Kagawa, tốt nghiệp Đại học Waseda chuyên ngành giáo dục. Trước đây, anh từng sống trong căn phòng chất đầy đồ đạc, lộn xộn, bẩn thỉu. Từ năm 2010, anh bắt đầu theo lối sống tối giản. Năm 2014, anh cộng tác với Numahata Naoki - Giám đốc sáng tạo, lập nên trang web dành cho người sống tối giản có tên: Minimal & ism less is future.
Công ty CP Sách Thái Hà trân trọng giới thiệu!",Sách tiếng Việt/Sách kỹ năng sống/Sách kỹ năng mềm,776
152740748,sách lối sống tối giản của người nhật,SASAKI FUMIO,98200,1,OFFICIAL_STORE,4.8,365,3061,https://tiki.vn/sach-loi-song-toi-gian-cua-nguoi-nhat-tai-ban-p152740748.html?spid=152740749,https://salt.tikicdn.com/cache/280x280/ts/product/67/01/c0/cc0790366e7b5cc9d3f7fbb95631462d.jpg,"Lối sống tối giản là cách sống cắt giảm vật dụng xuống còn mức tối thiểu. Và cùng với cuộc sống ít đồ đạc, ta có thể để tâm nhiều hơn tới hạnh phúc, đó chính là chủ đề của cuốn sách này.
Chẳng có ai từ khi sinh ra đã có tài sản, đồ đạc gì trong tay. Vậy nên bất cứ ai khi mới chào đời đều là những người sống tối giản. Cứ mỗi lần bạn sở hữu trong tay những đồ dùng hơn mức cần thiết là một lần bạn lấy mất tự do của chính mình. Giá trị bản thân chúng ta không đo bằng những đồ dùng mà chúng ta sở hữu. Những đồ dùng này chỉ cho chúng ta một chút cảm giác hạnh phúc nhất thời mà thôi. Mang theo những đồ dùng hơn mức cần thiết sẽ lấy hết thời gian, năng lượng của bạn. Khi nhận ra được điều đó, tức là bạn đã bắt đầu trở thành một người sống tối giản.
Những người sống tối giản luôn cảm thấy vui vẻ, mới lạ mỗi ngày. Cái cảm giác này, tôi nghĩ bất cứ ai cũng có thể cảm nhận được, dù bạn có phải là một người sống tối giản hay không, bởi bất cứ ai.
Lối sống tối giản của người Nhật gồm có năm chương, trong đó, chương một, tác giả sẽ giới thiệu cho bạn lối sống tối giản là gì, đưa ra định nghĩa của anh về nó. Sau đó anh sẽ đưa ra lý do vì sao mình lại theo lối sống này sau nhiều năm sống trong căn phòng của bản thân.
Chương hai tác giả sẽ đề cập đến tại sao sau ngần ấy năm, đồ đạc trong nhà lại chất nhiều đến thế. Những đồ đạc được tích tụ lại do thói quen hay nhu cầu của con người này mang ý nghĩa gì?
Chương ba là những bí quyết để cắt giảm đồ đạc trong nhà. Tác giả sẽ đưa ra cho bạn những quy tắc cụ thể, những phương pháp để có thể giảm bớt đồ đạc trong nhà. Thêm vào đó cũng sẽ giới thiệu cho bạn danh sách bổ sung 15 điều cho những người muốn tối giản hơn nữa cùng với toa thuốc cho “căn bệnh muốn vứt bỏ”.
Chương bốn, những thay đổi của chính tác giả sau khi dọn hết đồ đạc trong nhà. Kèm theo đó, anh còn phân tích và khảo sát thêm về các kết quả nghiên cứu tâm lý học.
Cuối cùng chương năm, tiếp nối ý từ chương bốn, tác giả sẽ giải thích tại sao những thay đổi của bản thân lại dẫn đến “hạnh phúc”.
Để hiểu sâu hơn về lối sống tối giản, bạn nên đọc hết từ chương một đến chương bốn. Tuy nhiên, bạn cũng có thể đọc riêng từng chương. Thậm chí chỉ cần đọc chương ba cũng có thể giúp bạn cắt giảm được đồ đạc của mình.
Trong cuốn sách này, “lối sống tối giản” được hiểu là: 1) giới hạn tối thiểu cần thiết cho bản thân và 2) vứt bỏ tất cả mọi thứ trừ những thứ quan trọng.
Và những người sống theo lối sống đó gọi là người sống tối giản.
Sasaki Fumio sinh năm 1979 tại tỉnh Kagawa, tốt nghiệp Đại học Waseda chuyên ngành giáo dục. Trước đây, anh từng sống trong căn phòng chất đầy đồ đạc, lộn xộn, bẩn thỉu. Từ năm 2010, anh bắt đầu theo lối sống tối giản. Năm 2014, anh cộng tác với Numahata Naoki - Giám đốc sáng tạo, lập nên trang web dành cho người sống tối giản có tên: Minimal & ism less is future.
Công ty CP Sách Thái Hà trân trọng giới thiệu!",Sách tiếng Việt/Sách kỹ năng sống/Sách kỹ năng mềm,723
250077986,sách lối sống tối giản thời công nghệ số,CAL NEWPORT,120317,161219,NONE,0,0,,https://tiki.vn/sach-loi-song-toi-gian-thoi-cong-nghe-so-p250077986.html?spid=277464275,https://salt.tikicdn.com/cache/280x280/ts/product/10/0f/d8/a44b4225c67c492be9d968d85252d808.jpg,"Cal Newport nghiên cứu về tác động tiêu cực của hoạt động trực tuyến không kiểm soát đối với sức khoẻ tâm lý. Hoạt động trao đổi trực tuyến dường như càng đẩy nhanh người ta vào các trạng thái cực đoan gây ra những sự căng thẳng và kiệt quệ về mặt cảm xúc.
Mục đích của cuốn sách này là đưa ra những lập luận ủng hộ cho chủ nghĩa tối giản số, bao gồm một phần khai thác chi tiết về những câu hỏi vì sao nó lại có hiệu quả, tiếp đến là phần hướng dẫn cách áp dụng triết lý này vào cuộc sống nếu bạn quyết định lựa chọn nó.
Chìa khoá để duy trì thành công lâu dài khi vận dụng triết lý này là bạn hãy hiểu rằng vấn đề mà bạn đang muốn giải quyết ở đây không thực sự liên quan đến công nghệ, mà liên quan đến chất lượng cuộc sống của chính bạn. Càng mày mò thử nghiệm với các ý tưởng và cách làm mà tác giả đã trình bày ở các phần trước trong cuốn sách này, bạn sẽ ngày càng nhận ra rằng chủ nghĩa tối giản số không đơn thuần chỉ là một bộ các nguyên tắc; nó là con đường giúp bạn xây dựng một cuộc sống đáng sống trong kỷ nguyên hiện đại của chúng ta với sự hiện diện khắp nơi của các thiết bị đầy mê hoặc.
Lời giới thiệu
Phần 1: Các nền tảng
1. Cuộc chạy đua vũ trang không cân sức
2. Tối giản hoá số
3. Dọn dẹp không gian số
Phần 2: Thực hành
5. Đừng nhấn nút “thích”
6. Lấy lại sự thư giãn đã mất
7. Tham gia vào phong trào kháng lại sự chú ý
Trích đoạn sách:
Tập này mang tựa đề “Khai thác não bộ”, mở đầu bằng cảnh Anderson Cooper1 phỏng vấn một kỹ sư tóc đỏ, vóc người thanh tú, với bộ râu được chăm chút cẩn thận theo mốt đang thịnh hành trong cộng đồng các chàng trai ở Thung lũng Silicon. Tên anh là Tristan Harris, từng là nhà sáng lập công ty khởi nghiệp và cựu kỹ sư của Google nhưng sau đó từ bỏ con đường đã trở nên quá quen thuộc trong thế giới công nghệ để trở thành một thứ hiếm hoi hơn rất nhiều trong thế giới khép kín đó: người tố giác.",Sách tiếng Việt/Sách kỹ năng sống/Sách kỹ năng mềm,1023
54380457,sách lối sống tối giản thời công nghệ số,CAL NEWPORT,104500,161219,NONE,0,179,2,https://tiki.vn/sach-loi-song-toi-gian-thoi-cong-nghe-so-p54380457.html?spid=134318946,https://salt.tikicdn.com/cache/280x280/ts/product/2c/2c/d8/ea0b19f7f48da45e7a64f0c97bb27b76.jpg,"Các công nghệ mới dường như đang hút cạn ý nghĩa và sự hài lòng ra khỏi mỗi chúng ta. Một cụm từ mà chúng ta thường nghe nhắc đến trong cuộc sống số thời hiện đại là kiệt sức. Nếu xét riêng thì không có ứng dụng hay website cụ thể nào đặc biệt tồi tệ cả, vấn đề nằm ở tác động tổng thể của việc có quá nhiều thứ bóng bẩy loè loẹt liên tục lôi kéo sự chú ý và thao túng tâm trạng của chúng ta. Vấn đề này không liên quan đến các khía cạnh chi tiết mà liên quan đến thực tế rằng nó đang ngày càng vượt xa khỏi tầm kiểm soát. Hầu như không ai muốn dành quá nhiều thời gian như vậy trên mạng cả, nhưng những công cụ này đã biết cách gây nghiện. Sự thôi thúc phải vào cập nhật tin tức trên mạng xã hội trở thành một chứng co giật đầy ám ảnh, phá vỡ dòng thời gian liên tục thành những mảnh vụn nhỏ bé, không đủ để tạo ra sự hiện diện cần thiết cho một cuộc sống có chủ định.
Cal Newport nghiên cứu về tác động tiêu cực của hoạt động trực tuyến không kiểm soát đối với sức khoẻ tâm lý. Hoạt động trao đổi trực tuyến dường như càng đẩy nhanh người ta vào các trạng thái cực đoan gây ra những sự căng thẳng và kiệt quệ về mặt cảm xúc.
Việc khám phá được những mối lo ngại rất đáng giật mình này – từ hiện tượng lạm dụng thái quá tới mức nghiện ngập các công cụ trên, cho đến khả năng của chúng trong việc làm giảm quyền tự chủ, giảm sự hạnh phúc, khơi dậy những trực giác u ám, và gây phân tâm khỏi những hoạt động có giá trị hơn - khiến chúng ta nhận thức được mối quan hệ đáng lo ngại của con người với các công nghệ đang thống trị nền văn hoá.
Mục đích của cuốn sách này là đưa ra những lập luận ủng hộ cho chủ nghĩa tối giản số, bao gồm một phần khai thác chi tiết về những câu hỏi vì sao nó lại có hiệu quả, tiếp đến là phần hướng dẫn cách áp dụng triết lý này vào cuộc sống nếu bạn quyết định lựa chọn nó.
Chìa khoá để duy trì thành công lâu dài khi vận dụng triết lý này là bạn hãy hiểu rằng vấn đề mà bạn đang muốn giải quyết ở đây không thực sự liên quan đến công nghệ, mà liên quan đến chất lượng cuộc sống của chính bạn. Càng mày mò thử nghiệm với các ý tưởng và cách làm mà tác giả đã trình bày ở các phần trước trong cuốn sách này, bạn sẽ ngày càng nhận ra rằng chủ nghĩa tối giản số không đơn thuần chỉ là một bộ các nguyên tắc; nó là con đường giúp bạn xây dựng một cuộc sống đáng sống trong kỷ nguyên hiện đại của chúng ta với sự hiện diện khắp nơi của các thiết bị đầy mê hoặc.
Lời giới thiệu
Phần 1: Các nền tảng
1. Cuộc chạy đua vũ trang không cân sức
2. Tối giản hoá số
3. Dọn dẹp không gian số
Phần 2: Thực hành
4. Dành thời gian ở một mình
5. Đừng nhấn nút “thích”
6. Lấy lại sự thư giãn đã mất
7. Tham gia vào phong trào kháng lại sự chú ý
Trích đoạn sách:
NHỮNG NGƯỜI NÔNG DÂN TRỒNG CÂY THUỐC LÁ MẶC ÁO PHÔNG
Bill Maher kết thúc mọi tập trong chương trình trò chuyện hằng tuần Real Time (tạm dịch: Thời gian thực) trên đài HBO bằng một màn độc thoại. Chương trình này thường bàn đến các vấn đề chính trị. Tuy nhiên, trong tập phát sóng ngày 12 tháng Năm năm 2017, Maher đã phá thông lệ khi anh nhìn vào camera và nói: Đã đến lúc các ông trùm mạng xã hội phải dừng vờ rằng họ là những vị thần thân thiện và mọt sách, chỉ mong muốn xây dựng một thế giới tốt đẹp hơn và thừa nhận rằng họ chỉ là những người nông dân trồng cây thuốc lá mặc áo phông, đang tìm cách bán một sản phẩm gây nghiện cho lũ trẻ. Bởi vì, chúng ta hãy dũng cảm thừa nhận đi nào, ngồi đếm số lượt “Thích” đang là một loại cần sa mới.
Mối quan tâm của Maher đối với mạng xã hội bắt nguồn từ một tập trong chương trình 60 Minutes (tạm dịch: 60 phút) phát sóng khoảng một tháng trước đó.
Tập này mang tựa đề “Khai thác não bộ”, mở đầu bằng cảnh Anderson Cooper1 phỏng vấn một kỹ sư tóc đỏ, vóc người thanh tú, với bộ râu được chăm chút cẩn thận theo mốt đang thịnh hành trong cộng đồng các chàng trai ở Thung lũng Silicon. Tên anh là Tristan Harris, từng là nhà sáng lập công ty khởi nghiệp và cựu kỹ sư của Google nhưng sau đó từ bỏ con đường đã trở nên quá quen thuộc trong thế giới công nghệ để trở thành một thứ hiếm hoi hơn rất nhiều trong thế giới khép kín đó: người tố giác.
“Thứ này là một loại máy đánh bạc,” Harris nói ngay ở phần đầu của cuộc phỏng vấn trên, tay anh giơ lên chiếc điện thoại thông minh của mình.
“Vì sao nó lại là máy đánh bạc?” Cooper hỏi.
“Mỗi lần mở điện thoại ra xem, nghĩa là tôi đang đánh cược với chiếc máy đánh bạc này để xem Tôi sẽ nhận được gì?” Harris trả lời. “Các công ty công nghệ còn soạn ra cả một danh sách dài các kỹ thuật nhằm khiến bạn phải sử dụng điện thoại càng lâu càng tốt.”
“Vậy Thung lũng Silicon đang lập trình các ứng dụng hay họ đang lập trình con người?” Cooper hỏi.
“Họ đang lập trình con người,” Harris trả lời. “Người ta vẫn luôn nói rằng công nghệ là trung lập, và rằng việc quyết định cách thức sử dụng công nghệ như thế nào là quyền của chúng ta. Nhưng không phải thế.”
“Công nghệ không trung lập ư?” Cooper xen ngang.
“Không hề. Họ muốn bạn phải sử dụng công nghệ theo cách mà họ đặt ra và sử dụng nó trong thời gian thật lâu. Bởi vì có thế họ mới kiếm được tiền.”
Khi xem chương trình này, Bill Maher nhận thấy rằng cuộc phỏng vấn mang một nét gì đó rất quen thuộc. Sau khi chiếu đoạn trích cuộc phỏng vấn trên giữa Harris và Cooper cho các khán giả của mình ở kênh HBO xem, Maher hỏi: “Tôi đã nghe chuyện này ở đâu rồi nhỉ?” Sau đó, ông chuyển sang cuộc phỏng vấn nổi tiếng năm 1995 của Mike Wallace với Jeffrey Wigand – người tố giác từng xác nhận trước cả thế giới điều mà nhiều người vốn đã nghi ngờ từ lâu: các tập đoàn sản xuất thuốc lá đã cố tình tăng tính gây nghiện cho các loại thuốc lá.
“Philip Morris chỉ muốn chiếc phổi của bạn,” Maher kết luận. “Cửa hàng Ứng dụng muốn linh hồn bạn.”",Sách tiếng Việt/Sách kỹ năng sống/Sách kỹ năng mềm,358
178032067,sách lời từ chối hoàn hảo,WILLAM URY,90400,1,OFFICIAL_STORE,4.8,6,106,https://tiki.vn/sach-loi-tu-choi-hoan-hao-p178032067.html?spid=178032068,https://salt.tikicdn.com/cache/280x280/ts/product/2e/09/6f/f6ee64c8b57305dd18e62adb6873f877.jpg,"Thứ duy nhất bình đẳng với tất cả mọi người là thời gian, mỗi người đều có một tài sản như nhau – 24 giờ mỗi ngày. Cách bạn đầu tư tài sản này sẽ tạo nên tương lai của bạn. Bạn sẽ thất bại khi cố gắng làm tốt cả mọi việc. Bạn cần biết mình muốn điều gì, cái gì là quan trọng với mình để biết từ chối những điều không muốn, ít có ý nghĩa với bản thân.",Sách tiếng Việt/Sách kỹ năng sống/Sách tư duy - Kỹ năng sống,765
316018,sách lời từ chối hoàn hảo,WILLIAM URY,125000,126688,NONE,0,0,,https://tiki.vn/sach-loi-tu-choi-hoan-hao-p316018.html?spid=273934769,https://salt.tikicdn.com/cache/280x280/media/catalog/product/l/o/loi_tu_choi_hoan_hao.jpg,"Trong cuộc sống luôn tồn tại nghịch lý: càng có nhiều càng thấy thiếu. Càng làm được việc lại càng được giao thêm việc, giúp được nhiều người lại càng bị nhờ nhiều hơn, càng mua nhiều đồ càng muốn mua nhiều hơn,… Và càng ngày ta càng bị nghịch lý này đày đoạ, càng phát triển ta càng vất vả, đau khổ và áy náy. Chúng ta quá coi trọng học “thêm” mà lại quên mất học “bớt”.
Chúng ta nói Có với quá nhiều việc tốt, rồi cuối cùng không làm tốt việc nào. Chúng ta cố gắng làm hài lòng tất cả mọi người để không cảm thấy áy náy, cuối cùng lại luôn áy náy vì chẳng làm hài lòng ai. Thứ duy nhất bình đẳng với tất cả mọi người là thời gian, mỗi người đều có một tài sản như nhau – 24 giờ mỗi ngày. Cách bạn đầu tư tài sản này sẽ tạo nên tương lai của bạn. Bạn sẽ thất bại khi cố gắng làm tốt cả mọi việc. Bạn cần biết mình muốn điều gì, cái gì là quan trọng với mình để biết từ chối những điều không muốn, ít có ý nghĩa với bản thân.
Trong thế giới càng ngày càng dư thừa vật chất và tràn ngập thông tin, cũng như các trò giải trí, kỹ năng từ chối trở thành một tuyệt chiêu mà chúng ta cần phải học. Tuyệt hảo là không thể bớt được nữa. Muốn thành công, một điều bắt buộc là ta phải từ chối rất nhiều việc. Vậy làm thế nào để lời từ chối của ta không chỉ có sức nặng và còn đáng được tôn trọng, để nói không trở thành một lời từ chối hoàn hảo? Dường như đó là cả một khoa học của nghệ thuật sống. Bạn phải đi qua các giai đoạn tuần tự, từ chuẩn bị, đưa ra và hoàn tất Từ chối. Trong mỗi giai đoạn lại có ba bước khác nhau. Mục đích cuối cùng của bạn không phải là phủ nhận, chỉ trích hay loại bỏ quan điểm, ý kiến, giá trị của người khác mà là khẳng định được những điều mình quan tâm, giá trị của bản thân và đạt được sự đồng thuận của mọi người.",Sách tiếng Việt/Sách kỹ năng sống/Sách tư duy - Kỹ năng sống,0
106362637,sách lời từ chối hoàn hảo,WILLIAM URY,125000,97533,NONE,0,0,1,https://tiki.vn/sach-loi-tu-choi-hoan-hao-tai-ban-2018-p106362637.html?spid=198258036,https://salt.tikicdn.com/cache/280x280/ts/product/88/bf/1c/82008a541c3700e1a8b9078d409cd3f4.jpg,"Thứ duy nhất bình đẳng với tất cả mọi người là thời gian, mỗi người đều có một tài sản như nhau – 24 giờ mỗi ngày. Cách bạn đầu tư tài sản này sẽ tạo nên tương lai của bạn. Bạn sẽ thất bại khi cố gắng làm tốt cả mọi việc. Bạn cần biết mình muốn điều gì, cái gì là quan trọng với mình để biết từ chối những điều không muốn, ít có ý nghĩa với bản thân.
Sản phẩm hiển thị trong",Sách tiếng Việt/Sách kỹ năng sống/Sách tư duy - Kỹ năng sống,546
807205,sách lời từ chối hoàn hảo,WILLIAM URY,125000,126688,NONE,0,0,,https://tiki.vn/sach-loi-tu-choi-hoan-hao-tai-ban-2017-p807205.html?spid=194861336,https://salt.tikicdn.com/cache/280x280/ts/product/1f/72/9a/f584ab1fdcb8921195a49b595ea9dc7a.jpg,"Lời Từ Chối Hoàn Hảo (Tái Bản 2017)
Trong cuộc sống luôn tồn tại nghịch lý: càng có nhiều càng thấy thiếu. Càng làm được việc lại càng được giao thêm việc, giúp được nhiều người lại càng bị nhờ nhiều hơn, càng mua nhiều đồ càng muốn mua nhiều hơn,… Và càng ngày ta càng bị nghịch lý này đày đoạ, càng phát triển ta càng vất vả, đau khổ và áy náy. Chúng ta quá coi trọng học “thêm” mà lại quên mất học “bớt”.
Chúng ta nói Có với quá nhiều việc tốt, rồi cuối cùng không làm tốt việc nào. Chúng ta cố gắng làm hài lòng tất cả mọi người để không cảm thấy áy náy, cuối cùng lại luôn áy náy vì chẳng làm hài lòng ai. Thứ duy nhất bình đẳng với tất cả mọi người là thời gian, mỗi người đều có một tài sản như nhau – 24 giờ mỗi ngày. Cách bạn đầu tư tài sản này sẽ tạo nên tương lai của bạn. Bạn sẽ thất bại khi cố gắng làm tốt cả mọi việc. Bạn cần biết mình muốn điều gì, cái gì là quan trọng với mình để biết từ chối những điều không muốn, ít có ý nghĩa với bản thân.
Trong thế giới càng ngày càng dư thừa vật chất và tràn ngập thông tin, cũng như các trò giải trí, kỹ năng từ chối trở thành một tuyệt chiêu mà chúng ta cần phải học. Tuyệt hảo là không thể bớt được nữa. Muốn thành công, một điều bắt buộc là ta phải từ chối rất nhiều việc. Vậy làm thế nào để lời từ chối của ta không chỉ có sức nặng và còn đáng được tôn trọng, để nói không trở thành một lời từ chối hoàn hảo?
Dường như đó là cả một khoa học của nghệ thuật sống. Bạn phải đi qua các giai đoạn tuần tự, từ chuẩn bị, đưa ra và hoàn tất Từ chối. Trong mỗi giai đoạn lại có ba bước khác nhau. Mục đích cuối cùng của bạn không phải là phủ nhận, chỉ trích hay loại bỏ quan điểm, ý kiến, giá trị của người khác mà là khẳng định được những điều mình quan tâm, giá trị của bản thân và đạt được sự đồng thuận của mọi người.",Sách tiếng Việt/Sách kỹ năng sống/Sách tư duy - Kỹ năng sống,102
726528,sách lời từ chối hoàn hảo,WILLIAM URY,125000,97533,NONE,0,18,1,https://tiki.vn/sach-loi-tu-choi-hoan-hao-tai-ban-2017-p726528.html?spid=198258046,https://salt.tikicdn.com/cache/280x280/ts/product/da/64/78/d8097359dee48ee6f8b9a3fc1362c6ce.jpg,"Lời Từ Chối Hoàn Hảo (Tái Bản 2017)
Trong cuộc sống luôn tồn tại nghịch lý: càng có nhiều càng thấy thiếu. Càng làm được việc lại càng được giao thêm việc, giúp được nhiều người lại càng bị nhờ nhiều hơn, càng mua nhiều đồ càng muốn mua nhiều hơn,… Và càng ngày ta càng bị nghịch lý này đày đoạ, càng phát triển ta càng vất vả, đau khổ và áy náy. Chúng ta quá coi trọng học “thêm” mà lại quên mất học “bớt”.
Chúng ta nói Có với quá nhiều việc tốt, rồi cuối cùng không làm tốt việc nào. Chúng ta cố gắng làm hài lòng tất cả mọi người để không cảm thấy áy náy, cuối cùng lại luôn áy náy vì chẳng làm hài lòng ai. Thứ duy nhất bình đẳng với tất cả mọi người là thời gian, mỗi người đều có một tài sản như nhau – 24 giờ mỗi ngày. Cách bạn đầu tư tài sản này sẽ tạo nên tương lai của bạn. Bạn sẽ thất bại khi cố gắng làm tốt cả mọi việc. Bạn cần biết mình muốn điều gì, cái gì là quan trọng với mình để biết từ chối những điều không muốn, ít có ý nghĩa với bản thân.
Trong thế giới càng ngày càng dư thừa vật chất và tràn ngập thông tin, cũng như các trò giải trí, kỹ năng từ chối trở thành một tuyệt chiêu mà chúng ta cần phải học. Tuyệt hảo là không thể bớt được nữa. Muốn thành công, một điều bắt buộc là ta phải từ chối rất nhiều việc. Vậy làm thế nào để lời từ chối của ta không chỉ có sức nặng và còn đáng được tôn trọng, để nói không trở thành một lời từ chối hoàn hảo?
Dường như đó là cả một khoa học của nghệ thuật sống. Bạn phải đi qua các giai đoạn tuần tự, từ chuẩn bị, đưa ra và hoàn tất Từ chối. Trong mỗi giai đoạn lại có ba bước khác nhau. Mục đích cuối cùng của bạn không phải là phủ nhận, chỉ trích hay loại bỏ quan điểm, ý kiến, giá trị của người khác mà là khẳng định được những điều mình quan tâm, giá trị của bản thân và đạt được sự đồng thuận của mọi người.",Sách tiếng Việt/Sách kỹ năng sống/Sách tư duy - Kỹ năng sống,94
106362642,sách luận về đại chiến lược,JOHN LEWIS GADDIS,226010,97533,NONE,0,0,,https://tiki.vn/sach-luan-ve-dai-chien-luoc-p106362642.html?spid=195822585,https://salt.tikicdn.com/cache/280x280/ts/product/97/42/38/4f954cf34e106fa0bbde26efc1fa809b.jpg,"Ông cũng trích dẫn lời nhà triết học Isaiah Berlin, mượn lời nhà thơ Hy Lạp cổ đại Archilochus, hay kể câu chuyện giữa con cáo, kẻ biết nhiều điều, và con nhím, kẻ biết duy nhất một điều lớn lao… từ đó rút ra kết luận rằng các chiến lược gia vĩ đại được coi là “vĩ đại” vì luôn biết cách tập trung vào các mục tiêu bao quát mà không xa rời thực tế. Tâm trí họ vươn xa nhưng đôi chân luôn chạm đất.
Cuốn sách cũng là lời nhắc nhở thế hệ tương lai rằng nếu lãng quên tư duy đại chiến lược, phía trước bạn ắt sẽ là vũng lầy, bế tắc và những kiểu sai lầm rút cạn nguồn lực của bạn vào các mục tiêu không tưởng.
Sách - Luận về đại chiến lược",Sách tiếng Việt/Sách kỹ năng sống/Sách tư duy - Kỹ năng sống,551
92004143,sách luận về đại chiến lược,,226010,126688,NONE,0,4,,https://tiki.vn/sach-luan-ve-dai-chien-luoc-p92004143.html?spid=118368765,https://salt.tikicdn.com/cache/280x280/ts/product/f0/06/8b/2299322e39cc13d8640fa7465c759622.jpg,"Sách - Luận Về Đại Chiến Lược
Ông cũng trích dẫn lời nhà triết học Isaiah Berlin, mượn lời nhà thơ Hy Lạp cổ đại Archilochus, hay kể câu chuyện giữa con cáo, kẻ biết nhiều điều, và con nhím, kẻ biết duy nhất một điều lớn lao… từ đó rút ra kết luận rằng các chiến lược gia vĩ đại được coi là “vĩ đại” vì luôn biết cách tập trung vào các mục tiêu bao quát mà không xa rời thực tế. Tâm trí họ vươn xa nhưng đôi chân luôn chạm đất.
Cuốn sách cũng là lời nhắc nhở thế hệ tương lai rằng nếu lãng quên tư duy đại chiến lược, phía trước bạn ắt sẽ là vũng lầy, bế tắc và những kiểu sai lầm rút cạn nguồn lực của bạn vào các mục tiêu không tưởng.
John Lewis Gaddis:
- Nhà nghiên cứu được coi là “trưởng khoa của các nhà sử học về Chiến tranh Lạnh”
- Giáo sư Đại học Yale, người nắm giữ rất nhiều giải thưởng, trong đó có cả giải thưởng Pulitzer
- Một trong những nhà sử học hàng đầu nước Mỹ
- Cố vấn cho Nhà Trắng dưới thời George W. Bush",Sách tiếng Việt/Sách kỹ năng sống/Sách tư duy - Kỹ năng sống,425
106362520,sách luật trí não,JOHN MEDINA,193030,126688,NONE,0,5,1,https://tiki.vn/sach-luat-tri-nao-tai-ban-2019-p106362520.html?spid=194800909,https://salt.tikicdn.com/cache/280x280/ts/product/36/b4/91/edd29df929c5305fec5d355024a5a341.jpg,"Chúng ta học như thế nào?
Giấc ngủ và sự căng thẳng ảnh hưởng thế nào đến sức mạnh trí não của chúng ta?
Tại sao thực hiện nhiều nhiệm vụ cùng một lúc mà lại là điều không tưởng?
Tại sao chúng ta lại rất dễ quên?
Có thật là nam giới và nữ giới có bộ não khác nhau không?
Cuốn Luật trí não của tác giả John Medina là một bài giảng sống động về quy luật của trí não.
Trong cuốn sách, tác giả sẽ chỉ ra cho bạn rằng: Khoa học trí não có thể gây ảnh hưởng đến cách chúng ta dạy dỗ trẻ em và cách chúng ta làm việc như thế nào? Sau đó, tác giả đã đề xuất với chúng ta những ý tưởng gì để khai thác và phát huy triệt để sức mạnh trí não trong cuộc sống hằng ngày?
Làm cho việc đọc cuốn sách về khoa học trí não này trở nên sinh động và dễ chịu.
Cho bạn biết tại sao Michael Jordan lại rất giỏi môn bóng rổ.",Sách tiếng Việt/Sách kỹ năng sống/Sách tư duy - Kỹ năng sống,525
1954471,sách luật trí não,JOHN MEDINA,159000,111899,OFFICIAL_STORE,0,98,6,https://tiki.vn/sach-luat-tri-nao-tai-ban-2018-p1954471.html?spid=50761118,https://salt.tikicdn.com/cache/280x280/ts/product/29/e2/f7/4bfcf82147e1f79c0c838aba6cda05ce.png,"Luật Trí Não (Tái Bản 2018)
Tất cả chúng ta đều muốn biết điều gì thực sự xảy ra bên trong bộ não của mình. Các nhà khoa học về trí não đã phát hiện ra rất nhiều điều, và họ mong muốn mỗi nhà lãnh đạo doanh nghiệp và nhân viên công ty, các bậc cha mẹ và giáo viên, học sinh, sinh viên... cần phải biết:
Chúng ta học như thế nào?
Giấc ngủ và sự căng thẳng ảnh hưởng thế nào đến sức mạnh trí não của chúng ta?
Tại sao thực hiện nhiều nhiệm vụ cùng một lúc mà lại là điều không tưởng?
Tại sao chúng ta lại rất dễ quên?
Có thật là nam giới và nữ giới có bộ não khác nhau không?
Cuốn Luật trí não của tác giả John Medina là một bài giảng sống động về quy luật của trí não.
Trong cuốn sách, tác giả sẽ chỉ ra cho bạn rằng: Khoa học trí não có thể gây ảnh hưởng đến cách chúng ta dạy dỗ trẻ em và cách chúng ta làm việc như thế nào? Sau đó, tác giả đã đề xuất với chúng ta những ý tưởng gì để khai thác và phát huy triệt để sức mạnh trí não trong cuộc sống hằng ngày?
Lối hành văn dễ hiểu và có tính đối thoại cao của tác giả trong từng trang sách sẽ giúp cho người đọc trở thành những người tự học qua sách một cách tự nhiên và tự nguyện. “Đọc là cách học tốt nhất”, câu nói ấy vẫn không hề giảm đi giá trị trong thời đại công nghệ ngày nay. Những câu chuyện cuốn hút và dí dỏm trong cuốn sách sẽ:
Làm cho việc đọc cuốn sách về khoa học trí não này trở nên sinh động và dễ chịu.
Cho bạn biết tại sao Michael Jor dan.lại rất giỏi môn bóng rổ.
Giúp bạn đóng vai một phẫu thuật viên, rồi thật ngạc nhiên khi phát hiện ra rằng bạn cũng có nơ ron thần kinh như của minh tinh màn bạc Jennifer Aniston.",Sách tiếng Việt/Sách kỹ năng sống/Sách tư duy - Kỹ năng sống,121
32352194,sách luật trí não,,179000,126688,NONE,0,0,,https://tiki.vn/luat-tri-nao-qua-tang-card-danh-dau-sach-dac-biet-p32352194.html?spid=211299526,https://salt.tikicdn.com/cache/280x280/ts/product/77/25/d1/01f4f80e590f56f4a7d21c96976e9b6e.gif,"Luật Trí Não (Tái Bản)
Tất cả chúng ta đều muốn biết điều gì thực sự xảy ra bên trong bộ não của mình. Các nhà khoa học về trí não đã phát hiện ra rất nhiều điều, và họ mong muốn mỗi nhà lãnh đạo doanh nghiệp và nhân viên công ty, các bậc cha mẹ và giáo viên, học sinh, sinh viê cần phải biết:
Chúng ta học như thế nào?
Giấc ngủ và sự căng thẳng ảnh hưởng thế nào đến sức mạnh trí não của chúng ta?
Tại sao thực hiện nhiều nhiệm vụ cùng một lúc mà lại là điều không tưởng?
Tại sao chúng ta lại rất dễ quên?
Có thật là nam giới và nữ giới có bộ não khác nhau không?
Cuốn Luật trí não của tác giả John Medina là một bài giảng sống động về quy luật của trí não.
Trong cuốn sách, tác giả sẽ chỉ ra cho bạn rằng: Khoa học trí não có thể gây ảnh hưởng đến cách chúng ta dạy dỗ trẻ em và cách chúng ta làm việc như thế nào? Sau đó, tác giả đã đề xuất với chúng ta những ý tưởng gì để khai thác và phát huy triệt để sức mạnh trí não trong cuộc sống hằng ngày?
Lối hành văn dễ hiểu và có tính đối thoại cao của tác giả trong từng trang sách sẽ giúp cho người đọc trở thành những người tự học qua sách một cách tự nhiên và tự nguyện. “Đọc là cách học tốt nhất”, câu nói ấy vẫn không hề giảm đi giá trị trong thời đại công nghệ ngày nay. Những câu chuyện cuốn hút và dí dỏm trong cuốn sách sẽ:
Làm cho việc đọc cuốn sách về khoa học trí não này trở nên sinh động và dễ chịu.
Cho bạn biết tại sao Michael Jordan lại rất giỏi môn bóng rổ.
Giúp bạn đóng vai một phẫu thuật viên, rồi thật ngạc nhiên khi phát hiện ra rằng bạn cũng có nơ ron thần kinh như của minh tinh màn bạc Jennifer Aniston.",Sách tiếng Việt/Sách kỹ năng sống/Sách tư duy - Kỹ năng sống,281
208915582,sách mãi mãi là yêu thương,,76000,111899,OFFICIAL_STORE,0,0,2,https://tiki.vn/sach-nghi-nguoc-lai-va-lam-khac-di-alphabooks-ban-quyen-p208915582.html?spid=262891368,https://salt.tikicdn.com/cache/280x280/ts/product/aa/06/e3/02c8ddbc4448ef498e2fa909f0c59d57.png,"Paul Arden, tác giả của nhiều cuốn sách bán chạy trên thế giới, là Giám đốc điều hành sáng tạo tại Saatchi & Saatchi.
Ông cho rằng thế giới chính là những gì bạn nghĩ về nó. Vì vậy, hãy nghĩ về nó theo cách khác đi và cuộc sống của bạn sẽ thay đổi.
Khi bạn nhìn lại sẽ có những thứ bạn cảm thấy hối tiếc. Bạn nghĩ mình đã từng quyết định sai lầm.
Sai rồi. Dù quyết định thế nào, đó cũng là quyết định duy nhất. Mọi thứ ta làm đều cho ta chọn lựa. Vậy thì có gì phải hối tiếc?
VÌ VẬY, HÃY BẮT ĐẦU CON ĐƯỜNG THÀNH CÔNG, BẰNG CÁCH ĐƯA RA VÀI QUYẾT ĐỊNH SAI LẦM. VÀ HÃY LUÔN ƯỚC MUỐN CUỘC SỐNG PHẢI THẬT KHÁC BIỆT.
Bởi nếu bạn luôn ra quyết định đúng, quyết định an toàn, quyết định mà hầu hết người khác đều làm như vậy thì bạn cũng sẽ giống như bao người khác mà thôi!
- 14 năm làm Giám đốc điều hành sáng tạo tại Saatchi & Saatchi.
- Chịu trách nhiệm cho một số quảng cáo thành công nhất nước Anh như British Airways, Silk Cut, Anchor Butter, InterCity và Fuji.
- Năm 1993, ông thành lập hãng phim Arden Sutherland-Dodd.
- Cuốn sách đầu tay của ông đã bán được hơn nửa triệu bản.
Sách - Nghĩ ngược lại và làm khác đi",Sách tiếng Việt/Sách kỹ năng sống/Sách tư duy - Kỹ năng sống,864
248459742,sách mãi mãi là yêu thương,,79000,295057,NONE,0,0,,https://tiki.vn/sach-cong-thuc-hanh-phuc-nha-nam-ban-quyen-p248459742.html?spid=274365788,https://salt.tikicdn.com/cache/280x280/ts/product/6f/bf/21/d33bff53391054e40863803fa8aeba53.jpg,"Hạnh phúc thực ra là gì? Công thức nào tạo ra hạnh phúc?
Trong cuốn sách này, Kets de Vries nỗ lực giải cấu trúc khái niệm trừu tượng ấy. Ông đi từ quan điểm sinh học, thống kê học, tâm lý học, triết học tự cổ chí kim đến cả các trích dẫn từ nhà văn, nhà thơ, nghệ sĩ, và trên hết, những trải nghiệm cá nhân, nhằm tìm ra một ""đơn thuốc"" giúp tăng cường khả năng đạt được hạnh phúc. Đơn thuốc ấy có hiệu quả hay không tuỳ thuộc ở mỗi người, nhưng có một điều chắc chắn: hạnh phúc luôn ở đâu đó, trong hiện tại và trong tương lai, và ta không bao giờ được mất hy vọng.
MANFRED F. R. KETS DE VRIES là một học giả về quản trị, nhà phân tâm học, cố vấn, giáo sư môn phát triển lãnh đạo và thay đổi tổ chức tại trường kinh doanh INSEAD. Ông là tác giả của 48 cuốn sách cùng hơn 500 bài luận khoa học về các chủ đề như lãnh đạo, phát triển sự nghiệp và thay đổi tổ chức. Năm 2001, ông được Hiệp hội Tâm lý học Hoa Kỳ trao giải Harry và Miriam Levinson vì những đóng góp trong lĩnh vực tư vấn. Năm 2005, ông là người nước ngoài đầu tiên nhận Giải Lãnh đạo Quốc tế của Hoa Kỳ dành cho những đóng góp của ông trong lĩnh vực quản trị. Các tạp chí The Financial Times, Le Capital, Wirtschaftswoche và The Economist xếp ông là một trong những nhà tư tưởng về lãnh đạo hàng đầu thế giới.",Sách tiếng Việt/Sách kỹ năng sống/Sách tư duy - Kỹ năng sống,978
22472006,sách mật mã tài năng,DANIEL COYLE,125000,97533,NONE,0,0,1,https://tiki.vn/sach-mat-ma-tai-nang-tai-ban-2019-tang-kem-bookmark-tiki-p22472006.html?spid=73758265,https://salt.tikicdn.com/cache/280x280/ts/product/b5/11/61/6f4e3a089116cd6ffe54ffb44e4c543a.jpg,"Bí mật của tài năng là gì? Chúng ta có thể khám phá nó ra sao? Trong cuốn sách đi sâu nghiên cứu này, nhà báo – tác giả có sách bán chạy nhất theo bình chọn của Thời báo New York – Daniel Coyle sẽ cung cấp cho các bậc phụ huynh, giáo viên, huấn luyện viên, doanh nhân – và mọi người khác nữa – các công cụ để có thể tận dụng tối đa các tiềm năng của chính bản thân và mọi người.
Dù bạn đang huấn luyện cho một đội bòng bầu dục hay dạy một đứa trẻ chơi đàn piano, viết tiểu thuyết hay cố gắng cải thiện cú vung gậy trong môn bóng chày thì cuốn sách mang tính cách mạng này sẽ chỉ cho bạn biết cách nuôi dưỡng và phát triển tài năng thông qua việc khai thác và sử dụng một cơ chế mới được khám phá của não bộ.
Dựa trên những thành tựu xuất sắc của ngành thần kinh học và nghiên cứu mới nhất trong quá trình đi tới 9 địa chỉ sản sinh ra rất nhiều tài năng của thế giới – từ sân bóng chày ở vùng Ca-ri-bê đến học viện âm nhạc cổ điển phía bắc New York – Coyle đã chỉ ra 3 yếu tố then chốt cho phép bạn phát triển tài năng và tối ưu hoá khả năng của mình trong các lĩnh vực thể thao, nghệ thuật, âm nhạc, toán học hay bất kỳ điều gì khác.",Sách tiếng Việt/Sách kỹ năng sống/Sách tư duy - Kỹ năng sống,255
275337800,sách mật mã tài năng,DANIEL COYLE,89800,1,OFFICIAL_STORE,4.8,83,76,https://tiki.vn/sach-mat-ma-tai-nang-p275337800.html?spid=275337803,https://salt.tikicdn.com/cache/280x280/ts/product/5c/23/16/77aba040be81d3cac560a4298e955349.jpg,"Mật Mã Tài Năng (Tái Bản 2019)
Bí mật của tài năng là gì? Chúng ta có thể khám phá nó ra sao? Trong cuốn sách đi sâu nghiên cứu này, nhà báo – tác giả có sách bán chạy nhất theo bình chọn của Thời báo New York – Daniel Coyle sẽ cung cấp cho các bậc phụ huynh, giáo viên, huấn luyện viên, doanh nhân – và mọi người khác nữa – các công cụ để có thể tận dụng tối đa các tiềm năng của chính bản thân và mọi người.
Dù bạn đang huấn luyện cho một đội bòng bầu dục hay dạy một đứa trẻ chơi đàn piano, viết tiểu thuyết hay cố gắng cải thiện cú vung gậy trong môn bóng chày thì cuốn sách mang tính cách mạng này sẽ chỉ cho bạn biết cách nuôi dưỡng và phát triển tài năng thông qua việc khai thác và sử dụng một cơ chế mới được khám phá của não bộ.
Dựa trên những thành tựu xuất sắc của ngành thần kinh học và nghiên cứu mới nhất trong quá trình đi tới 9 địa chỉ sản sinh ra rất nhiều tài năng của thế giới – từ sân bóng chày ở vùng Ca-ri-bê đến học viện âm nhạc cổ điển phía bắc New York – Coyle đã chỉ ra 3 yếu tố then chốt cho phép bạn phát triển tài năng và tối ưu hoá khả năng của mình trong các lĩnh vực thể thao, nghệ thuật, âm nhạc, toán học hay bất kỳ điều gì khác.",Sách tiếng Việt/Sách kỹ năng sống/Sách tư duy - Kỹ năng sống,1200
92010647,sách mật mã tài năng,,125000,295057,NONE,0,0,,https://tiki.vn/sach-mat-ma-tai-nang-tai-ban-2019-p92010647.html?spid=247974699,https://salt.tikicdn.com/cache/280x280/ts/product/80/1f/0d/6460457b08a3d51689bfdb3f7b65a9ed.jpg,,Sách tiếng Việt/Sách kỹ năng sống/Sách tư duy - Kỹ năng sống,429
106362827,sách mật mã tài năng,DANIEL COYLE,125000,295057,NONE,0,0,,https://tiki.vn/sach-mat-ma-tai-nang-tai-ban-2019-p106362827.html?spid=247974701,https://salt.tikicdn.com/cache/280x280/ts/product/c0/90/69/11ff483c3349463e8203b9efb8a28044.jpg,,Sách tiếng Việt/Sách kỹ năng sống/Sách tư duy - Kỹ năng sống,583
619275,sách mật mã tài năng,DANIEL COYLE,111000,145814,NONE,0,9,,https://tiki.vn/sach-mat-ma-tai-nang-tai-ban-p619275.html?spid=98571357,https://salt.tikicdn.com/cache/280x280/ts/product/d8/1f/01/51dce9c1f86cc1d9ef3a093233069b58.png,"Mật Mã Tài Năng (Tái Bản)
Bí mật của tài năng là gì? Chúng ta có thể khám phá nó ra sao? Trong cuốn sách đi sâu nghiên cứu này, nhà báo - tác giả có sách bán chạy nhất theo bình chọn của Thời báo New York - Daniel Coyle sẽ cung cấp cho các bậc phụ huynh, giáo viên, huấn luyện viên, doanh nhân – và mọi người khác nữa – các công cụ để có thể tận dụng tối đa các tiềm năng của chính bản thân và mọi người.
Dù bạn đang huấn luyện cho một đội bóng bầu dục hay dạy một đứa trẻ chơi đàn piano, viết tiểu thuyết hay cố gắng cải thiện cú vung gậy trong môn bóng chày thì cuốn sách mang tính cách mạng này sẽ chỉ cho bạn biết cách nuôi dưỡng và phát triển tài năng thông qua việc khai thác và sử dụng một cơ chế mới được khám phá của não bộ.
Dựa trên những thành tựu xuất sắc của ngành thần kinh học và nghiên cứu mới nhất trong quá trình đi tới 9 địa chỉ sản sinh ra rất nhiều tài năng của thế giới – từ sân bóng chày ở vùng Ca-ri-bê đến học viện âm nhạc cổ điển phía bắc New York – Coyle đã chỉ ra 3 yếu tố then chốt cho phép bạn phát triển tài năng và tối ưu hoá khả năng của mình trong các lĩnh vực thể thao, nghệ thuật, âm nhạc, toán học hay bất kỳ điều gì khác.",Sách tiếng Việt/Sách kỹ năng sống/Sách tư duy - Kỹ năng sống,90
106362384,sách messy – sáng tạo từ sự lộn xộn,TIM HARFORD,143000,126688,NONE,0,0,,https://tiki.vn/sach-messy-sang-tao-tu-su-lon-xon-p106362384.html?spid=205961697,https://salt.tikicdn.com/cache/280x280/ts/product/dc/72/b3/3f1c4b72e952b3bfa5201e5056295a02.jpg,"MESSY – Sáng Tạo Từ Sự Lộn Xộn
Theo bản năng, chúng ta thường hướng đến sự gọn gàng, từ trong tư duy đến lối sống. Vị diễn giả trung thành với kịch bản thuyết trình, ngài sĩ quan chỉ huy lên kế hoạch tác chiến một cách cẩn trọng, các ông chủ luôn yêu cầu bàn làm việc của nhân viên phải gọn gàng còn nhân viên luôn cố gắng lưu trữ tài liệu và sắp xếp e-mail sao cho thật khoa họ Nhưng rất tiếc, trật tự chính là yếu tố giết chết sự sáng tạo.
Hy vọng cuốn sách sẽ giống như một cú hích thôi thúc bạn chọn sự xáo trộn khi thói quen gọn gàng vẫn đang chiếm ưu thế. Hãy tin chắc rằng mọi thứ sẽ tốt hơn nếu chúng ta chấp nhận lộn xộn ở mức độ nào đó.",Sách tiếng Việt/Sách kỹ năng sống/Sách tư duy - Kỹ năng sống,501
45175777,sách messy – sáng tạo từ sự lộn xộn,TIM HARFORD,87200,1,OFFICIAL_STORE,5,10,96,https://tiki.vn/sach-messy-sang-tao-tu-su-lon-xon-p45175777.html?spid=45175778,https://salt.tikicdn.com/cache/280x280/ts/product/71/55/a3/5120a2b440fc206524a26510729e1010.jpg,"MESSY – Sáng Tạo Từ Sự Lộn Xộn
Theo bản năng, chúng ta thường hướng đến sự gọn gàng, từ trong tư duy đến lối sống. Vị diễn giả trung thành với kịch bản thuyết trình, ngài sĩ quan chỉ huy lên kế hoạch tác chiến một cách cẩn trọng, các ông chủ luôn yêu cầu bàn làm việc của nhân viên phải gọn gàng còn nhân viên luôn cố gắng lưu trữ tài liệu và sắp xếp e-mail sao cho thật khoa họ Nhưng rất tiếc, trật tự chính là yếu tố giết chết sự sáng tạo.
Qua các nghiên cứu tâm tý học và thực tế, Tim Harford đã chỉ ra sự kết nối bất ngờ giữa sự lộn xộn và sáng tạo. Mỗi chương sách sẽ khai thác một khía cạnh khác nhau của sự lộn xộn, cho thấy cách nó khuyến khích sự sáng tạo, châm ngòi ý tưởng và khai phá những cơ hội mới trong mọi lĩnh vực của cuộc sống.
Hy vọng cuốn sách sẽ giống như một cú hích thôi thúc bạn chọn sự xáo trộn khi thói quen gọn gàng vẫn đang chiếm ưu thế. Hãy tin chắc rằng mọi thứ sẽ tốt hơn nếu chúng ta chấp nhận lộn xộn ở mức độ nào đó.",Sách tiếng Việt/Sách kỹ năng sống/Sách tư duy - Kỹ năng sống,330
201845336,sách mỗi đứa trẻ một cách học,CYNTHIA ULRICH TOBIAS,94400,1,OFFICIAL_STORE,5,3,52,https://tiki.vn/sach-moi-dua-tre-mot-cach-hoc-tai-ban-p201845336.html?spid=201845338,https://salt.tikicdn.com/cache/280x280/ts/product/43/46/be/f64a63d5270e2e7a1ec7c42fce945759.jpg,"Nhìn nhận mỗi đứa trẻ là một cá thể với cá tính riêng biệt, bạn mới không đi vào lối mòn rập khuôn và làm lệch lạc thiên hướng phát triển. Khi xác định đúng phong cách học tập của trẻ, bạn mới có thể khơi dậy tối đa khả năng tiềm tàng trong con trẻ.
Tất cả các bậc cha mẹ và thầy cô đều có chung một đích đến: những đứa trẻ sẽ trở thành học sinh xuất sắc và có niềm hứng khởi, say mê vô tận với việc học. Thế nhưng, không phải ai cũng đạt mục đích. Tại sao vậy? Vì ngoài tình yêu thương, sự kiên định và nỗ lực, điều quyết định cuối cùng là một phương pháp đúng.
Chỉ với việc nhìn nhận mỗi đứa trẻ là một cá thể với cá tính riêng biệt, bạn mới không đi vào lối mòn rập khuôn và làm lệch lạc thiên hướng phát triển. Chỉ khi xác định đúng phong cách học tập của trẻ, bạn mới có thể khơi dậy tối đa khả năng tiềm tàng trong con trẻ. Với Mỗi đứa trẻ một cách học, sự uyên bác, sự linh hoạt và những kiến giải sâu sắc, đầy kinh nghiệm của một chuyên gia giáo dục tài năng sẽ cung cấp cho bạn phương pháp tuyệt vời này.
Bạn sẽ tìm thấy ở đây lời giải đáp cho rất nhiều câu hỏi cốt lõi:
• Phong cách học tập của bản thân bạn và con bạn là gì?
• Cách bố trí không gian, nhiệt độ, ánh sáng, thời gian học nào phù hợp nhất với phong cách ấy?
• Đâu là cách giúp con bạn tập trung và nhớ hiệu quả nhất?
• Làm thế nào để xác định những thế mạnh và hạn chế của con bạn và chính bản thân bạn trong quá trình học tập?
• Đâu là những sai lầm mà các bậc cha mẹ không bao giờ nên phạm phải?
• Nên giúp trẻ học tập theo cách nào để hạn chế những bất đồng?
Bạn sẽ bắt đầu một hành trình mới mẻ và đầy thử thách, nhưng cuối cùng, chính bạn sẽ phải kinh ngạc với thành quả lớn lao mà cuốn sách này mang lại.",Sách tiếng Việt/Sách kỹ năng sống/Sách tư duy - Kỹ năng sống,811
249604626,sách mỗi đứa trẻ một cách học,,111000,60209,NONE,0,0,,https://tiki.vn/moi-dua-tre-mot-cach-hoc-sach-ban-quyen-p249604626.html?spid=249604627,https://salt.tikicdn.com/cache/280x280/ts/product/43/46/be/f64a63d5270e2e7a1ec7c42fce945759.jpg,"Mỗi Đứa Trẻ Một Cách Học
Đảm bảo 100% sách gốc bản quyền từ NXB
Xử lí đơn đặt hàng nhanh
Chính sách hỗ trợ đổi sách cho khách hàng thuận tiện khi gặp sự cố
Nhìn nhận mỗi đứa trẻ là một cá thể với cá tính riêng biệt, bạn mới không đi vào lối mòn rập khuôn và làm lệch lạc thiên hướng phát triển. Khi xác định đúng phong cách học tập của trẻ, bạn mới có thể khơi dậy tối đa khả năng tiềm tàng trong con trẻ.
Tất cả các bậc cha mẹ và thầy cô đều có chung một đích đến: những đứa trẻ sẽ trở thành học sinh xuất sắc và có niềm hứng khởi, say mê vô tận với việc học. Thế nhưng, không phải ai cũng đạt mục đích. Tại sao vậy? Vì ngoài tình yêu thương, sự kiên định và nỗ lực, điều quyết định cuối cùng là một phương pháp đúng.
Chỉ với việc nhìn nhận mỗi đứa trẻ là một cá thể với cá tính riêng biệt, bạn mới không đi vào lối mòn rập khuôn và làm lệch lạc thiên hướng phát triển. Chỉ khi xác định đúng phong cách học tập của trẻ, bạn mới có thể khơi dậy tối đa khả năng tiềm tàng trong con trẻ. Với Mỗi đứa trẻ một cách học, sự uyên bác, sự linh hoạt và những kiến giải sâu sắc, đầy kinh nghiệm của một chuyên gia giáo dục tài năng sẽ cung cấp cho bạn phương pháp tuyệt vời này.
Bạn sẽ tìm thấy ở đây lời giải đáp cho rất nhiều câu hỏi cốt lõi:
• Phong cách học tập của bản thân bạn và con bạn là gì?
• Cách bố trí không gian, nhiệt độ, ánh sáng, thời gian học nào phù hợp nhất với phong cách ấy?
• Đâu là cách giúp con bạn tập trung và nhớ hiệu quả nhất?
• Làm thế nào để xác định những thế mạnh và hạn chế của con bạn và chính bản thân bạn trong quá trình học tập?
• Đâu là những sai lầm mà các bậc cha mẹ không bao giờ nên phạm phải?
• Nên giúp trẻ học tập theo cách nào để hạn chế những bất đồng?
Bạn sẽ bắt đầu một hành trình mới mẻ và đầy thử thách, nhưng cuối cùng, chính bạn sẽ phải kinh ngạc với thành quả lớn lao mà cuốn sách này mang lại.
— Hãy chiêm nghiệm cuốn sách và cảm nhận hương vị của một tách trà vào mỗi cuối tuần khi bạn dành nhiều thời gian hơn cho bản thân mình! —",Sách tiếng Việt/Sách kỹ năng sống/Sách tư duy - Kỹ năng sống,1010
29810933,sách mỗi ngày hai giờ hiệu quả,JOSH DAVIS,51750,7734,TRUSTED_STORE,0,1,,https://tiki.vn/moi-ngay-hai-gio-hieu-qua-tang-bookmark-sang-tao-p29810933.html?spid=277552189,https://salt.tikicdn.com/cache/280x280/ts/product/97/b4/fe/edcb31ec835f1cd40c1fbb05f4cec226.jpg,"Trong thực tế, quá nhiều thứ cần chúng ta để mắt tới trước khi ta biết đâu là những việc thực sự quan trọng, mà chỉ tính riêng ""những việc quan trọng"" thôi cũng đã quá đủ rồi. Chúng ta thường xuyên phải làm việc cả ngày - hết ở văn phòng lại về nhà, hết chăm sóc gia đình, đến dọn dẹp rồi thanh toán hoá đơn - cứ đi ngủ thôi chứ chẳng bao giờ hết việc. Thời gian có hạn mà những việc cần hoàn thành lại quá nhiều.
Cuốn sách Mỗi ngày hai giờ hiệu quả chia sẻ năm chiến lược đơn giản đã giúp ích cho những người bận rộn có được ít nhất hai giờ làm việc hiệu quả nhất mỗi ngày. Hy vọng rằng, mỗi khi cầm cuốn sách này trên tay, bạn sẽ khám phá ra những tầm nhìn mới và làm chủ cuộc chơi tinh thần hiệu quả của mình.
""Josh Davis đã đưa ra một giải pháp vô cùng khác biệt cho một vấn đề vô cùng khó khăn của tất cả mọi người: Chúng ta không thể hoàn thành được tất cả mọi việc - trong khi chúng ngày càng trở nên bộn bề. Bởi vậy, có lẽ chúng ta nên ngừng cố gắng, thay vì làm đủ mọi cách để tăng hiệu suất làm việc, hãy chỉ tập trung vào những việc thực sự quan trọng.""
(David Rock, Viện trưởng Viện Neuro Leadership)
""Cực kỳ thú vị, vô cùng thiết thực. Davis đã đem đến những gợi ý dễ hiểu, dễ áp dụng và hiệu quả tức thì. Tôi đã dành hai giờ hiệu quả để đọc cuốn sách này đêm qua, và nó đã hoàn toàn thay đổi cách làm việc của tôi ngày hôm nay.""
(Peter Bregman, tác giả của cuốn sách bán chạy 18 Minutes and Four Seconds)",Sách tiếng Việt/Sách kỹ năng sống/Sách tư duy - Kỹ năng sống,269
6214231,sách mỗi ngày hai giờ hiệu quả,TS. JOSH DAVIS,53000,7247,OFFICIAL_STORE,0,11,5,https://tiki.vn/sach-moi-ngay-hai-gio-hieu-qua-tai-ban-2018-p6214231.html?spid=70665780,https://salt.tikicdn.com/cache/280x280/ts/product/ed/34/03/3a5c39020ca44316dc2e7ed7ee821785.jpg,"Trong thực tế, quá nhiều thứ cần chúng ta để mắt tới trước khi ta biết đâu là những việc thực sự quan trọng, mà chỉ tính riêng ""những việc quan trọng"" thôi cũng đã quá đủ rồi. Chúng ta thường xuyên phải làm việc cả ngày - hết ở văn phòng lại về nhà, hết chăm sóc gia đình, đến dọn dẹp rồi thanh toán hoá đơn - cứ đi ngủ thôi chứ chẳng bao giờ hết việc. Thời gian có hạn mà những việc cần hoàn thành lại quá nhiều.
Cuốn sách Mỗi ngày hai giờ hiệu quả chia sẻ năm chiến lược đơn giản đã giúp ích cho những người bận rộn có được ít nhất hai giờ làm việc hiệu quả nhất mỗi ngày. Hy vọng rằng, mỗi khi cầm cuốn sách này trên tay, bạn sẽ khám phá ra những tầm nhìn mới và làm chủ cuộc chơi tinh thần hiệu quả của mình.
""Josh Davis đã đưa ra một giải pháp vô cùng khác biệt cho một vấn đề vô cùng khó khăn của tất cả mọi người: Chúng ta không thể hoàn thành được tất cả mọi việc - trong khi chúng ngày càng trở nên bộn bề. Bởi vậy, có lẽ chúng ta nên ngừng cố gắng, thay vì làm đủ mọi cách để tăng hiệu suất làm việc, hãy chỉ tập trung vào những việc thực sự quan trọng.""
(David Rock, Viện trưởng Viện Neuro Leadership)
""Cực kỳ thú vị, vô cùng thiết thực. Davis đã đem đến những gợi ý dễ hiểu, dễ áp dụng và hiệu quả tức thì. Tôi đã dành hai giờ hiệu quả để đọc cuốn sách này đêm qua, và nó đã hoàn toàn thay đổi cách làm việc của tôi ngày hôm nay.""
(Peter Bregman, tác giả của cuốn sách bán chạy 18 Minutes and Four Seconds)",Sách tiếng Việt/Sách kỹ năng sống/Sách tư duy - Kỹ năng sống,165
262035840,sách mỗi ngày hai giờ hiệu quả,,51750,7734,TRUSTED_STORE,0,0,,https://tiki.vn/sach-moi-ngay-hai-gio-hieu-qua-alphabooks-ban-quyen-p262035840.html?spid=277552047,https://salt.tikicdn.com/cache/280x280/ts/product/38/85/bc/35a9893849d3f198eb5e60402be728ad.jpg,"Sách Mỗi ngày hai giờ hiệu quả - Alphabooks - BẢN QUYỀN
Trong thực tế, quá nhiều thứ cần chúng ta để mắt tới trước khi ta biết đâu là những việc thực sự quan trọng, mà chỉ tính riêng ""những việc quan trọng"" thôi cũng đã quá đủ rồi. Chúng ta thường xuyên phải làm việc cả ngày - hết ở văn phòng lại về nhà, hết chăm sóc gia đình, đến dọn dẹp rồi thanh toán hoá đơn - cứ đi ngủ thôi chứ chẳng bao giờ hết việc. Thời gian có hạn mà những việc cần hoàn thành lại quá nhiều.
Cuốn sách Mỗi ngày hai giờ hiệu quả chia sẻ năm chiến lược đơn giản đã giúp ích cho những người bận rộn có được ít nhất hai giờ làm việc hiệu quả nhất mỗi ngày. Hy vọng rằng, mỗi khi cầm cuốn sách này trên tay, bạn sẽ khám phá ra những tầm nhìn mới và làm chủ cuộc chơi tinh thần hiệu quả của mình.
""Josh Davis đã đưa ra một giải pháp vô cùng khác biệt cho một vấn đề vô cùng khó khăn của tất cả mọi người: Chúng ta không thể hoàn thành được tất cả mọi việc - trong khi chúng ngày càng trở nên bộn bề. Bởi vậy, có lẽ chúng ta nên ngừng cố gắng, thay vì làm đủ mọi cách để tăng hiệu suất làm việc, hãy chỉ tập trung vào những việc thực sự quan trọng.""
(David Rock, Viện trưởng Viện Neuro Leadership)
""Cực kỳ thú vị, vô cùng thiết thực. Davis đã đem đến những gợi ý dễ hiểu, dễ áp dụng và hiệu quả tức thì. Tôi đã dành hai giờ hiệu quả để đọc cuốn sách này đêm qua, và nó đã hoàn toàn thay đổi cách làm việc của tôi ngày hôm nay.""
(Peter Bregman, tác giả của cuốn sách bán chạy 18 Minutes and Four Seconds)
Sách - Mỗi ngày hai giờ hiệu quả",Sách tiếng Việt/Sách kỹ năng sống/Sách tư duy - Kỹ năng sống,1044
208555431,sách mỗi ngày hai giờ hiệu quả,,51750,7734,TRUSTED_STORE,0,1,,https://tiki.vn/sach-moi-ngay-hai-gio-hieu-qua-alphabooks-ban-quyen-p208555431.html?spid=277552101,https://salt.tikicdn.com/cache/280x280/ts/product/38/85/bc/35a9893849d3f198eb5e60402be728ad.jpg,"Trong thực tế, quá nhiều thứ cần chúng ta để mắt tới trước khi ta biết đâu là những việc thực sự quan trọng, mà chỉ tính riêng ""những việc quan trọng"" thôi cũng đã quá đủ rồi. Chúng ta thường xuyên phải làm việc cả ngày - hết ở văn phòng lại về nhà, hết chăm sóc gia đình, đến dọn dẹp rồi thanh toán hoá đơn - cứ đi ngủ thôi chứ chẳng bao giờ hết việc. Thời gian có hạn mà những việc cần hoàn thành lại quá nhiều.
Cuốn sách Mỗi ngày hai giờ hiệu quả chia sẻ năm chiến lược đơn giản đã giúp ích cho những người bận rộn có được ít nhất hai giờ làm việc hiệu quả nhất mỗi ngày. Hy vọng rằng, mỗi khi cầm cuốn sách này trên tay, bạn sẽ khám phá ra những tầm nhìn mới và làm chủ cuộc chơi tinh thần hiệu quả của mình.
""Josh Davis đã đưa ra một giải pháp vô cùng khác biệt cho một vấn đề vô cùng khó khăn của tất cả mọi người: Chúng ta không thể hoàn thành được tất cả mọi việc - trong khi chúng ngày càng trở nên bộn bề. Bởi vậy, có lẽ chúng ta nên ngừng cố gắng, thay vì làm đủ mọi cách để tăng hiệu suất làm việc, hãy chỉ tập trung vào những việc thực sự quan trọng.""
(David Rock, Viện trưởng Viện Neuro Leadership)
""Cực kỳ thú vị, vô cùng thiết thực. Davis đã đem đến những gợi ý dễ hiểu, dễ áp dụng và hiệu quả tức thì. Tôi đã dành hai giờ hiệu quả để đọc cuốn sách này đêm qua, và nó đã hoàn toàn thay đổi cách làm việc của tôi ngày hôm nay.""
(Peter Bregman, tác giả của cuốn sách bán chạy 18 Minutes and Four Seconds)
Sách - Mỗi ngày hai giờ hiệu quả",Sách tiếng Việt/Sách kỹ năng sống/Sách tư duy - Kỹ năng sống,855
208474530,sách một nghệ thuật sống,,165170,7734,TRUSTED_STORE,0,0,,https://tiki.vn/sach-sketchnote-thuc-hanh-alphabooks-ban-quyen-p208474530.html?spid=277552196,https://salt.tikicdn.com/cache/280x280/ts/product/7a/26/1d/272158513932974649c9830155abe169.jpg,"Sách-Sketchnote thực hành
Trong phần đầu, tác giả Mike Rohde tóm tắt tổng quan nhanh về sketchnote. Sau đó, ông tiếp tục đưa ra cách hình thành và sắp xếp ý tưởng sketchnote một cách hiệu quả và nhanh chóng, đồng thời đưa ra các phương pháp áp dụng sketchnote vào các linh vực, hoạt động như sketchnote tài liệu, trải nghiệm, phim, chương trình truyền hình. Cuốn sách còn bao gồm các bài tập thực hành ở mỗi phần giúp độc giả có thể trực tiếp luyện tập kỹ năng sketchnote.",Sách tiếng Việt/Sách kỹ năng sống/Sách tư duy - Kỹ năng sống,853
106362320,sách một nghệ thuật sống,ROBERT G.HAGSTROM,152000,126688,NONE,0,2,1,https://tiki.vn/sach-phuong-phap-dau-tu-warren-buffett-p106362320.html?spid=115884750,https://salt.tikicdn.com/cache/280x280/ts/product/5c/7b/99/e159649353dc8b690ba4f07bc6b979dd.jpg,"Phương Pháp Đầu Tư Warren Buffett (Tái Bản 2018)
Cuốn sách này sẽ :
Trình bày ngắn gọn tiểu sử của Bufett,một trong những tỷ phú giàu nhất thế giới hiện nay.
Tiết lộ những yếu tố và sự kiện hình thành nên triết lý đầu tư của Buffett
Phác hoạ các nguyên lý kinh doanh ,quản lý ,tài chính và giá trị hình thành nên phương pháp đầu tư Buffett
Phân tích quá trình quản lý danh mục đầu tư
Thảo luận khái niệm tâm lý tiền bạc và cách Buffett sử dụng khái niệm này để tránh những sai lầm thông thường trong đầu tư.",Sách tiếng Việt/Sách kỹ năng sống/Sách tư duy - Kỹ năng sống,490
142002263,sách muôn kiếp nhân sinh 2,NGUYÊN PHONG,254900,1,OFFICIAL_STORE,5,382,2383,https://tiki.vn/sach-muon-kiep-nhan-sinh-2-bia-cung-p142002263.html?spid=142002265,https://salt.tikicdn.com/cache/280x280/ts/product/a9/a3/87/41910b2e14d1551785b2068c95d9ef26.jpg,"CUỐN SÁCH CỦA NHỮNG CÁNH BƯỚM RUNG ĐỘNG
Khởi duyên cuốn sách Muôn Kiếp Nhân Sinh là cuộc điện thoại lúc đêm khuya từ Việt Nam qua Mỹ vào cuối năm 2016. Khi cảm nhận thế giới xung quanh còn quá nhiều áp bức, bất công và điều ác đang diễn ra, tôi đã đề nghị tác giả Nguyên Phong viết một cuốn sách về Nhân quả để cảnh báo và thức tỉnh con người (tác phẩm Hành Trình về Phương Đông do ông viết phóng tác gần năm mươi năm trước đã làm nhiều thế hệ người Việt Nam thay đổi tâm thức và được yêu thích cho đến giờ).
Lúc đó, tác giả Nguyên Phong đã kể tôi nghe về câu chuyện nhân quả và tiền kiếp đặc biệt kỳ lạ của Thomas - một doanh nhân thành đạt ở New York và cũng là người bạn tâm giao mà ông đã từng gặp ở Đại học Đài Bắc năm 2008. Sau cuộc điện thoại đêm khuya đó, ông đã lẳng lặng bay đến New York gặp Thomas và đề nghị được viết những câu chuyện lạ thường của Thomas thành sách.
Và bất ngờ - Thomas đã đồng ý.
Muôn Kiếp Nhân Sinh đã ra đời một cách kỳ lạ như cuốn sách của nhân duyên và có một sứ mệnh đặc biệt. Tôi và nhiều độc giả Việt Nam đã thực sự lay động và đồng cảm sâu sắc với những lời chia sẻ tâm huyết của Thomas ở những trang sách cuối tập 1: “Tôi mong chúng ta - những cánh bướm bé nhỏ rung động mong manh - cũng có thể tạo nên những trận cuồng phong mãnh liệt để thức tỉnh mọi người”.
Tiếp nối các kiếp sống kỳ lạ của Thomas ở nền văn minh Atlantis và Ai Cập hùng mạnh ở tập 1, Muôn Kiếp Nhân Sinh tập 2 là cuộc hành trình vô tiền khoáng hậu tiếp theo của Thomas trên chuyến tàu xuyên thời gian - không gian trải dài từ nước Mỹ đương đại, ngược về vùng sa mạc Lưỡng Hà Assyria cho đến Hy Lạp, Ba Tư, Ấn Độ cổ đại qua những cuộc chinh phạt của Alexander Đại đế. Những ký ức về chiến binh kiêu hùng Achilles trong trận công thành Troy huyền thoại và sự thức tỉnh bất ngờ của vị đại đế bất bại khi chinh phục quốc gia huyền bí đã vẽ nên bức tranh kỳ vĩ về thân phận con người luôn phải xoay vần không ngừng trong bão tố Nhân quả của tham vọng, chiến tranh, hận thù và tình yêu trong suốt chiều dài lịch sử thế giới.
Không chỉ là những bài học sâu sắc về Nhân quả của Thomas, Muôn Kiếp Nhân Sinh tập 2 còn vén bức màn bí ẩn và khám phá hành trình bất tận của những linh hồn qua các tầng cõi, trạm trung chuyển trong muôn vàn kiếp số Tất cả được đúc kết, xâu chuỗi lại một cách logic bằng góc nhìn hài hoà giữa tâm linh, khoa học, triết học và lịch sử các nền văn minh từ Đông sang Tây, từ cổ đại đến hiện đại.
Thông qua những cuộc trò chuyện đầy tính minh triết, tác phẩm Muôn Kiếp Nhân Sinh tập 2 cũng đưa ra cách chuyển hoá nghiệp quả, đồng thời cảnh báo về những hiểm hoạ, biến động lớn trong tương lai của nhân loại cũng như gửi gắm những thông điệp chữa lành. Đây sẽ là khởi đầu một kỷ nguyên mới với cuộc cách mạng chuyển đổi tâm thức và cũng là con đường minh triết nhất để thức tỉnh, cứu mỗi người, cứu lấy sự sống trái đất đang bên bờ của những khủng hoảng, hiểm hoạ khó lường.
Các nhà hiền triết đã chỉ rõ quá trình thức tỉnh bắt đầu từ chính mỗi người. Và đó sẽ không phải là hành trình vô vọng nếu chúng ta cùng thật sự ý thức được ý nghĩa sống và sứ mệnh của mình. Tương lai chúng ta có trở nên tốt đẹp hơn hay không là do năng lượng từ chính những suy nghĩ, hành động của chúng ta ngày hôm nay.
Khi tâm huyết viết Muôn Kiếp Nhân Sinh, tác giả Nguyên Phong mong muốn truyền tải những thông điệp thức tỉnh cùng những lời cảnh báo đầy trách nhiệm với một trái tim giàu lòng trắc ẩn, yêu thương để mọi người cùng nhận thức, chuyển đổi - như những cánh bướm rung động mãnh liệt lan toả đến với nhiều người. Bởi tận cùng của những rung động lan toả đó sẽ tạo ra sự chuyển đổi tâm thức để tạo nên một tương lai tốt đẹp hơn cho mỗi người và cho nhân loại.
Ngoài ra không còn bất kỳ lý do nào khác.
Bôn ba muôn nẻo nhân sinh.
Không ai mang theo được thứ gì khi rời xa thế giới này - trừ công và tội.
Chính bạn mới có thể chuyển hoá được nghiệp quả của mình - không phải bất kỳ một ai khác.
Nhân quả đừng đợi thấy mới tin. Nhân quả là bảng chỉ đường, giúp con người tìm về thiện lương. - Nguyễn Văn Phước
Sáng lập First News - Trí Việt
Muôn Kiếp Nhân Sinh (Phần 2)
Tiếp nối các kiếp sống kỳ lạ của Thomas ở nền văn minh Atlantis và Ai Cập, Muôn Kiếp Nhân Sinh tập 2 là cuộc hành trình khám phá trên chuyến tàu xuyên thời gian - không gian trải dài từ nước Mỹ đương đại, ngược về vùng sa mạc Assyria, đến Hy Lạp, Ba Tư, Ấn Độ cổ đại qua những cuộc chinh phạt của Alexander Đại đế, ký ức về Achilles kiêu hùng và sự thức tỉnh bất ngờ từ ngai vàng Vua của Á châ Trong cơn lốc xoáy nhân quả của tham vọng, chiến tranh, hận thù và tình yêu, bức tranh kỳ vĩ về thân phận con người hiện lên sống động với biên độ kiến thức rộng mở không giới hạn.
Cuốn sách vén bức màn bí ẩn về hành trình bất tận của những linh hồn qua muôn vàn kiếp sống, sự thức tỉnh từ cõi chết để tìm ra con đường chuyển hoá nghiệp quả bằng cuộc cách mạng chuyển đổi tâm thức - Con đường minh triết có thể cứu lấy thế giới đang đứng trước những biến động và hiếm hoạ khôn lường. Tất cả được đúc kết, xâu chuỗi một cách logic với góc nhìn tổng thể giữa khoa học và tâm linh, triết học và lịch sử các nền văn minh từ Đông sang Tây, từ cổ đại đến hiện đại.
Song song với vai trò một nhà khoa học, Nguyên Phong còn là dịch giả nổi tiếng của loạt sách về văn hoá và tâm linh phương Đông, chuyển thể từ nhiều tác phẩm của các học giả phương Tây sau quá trình tìm hiểu và khám phá các giá trị tinh thần từ phương Đông. Trong số đó, có thể kể: Hành Trình về phương Đông, Ngọc sáng trong hoa sen, Bên rặng Tuyết sơn, Hoa sen trên tuyết, Huyền thuật và đạo sĩ Tây Tạng, Minh Triết trong đời sống, Đường mây qua xứ tuyết…
Đam mê thiền học, nghiên cứu sâu sắc các vấn đề tâm linh dưới góc nhìn của khoa học, những tác phẩm của ông, phần lớn là phóng tác, giúp người đọc tiếp cận các tác phẩm gốc thuận lợi hơn, lý giải được những vấn đề còn nhiều ẩn số bằng cái nhìn minh triết.",Sách tiếng Việt/Sách kỹ năng sống/Sách kỹ năng mềm,714
142443113,sách muôn kiếp nhân sinh 2,"NGUYÊN PHONG, NGUYÊN PHONG (GS. JOHN VU)",262288,2918,OFFICIAL_STORE,5,23,168,https://tiki.vn/sach-muon-kiep-nhan-sinh-2-bia-cung-nguyen-phong-p142443113.html?spid=143140399,https://salt.tikicdn.com/cache/280x280/ts/product/dc/07/44/2af834fe70350af9c69fd97e19f72a7f.jpg,"MUÔN KIẾP NHÂN SINH TẬP 2 (BÌA CỨNG)
“Muôn kiếp nhân sinh” là tác phẩm do Giáo sư John Vũ - Nguyên Phong viết từ năm 2017 và hoàn tất đầu năm 2020 ghi lại những câu chuyện, trải nghiệm tiền kiếp kỳ lạ từ nhiều kiếp sống của người bạn tâm giao lâu năm, ông Thomas – một nhà kinh doanh tài chính nổi tiếng ở New York. Những câu chuyện chưa từng tiết lộ này sẽ giúp mọi người trên thế giới chiêm nghiệm, khám phá các quy luật về luật Nhân quả và Nhân hồi của vũ trụ giữa lúc trái đất đang gặp nhiều tai ương, biến động, khủng hoảng từng ngày.
“Muôn kiếp nhân sinh” là một bức tranh lớn với vô vàn mảnh ghép cuộc đời, là một cuốn phim đồ sộ, sống động về những kiếp sống huyền bí, trải dài từ nền văn minh Atlantis hùng mạnh đến vương quốc Ai Cập cổ đại của các Pharaoh quyền uy, đến Hợp Chủng Quốc Hoa Kỳ ngày nay.
“Muôn kiếp nhân sinh” cung cấp cho bạn đọc kiến thức mới mẻ, vô tận của nhân loại lần đầu được hé mở, cùng những phân tích uyên bác, tiên đoán bất ngờ về hiện tại và tương lai thế giới của những bậc hiền triết thông thái. Đời người tưởng chừng rất dài nhưng lại trôi qua rất nhanh, sinh vượng suy tử, mong manh như sóng nước. Luật nhân quả cực kỳ chính xác, chi tiết, phức tạp được thu thập qua nhiều đời, nhiều kiếp, liên hệ tương hỗ đan xen chặt chữ lẫn nhau, không ai có thể tính được tích đức này có thể trừ được nghiệp kia không, không ai có thể biết được khi nào nhân sẽ trổ quả. Nhưng, một khi đã gây ra nhân thì chắc chắn sẽ gặt quả - luật Nhân quả của vũ trụ trước giờ không bao giờ sai.
Luật Luân hồi và Nhân quả đã tạo nhân duyên để người này gặp người kia. Gặp nhau có khi là duyên, có khi là nợ; gặp nhau có lúc để trả nợ, có lúc để nối lại duyên xưa. Có biết bao việc diễn ra trong đời, tưởng chừng như là ngẫu nhiên nhưng thật ra đã được sắp đặt từ trước. Luân hồi là một ngôi trường rộng lớn, nơi tất cả con người, tất cả sinh vật đều phải học bài học của riêng mình cho đến khi thật hoàn thiện mới thôi. Nếu không chịu học hay chưa học được trọn vẹn thì buộc phải học lại, chính xác theo quy luật của Nhân quả.
Nguyên Phong (Giáo sư John Vu) – tên thật là Vũ Văn Du, sinh năm 1950 tại Hà Nội. Nguyên Phong rời Việt Nam du học ở Mỹ từ năm 1968 và tốt nghiệp cao học ở hai ngành Sinh vật học và Điện toán.
Giáo sư John Vu là một nhà khoa học nổi tiếng ở nước Mỹ. Ngoài công việc chính là một kỹ sư cao cấp tại Boeing trong hơn 20 năm, ông vẫn tiếp tục nghiên cứu trong vai trò nhà khoa học tại Đại học Carnergie Mellon và Đại học Seattle, Mỹ. Ông còn giảng dạy tại một số đại học quốc tế tại Trung Hoa, Hàn Quốc, Nhật Bản, Ấn Độ về lĩnh vực công nghệ phần mềm.
Song song với vai trò một nhà khoa học, Nguyên Phong còn là dịch giả nổi tiếng của loạt sách về văn hoá và tâm linh phương Đông với những tác phẩm như: Hành trình về phương Đông, Đường mây trên đất hoa, Đường mây trong cõi mộng, Trở về từ cõi sáng, Dấu chân trên cát, Ngọc sáng trong hoa sen, Trở về từ xứ tuyết, Trên đỉnh tuyết sơn...",Sách tiếng Việt/Sách kỹ năng sống/Sách kỹ năng mềm,715
272349569,sách muôn kiếp nhân sinh 3,NGUYÊN PHONG,222518,1,OFFICIAL_STORE,5,28,179,https://tiki.vn/sach-muon-kiep-nhan-sinh-3-bia-cung-p272349569.html?spid=272349570,https://salt.tikicdn.com/cache/280x280/ts/product/49/0d/03/69094bfe6eea99ece5c2a0259c700e55.jpg,"Nối tiếp câu chuyện và tinh thần của tập 1 và tập 2, “Muôn Kiếp Nhân Sinh –
tập 3” tiếp tục đưa bạn đọc đi qua hành trình thức tỉnh tâm linh của nhân vật
chính Thomas. Không chỉ là hồi tiếp theo trong chuyến phiêu lưu của linh hồn,
tập mới nhất và cũng là tập cuối cùng của bộ sách sẽ bàn luận sâu hơn về
hiện tại và tương lai của nhân loại, đồng thời nhẹ nhàng khép lại câu chuyện
tiền kiếp nhiều trăn trở, nhiều bài học của Thomas và giải đáp những câu hỏi
còn bỏ ngỏ từ hai tập trước.
Nếu tập 1 và tập 2 tập trung lý giải hai quy luật vũ trụ là Nhân quả và Luân
hồi, thì tập 3 bàn về khía cạnh đạo đức của con người, đặc biệt là lòng tham
và cực đối lập của nó – thái độ sống cho đi. Qua đó, tác giả cùng nhân vật
chính Thomas và bậc thầy giác ngộ Kris đã gửi gắm vào quyển sách những
thông điệp mạnh mẽ về tương lai nhân loại.
Nếu con người muốn thay đổi tương lai, trước hết phải bắt đầu bằng thay đổi
tâm thức. Thay đổi tâm thức bắt nguồn từ việc hiểu rằng, tự do ý chí của con
người là một phép thử, cho phép chúng ta lựa chọn cái tốt hoặc cái xấu. Và
việc lựa chọn cái tốt mới là nền tảng cho mọi sự thay đổi trong tương lai. Mấu
chốt của cuộc cách mạng chuyển đổi tâm thức là để ánh sáng tâm linh trong
mỗi người có cơ hội phát triển. Khi ánh sáng khoa học và tâm linh kết hợp sẽ
có thể dẫn đường cho nhân loại đi đến nền tảng trí tuệ cao hơn.
Trong một chiêm nghiệm khác, nhân vật của chúng ta được khai ngộ về các
giác quan tinh thần, hay giác quan linh hồn, qua đó trả lời cho câu hỏi lớn của
cuộc đời – “Ta là ai?”, đồng thời hiểu được rằng, con người càng chú trọng
nhu cầu thân xác bao nhiêu thì nhu cầu tâm linh càng bị hạn chế bấy nhiêu.
Do đó, muốn phát triển giác quan linh hồn thì ta phải biết giới hạn hoạt động
của giác quan thân xác. Thiền định hay các hình thức tu tập tĩnh tâm khác
chính là phương pháp giúp khai mở các giác quan này, từ đó đưa con người
đến với trí tuệ thật sự.
Vẫn bằng giọng văn giản dị và chừng mực, tác giả Nguyên Phong một lần
nữa đưa độc giả đi qua các kiếp sống khác nhau, từ Hy Lạp, La Mã, đến
Pháp thời trung cổ, rồi quay về nước Mỹ hiện đại. Ở đó, ta được trải nghiệm
những hoàn cảnh khác nhau, đồng cảm với nỗi đau của nhân vật và chứng
kiến sự trưởng thành của trí tuệ, để lần nữa khẳng định được rằng chính ý
nghĩ, lời nói và hành động của chúng ta ở kiếp này sẽ dẫn dắt chúng ta đi về
đâu ở kiếp sau. Chẳng có thần linh hay thế lực nào quyết định, chúng ta hoàn
toàn chịu trách nhiệm về cuộc đời mình.
Những cuộc đối thoại dài chứa đầy kiến thức, chiêm nghiệm cùng các câu hỏi
gợi mở đã luôn là đặc tính của bộ sách “Muôn Kiếp Nhân Sinh”, và sự trở lại
lần này với tác phẩm mới nhất cũng không đánh mất bản sắc ấy. Với vai trò
khép lại câu chuyện, “Muôn Kiếp Nhân Sinh – tập 3” đã xâu chuỗi lại những
mối liên hệ tiền kiếp, vừa làm sáng tỏ cách vận hành của luật Nhân quả và
Luân hồi vừa giúp chúng ta thấu hiểu và trân trọng những nhân duyên gặp gỡ
của mình trong hiện tại.
Thông qua 10 chương sách đan xen giữa quá khứ và hiện tại, giữa kể chuyện
và lý luận, giữa hiện thực và huyền ảo, cuốn sách gợi ra những suy tư về vị
thế và vai trò của con người nhỏ bé giữa vũ trụ bao la. Sau cùng, bảo toàn và
phát huy tinh thần của hai tập trước, “Muôn Kiếp Nhân Sinh – tập 3” tiếp tục
là một nỗ lực góp phần đưa con người về nẻo thiện, hướng đến một nhân loại
hoà bình, bác ái, vị tha, bất kể màu da, quốc tịch và tôn giáo.
Nguyên Phong (John Vu) tên thật là Vũ Văn Du, ông sống ở Mỹ từ năm
John Vu là Giáo sư ưu tú ngành Khoa học Máy tính, Giám đốc Chương trình
Đổi mới Công nghệ Sinh học và Tính toán (Biotechnology Innovation and
Computation), đồng Giám đốc chương trình Trí tuệ Nhân tạo (Artificial
Intelligence) tại Đại học Carnegie Mellon. Hiện ông đã nghỉ hưu.
Trước khi bước vào giới học viện giảng dạy, John là Kỹ sư trưởng và
Technical Fellow (chức danh danh dự cao cấp nhất của chuyên viên kỹ thuật)
tại Công ty Boeing. Tại đây, ông đã dẫn dắt thành công một số chương trình
nghiên cứu không gian vũ trụ, bao gồm cải tiến phần mềm cho máy bay 777.
John có hơn 35 năm kinh nghiệm trong lĩnh vực phát triển phần mềm và hệ
thống, cũng như quản lý một số chương trình tích hợp quy mô lớn, trong đó
sản phẩm cuối cùng đòi hỏi tích hợp các thành phần nội bộ với các sản phẩm
thương mại có sẵn trên thị trường và các nhà cung cấp thuê ngoài.
Nguyên Phong là bút danh ông dùng cho bộ sách văn hoá tâm linh được dịch,
viết phóng tác từ trải nghiệm, tiềm thức và quá trình nghiên cứu, khám phá
các giá trị tinh thần phương Đông. Ông đã viết phóng tác tác phẩm bất hủ
“Hành trình về Phương Đông” năm 24 tuổi (1974).
Các tác phẩm khác của Nguyên Phong được bạn đọc nhiều thế hệ yêu thích:
Ngọc sáng trong hoa sen, Bên rặng tuyết sơn, Hoa sen trên tuyết, Hoa trôi
trên sóng nước, Huyền thuật và các đạo sĩ Tây Tạng, Trở về từ xứ tuyết, Trở
về từ cõi sáng, Minh triết trong đời sống, Đường mây qua xứ tuyết, Muôn kiếp
nhân sinh, Đường mây trên cõi mộng, Đường mây trên đất hoa… và bộ sách
dành cho sinh viên, thầy cô.
Giá sản phẩm trên Tiki đã bao gồm thuế theo luật hiện hành. Bên cạnh đó, tuỳ vào loại sản phẩm, hình thức và địa chỉ giao hàng mà có thể phát sinh thêm chi phí khác như phí vận chuyển, phụ phí hàng cồng kềnh, thuế nhập khẩu (đối với đơn hàng giao từ nước ngoài có giá trị trên 1 triệu đồng)",Sách tiếng Việt/Sách kỹ năng sống/Sách kỹ năng mềm,1083
262404872,sách muôn kiếp nhân sinh 3,NGUYÊN PHONG,174400,2918,OFFICIAL_STORE,5,126,574,https://tiki.vn/sach-muon-kiep-nhan-sinh-3-bia-mem-p262404872.html?spid=262404873,https://salt.tikicdn.com/cache/280x280/ts/product/54/d6/54/28e53946dac833075ba7781b9277489f.jpg,"MUÔN KIẾP NHÂN SINH – TẬP 3
Nối tiếp câu chuyện và tinh thần của tập 1 và tập 2, “Muôn Kiếp Nhân Sinh – tập 3” tiếp tục đưa bạn đọc đi qua hành trình thức tỉnh tâm linh của nhân vật chính Thomas. Không chỉ là hồi tiếp theo trong chuyến phiêu lưu của linh hồn, tập mới nhất và cũng là tập cuối cùng của bộ sách sẽ bàn luận sâu hơn về hiện tại và tương lai của nhân loại, đồng thời nhẹ nhàng khép lại câu chuyện tiền kiếp nhiều trăn trở, nhiều bài học của Thomas và giải đáp những câu hỏi còn bỏ ngỏ từ hai tập trước.
Nếu tập 1 và tập 2 tập trung lý giải hai quy luật vũ trụ là Nhân quả và Luân hồi, thì tập 3 bàn về khía cạnh đạo đức của con người, đặc biệt là lòng tham và cực đối lập của nó – thái độ sống cho đi. Qua đó, tác giả cùng nhân vật chính Thomas và bậc thầy giác ngộ Kris đã gửi gắm vào quyển sách những thông điệp mạnh mẽ về tương lai nhân loại.
Nếu con người muốn thay đổi tương lai, trước hết phải bắt đầu bằng thay đổi tâm thức. Thay đổi tâm thức bắt nguồn từ việc hiểu rằng, tự do ý chí của con người là một phép thử, cho phép chúng ta lựa chọn cái tốt hoặc cái xấu. Và việc lựa chọn cái tốt mới là nền tảng cho mọi sự thay đổi trong tương lai. Mấu chốt của cuộc cách mạng chuyển đổi tâm thức là để ánh sáng tâm linh trong mỗi người có cơ hội phát triển. Khi ánh sáng khoa học và tâm linh kết hợp sẽ có thể dẫn đường cho nhân loại đi đến nền tảng trí tuệ cao hơn.
Trong một chiêm nghiệm khác, nhân vật của chúng ta được khai ngộ về các giác quan tinh thần, hay giác quan linh hồn, qua đó trả lời cho câu hỏi lớn của cuộc đời – “Ta là ai?”, đồng thời hiểu được rằng, con người càng chú trọng nhu cầu thân xác bao nhiêu thì nhu cầu tâm linh càng bị hạn chế bấy nhiêu. Do đó, muốn phát triển giác quan linh hồn thì ta phải biết giới hạn hoạt động của giác quan thân xác. Thiền định hay các hình thức tu tập tĩnh tâm khác chính là phương pháp giúp khai mở các giác quan này, từ đó đưa con người đến với trí tuệ thật sự.
Vẫn bằng giọng văn giản dị và chừng mực, tác giả Nguyên Phong một lần nữa đưa độc giả đi qua các kiếp sống khác nhau, từ Hy Lạp, La Mã, đến Pháp thời trung cổ, rồi quay về nước Mỹ hiện đại. Ở đó, ta được trải nghiệm những hoàn cảnh khác nhau, đồng cảm với nỗi đau của nhân vật và chứng kiến sự trưởng thành của trí tuệ, để lần nữa khẳng định được rằng chính ý nghĩ, lời nói và hành động của chúng ta ở kiếp này sẽ dẫn dắt chúng ta đi về đâu ở kiếp sau. Chẳng có thần linh hay thế lực nào quyết định, chúng ta hoàn toàn chịu trách nhiệm về cuộc đời mình.
Những cuộc đối thoại dài chứa đầy kiến thức, chiêm nghiệm cùng các câu hỏi gợi mở đã luôn là đặc tính của bộ sách “Muôn Kiếp Nhân Sinh”, và sự trở lại lần này với tác phẩm mới nhất cũng không đánh mất bản sắc ấy. Với vai trò khép lại câu chuyện, “Muôn Kiếp Nhân Sinh – tập 3” đã xâu chuỗi lại những mối liên hệ tiền kiếp, vừa làm sáng tỏ cách vận hành của luật Nhân quả và Luân hồi vừa giúp chúng ta thấu hiểu và trân trọng những nhân duyên gặp gỡ của mình trong hiện tại.
Thông qua 10 chương sách đan xen giữa quá khứ và hiện tại, giữa kể chuyện và lý luận, giữa hiện thực và huyền ảo, cuốn sách gợi ra những suy tư về vị thế và vai trò của con người nhỏ bé giữa vũ trụ bao la. Sau cùng, bảo toàn và phát huy tinh thần của hai tập trước, “Muôn Kiếp Nhân Sinh – tập 3” tiếp tục là một nỗ lực góp phần đưa con người về nẻo thiện, hướng đến một nhân loại hoà bình, bác ái, vị tha, bất kể màu da, quốc tịch và tôn giáo.
Nguyên Phong (John Vu) tên thật là Vũ Văn Du, ông sống ở Mỹ từ năm 1968.
John Vu là Giáo sư ưu tú ngành Khoa học Máy tính, Giám đốc Chương trình Đổi mới Công nghệ Sinh học và Tính toán (Biotechnology Innovation and Computation), đồng Giám đốc chương trình Trí tuệ Nhân tạo (Artificial Intelligence) tại Đại học Carnegie Mellon. Hiện ông đã nghỉ hưu.
Trước khi bước vào giới học viện giảng dạy, John là Kỹ sư trưởng và Technical Fellow (chức danh danh dự cao cấp nhất của chuyên viên kỹ thuật) tại Công ty Boeing. Tại đây, ông đã dẫn dắt thành công một số chương trình nghiên cứu không gian vũ trụ, bao gồm cải tiến phần mềm cho máy bay 777.
John có hơn 35 năm kinh nghiệm trong lĩnh vực phát triển phần mềm và hệ thống, cũng như quản lý một số chương trình tích hợp quy mô lớn, trong đó sản phẩm cuối cùng đòi hỏi tích hợp các thành phần nội bộ với các sản phẩm thương mại có sẵn trên thị trường và các nhà cung cấp thuê ngoài.
Nguyên Phong là bút danh ông dùng cho bộ sách văn hoá tâm linh được dịch, viết phóng tác từ trải nghiệm, tiềm thức và quá trình nghiên cứu, khám phá các giá trị tinh thần phương Đông. Ông đã viết phóng tác tác phẩm bất hủ “Hành trình về Phương Đông” năm 24 tuổi (1974).
Các tác phẩm khác của Nguyên Phong được bạn đọc nhiều thế hệ yêu thích: Ngọc sáng trong hoa sen, Bên rặng tuyết sơn, Hoa sen trên tuyết, Hoa trôi trên sóng nước, Huyền thuật và các đạo sĩ Tây Tạng, Trở về từ xứ tuyết, Trở về từ cõi sáng, Minh triết trong đời sống, Đường mây qua xứ tuyết, Muôn kiếp nhân sinh, Đường mây trên cõi mộng, Đường mây trên đất hoa… và bộ sách dành cho sinh viên, thầy cô.",Sách tiếng Việt/Sách kỹ năng sống/Sách kỹ năng mềm,1045
271288184,sách muôn kiếp nhân sinh 3,NGUYÊN PHONG,100400,1,OFFICIAL_STORE,5,55,660,https://tiki.vn/sach-muon-kiep-nhan-sinh-3-kho-nho-p271288184.html?spid=271288185,https://salt.tikicdn.com/cache/280x280/ts/product/8c/8c/be/7e11843112c76d2f6db1dc6236d9bcec.jpg,"Nối tiếp câu chuyện và tinh thần của tập 1 và tập 2, “Muôn Kiếp Nhân Sinh – tập 3” tiếp tục đưa bạn đọc đi qua hành trình thức tỉnh tâm linh của nhân vật chính Thomas. Không chỉ là hồi tiếp theo trong chuyến phiêu lưu của linh hồn, tập mới nhất và cũng là tập cuối cùng của bộ sách sẽ bàn luận sâu hơn về hiện tại và tương lai của nhân loại, đồng thời nhẹ nhàng khép lại câu chuyện
tiền kiếp nhiều trăn trở, nhiều bài học của Thomas và giải đáp những câu hỏi còn bỏ ngỏ từ hai tập trước.
Nếu tập 1 và tập 2 tập trung lý giải hai quy luật vũ trụ là Nhân quả và Luân hồi, thì tập 3 bàn về khía cạnh đạo đức của con người, đặc biệt là lòng tham và cực đối lập của nó – thái độ sống cho đi. Qua đó, tác giả cùng nhân vật chính Thomas và bậc thầy giác ngộ Kris đã gửi gắm vào quyển sách những thông điệp mạnh mẽ về tương lai nhân loại.
Nếu con người muốn thay đổi tương lai, trước hết phải bắt đầu bằng thay đổi tâm thức. Thay đổi tâm thức bắt nguồn từ việc hiểu rằng, tự do ý chí của con người là một phép thử, cho phép chúng ta lựa chọn cái tốt hoặc cái xấu. Và việc lựa chọn cái tốt mới là nền tảng cho mọi sự thay đổi trong tương lai. Mấu chốt của cuộc cách mạng chuyển đổi tâm thức là để ánh sáng tâm linh trong
mỗi người có cơ hội phát triển. Khi ánh sáng khoa học và tâm linh kết hợp sẽ có thể dẫn đường cho nhân loại đi đến nền tảng trí tuệ cao hơn.
Trong một chiêm nghiệm khác, nhân vật của chúng ta được khai ngộ về các giác quan tinh thần, hay giác quan linh hồn, qua đó trả lời cho câu hỏi lớn của cuộc đời – “Ta là ai?”, đồng thời hiểu được rằng, con người càng chú trọng nhu cầu thân xác bao nhiêu thì nhu cầu tâm linh càng bị hạn chế bấy nhiêu.
Do đó, muốn phát triển giác quan linh hồn thì ta phải biết giới hạn hoạt động của giác quan thân xác. Thiền định hay các hình thức tu tập tĩnh tâm khác chính là phương pháp giúp khai mở các giác quan này, từ đó đưa con người đến với trí tuệ thật sự.
Vẫn bằng giọng văn giản dị và chừng mực, tác giả Nguyên Phong một lần nữa đưa độc giả đi qua các kiếp sống khác nhau, từ Hy Lạp, La Mã, đến Pháp thời trung cổ, rồi quay về nước Mỹ hiện đại. Ở đó, ta được trải nghiệm những hoàn cảnh khác nhau, đồng cảm với nỗi đau của nhân vật và chứng kiến sự trưởng thành của trí tuệ, để lần nữa khẳng định được rằng chính ý nghĩ, lời nói và hành động của chúng ta ở kiếp này sẽ dẫn dắt chúng ta đi về đâu ở kiếp sau. Chẳng có thần linh hay thế lực nào quyết định, chúng ta hoàn toàn chịu trách nhiệm về cuộc đời mình.
Những cuộc đối thoại dài chứa đầy kiến thức, chiêm nghiệm cùng các câu hỏi gợi mở đã luôn là đặc tính của bộ sách “Muôn Kiếp Nhân Sinh”, và sự trở lại lần này với tác phẩm mới nhất cũng không đánh mất bản sắc ấy. Với vai trò khép lại câu chuyện, “Muôn Kiếp Nhân Sinh – tập 3” đã xâu chuỗi lại những mối liên hệ tiền kiếp, vừa làm sáng tỏ cách vận hành của luật Nhân quả và
Luân hồi vừa giúp chúng ta thấu hiểu và trân trọng những nhân duyên gặp gỡ của mình trong hiện tại.
Thông qua 10 chương sách đan xen giữa quá khứ và hiện tại, giữa kể chuyện và lý luận, giữa hiện thực và huyền ảo, cuốn sách gợi ra những suy tư về vị thế và vai trò của con người nhỏ bé giữa vũ trụ bao la. Sau cùng, bảo toàn và phát huy tinh thần của hai tập trước, “Muôn Kiếp Nhân Sinh – tập 3” tiếp tục là một nỗ lực góp phần đưa con người về nẻo thiện, hướng đến một nhân loại hoà bình, bác ái, vị tha, bất kể màu da, quốc tịch và tôn giáo.
Nguyên Phong (John Vu) tên thật là Vũ Văn Du, ông sống ở Mỹ từ năm 1968. John Vu là Giáo sư ưu tú ngành Khoa học Máy tính, Giám đốc Chương trình Đổi mới Công nghệ Sinh học và Tính toán (Biotechnology Innovation and Computation), đồng Giám đốc chương trình Trí tuệ Nhân tạo (Artificial Intelligence) tại Đại học Carnegie Mellon. Hiện ông đã nghỉ hưu.
Trước khi bước vào giới học viện giảng dạy, John là Kỹ sư trưởng và Technical Fellow (chức danh danh dự cao cấp nhất của chuyên viên kỹ thuật) tại Công ty Boeing. Tại đây, ông đã dẫn dắt thành công một số chương trình nghiên cứu không gian vũ trụ, bao gồm cải tiến phần mềm cho máy bay 777.
John có hơn 35 năm kinh nghiệm trong lĩnh vực phát triển phần mềm và hệ thống, cũng như quản lý một số chương trình tích hợp quy mô lớn, trong đó sản phẩm cuối cùng đòi hỏi tích hợp các thành phần nội bộ với các sản phẩm thương mại có sẵn trên thị trường và các nhà cung cấp thuê ngoài.
Nguyên Phong là bút danh ông dùng cho bộ sách văn hoá tâm linh được dịch, viết phóng tác từ trải nghiệm, tiềm thức và quá trình nghiên cứu, khám phá các giá trị tinh thần phương Đông. Ông đã viết phóng tác tác phẩm bất hủ “Hành trình về Phương Đông” năm 24 tuổi (1974).
Các tác phẩm khác của Nguyên Phong được bạn đọc nhiều thế hệ yêu thích:
Ngọc sáng trong hoa sen, Bên rặng tuyết sơn, Hoa sen trên tuyết, Hoa trôi trên sóng nước, Huyền thuật và các đạo sĩ Tây Tạng, Trở về từ xứ tuyết, Trở về từ cõi sáng, Minh triết trong đời sống, Đường mây qua xứ tuyết, Muôn kiếp nhân sinh, Đường mây trên cõi mộng, Đường mây trên đất hoa… và bộ sách dành cho sinh viên, thầy cô.
Giá sản phẩm trên Tiki đã bao gồm thuế theo luật hiện hành. Bên cạnh đó, tuỳ vào loại sản phẩm, hình thức và địa chỉ giao hàng mà có thể phát sinh thêm chi phí khác như phí vận chuyển, phụ phí hàng cồng kềnh, thuế nhập khẩu (đối với đơn hàng giao từ nước ngoài có giá trị trên 1 triệu đồng)",Sách tiếng Việt/Sách kỹ năng sống/Sách kỹ năng mềm,1068
271257451,sách muôn kiếp nhân sinh 3,NGUYÊN PHONG,100000,124753,NONE,0,1,10,https://tiki.vn/sach-muon-kiep-nhan-sinh-3-kho-nho-moi-2023-p271257451.html?spid=271257452,https://salt.tikicdn.com/cache/280x280/ts/product/90/26/31/56fc6a1413382262b4901304a131be21.jpg,"MUÔN KIẾP NHÂN SINH – TẬP 3
Nối tiếp câu chuyện và tinh thần của tập 1 và tập 2, “Muôn Kiếp Nhân Sinh – tập 3” tiếp tục đưa bạn đọc đi qua hành trình thức tỉnh tâm linh của nhân vật chính Thomas. Không chỉ là hồi tiếp theo trong chuyến phiêu lưu của linh hồn, tập mới nhất và cũng là tập cuối cùng của bộ sách sẽ bàn luận sâu hơn về hiện tại và tương lai của nhân loại, đồng thời nhẹ nhàng khép lại câu chuyện tiền kiếp nhiều trăn trở, nhiều bài học của Thomas và giải đáp những câu hỏi còn bỏ ngỏ từ hai tập trước.
Nếu tập 1 và tập 2 tập trung lý giải hai quy luật vũ trụ là Nhân quả và Luân hồi, thì tập 3 bàn về khía cạnh đạo đức của con người, đặc biệt là lòng tham và cực đối lập của nó – thái độ sống cho đi. Qua đó, tác giả cùng nhân vật chính Thomas và bậc thầy giác ngộ Kris đã gửi gắm vào quyển sách những thông điệp mạnh mẽ về tương lai nhân loại.
Nếu con người muốn thay đổi tương lai, trước hết phải bắt đầu bằng thay đổi tâm thức. Thay đổi tâm thức bắt nguồn từ việc hiểu rằng, tự do ý chí của con người là một phép thử, cho phép chúng ta lựa chọn cái tốt hoặc cái xấu. Và việc lựa chọn cái tốt mới là nền tảng cho mọi sự thay đổi trong tương lai. Mấu chốt của cuộc cách mạng chuyển đổi tâm thức là để ánh sáng tâm linh trong mỗi người có cơ hội phát triển. Khi ánh sáng khoa học và tâm linh kết hợp sẽ có thể dẫn đường cho nhân loại đi đến nền tảng trí tuệ cao hơn.
Trong một chiêm nghiệm khác, nhân vật của chúng ta được khai ngộ về các giác quan tinh thần, hay giác quan linh hồn, qua đó trả lời cho câu hỏi lớn của cuộc đời – “Ta là ai?”, đồng thời hiểu được rằng, con người càng chú trọng nhu cầu thân xác bao nhiêu thì nhu cầu tâm linh càng bị hạn chế bấy nhiêu. Do đó, muốn phát triển giác quan linh hồn thì ta phải biết giới hạn hoạt động của giác quan thân xác. Thiền định hay các hình thức tu tập tĩnh tâm khác chính là phương pháp giúp khai mở các giác quan này, từ đó đưa con người đến với trí tuệ thật sự.
Vẫn bằng giọng văn giản dị và chừng mực, tác giả Nguyên Phong một lần nữa đưa độc giả đi qua các kiếp sống khác nhau, từ Hy Lạp, La Mã, đến Pháp thời trung cổ, rồi quay về nước Mỹ hiện đại. Ở đó, ta được trải nghiệm những hoàn cảnh khác nhau, đồng cảm với nỗi đau của nhân vật và chứng kiến sự trưởng thành của trí tuệ, để lần nữa khẳng định được rằng chính ý nghĩ, lời nói và hành động của chúng ta ở kiếp này sẽ dẫn dắt chúng ta đi về đâu ở kiếp sau. Chẳng có thần linh hay thế lực nào quyết định, chúng ta hoàn toàn chịu trách nhiệm về cuộc đời mình.
Những cuộc đối thoại dài chứa đầy kiến thức, chiêm nghiệm cùng các câu hỏi gợi mở đã luôn là đặc tính của bộ sách “Muôn Kiếp Nhân Sinh”, và sự trở lại lần này với tác phẩm mới nhất cũng không đánh mất bản sắc ấy. Với vai trò khép lại câu chuyện, “Muôn Kiếp Nhân Sinh – tập 3” đã xâu chuỗi lại những mối liên hệ tiền kiếp, vừa làm sáng tỏ cách vận hành của luật Nhân quả và Luân hồi vừa giúp chúng ta thấu hiểu và trân trọng những nhân duyên gặp gỡ của mình trong hiện tại.
Thông qua 10 chương sách đan xen giữa quá khứ và hiện tại, giữa kể chuyện và lý luận, giữa hiện thực và huyền ảo, cuốn sách gợi ra những suy tư về vị thế và vai trò của con người nhỏ bé giữa vũ trụ bao la. Sau cùng, bảo toàn và phát huy tinh thần của hai tập trước, “Muôn Kiếp Nhân Sinh – tập 3” tiếp tục là một nỗ lực góp phần đưa con người về nẻo thiện, hướng đến một nhân loại hoà bình, bác ái, vị tha, bất kể màu da, quốc tịch và tôn giáo.
Nguyên Phong (John Vu) tên thật là Vũ Văn Du, ông sống ở Mỹ từ năm 1968.
John Vu là Giáo sư ưu tú ngành Khoa học Máy tính, Giám đốc Chương trình Đổi mới Công nghệ Sinh học và Tính toán (Biotechnology Innovation and Computation), đồng Giám đốc chương trình Trí tuệ Nhân tạo (Artificial Intelligence) tại Đại học Carnegie Mellon. Hiện ông đã nghỉ hưu.
Trước khi bước vào giới học viện giảng dạy, John là Kỹ sư trưởng và Technical Fellow (chức danh danh dự cao cấp nhất của chuyên viên kỹ thuật) tại Công ty Boeing. Tại đây, ông đã dẫn dắt thành công một số chương trình nghiên cứu không gian vũ trụ, bao gồm cải tiến phần mềm cho máy bay 777.
John có hơn 35 năm kinh nghiệm trong lĩnh vực phát triển phần mềm và hệ thống, cũng như quản lý một số chương trình tích hợp quy mô lớn, trong đó sản phẩm cuối cùng đòi hỏi tích hợp các thành phần nội bộ với các sản phẩm thương mại có sẵn trên thị trường và các nhà cung cấp thuê ngoài.
Nguyên Phong là bút danh ông dùng cho bộ sách văn hoá tâm linh được dịch, viết phóng tác từ trải nghiệm, tiềm thức và quá trình nghiên cứu, khám phá các giá trị tinh thần phương Đông. Ông đã viết phóng tác tác phẩm bất hủ “Hành trình về Phương Đông” năm 24 tuổi (1974).
Các tác phẩm khác của Nguyên Phong được bạn đọc nhiều thế hệ yêu thích: Ngọc sáng trong hoa sen, Bên rặng tuyết sơn, Hoa sen trên tuyết, Hoa trôi trên sóng nước, Huyền thuật và các đạo sĩ Tây Tạng, Trở về từ xứ tuyết, Trở về từ cõi sáng, Minh triết trong đời sống, Đường mây qua xứ tuyết, Muôn kiếp nhân sinh, Đường mây trên cõi mộng, Đường mây trên đất hoa… và bộ sách dành cho sinh viên, thầy cô.",Sách tiếng Việt/Sách kỹ năng sống/Sách kỹ năng mềm,1067
22472268,sách ngay bây giờ hoặc không bao giờ,J. S. SCOTT,59250,7734,TRUSTED_STORE,0,1,,https://tiki.vn/sach-ngay-bay-gio-hoac-khong-bao-gio-tai-ban-2018-tang-kem-bookmark-tiki-p22472268.html?spid=277552086,https://salt.tikicdn.com/cache/280x280/ts/product/43/cb/f3/ca1ed0a148e3842103a6784743a75ef9.jpg,"Ngay bây giờ hoặc không bao giờ sẽ giúp bạn khám phá ra hàng loạt ý tưởng giúp bản thân vượt qua sự trì hoãn hằng ngày. Trong khi nhiều cuốn sách khác chỉ cung cấp những mẹo mực đơn giản, thì với cuốn sách này, bạn sẽ biết được tại sao một chiến lược lại trở nên hiệu quả, nó loại bỏ những hạn chế và niềm tin nào và bằng cách nào chiến lược ấy có thể được ứng dụng tức thì vào cuộc sống của bạn…
Thành công chỉ thực sự đến khi bạn giữ một lòng kiên trì sắt đá với những mục tiêu đã được đặt ra. Trong cuốn sách này, J. S. Scott đã cung cấp chi tiết những kế hoạch hành động trên mọi lĩnh vực của cuộc sống hằng ngày: từ chăm sóc sức khoẻ, thể dục, công việc cho tới các mối quan hệ cá nhân. Không giống như các cuốn sách rèn luyện kỹ năng tầm thường khác, nội dung cuốn sách tập trung tối đa vào hai chữ “hành động”. Vì vậy, thay vì phải đọc những lời khuyên chung chung, bạn sẽ nhận được những phương pháp có thể được thực hiện ngay lập tức nhằm tạo lập những thói quen có thể đánh bại sự trì hoãn.",Sách tiếng Việt/Sách kỹ năng sống/Sách tư duy - Kỹ năng sống,256
1639671,sách ngay bây giờ hoặc không bao giờ,J. S. SCOTT,53600,1,OFFICIAL_STORE,4.7,244,5980,https://tiki.vn/sach-ngay-bay-gio-hoac-khong-bao-gio-tai-ban-p1639671.html?spid=1639673,https://salt.tikicdn.com/cache/280x280/ts/product/d6/1d/91/edd2ec03ed675fe22760d8b9ccfc4ad7.jpg,"Ngay Bây Giờ Hoặc Không Bao Giờ (Tái Bản 2018)
Ngay bây giờ hoặc không bao giờ sẽ giúp bạn khám phá ra hàng loạt ý tưởng giúp bản thân vượt qua sự trì hoãn hằng ngày. Trong khi nhiều cuốn sách khác chỉ cung cấp những mẹo mực đơn giản, thì với cuốn sách này, bạn sẽ biết được tại sao một chiến lược lại trở nên hiệu quả, nó loại bỏ những hạn chế và niềm tin nào và bằng cách nào chiến lược ấy có thể được ứng dụng tức thì vào cuộc sống của bạn…
Thành công chỉ thực sự đến khi bạn giữ một lòng kiên trì sắt đá với những mục tiêu đã được đặt ra. Trong cuốn sách này, J. S. Scott đã cung cấp chi tiết những kế hoạch hành động trên mọi lĩnh vực của cuộc sống hằng ngày: từ chăm sóc sức khoẻ, thể dục, công việc cho tới các mối quan hệ cá nhân. Không giống như các cuốn sách rèn luyện kỹ năng tầm thường khác, nội dung cuốn sách tập trung tối đa vào hai chữ “hành động”. Vì vậy, thay vì phải đọc những lời khuyên chung chung, bạn sẽ nhận được những phương pháp có thể được thực hiện ngay lập tức nhằm tạo lập những thói quen có thể đánh bại sự trì hoãn.",Sách tiếng Việt/Sách kỹ năng sống/Sách tư duy - Kỹ năng sống,116
129138249,sách ngày xưa có một con bò,,63000,295057,NONE,0,0,,https://tiki.vn/sach-ngay-xua-co-mot-con-bo-tai-ban-p129138249.html?spid=275716065,https://salt.tikicdn.com/cache/280x280/ts/product/df/0b/1d/8504c3d0809622c7ce98098f0f0dba20.jpg,"- Ngày xưa có một con bò ( tái bản )
Khởi đầu bằng một câu chuyện mang tính ngụ ngôn vừa ngắn gọn, vừa dễ hiểu, cuốn sách rút ra một bài học sâu sắc nhưng thật đơn giản cho những ai vẫn đang vật lộn tìm kiếm thành công ở đời: những lời bao biện, viện cớ, đổ lỗi chẳng bao giờ giúp được chúng ta thành công hơn; ngược lại, dám dũng cảm đối mặt với sự trì trệ của mình để sẵn sàng tìm ra giải pháp mới là con đường tiến lên bền vững.
Đây là một cuốn sách có thể tạo cảm hứng thật sự cho bất kỳ ai.",Sách tiếng Việt/Sách kỹ năng sống/Sách tư duy - Kỹ năng sống,640
263968832,sách ngày xưa có một con bò,CAMILO CRUZ,63000,97533,NONE,0,0,1,https://tiki.vn/sach-ngay-xua-co-mot-con-bo-tai-ban-p263968832.html?spid=275116710,https://salt.tikicdn.com/cache/280x280/ts/product/43/a2/6e/60afdce3f6a599bd9b94e379bd36356e.png,""" CHÚNG TÔI DÀNH 10% LỢI NHUẬN TỪ BÁN SÁCH ỦNG HỘ QUỸ TRẺ EM ĐẾN TRƯỜNG""
Biết ơn quý độc giả góp phần giúp đỡ trẻ em có hoàn cảnh khó khăn có cơ hội đọc sách và đến trường
Dù muốn dù không thì trong mỗi người chúng ta đều đang nuôi ít nhất là 1 con bò và thậm chí là cả đàn bò. Đó là những con bò: bao biện, viện cớ, đổ lỗi, ỷ lại, mãi tự hào với quá khứ…
Nhiều khi ta nghĩ ta đã làm tốt rồi, học giỏi rồi, xinh đẹp rồi nên cứ dựa vào thành quả đó để ỷ lại, không cố gắng nữa và sa vào bẫy hài lòng với suy nghĩ rằng mình ít nhất đang có cái gì đó: Một học sinh giỏi luôn ỷ lại rằng ta giỏi rồi, không cần cố gắng nữa; một cô giáo từ năm này qua năm khác không chịu thay đổi, cập nhật giáo án của mình vì cho rằng kiến thức trong giáo án đó đã quá chuẩn; cô gái luôn tự hào hớp hồn bạn trai mình ngay từ cái nhìn đầu tiên cứ tự tin rằng mình đủ hoàn hảo để bạn trai yêu mà không bao giờ muốn tự làm mới mình, một nhân viên tự cho rằng ta làm dự án vừa rồi quá thành công và sếp đã thấy được năng lực của ta rồi, ta không cần thể hiện nữa; một nhà văn viết được 1 cuốn sách best-sellers nhưng không chịu đổi mới ngòi bút vì cho rằng ta đã viết hay rồi, cuốn sách của ta được mọi người khen ngợi đó thôi…
Có hàng ngàn, hàng vạn loại bò đang chi phối, hạn chế sức bật của chúng ta nhưng đang được chúng ta bao bọc, bảo vệ trong lớp vỏ mang tên Chỗ Dựa. Nếu Chỗ Dựa vô hình đó mất đi, ta sẽ sụp đổ???
Nếu bạn vẫn muốn nuôi bò, vẫn muốn “ăn mày quá khứ” thì có lẽ cuốn sách này không dành cho bạn. Cuốn sách này chỉ dành cho những người đang nuôi bò và mong muốn được tiêu diệt con bò của chính mình.
Hãy sống một cuộc sống Không-Có-Bò!
Khởi đầu bằng một câu chuyện mang tính ngụ ngôn vừa ngắn gọn, vừa dễ hiểu, cuốn sách rút ra một bài học sâu sắc nhưng thật đơn giản cho những ai vẫn đang vật lộn tìm kiếm thành công ở đời: những lời bao biện, viện cớ, đổ lỗi chẳng bao giờ giúp được chúng ta thành công hơn; ngược lại, dám dũng cảm đối mặt với sự trì trệ của mình để sẵn sàng tìm ra giải pháp mới là con đường tiến lên bền vững.
Với hình tượng ẩn dụ là con bò, tượng trưng cho những kiểu biện bạch dễ dãi trước khó khăn, tác giả giải thích rất rõ ràng từng loại bò mà mỗi chúng ta đều có, cùng với những cách phân biệt và tiêu diệt chúng.
Đây là một cuốn sách có thể tạo cảm hứng thật sự cho bất kỳ ai.",Sách tiếng Việt/Sách kỹ năng sống/Sách kỹ năng mềm,1055
106362640,sách nghệ thuật đàm phán đỉnh cao,.,119000,111899,OFFICIAL_STORE,0,2,,https://tiki.vn/sach-nghe-thuat-dam-phan-dinh-cao-p106362640.html?spid=278769696,https://salt.tikicdn.com/cache/280x280/ts/product/1c/31/ec/9e7e31591709924bae0c932ef16fb959.png,Nghệ Thuật Đàm Phán Đỉnh Cao,Sách tiếng Việt/Sách kỹ năng sống/Sách tư duy - Kỹ năng sống,549
92004384,sách nghệ thuật đàm phán đỉnh cao,NHIEU TAC GIA,119000,7247,OFFICIAL_STORE,0,0,,https://tiki.vn/sach-nghe-thuat-dam-phan-dinh-cao-p92004384.html?spid=278771163,https://salt.tikicdn.com/cache/280x280/ts/product/1c/31/ec/e5c89700b108294353c6175c25b531c7.png,Nghệ Thuật Đàm Phán Đỉnh Cao,Sách tiếng Việt/Sách kỹ năng sống/Sách tư duy - Kỹ năng sống,426
106362508,sách nghệ thuật giao tiếp để thành công,LEIL LOWNDES,135000,111899,OFFICIAL_STORE,0,0,2,https://tiki.vn/sach-nghe-thuat-giao-tiep-de-thanh-cong-tai-ban-2020-p106362508.html?spid=262901854,https://salt.tikicdn.com/cache/280x280/ts/product/12/ce/28/ee5857c1e443243b4a99e13aae3a2641.png,"Vì sao họ đạt được những điều đó? Phải chăng họ có đôi tay của vua midas chạm vào bất cứ đâu mọi thứ đều biến thành vàng? Hay họ được ban tặng nhiều hơn? Không phải vậy. Nhiều người trong số họ không hề thông minh hơn, thậm chí cũng chẳng ưa nhìn hơn bạn! Sự thật những người thành đạt như vậy thường có khả năng giao tiếp, ứng xử khéo léo hơn người khác. Sự thật khác có thể khiến bạn ngạc nhiên là ai trong chúng ta cũng tiềm ẩn khả năng này, chỉ có điều là người có nhiều, người có ít mà thôi.
Tạo một khởi đầu ấn tượng và gặp được những người bạn muốn;
Hoà nhập linh hoạt vào bất cứ nhóm nào, dù giữa bạn và họ ít tương đồng đến đâu;
Trở thành nhân vật trung tâm tại mọi bữa tiệc;",Sách tiếng Việt/Sách kỹ năng sống/Sách tư duy - Kỹ năng sống,520
172112243,sách nghệ thuật giao tiếp để thành công,LEIL LOWNDES,135000,7247,OFFICIAL_STORE,0,7,3,https://tiki.vn/sach-nghe-thuat-giao-tiep-de-thanh-cong-p172112243.html?spid=262061771,https://salt.tikicdn.com/cache/280x280/ts/product/0c/9f/b9/8e8bbe772d992c636d4bbb39ad885dd1.png,"Nghệ thuật giao tiếp để thành công hướng tới mọi đối tượng độc giả, dù là sinh viên, nhân viên bán hàng, doanh nhân, nhà quản lý, chính trị gia hay người nội trợ hoặc bất cứ ai muốn kiểm soát các mối quan hệ, thu nhập hay cuộc đời họ theo cách hiệu quả hơn.
Họ là người có công việc tốt nhất, có người bạn đời tuyệt vời nhất, có nhiều bạn bè tốt và có tài khoản thật lớn trong ngân hàng.
Vì sao họ đạt được những điều đó? Phải chăng họ có đôi tay của vua midas chạm vào bất cứ đâu mọi thứ đều biến thành vàng? Hay họ được ban tặng nhiều hơn? Không phải vậy. Nhiều người trong số họ không hề thông minh hơn, thậm chí cũng chẳng ưa nhìn hơn bạn! Sự thật những người thành đạt như vậy thường có khả năng giao tiếp, ứng xử khéo léo hơn người khác. Sự thật khác có thể khiến bạn ngạc nhiên là ai trong chúng ta cũng tiềm ẩn khả năng này, chỉ có điều là người có nhiều, người có ít mà thôi.
Trong Nghệ thuật giao tiếp để thành công, với 92 thủ thuật đơn giản mà hiệu quả, Leil Lowndes sẽ giúp bạn khám phá và rèn luyện các kỹ năng để:
• Tạo một khởi đầu ấn tượng và gặp được những người bạn muốn;
• Hoà nhập linh hoạt vào bất cứ nhóm nào, dù giữa bạn và họ ít tương đồng đến đâu;
• Trở thành nhân vật trung tâm tại mọi bữa tiệc;
• Luôn tự tin, đáng tin cậy và gây ảnh hưởng ở mọi nơi mà bạn đến.",Sách tiếng Việt/Sách kỹ năng sống/Sách tư duy - Kỹ năng sống,747
102513019,sách nghệ thuật giao tiếp để thành công,LEIL LOWNDES,135000,111899,OFFICIAL_STORE,0,12,3,https://tiki.vn/sach-nghe-thuat-giao-tiep-de-thanh-cong-tai-ban-p102513019.html?spid=262899703,https://salt.tikicdn.com/cache/280x280/ts/product/12/ce/28/b2d8f8fd380938a3de55a93a6f875ff0.png,"Nghệ thuật giao tiếp để thành công hướng tới mọi đối tượng độc giả, dù là sinh viên, nhân viên bán hàng, doanh nhân, nhà quản lý, chính trị gia hay người nội trợ hoặc bất cứ ai muốn kiểm soát các mối quan hệ, thu nhập hay cuộc đời họ theo cách hiệu quả hơn
Họ là người có công việc tốt nhất, có người bạn đời tuyệt vời nhất, có nhiều bạn bè tốt và có tài khoản thật lớn trong ngân hàng.
Vì sao họ đạt được những điều đó? Phải chăng họ có đôi tay của vua midas chạm vào bất cứ đâu mọi thứ đều biến thành vàng? Hay họ được ban tặng nhiều hơn? Không phải vậy. Nhiều người trong số họ không hề thông minh hơn, thậm chí cũng chẳng ưa nhìn hơn bạn! Sự thật những người thành đạt như vậy thường có khả năng giao tiếp, ứng xử khéo léo hơn người khác. Sự thật khác có thể khiến bạn ngạc nhiên là ai trong chúng ta cũng tiềm ẩn khả năng này, chỉ có điều là người có nhiều, người có ít mà thôi.
Trong Nghệ thuật giao tiếp để thành công, với 92 thủ thuật đơn giản mà hiệu quả, Leil Lowndes sẽ giúp bạn khám phá và rèn luyện các kỹ năng để:
Tạo một khởi đầu ấn tượng và gặp được những người bạn muốn;
Hoà nhập linh hoạt vào bất cứ nhóm nào, dù giữa bạn và họ ít tương đồng đến đâu;
Trở thành nhân vật trung tâm tại mọi bữa tiệc;
Luôn tự tin, đáng tin cậy và gây ảnh hưởng ở mọi nơi mà bạn đến.",Sách tiếng Việt/Sách kỹ năng sống/Sách tư duy - Kỹ năng sống,447
22472272,sách nghệ thuật kết nối đỉnh cao trong giao tiếp,JOHN C. MAXWELL,127000,7247,OFFICIAL_STORE,4.8,8,56,https://tiki.vn/sach-nghe-thuat-ket-noi-dinh-cao-trong-giao-tiep-tai-ban-2018-tang-kem-bookmark-tiki-p22472272.html?spid=76823296,https://salt.tikicdn.com/cache/280x280/ts/product/2f/f1/cb/04e08dd5f55b0d5fe0ec9490a7aec35e.png,"Nghệ thuật kết nối đỉnh cao trong giao tiếp được đối tên từ cuốn sách Ai cũng giao tiếp nhưng mấy người kết nối
Giao tiếp thành công không đơn thuần chỉ là truyền đạt thông tin, mà còn phải tạo nên sợi dây kết nối đặc biệt và gieo những cảm xúc tích cực cho người tiếp nhận. Số ít những người kết nối được với mọi người là những người có khả năng lãnh đạo và tạo sức ảnh hưởng lớn lao trong tổ chức của mình.
Trong cuốn sách này, John Maxwell đã tổng kết 5 nguyên tắc nền tảng khi kết nối với mọi người. Từ đó tác giả đưa ra 5 ứng dụng hành động để giúp bạn kết nối thành công - với một người, một nhóm, với khán giả, hay bất kì ai bạn muốn.
""Hãy học cách kết nối để thay đổi cuộc sống của bạn!""",Sách tiếng Việt/Sách kỹ năng sống/Sách tư duy - Kỹ năng sống,257
106362355,sách nghệ thuật kết nối đỉnh cao trong giao tiếp,JOHN C. MAXWELL,143000,126688,NONE,0,4,,https://tiki.vn/sach-nghe-thuat-ket-noi-dinh-cao-trong-giao-tiep-p106362355.html?spid=194860781,https://salt.tikicdn.com/cache/280x280/ts/product/98/9e/f1/406745dc17b15c9685e3a895c33264af.jpg,,Sách tiếng Việt/Sách kỹ năng sống/Sách tư duy - Kỹ năng sống,492
77222223,sách nghệ thuật sống hạnh phúc gặt thành công,.,99750,161219,NONE,0,0,1,https://tiki.vn/sach-nghe-thuat-song-hanh-phuc-gat-thanh-cong-tang-kem-bookmark-thiet-ke-p77222223.html?spid=77222226,https://salt.tikicdn.com/cache/280x280/ts/product/3f/c6/6a/dca66853161a4ac0bfe8e02ba0184cdb.jpg,"Từ xưa tới nay, con người vẫn luôn tự hỏi thế nào là một đời hạnh phúc? Con người ta nên sống ra sao? Điều gì rạo nên một cuộc sống hạnh phúc? Hạnh phúc tại tâm hay vì đạt được những mục tiêu trong đời? Sẽ tốt hơn nếu chủ động tìm kiếm hạnh phúc hay chủ động né tránh những điều khiến ta không hạnh phúc? Có người dành cả đời mải miết đi tìm câu trả lời cho những câu hỏi này, và vì một lẽ nào đó chỉ luôn nhận lại thất vọng. Vì sao ư? Phải chăng vì họ cứ kiếm tìm một nguyên tắc duy nhất, một nguyên lý duy nhất, một quy luật duy nhất, trong khi chén thánh đó của cuộc sống hạnh phúc đâu có tồn tại.",Sách tiếng Việt/Sách kỹ năng sống/Sách tư duy - Kỹ năng sống,405
21351937,sách nghệ thuật sống hạnh phúc gặt thành công,ROLF DOBELLI,99750,127989,NONE,0,17,2,https://tiki.vn/sach-nghe-thuat-song-hanh-phuc-gat-thanh-cong-p21351937.html?spid=139441141,https://salt.tikicdn.com/cache/280x280/ts/product/2b/e0/3c/ab0eb48828eca0d8fa0736bc954b9f2c.jpg,"Từ xưa tới nay, con người vẫn luôn tự hỏi thế nào là một đời hạnh phúc? Con người ta nên sống ra sao? Điều gì rạo nên một cuộc sống hạnh phúc? Hạnh phúc tại tâm hay vì đạt được những mục tiêu trong đời? Sẽ tốt hơn nếu chủ động tìm kiếm hạnh phúc hay chủ động né tránh những điều khiến ta không hạnh phúc? Có người dành cả đời mải miết đi tìm câu trả lời cho những câu hỏi này, và vì một lẽ nào đó chỉ luôn nhận lại thất vọng. Vì sao ư? Phải chăng vì họ cứ kiếm tìm một nguyên tắc duy nhất, một nguyên lý duy nhất, một quy luật duy nhất, trong khi chén thánh đó của cuộc sống hạnh phúc đâu có tồn tại.
Hiểu được điều đó bằng cả cuộc đời chiêm nghiệm của mình, Rob Dobelli đã tìm ra một bộ 52 công cụ tinh thần thiết thực vốn đã thay đổi tích cực cuộc sống của ông. Vượt lên những cảm tính thông thường, các công cụ tinh thần này sẽ giúp bạn biết nhìn thế giới khách quan hơn, quyết định sáng suốt hơn,  hành động và cư xử hợp lý hơn, để rồi, tìm ra cách sống sống hạnh phúc hơn cho bản thân mình.",Sách tiếng Việt/Sách kỹ năng sống/Sách tư duy - Kỹ năng sống,230
36085776,sách nghệ thuật tư duy ngược dòng,HUMPHREY B. NEILL,95000,7247,OFFICIAL_STORE,0,66,16,https://tiki.vn/sach-nghe-thuat-tu-duy-nguoc-dong-p36085776.html?spid=59299180,https://salt.tikicdn.com/cache/280x280/ts/product/ff/04/a0/f539b8686407307969240e89372aa9bc.png,"Cuốn sách bao gồm các bài luận của tác giả Humphrey B. Neill về Lý thuyết quan điểm ngược dòng do ông khởi xướng. Bằng những phân tích sắc sảo và dễ hiểu về các sự kiện, vấn đề thuộc các lĩnh vực chính trị, kinh tế và xã hội, Humphrey đã chỉ ra rằng: Tư duy theo số đông chưa chắc đã đúng, mà tư duy ngược dòng mới là cách đúng đắn để nhìn nhận vấn đề một cách lý trí và không bị tác động bởi những biến động xã hội, giúp mọi người bình tâm trước những biến động khôn lường của cuộc đời.
Cốt lõi trong cuốn sách này là nó đề ra việc quan sát hành vi hình thành đám đông và khuyên bạn tư duy ngược lại để hiểu thấu đáo hơn. Điều này giúp chống lại tính phổ biến của đám đông trong các cuốn sách tài chính ngày nay. Tư duy đó chính là nhân tố tạo ra tính hiệu quả cho phương pháp nhìn nhận thế giới và tồn tại trong thế giới này.
“Sự khắt khe và ham học hỏi được thể hiện qua những ghi chép của Neill đại diện cho tiếng nói của một độc giả luôn khao khát kiến thức hoặc một cách tư duy trước những tin tức xoay chuyển chóng mặt suốt 24 giờ và chủ nghĩa giật gân ngu ngốc đang khủng bố tinh thần chúng ta trong cuộc sống hiện đại… Trong các ghi chép của Neill, chúng ta sẽ biết đến phương pháp nhận thức thông qua lập luận bên trong, để trở thành những nhà tư tưởng tự do và độc lập hơn… Tác phẩm của ông nhắc nhở chúng ta rằng khi “nghiền ngẫm” và đào sâu vào tính biến động của thế giới, chúng ta sẽ cảm nhận tốt hơn thông qua việc hiểu thấu đáo sự thoái trào và dòng chảy của tư duy nhóm cũng như tâm lý đám đông. Đồng thời, chúng ta cũng không phải đối phó với mọi thứ, giảm thiểu được sai lầm có thể mắc phải trong đầu tư và cuộc sống bởi những quyết định vội vã…”
- Tim Vanech, người ngược dòng hiện đại, nhà sáng lập kiêm Giám đốc điều hành của Shorepoint Capital Partners LLC",Sách tiếng Việt/Sách kỹ năng sống/Sách tư duy - Kỹ năng sống,296
249823313,sách nghệ thuật tư duy ngược dòng,,91000,7247,OFFICIAL_STORE,0,0,,https://tiki.vn/nghe-thuat-tu-duy-nguoc-dong-sach-ban-quyen-p249823313.html?spid=275093698,https://salt.tikicdn.com/cache/280x280/ts/product/ff/04/a0/f11de81aac08e7266005f2ca6185ccaf.png,"Nghệ Thuật Tư Duy Ngược Dòng
Đảm bảo 100% sách gốc bản quyền từ NXB
Xử lí đơn đặt hàng nhanh
Chính sách hỗ trợ đổi sách cho khách hàng thuận tiện khi gặp sự cố
Cuốn sách bao gồm các bài luận của tác giả Humphrey B. Neill về Lý thuyết quan điểm ngược dòng do ông khởi xướng. Bằng những phân tích sắc sảo và dễ hiểu về các sự kiện, vấn đề thuộc các lĩnh vực chính trị, kinh tế và xã hội, Humphrey đã chỉ ra rằng: Tư duy theo số đông chưa chắc đã đúng, mà tư duy ngược dòng mới là cách đúng đắn để nhìn nhận vấn đề một cách lý trí và không bị tác động bởi những biến động xã hội, giúp mọi người bình tâm trước những biến động khôn lường của cuộc đời.
Cốt lõi trong cuốn sách này là nó đề ra việc quan sát hành vi hình thành đám đông và khuyên bạn tư duy ngược lại để hiểu thấu đáo hơn. Điều này giúp chống lại tính phổ biến của đám đông trong các cuốn sách tài chính ngày nay. Tư duy đó chính là nhân tố tạo ra tính hiệu quả cho phương pháp nhìn nhận thế giới và tồn tại trong thế giới này.
“Khi mọi người nghĩ giống nhau, nhiều khả năng tất cả đều sai”.
Câu nói trên đã khái quát chính xác nhiều sự kiện lịch sử trên thế giới. Vào thập niên 1930, chẳng ai bận tâm đến Hitler và Đảng Quốc xã, nhưng chẳng bao lâu sau, cả Thế giới đã run sợ trước chế độ phát xít. Khi Thế chiến thứ II gần kết thúc, nhiều dự báo phổ biến cho rằng một cuộc khủng hoảng kinh tế sẽ diễn ra, nhưng thực tế lại hoàn toàn trái ngược, nền kinh tế thế giới đã phục hồi và phát triển nhanh chóng. Những sự kiện “ngoài dự tính” này khiến đám đông bất ngờ, thậm chí hoảng loạn.
Tuy nhiên, vẫn có một số ít người đã lường trước các sự kiện “bất ngờ” đó. Họ là những người ngược dòng, nhìn nhận các sự kiện bằng lý trí nhờ nắm vững Lý thuyết quan điểm ngược dòng – do Humphrey B.Neill xây dựng.
Nghệ thuật tư duy ngược dòng gồm các bài luận thể hiện những suy ngẫm của tác giả về tư duy ngược dòng. Nhờ đó, bạn có thể nhìn nhận sự việc một cách khách quan, đa chiều và tránh bị thao túng tâm trí, sống bình tâm giữa đám đông hoảng loạn trước những biến chuyển khôn lường của cuộc đời.
“Sự khắt khe và ham học hỏi được thể hiện qua những ghi chép của Neill đại diện cho tiếng nói của một độc giả luôn khao khát kiến thức hoặc một cách tư duy trước những tin tức xoay chuyển chóng mặt suốt 24 giờ và chủ nghĩa giật gân ngu ngốc đang khủng bố tinh thần chúng ta trong cuộc sống hiện đại… Trong các ghi chép của Neill, chúng ta sẽ biết đến phương pháp nhận thức thông qua lập luận bên trong, để trở thành những nhà tư tưởng tự do và độc lập hơn… Tác phẩm của ông nhắc nhở chúng ta rằng khi “nghiền ngẫm” và đào sâu vào tính biến động của thế giới, chúng ta sẽ cảm nhận tốt hơn thông qua việc hiểu thấu đáo sự thoái trào và dòng chảy của tư duy nhóm cũng như tâm lý đám đông. Đồng thời, chúng ta cũng không phải đối phó với mọi thứ, giảm thiểu được sai lầm có thể mắc phải trong đầu tư và cuộc sống bởi những quyết định vội vã…”
- Tim Vanech, người ngược dòng hiện đại, nhà sáng lập kiêm Giám đốc điều hành của Shorepoint Capital Partners LLC
“ Như một quy luật chung, sẽ là ngốc nghếch nếu hành động theo người khác, vì chắc chắn đang có quá nhiều người hành động giống nhau.” - William Stanley Jevons.
— Hãy chiêm nghiệm cuốn sách và cảm nhận hương vị của một tách trà vào mỗi cuối tuần khi bạn dành nhiều thời gian hơn cho bản thân mình! —",Sách tiếng Việt/Sách kỹ năng sống/Sách tư duy - Kỹ năng sống,1014
277541366,sách nghệ thuật tư duy rành mạch,ROLF DOBELLI,128700,53660,OFFICIAL_STORE,0,0,,https://tiki.vn/sach-nghe-thuat-tu-duy-ranh-mach-p277541366.html?spid=277541367,https://salt.tikicdn.com/cache/280x280/ts/product/c5/b9/fb/e5cfddfac69c926225a9ef78cda8517f.jpg,"Nghệ Thuật Tư Duy Rành Mạch
Mọi người đều mắc sai lầm. Những sai lầm trong việc ra quyết định đều bắt nguồn từ các lỗi tư duy tưởng như đơn giản, nhưng dần dà chúng tích tụ thành những thành kiến khó bỏ. Vậy mà hiếm khi chúng ta nhận ra điều đó, nên sai lầm cứ nối tiếp sai lầm, dẫn đến bao hối tiếc vì những quyết định không đúng cho cuộc đời m.ình: Cứ mãi đeo bám một công việc dù biết trước chẳng thu được lợi lộc gì; cho rằng một dự án thành công suôn sẻ là do tài năng và trí lực, còn thất bại do ngoại cảnh khách quan; bán cổ phiếu lúc đã quá trễ, hoặc bán quá sớm… Và đó chỉ là một vài trong số hàng loạt các sai lầm “cơ bản” được Dobelli mổ xẻ phân tích qua 99 chương sách ngắn gọn, súc tích với những ví dụ minh hoạ thiết thực giúp ta có thể nhận diện và né tránh chúng. Đơn giản, rõ ràng và toàn diện một cách đáng ngạc nhiên, cuốn cẩm nang nhất định phải có này có thể thay đổi mãi mãi cách ta suy nghĩ, giúp ta quyết định sáng suốt hơn mỗi ngày ở bất cứ đâu, trong bất cứ tình huống nào.",Sách tiếng Việt/Sách kỹ năng sống/Sách tư duy - Kỹ năng sống,1374
247324353,sách nghệ thuật tư duy rành mạch,,134680,7734,TRUSTED_STORE,0,0,,https://tiki.vn/sach-nghe-thuat-tu-duy-ranh-mach-p247324353.html?spid=277606780,https://salt.tikicdn.com/cache/280x280/ts/product/b7/b4/35/293c781ae3b76f624cef17087943f80a.jpg,"Mọi người đều mắc sai lầm. Những sai lầm trong việc ra quyết định đều bắt nguồn từ các lỗi tư duy tưởng như đơn giản, nhưng dần dà chúng tích tụ thành những thành kiến khó bỏ. Vậy mà hiếm khi chúng ta nhận ra điều đó, nên sai lầm cứ nối tiếp sai lầm, dẫn đến bao hối tiếc vì những quyết định không đúng cho cuộc đời mình: Cứ mãi đeo bám một công việc dù biết trước chẳng thu được lợi lộc gì; cho rằng một dự án thành công suôn sẻ là do tài năng và trí lực, còn thất bại do ngoại cảnh khách quan; bán cổ phiếu lúc đã quá trễ, hoặc bán quá sớm… Và đó chỉ là một vài trong số hàng loạt các sai lầm “cơ bản” được Dobelli mổ xẻ phân tích qua 99 chương sách ngắn gọn, súc tích với những ví dụ minh hoạ thiết thực giúp ta có thể nhận diện và né tránh chúng. Đơn giản, rõ ràng và toàn diện một cách đáng ngạc nhiên, cuốn cẩm nang nhất định phải có này có thể thay đổi mãi mãi cách ta suy nghĩ, giúp ta quyết định sáng suốt hơn mỗi ngày ở bất cứ đâu, trong bất cứ tình huống nào.",Sách tiếng Việt/Sách kỹ năng sống/Sách tư duy - Kỹ năng sống,957
561056,sách nghệ thuật tư duy rành mạch,ROLF DOBELLI,130000,111899,OFFICIAL_STORE,0,84,,https://tiki.vn/sach-nghe-thuat-tu-duy-ranh-mach-p561056.html?spid=277554250,https://salt.tikicdn.com/cache/280x280/media/catalog/product/n/g/nghe-thuat-tu-duy-ranh-mach.u2487.d20161129.t103616.398639.jpg,"Nghệ Thuật Tư Duy Rành Mạch
Mọi người đều mắc sai lầm.
Những sai lầm trong việc ra quyết định đều bắt nguồn từ các lỗi tư duy tưởng như đơn giản, nhưng dần dà chúng tích tụ thành những thành kiến khó bỏ. Vậy mà hiếm khi chúng ta nhận ra điều đó, nên sai lầm cứ nối tiếp sai lầm, dẫn đến bao hối tiếc vì những quyết định không đúng cho cuộc đời mình: Cứ mãi đeo bám một công việc dù biết trước chẳng thu được lợi lộc gì; cho rằng một dự án thành công suôn sẻ là do tài năng và trí lực, còn thất bại do ngoại cảnh khách quan; bán cổ phiếu lúc đã quá trễ, hoặc bán quá sớm… Và đó chỉ là một vài trong số hàng loạt các sai lầm “cơ bản” được Dobelli mổ xẻ phân tích qua 99 chương sách ngắn gọn, súc tích với những ví dụ minh hoạ thiết thực giúp ta có thể nhận diện và né tránh chúng.
Đơn giản, rõ ràng và toàn diện một cách đáng  ngạc nhiên, cuốn cẩm nang nhất định phải có này có thể thay đổi mãi mãi cách ta suy nghĩ, giúp ta quyết định sáng suốt hơn mỗi ngày ở bất cứ đâu,  trong bất cứ tình huống nào.",Sách tiếng Việt/Sách kỹ năng sống/Sách tư duy - Kỹ năng sống,82
242123562,"sách nghĩ bình đẳng, sống bình đẳng",,155000,295057,NONE,0,0,,https://tiki.vn/sach-nghi-binh-dang-song-binh-dang-_nha-nam-p242123562.html?spid=262749290,https://salt.tikicdn.com/cache/280x280/ts/product/6c/a3/88/978e1380a0b47a37e364c29bde50763a.jpg,"Nghĩ bình đẳng, sống bình đẳng
Bạn có biết, định kiến giới là một trong những thứ định kiến lâu đời nhất, dai dẳng nhất, và để lại nhiều hệ luỵ nhất? Không chỉ ở Việt Nam mà trên khắp thế giới, định kiến giới vẫn từng ngày len lỏi trong mọi ngóc ngách cuộc sống, vờn bóng đen lên mỗi suy nghĩ, lời nói, hành vi của chúng ta, âm thẩm gây thương tổn cho những người quanh ta?
Nhằm mục đích thúc đẩy nhận thức về bình đẳng giới, khuyến khích mỗi cá nhân và cả xã hội vượt qua những định kiến giới, Nghĩ bình đẳng, sống bình đẳng là thành quả sau nhiều năm hoạt động bền bỉ của dự án Nhà Nhiều Cột. Cuốn sách giới thiệu và cập nhật những kiến thức đa dạng, hiện đại về giới và bình đẳng giới, cung cấp tri thức nền tảng về vấn đề giới. Cùng với đó, những phân tích, bình luận về các sự kiện thực tế nóng hổi trên báo chí đương đại cũng có ý nghĩa quan trọng trong việc nhận diện, phê phán các hiện tượng bất bình đẳng giới đang tồn tại.
Nhận diện đúng và hiểu đúng về giới, chúng ta sẽ tiệm cận hơn với việc thực hành đúng theo tinh thần bình đẳng giới, góp phần kiến tạo một xã hội tốt đẹp, văn minh và tử tế hơn.",Sách tiếng Việt/Sách kỹ năng sống/Sách tư duy - Kỹ năng sống,937
242122617,"sách nghĩ bình đẳng, sống bình đẳng",,106000,126688,NONE,0,0,,https://tiki.vn/sach-nghi-binh-dang-song-binh-dang-p242122617.html?spid=247655829,https://salt.tikicdn.com/cache/280x280/ts/product/6c/a3/88/978e1380a0b47a37e364c29bde50763a.jpg,"Nghĩ bình đẳng, sống bình đẳng
Bạn có biết, định kiến giới là một trong những thứ định kiến lâu đời nhất, dai dẳng nhất, và để lại nhiều hệ luỵ nhất? Không chỉ ở Việt Nam mà trên khắp thế giới, định kiến giới vẫn từng ngày len lỏi trong mọi ngóc ngách cuộc sống, vờn bóng đen lên mỗi suy nghĩ, lời nói, hành vi của chúng ta, âm thẩm gây thương tổn cho những người quanh ta?
Nhằm mục đích thúc đẩy nhận thức về bình đẳng giới, khuyến khích mỗi cá nhân và cả xã hội vượt qua những định kiến giới, Nghĩ bình đẳng, sống bình đẳng là thành quả sau nhiều năm hoạt động bền bỉ của dự án Nhà Nhiều Cột. Cuốn sách giới thiệu và cập nhật những kiến thức đa dạng, hiện đại về giới và bình đẳng giới, cung cấp tri thức nền tảng về vấn đề giới. Cùng với đó, những phân tích, bình luận về các sự kiện thực tế nóng hổi trên báo chí đương đại cũng có ý nghĩa quan trọng trong việc nhận diện, phê phán các hiện tượng bất bình đẳng giới đang tồn tại.
Nhận diện đúng và hiểu đúng về giới, chúng ta sẽ tiệm cận hơn với việc thực hành đúng theo tinh thần bình đẳng giới, góp phần kiến tạo một xã hội tốt đẹp, văn minh và tử tế hơn.",Sách tiếng Việt/Sách kỹ năng sống/Sách tư duy - Kỹ năng sống,936
204078079,"sách nghĩ bình đẳng, sống bình đẳng",NHÀ NHIỀU CỘT,132440,1,OFFICIAL_STORE,5,11,101,https://tiki.vn/sach-nghi-binh-dang-song-binh-dang-p204078079.html?spid=204078080,https://salt.tikicdn.com/cache/280x280/ts/product/6c/a3/88/978e1380a0b47a37e364c29bde50763a.jpg,"Bạn có biết, định kiến giới là một trong những thứ định kiến lâu đời nhất, dai dẳng nhất, và để lại nhiều hệ luỵ nhất? Không chỉ ở Việt Nam mà trên khắp thế giới, định kiến giới vẫn từng ngày len lỏi trong mọi ngóc ngách cuộc sống, vờn bóng đen lên mỗi suy nghĩ, lời nói, hành vi của chúng ta, âm thẩm gây thương tổn cho những người quanh ta?
Nhằm mục đích thúc đẩy nhận thức về bình đẳng giới, khuyến khích mỗi cá nhân và cả xã hội vượt qua những định kiến giới, Nghĩ bình đẳng, sống bình đẳng là thành quả sau nhiều năm hoạt động bền bỉ của dự án Nhà Nhiều Cột. Cuốn sách giới thiệu và cập nhật những kiến thức đa dạng, hiện đại về giới và bình đẳng giới, cung cấp tri thức nền tảng về vấn đề giới. Cùng với đó, những phân tích, bình luận về các sự kiện thực tế nóng hổi trên báo chí đương đại cũng có ý nghĩa quan trọng trong việc nhận diện, phê phán các hiện tượng bất bình đẳng giới đang tồn tại.
Nhận diện đúng và hiểu đúng về giới, chúng ta sẽ tiệm cận hơn với việc thực hành đúng theo tinh thần bình đẳng giới, góp phần kiến tạo một xã hội tốt đẹp, văn minh và tử tế hơn.
NHÀ NHIỀU CỘT
Chiến dịch nhằm thay đổi nhận thức và hành vi của người trẻ đối với các định kiến giới và thay đổi các sản phẩm quảng cáo để hướng tới mục tiêu bình đẳng giới. Chiến dịch được thực hiện bởi Tổ chức CARE Quốc tế tại Việt Nam và TUVA Communication, với nguồn tài trợ của Investing in Women, một sáng kiến của Chính phủ Australia.
Sách được Sakedemy hỗ trợ thực hiện.",Sách tiếng Việt/Sách kỹ năng sống/Sách tư duy - Kỹ năng sống,827
106362310,sách nghĩ ngược lại và làm khác đi,MIKE ROHDE,165170,7734,TRUSTED_STORE,0,0,,https://tiki.vn/sach-sketchnote-thuc-hanh-p106362310.html?spid=277552076,https://salt.tikicdn.com/cache/280x280/ts/product/7a/26/1d/ae46000bb15fe8e5dfc75c13cea669a7.jpg,,Sách tiếng Việt/Sách kỹ năng sống/Sách tư duy - Kỹ năng sống,487
209413654,sách nghĩ ngược lại và làm khác đi,,143000,97533,NONE,0,0,,https://tiki.vn/sach-nhan-su-cot-can-alphabooks-ban-quyen-p209413654.html?spid=274746522,https://salt.tikicdn.com/cache/280x280/ts/product/cc/35/39/92fc774e808d3819686d00c1ebc8cc49.jpg,"Làm thế nào để thúc đẩy sự nghiệp và tạo ra tương lai rực rỡ bất chấp xuất phát điểm của bạn ở đâu?
Tại sao một số người dễ dàng bị sa thải, nản chí và bị thu hẹp mọi cơ hội, trong khi những người khác có cơ hội lựa chọn? Trong cuốn sách ấn tượng này, Seth Godin lập luận rằng đây là lúc cần trở nên thiết yếu hơn bao giờ hết, để trở thành người không thể thiếu - nhân sự cốt cán trong mọi tổ chức bạn làm việc.
Nhân sự cốt cán là mạch máu của mọi tổ chức: họ phát minh, lãnh đạo (bất kể chức danh nào), kết nối mọi người, làm cho mọi thứ xảy ra và tạo ra trật tự thoát khỏi sự hỗn loạn. Họ yêu thích công việc và nỗ lực trở thành phiên bản tốt nhất của bản thân và biến mỗi ngày thành một kiệt tác nghệ thuật. Trong thế giới ngày nay, họ có được những công việc tốt nhất và tự do nhất.
Nếu bạn từng tìm thấy một lối tắt mà người khác đã bỏ lỡ, thấy một cách mới để giải quyết xung đột hoặc kết nối với những người không thể với tới thì bạn đã có những tố chất cần thiết để trở thành người không thể thiếu.",Sách tiếng Việt/Sách kỹ năng sống/Sách tư duy - Kỹ năng sống,875
229725647,sách nghiên cứu phân tâm học,SIGMUND FREUD,128600,326534,NONE,1,1,1,https://tiki.vn/sach-nghien-cuu-phan-tam-hoc-tang-kem-bo-bookmark-love-book-p229725647.html?spid=253782633,https://salt.tikicdn.com/cache/280x280/ts/product/76/f7/56/128d2a84e61739eb7da3252311a62683.png,"Khi khai sinh lý thuyết Phân tâm học gây sốc với các khái niệm mới lạ như nguyên tắc khoái lạc, libido, hay khi đặt vô thức vào trung tâm nhân cách, vô hình trung vạch ra chân tướng tăm tối của lòng người, Sigmund Freud vừa được ngợi ca vừa bị chỉ trích gay gắt. Suốt thế kỷ 20 sang 21, học thuyết của ông thổi luồng sinh khí mạnh mẽ, đóng góp vô song vào tư duy hiện đại, vào sự chiêm nghiệm suy tư, ảnh hưởng sâu rộng và chan hoà đến mọi lĩnh vực đời sống lẫn khoa học và nghệ thuật như triết học, tâm lý học, xã hội học, y học và văn chươ
Vì sao Sigmund Freud vừa được tôn vinh như tâm lý gia thiên tài, triết gia lớn của thời đại, lại vừa bị coi là kẻ phá bĩnh, lừa bịp nhất trong lịch sử tư tưởng nhân loại? Ông đã thực sự nói gì? Độc giả có thể tìm thấy câu trả lời cụ thể ở một trước tác quan trọng mà ông trình bày những điểm chính yếu trong học thuyết của mình: Nghiên cứu phân tâm học.",Sách tiếng Việt/Sách kỹ năng sống/Sách tư duy - Kỹ năng sống,928
160754106,sách nghiên cứu phân tâm học,SIGMUND FREUD,118800,111899,OFFICIAL_STORE,0,70,1,https://tiki.vn/sach-nghien-cuu-phan-tam-hoc-p160754106.html?spid=271398853,https://salt.tikicdn.com/cache/280x280/ts/product/d9/19/57/33f17dad330b4ddfd8a20d8968f39626.jpg,"Khi khai sinh lý thuyết Phân tâm học gây sốc với các khái niệm mới lạ như nguyên tắc khoái lạc, libido, hay khi đặt vô thức vào trung tâm nhân cách, vô hình trung vạch ra chân tướng tăm tối của lòng người, Sigmund Freud vừa được ngợi ca vừa bị chỉ trích gay gắt. Suốt thế kỷ 20 sang 21, học thuyết của ông thổi luồng sinh khí mạnh mẽ, đóng góp vô song vào tư duy hiện đại, vào sự chiêm nghiệm suy tư, ảnh hưởng sâu rộng và chan hoà đến mọi lĩnh vực đời sống lẫn khoa học và nghệ thuật như triết học, tâm lý học, xã hội học, y học và văn chươ
Vì sao Sigmund Freud vừa được tôn vinh như tâm lý gia thiên tài, triết gia lớn của thời đại, lại vừa bị coi là kẻ phá bĩnh, lừa bịp nhất trong lịch sử tư tưởng nhân loại? Ông đã thực sự nói gì? Độc giả có thể tìm thấy câu trả lời cụ thể ở một trước tác quan trọng mà ông trình bày những điểm chính yếu trong học thuyết của mình: Nghiên cứu phân tâm học.",Sách tiếng Việt/Sách kỹ năng sống/Sách tư duy - Kỹ năng sống,729
91985785,sách người giỏi không bởi học nhiều,ALPHABOOKS,80000,126688,NONE,0,0,,https://tiki.vn/sach-nguoi-gioi-khong-boi-hoc-nhieu-p91985785.html?spid=206225784,https://salt.tikicdn.com/cache/280x280/ts/product/24/3d/00/0e16193eb21364dbe79ccf16449a02c5.jpg,"Người Giỏi Không Bởi Học Nhiều (Tái Bản 2018)
Cuốn sách Người giỏi không bởi học nhiều do Alpha Books biên soạn sẽ cung cấp cho bạn những phương pháp dễ áp dụng nhất trong học tập cũng như rèn luyện phong cách sống, giúp bạn đạt được những điều trên, và còn hơn thế nữa.
Trong cuốn sách tư duy học tập này, bạn sẽ biết cách :
Không đọc tất cả những gì được giao trên lớp
Tạo ra “Nghi thức Chủ nhật”
Bỏ đi một số giờ học mỗi kỳ
Bắt đầu bài tập lớn ngay khi được giao
Trở thành chủ tịch một câu lạc bộ trong trường
Ứng tuyển mười học bổng mỗi năm
Làm tốt hơn bất kỳ người nào bạn biết
Và còn nhiều điều nữa….",Sách tiếng Việt/Sách kỹ năng sống/Sách tư duy - Kỹ năng sống,421
249603546,sách người giỏi không bởi học nhiều,,71000,60209,NONE,0,0,,https://tiki.vn/nguoi-gioi-khong-boi-hoc-nhieu-sach-ban-quyen-p249603546.html?spid=249603547,https://salt.tikicdn.com/cache/280x280/ts/product/ac/1e/af/d161b08dd231e25bb03717dd3372e39b.jpg,"Người Giỏi Không Bởi Học Nhiều
Đảm bảo 100% sách gốc bản quyền từ NXB
Xử lí đơn đặt hàng nhanh
Chính sách hỗ trợ đổi sách cho khách hàng thuận tiện khi gặp sự cố
Người Giỏi Không Bởi Học Nhiều (Tái Bản 2018)
Người giỏi không bởi học nhiều là cuốn sách kỹ năng sẽ giúp bạn trở thành một sinh viên nổi bật và có những năm tháng trên giảng đường đại học.
Bạn làm gì để trở thành một sinh viên nổi bật? Làm thế nào để bạn có những năm tháng trên giảng đường đại học thú vị nhất, trưởng thành nhất - tốt nghiệp đại học bằng xuất sắc, tham gia các hoạt động bổ ích, và khi ra trường xây dựng được một hồ sơ xin việc đẹp, có nhiều cơ hội việc làm sau khi tốt nghiệp đại học?
Cuốn sách Người giỏi không bởi học nhiều do Alpha Books biên soạn sẽ cung cấp cho bạn những phương pháp dễ áp dụng nhất trong học tập cũng như rèn luyện phong cách sống, giúp bạn đạt được những điều trên, và còn hơn thế nữa.
Trong cuốn sách tư duy học tập này, bạn sẽ biết cách :
Không đọc tất cả những gì được giao trên lớp
Tạo ra “Nghi thức Chủ nhật”
Bỏ đi một số giờ học mỗi kỳ
Bắt đầu bài tập lớn ngay khi được giao
Trở thành chủ tịch một câu lạc bộ trong trường
Ứng tuyển mười học bổng mỗi năm
Làm tốt hơn bất kỳ người nào bạn biết
Và còn nhiều điều nữa….
— Hãy chiêm nghiệm cuốn sách và cảm nhận hương vị của một tách trà vào mỗi cuối tuần khi bạn dành nhiều thời gian hơn cho bản thân mình! —",Sách tiếng Việt/Sách kỹ năng sống/Sách tư duy - Kỹ năng sống,1009
22172685,sách người hùng ý tưởng,PAUL ALLEN,175000,7247,OFFICIAL_STORE,5,4,3,https://tiki.vn/sach-nguoi-hung-y-tuong-tang-kem-bookmark-tiki-p22172685.html?spid=60855069,https://salt.tikicdn.com/cache/280x280/ts/product/f7/d7/aa/ca7198b1557c33cb4256650e6cc9cbfa.jpg,"“Cuộc thập tự chinh nào mà để nhắm đến nó ta lại chẳng cần đến tinh thần lạc quan và tham vọng?” – Paul Allen
Cuốn sách là bức chân dung tự hoạ đa màu về một doanh nhân đa tài đứng sau những ý tưởng đột phá hình thành nên bản sắc không thể trộn lẫn của Microsoft ngay từ những ngày đầu. Còn Paul Allen, chủ nhân của bức chân dung ấy, là biểu tượng của tinh thần sáng tạo, không ngừng tìm tòi, học hỏi với những đóng góp lớn lao trong nhiều lĩnh vực, từ công nghệ đến khoa học, từ âm nhạc đến hàng không hay trí tuệ nhân tạo, từ đầu tư đến thể thao hay từ thiện. Dù làm bất kỳ công việc gì, xuất hiện ở bất kỳ đâu, Paul luôn cho những người xung quanh thấy khả năng “phiêu” cùng những ý tưởng đột phá, khả năng đơn giản hoá những điều phức tạp, từ đó mang lại những kết quả đầy bất ngờ. Đây đích thị là cuốn sách không thể bỏ lỡ đối với bất cứ ai yêu thích công nghệ, đam mê những
ý tưởng đột phá được nảy nở từ “cỗ máy” ý tưởng mang tên Paul Allen.",Sách tiếng Việt/Sách kỹ năng sống/Sách tư duy - Kỹ năng sống,240
14447467,sách người hùng ý tưởng,PAUL ALLEN,129000,1,OFFICIAL_STORE,5,16,224,https://tiki.vn/sach-nguoi-hung-y-tuong-p14447467.html?spid=14447468,https://salt.tikicdn.com/cache/280x280/ts/product/e9/5d/70/2dece7854a894bbf49579f6acc130857.jpg,"Người Hùng Ý Tưởng
“Cuộc thập tự chinh nào mà để nhắm đến nó ta lại chẳng cần đến tinh thần lạc quan và tham vọng?” – Paul Allen
Cuốn sách là bức chân dung tự hoạ đa màu về một doanh nhân đa tài đứng sau những ý tưởng đột phá hình thành nên bản sắc không thể trộn lẫn của Microsoft ngay từ những ngày đầu. Còn Paul Allen, chủ nhân của bức chân dung ấy, là biểu tượng của tinh thần sáng tạo, không ngừng tìm tòi, học hỏi với những đóng góp lớn lao trong nhiều lĩnh vực, từ công nghệ đến khoa học, từ âm nhạc đến hàng không hay trí tuệ nhân tạo, từ đầu tư đến thể thao hay từ thiện. Dù làm bất kỳ công việc gì, xuất hiện ở bất kỳ đâu, Paul luôn cho những người xung quanh thấy khả năng “phiêu” cùng những ý tưởng đột phá, khả năng đơn giản hoá những điều phức tạp, từ đó mang lại những kết quả đầy bất ngờ. Đây đích thị là cuốn sách không thể bỏ lỡ đối với bất cứ ai yêu thích công nghệ, đam mê những ý tưởng đột phá được nảy nở từ “cỗ máy” ý tưởng mang tên Paul Allen.",Sách tiếng Việt/Sách kỹ năng sống/Sách tư duy - Kỹ năng sống,213
275361141,sách nguyên tắc 50 - không sợ hãi,,117000,295057,NONE,0,0,,https://tiki.vn/sach-nguyen-tac-50-khong-so-hai-nxb-tre-p275361141.html?spid=275454093,https://salt.tikicdn.com/cache/280x280/ts/product/cb/23/a5/756144be15bf7408381b282df04b7c95.jpg,"Nguyên Tắc 50 - Không Sợ Hãi
Sợ hãi là một trong những cảm xúc nguyên thuỷ nhất mà mỗi người cảm nhận được ngay từ lúc chào đời. Không ai thoát khỏi quy luật chung này. Vì vậy, vượt qua sợ hãi, với tất cả hình thức cung bậc đa dạng của nó, không phải là điều tự nhiên đến mà là kết quả của một quá trình nỗ lực kiên trì, có ý thức, có phương pháp. Robert Greene đã trình bày trong cuốn sách của mình, thông qua 10 chương sách, 10 chiến lược hành động khác nhau để vượt qua những khía cạnh khác nhau của cảm giác sợ hãi. Những gì được viết ra trong cuốn sách không phải là điều gì mới lạ do tác giả phát minh ra, mà đơn thuần chỉ là sự tổng kết có hệ thống những phương cách mà nhiều nhân vật nổi tiếng trong lịch sử thuộc mọi lĩnh vực - từ chính trị, quân sự đến kinh doanh, từ thể thao đỉnh cao đến nghiên cứu khoa học – đã áp dụng thành công để vượt qua nỗi sợ hãi của chính họ nhằm tiến tới thành công. Bên cạnh những khuôn mặt nổi tiếng trong lịch sử, Greene dẫn dắt bạn đọc theo con đường vươn lên của ca sĩ nổi tiếng 50 Cent từ một đứa trẻ lang thang bán ma tuý trên đường phố trở thành ông chủ đầy quyền lực của một đế chế kinh doanh phát đạt, cũng như cách mà anh vượt qua những thử thách mới, những nỗi sợ hãi mới gặp phải trong mỗi giai đoạn của cuộc sống.",Sách tiếng Việt/Sách kỹ năng sống/Sách tư duy - Kỹ năng sống,1214
273245210,sách nguyên tắc 50 - không sợ hãi,50 CENT & ROBERT GREENE,123500,670,OFFICIAL_STORE,0,0,,https://tiki.vn/sach-nguyen-tac-50-khong-so-hai-p273245210.html?spid=277031727,https://salt.tikicdn.com/cache/280x280/ts/product/64/ca/93/25dce93ad3b129060ff1d8e524344415.jpg,"Sợ hãi là một trong những cảm xúc nguyên thuỷ nhất mà mỗi người cảm nhận được ngay từ lúc chào đời. Không ai thoát khỏi quy luật chung này. Vì vậy, vượt qua sợ hãi, với tất cả hình thức cung bậc đa dạng của nó, không phải là điều tự nhiên đến mà là kết quả của một quá trình nỗ lực kiên trì, có ý thức, có phương pháp. Robert Greene đã trình bày trong cuốn sách của mình, thông qua 10 chương sách, 10 chiến lược hành động khác nhau để vượt qua những khía cạnh khác nhau của cảm giác sợ hãi. Những gì được viết ra trong cuốn sách không phải là điều gì mới lạ do tác giả phát minh ra, mà đơn thuần chỉ là sự tổng kết có hệ thống những phương cách mà nhiều nhân vật nổi tiếng trong lịch sử thuộc mọi lĩnh vực - từ chính trị, quân sự đến kinh doanh, từ thể thao đỉnh cao đến nghiên cứu khoa học – đã áp dụng thành công để vượt qua nỗi sợ hãi của chính họ nhằm tiến tới thành công. Bên cạnh những khuôn mặt nổi tiếng trong lịch sử, Greene dẫn dắt bạn đọc theo con đường vươn lên của ca sĩ nổi tiếng 50 Cent từ một đứa trẻ lang thang bán trên đường phố trở thành ông chủ đầy quyền lực của một đế chế kinh doanh phát đạt, cũng như cách mà anh vượt qua những thử thách mới, những nỗi sợ hãi mới gặp phải trong mỗi giai đoạn của cuộc sống.",Sách tiếng Việt/Sách kỹ năng sống/Sách tư duy - Kỹ năng sống,1088
274672791,sách nguyên tắc 50 - không sợ hãi,,103800,9988,NONE,0,0,2,https://tiki.vn/sach-nguyen-tac-50-khong-so-hai-p274672791.html?spid=274672792,https://salt.tikicdn.com/cache/280x280/ts/product/64/ca/93/31a6d3269ec85f7178cdcdc65aaa58c8.jpg,"Sách Nguyên Tắc 50 - Không Sợ Hãi
Sợ hãi là một trong những cảm xúc nguyên thuỷ nhất mà mỗi người cảm nhận được ngay từ lúc chào đời. Không ai thoát khỏi quy luật chung này. Vì vậy, vượt qua sợ hãi, với tất cả hình thức cung bậc đa dạng của nó, không phải là điều tự nhiên đến mà là kết quả của một quá trình nỗ lực kiên trì, có ý thức, có phương pháp. Robert Greene đã trình bày trong cuốn sách của mình, thông qua 10 chương sách, 10 chiến lược hành động khác nhau để vượt qua những khía cạnh khác nhau của cảm giác sợ hãi. Những gì được viết ra trong cuốn sách không phải là điều gì mới lạ do tác giả phát minh ra, mà đơn thuần chỉ là sự tổng kết có hệ thống những phương cách mà nhiều nhân vật nổi tiếng trong lịch sử thuộc mọi lĩnh vực - từ chính trị, quân sự đến kinh doanh, từ thể thao đỉnh cao đến nghiên cứu khoa học – đã áp dụng thành công để vượt qua nỗi sợ hãi của chính họ nhằm tiến tới thành công. Bên cạnh những khuôn mặt nổi tiếng",Sách tiếng Việt/Sách kỹ năng sống/Sách tư duy - Kỹ năng sống,1137
198208145,sách nguyên tắc 50 - không sợ hãi,50 CENT & ROBERT GREENE,107000,1,OFFICIAL_STORE,5,43,390,https://tiki.vn/sach-nguyen-tac-50-khong-so-hai-tai-ban-2022-p198208145.html?spid=198208146,https://salt.tikicdn.com/cache/280x280/ts/product/01/cd/0c/d4e648e41bc92221859d49cb7c6c8488.jpg,"Sợ hãi là một trong những cảm xúc nguyên thuỷ nhất mà mỗi người cảm nhận được ngay từ lúc chào đời. Không ai thoát khỏi quy luật chung này. Vì vậy, vượt qua sợ hãi, với tất cả hình thức cung bậc đa dạng của nó, không phải là điều tự nhiên đến mà là kết quả của một quá trình nỗ lực kiên trì, có ý thức, có phương pháp. Robert Greene đã trình bày trong cuốn sách của mình, thông qua 10 chương sách, 10 chiến lược hành động khác nhau để vượt qua những khía cạnh khác nhau của cảm giác sợ hãi. Những gì được viết ra trong cuốn sách không phải là điều gì mới lạ do tác giả phát minh ra, mà đơn thuần chỉ là sự tổng kết có hệ thống những phương cách mà nhiều nhân vật nổi tiếng trong lịch sử thuộc mọi lĩnh vực - từ chính trị, quân sự đến kinh doanh, từ thể thao đỉnh cao đến nghiên cứu khoa học – đã áp dụng thành công để vượt qua nỗi sợ hãi của chính họ nhằm tiến tới thành công. Bên cạnh những khuôn mặt nổi tiếng trong lịch sử, Greene dẫn dắt bạn đọc theo con đường vươn lên của ca sĩ nổi tiếng 50 Cent từ một đứa trẻ lang thang bán chất cấm trên đường phố trở thành ông chủ đầy quyền lực của một đế chế kinh doanh phát đạt, cũng như cách mà anh vượt qua những thử thách mới, những nỗi sợ hãi mới gặp phải trong mỗi giai đoạn của cuộc sống.",Sách tiếng Việt/Sách kỹ năng sống/Sách tư duy - Kỹ năng sống,798
760924,sách nhà máy sản xuất niềm vui,NGUYỄN MẠNH HÙNG,48950,161219,NONE,0,0,,https://tiki.vn/sach-nha-may-san-xuat-niem-vui-p760924.html?spid=133939599,https://salt.tikicdn.com/cache/280x280/media/catalog/product/b/i/bia_nha-may-san-xuat-niem-vui_out-01.u5505.d20170801.t161037.878574.jpg,"Nhà Máy Sản Xuất Niềm Vui
Mỗi ngày ta thức dậy, ấy là ta có trọn vẹn một ngày mới. Nhưng không phải ai cũng nhận ra hạnh phúc diệu kỳ này, để rồi lãng phí một cơ hội tận hưởng niềm vui.
Không phải ai cũng biết tận dụng tối đa từng giây từng phút của một ngày quý giá để tạo ra niềm vui cho chính mình.Về bản chất, nếu biết cách, chúng ta có thể biến mình thành 1 nhà máy sản xuất niềm vui. Bởi khác với những nhà máy phải tốn vô số tiền cho mặt bằng, cho máy móc, cho vật liệu… nhà máy này rất giản đơn. TS Nguyễn Mạnh Hùng đã giới thiệu đến chúng ta một công nghệ nhà máychứa các phương pháp sản xuất niềm vui mỗi ngày.
Bạn nhận chuyển giao công nghệ của “Nhà máy sản xuất niềm vui” này và trách nhiệm của bạn là phải mang 1 triệu niệm vui đến cho những người quanh bạn, nhất là gia đình và người thân, và đặc biệt là đến cho chính bạn.Cuốn sách này là một nhà máy sản xuất niềm vui. Bạn chuyển cuốn sách này đến ai đó để họ đọc là bạn đã có công chuyển giao công nghệ của “nhà máy sản xuất niềm vui” rồi đấy.
Cuốn sách nhỏ dành cho niềm vui và hạnh phúc lớn.",Sách tiếng Việt/Sách kỹ năng sống/Sách kỹ năng mềm,98
120183403,sách nhà máy sản xuất niềm vui,,43800,161219,NONE,5,1,5,https://tiki.vn/sach-nha-may-san-xuat-niem-vui-p120183403.html?spid=120183407,https://salt.tikicdn.com/cache/280x280/ts/product/83/1f/7a/579f9b073822a13db140450d3c2a651f.jpg,"Nhà máy sản xuất niềm vui
Mỗi ngày ta thức dậy, ấy là ta có trọn vẹn một ngày mới. Nhưng không phải ai cũng nhận ra hạnh phúc diệu kỳ này, để rồi lãng phí một cơ hội tận hưởng niềm vui. Không phải ai cũng biết tận dụng tối đa từng giây từng phút của một ngày quý gia để tạo ra niềm vui cho chính mình. Về bản chất, nếu biết cách, chúng ta có thể biến mình thành 1 nhà máy sản xuất niềm vui. Bởi khác với những nhà máy phải tốn vô số tiền cho mặt bằng, cho máy móc, cho vật liệu… nhà máy này rất giản đơn. TS Nguyễn Mạnh Hùng đã giới thiệu đến chúng ta một công nghệ nhà máy mới chứa các phương pháp sản xuất niềm vui mỗi ngày.
TS Nguyễn Mạnh Hùng - Chủ tịch HĐQT kiêm TGĐ công ty CP Sách Thái Hà là tác giả của nhiều cuốn sách về quản trị kinh doanh và thực hành đạo Phật trong đời thường như.
Các cuốn sách đã xuất bản
- Bài Học Từ Người Quét Rác
- Tâm Từ Tâm
- Hạnh Phúc Thật Giản Đơn
- Happy Book – Hạnh Phúc Mỗi Ngày
- Trồng Hoa Không Cho Mọc Rễ
- Nhà Máy Sản Xuất Niềm Vui",Sách tiếng Việt/Sách kỹ năng sống/Sách kỹ năng mềm,611
787546,sách nhà máy sản xuất niềm vui,NGUYỄN MẠNH HÙNG,35500,1,OFFICIAL_STORE,4.8,5,205,https://tiki.vn/sach-nha-may-san-xuat-niem-vui-p787546.html?spid=787572,https://salt.tikicdn.com/cache/280x280/media/catalog/product/b/i/bia_nha-may-san-xuat-niem-vui_6-7-2017-01.u5426.d20170810.t151041.537195.jpg,"Nhà Máy Sản Xuất Niềm Vui
Mỗi ngày ta thức dậy, ấy là ta có trọn vẹn một ngày mới. Nhưng không phải ai cũng nhận ra hạnh phúc diệu kỳ này, để rồi lãng phí một cơ hội tận hưởng niềm vui. Không phải ai cũng biết tận dụng tối đa từng giây từng phút của một ngày quý gia để tạo ra niềm vui cho chính mình.
Về bản chất, nếu biết cách, chúng ta có thể biến mình thành 1 nhà máy sản xuất niềm vui. Bởi khác với những nhà máy phải tốn vô số tiền cho mặt bằng, cho máy móc, cho vật liệu… nhà máy này rất giản đơn. TS Nguyễn Mạnh Hùng đã giới thiệu đến chúng ta một công nghệ nhà máy chứa các phương pháp sản xuất niềm vui mỗi ngày.
Bạn nhận chuyển giao công nghệ của “Nhà máy sản xuất niềm vui” này và trách nhiệm của bạn là phải mang 1 triệu niệm vui đến cho những người quanh bạn, nhất là gia đình và người thân, và đặc biệt là đến cho chính bạn.
Cuốn sách này là một nhà máy sản xuất niềm vui. Bạn chuyển cuốn sách này đến ai đó để họ đọc là bạn đã có công chuyển giao công nghệ của “nhà máy sản xuất niềm vui” rồi đấy.
Cuốn sách nhỏ dành cho niềm vui và hạnh phúc.",Sách tiếng Việt/Sách kỹ năng sống/Sách kỹ năng mềm,99
20421682,sách nhân sự cốt cán,S. J. SCOTT,52400,1,OFFICIAL_STORE,3.7,12,189,https://tiki.vn/sach-tu-ga-mo-thanh-chuyen-gia-p20421682.html?spid=20421683,https://salt.tikicdn.com/cache/280x280/ts/product/7b/91/6b/e5c4caf5b05d0bbfbb54565c60b286a5.jpg,"Bạn không biết làm thế nào để bắt đầu với một kỹ năng mới? Không thể dành thời gian cho một dự án? Thường bỏ cuộc trong thất vọng sau khi bắt đầu một việc gì đó mới?
Tất cả chúng ta đều muốn mở rộng kiến thức hiện tại của mình. Nhưng đôi khi, chúng ta không thể duy trì sự thích ứng với một kỹ năng hoặc thói quen mới. Thật dễ để rơi vào cái bẫy khi bạn chỉ tập trung vào việc học mà không bao giờ thực hành.
Bất cứ ai cũng có thể phát triển một tài năng với sự kết hợp chính xác giữa việc thực hành, động lực và huấn luyện. Đó là những gì bạn sẽ học được trong cuốn Từ gà mờ thành chuyên gia.",Sách tiếng Việt/Sách kỹ năng sống/Sách tư duy - Kỹ năng sống,224
9843948,sách nhân sự cốt cán,"RICH KARLGAARD, MICHAEL S. MALONE",112000,1,OFFICIAL_STORE,4.8,16,351,https://tiki.vn/sach-thien-tai-doi-nhom-team-genius-p9843948.html?spid=9843949,https://salt.tikicdn.com/cache/280x280/ts/product/b8/b0/9e/9c495809789c4cecab8c16af53b86524.jpg,"Dựa trên những báo cáo nghiên cứu khoa học mới nhất, những nghiên cứu tình huống hấp dẫn và những câu chuyện kể thú vị, cuốn sách này là minh chứng cho thấy việc thiết kế, thành lập và quản lý những đội nhóm vĩ đại không phải là một thứ nghệ thuật khó nhằn. Nó hoàn toàn có thể học hỏi, trui rèn để khai mở các giải pháp cho những vấn đề cấp thiết quyết định sự thành công hoặc lụi tàn của tổ chức.
Bên cạnh đó, cuốn sách cũng đưa ra góc nhìn mới mẻ về vai trò của đội nhóm trong năng lực cạnh tranh của các tổ chức, giúp giải quyết những câu hỏi căn cốt như: Làm thế nào để tái tổ chức các đội nhóm dưới chuẩn thành những đội nhóm siêu hạng? Những đội nhóm nào đang tiến đến thoái trào trong tổ chức? Quy mô đội nhóm như thế nào để phù hợp với công việc?
“Hoàn toàn thuyết phục và cực kỳ cần thiết… Đây là một cuốn sách tuyệt vời về thành tích của đội nhóm, giúp làm rõ những điều cần biết về một chủ đề đang ngày càng cấp thiết đối với thành công của tổ chức.”
- Steve Forbes, Forbes
“Thiên tài đội nhóm mang đến một phương pháp thực tế để thúc đẩy các đội nhóm siêu hạng.”
- Satya Nadella, CEO, Microsoft",Sách tiếng Việt/Sách kỹ năng sống/Sách tư duy - Kỹ năng sống,183
106362859,sách những kẻ xuất chúng,MALCOLM GLADWELL,143000,126688,NONE,5,2,2,https://tiki.vn/sach-nhung-ke-xuat-chung-p106362859.html?spid=113914777,https://salt.tikicdn.com/cache/280x280/ts/product/41/22/16/d07ca45f99d24a0370e1454f17ecbeff.jpg,Sách - Những kẻ xuất chúng,Sách tiếng Việt/Sách kỹ năng sống/Sách tư duy - Kỹ năng sống,587
32530093,sách những kẻ xuất chúng,MALCOLM GLADWELL,143000,97533,NONE,0,6,3,https://tiki.vn/nhung-ke-xuat-chung-tai-ban-2019-tang-bookmark-tuyet-dep-p32530093.html?spid=74678900,https://salt.tikicdn.com/cache/280x280/ts/product/dc/35/44/1ae27fbe2daab12900cb0353ba8ecd81.jpg,"Cuốn sách sẽ giúp bạn tìm ra câu trả lời thông qua các phân tích về xã hội, văn hoá và thế hệ của những nhân vật kiệt xuất như Bill Gates, Beatles và Mozart, bên cạnh những thất bại đáng kinh ngạc của một số người khác (ví dụ: Christopher Langan, người có chỉ số IQ cao hơn Einstein nhưng rốt cuộc lại quay về làm việc trong một trại ngựa). Theo đó, cùng với tài năng và tham vọng, những người thành công đều được thừa hưởng một cơ hội đặt biệt để rèn luyện kỹ năng và cho phép họ vượt lên những người cùng trang lứa. Với giọng văn lôi cuốn và cách kể chuyện hết sức có duyên, Malcolm Gladwell cũng viện dẫn rất nhiều giai thoại thú vị như tại sao phần lớn các cậu bé giỏi môn khúc côn cầu lại sinh vào tháng một, tại sao con cái của những người Do Thái nhập cư lại trở thành những luật sư quyền lực nhất New York, tại sao truyền thống văn hoá của nền nông nghiệp lúa nước lại có thể giúp trẻ em châu Á giỏi toán. Nhưng không chỉ có thế, thông qua những ví dụ này, Gladwell muốn bàn luận về những con đường phức tạp dẫn đến thành công của con người. Thách thức niềm tin về ""con người tự lực"", tác giả quả quyết rằng các vĩ nhân không tự dưng mà có, cũng không được thúc đẩy bởi thiên tài hay tài năng. Họ là những người được hưởng một ""lợi thế vô hình"" và cơ hội khác thường từ môi trường và hoàn cảnh, nhờ đó họ vươn tới những đỉnh cao mà người khác không thể đạt được. Theo ông, ""một vài người xứng đáng với điều đó, một vài người khác thì không, một số người tạo ra thành công, một số đơn giản là do may mắn"".",Sách tiếng Việt/Sách kỹ năng sống/Sách tư duy - Kỹ năng sống,282
273273943,sách những quy tắc trong cuộc sống,RICHARD TEMPLAR,86500,1,OFFICIAL_STORE,4.5,22,73,https://tiki.vn/sach-nhung-quy-tac-trong-cuoc-song-p273273943.html?spid=273273946,https://salt.tikicdn.com/cache/280x280/ts/product/f5/c9/17/48d1de35b0bb7606bcfe7eaf83e6933a.jpg,"Những Quy Tắc Trong Cuộc Sống (Tái Bản 2018)
Một số người dường như rất suôn sẻ trong đường đời. Họ lướt đi trên con đường của mình thật nhẹ nhàng và luôn có đáp án chính xác cho mọi tình huống. Tất cả mọi người đều yêu mến họ - tuyệt vời biết bao khi được sống và làm việc cùng họ. Họ luôn hạnh phúc và vững vàng vượt qua mọi sóng gió cuộc đời. Họ dành thời gian cho tất vả mọi người và dường như luôn biết được điều gì là quan trọng. Liệu có điều gì đó họ biết và làm mà chúng ta không biết? Và liệu có điều gì mà tất cả chúng ta có thể làm?
Câu trả lời là hoàn toàn có thể: hãy nắm vững những quy tắc trong cuộc sống. Những quy tắc trong cuộc sống là các chỉ dẫn sẽ giúp bạn có nhiều thành tựu hơn trong cuộc sống, dễ dàng vượt qua những khó khăn và trở thành một người hạnh phúc hơn, điềm tĩnh hơn và hài lòng hơn với cuộc sống của mình. Bạn sẽ thấy những điều tuyệt diệu xảy ra và những người xung quanh bạn cũng vậy.",Sách tiếng Việt/Sách kỹ năng sống/Sách tư duy - Kỹ năng sống,1089
362226,sách những quy tắc trong cuộc sống,RICHARD TEMPLAR,129000,326683,NONE,0,1,,https://tiki.vn/sach-nhung-quy-tac-trong-cuoc-song-p362226.html?spid=273348285,https://salt.tikicdn.com/cache/280x280/media/catalog/product/n/h/nhung-quy-tac-trong-cuoc-song-a.jpg,"Những Quy Tắc Trong Cuộc Sống
Những Quy Tắc Trong Cuộc Sống - Bí Quyết Cho Một Cuộc Sống Tốt Đẹp Hơn, Hạnh Phúc Hơn Và Thành Đạt Hơn: Những bí quyết cá nhân cho một cuộc sống tốt đẹp hơn, hạn phúc hơn và thành đạt hơn.
Một số người dường như rất suôn sẻ trong đường đời. Họ lướt đi trên con đường của mình thật nhẹ nhàng và luôn có đáp án chính xác cho mọi tình huống. Tất cả mọi người đều yêu mêm họ - tuyệt vời biết bao khi được sống và làm việc cùng họ. Họ luônh luôn hạnh phúc và vững vàng vượt qua mọi sóng gió cuộc đời. Họ dành thời gian cho tất cả mọi người và dường như luôn luôn biết được điều gì là quan trọng (và điều gì thì không).
Liệu có điều gí đó họ biết và làm mà chúng ta không biết? Và liệu cò điều gì mà tất cả chúng ta điều có thể làm ? Câu trả lời là hoàn toàn có thể: Hãy nắm vững những quy tắc trong cuộc sống.
Những Quy Tắc Trong Cuộc Sống là các chỉ dẫn sẽ giúp bạn có đựoc nhiều thành tựu hơn trong cuộc sống, dễ dàng vượt qua những khó khăn và trở thành một người hạnh phúc hơn, điềm tỉh hơn và hài lòng hơn với cuộc sống của mình. Bạn sẽ thấy những điều tuyệt diệu xảy ra và những người sống quanh bạn cũng vậy.
Đó là cuộc sống của bạn. Hãy khiến cuộc sống toả sáng mỗi ngày.
* Lời mở đầu
* Những quy tắc dành cho bạn
* Những quy tắc trong quan hệ với người bạn đời
* Những quy tắc trong quan hệ với gia đình và bạn bè
* Những quy tắc trong quan hệ xã hội
* Những quy tắc trong quan hệ với thế giới.
Mời bạn đón đọc.",Sách tiếng Việt/Sách kỹ năng sống/Sách tư duy - Kỹ năng sống,35
67873668,sách những quy tắc trong cuộc sống,RICHARD TEMPLAR,99000,7247,OFFICIAL_STORE,0,3,5,https://tiki.vn/sach-nhung-quy-tac-trong-cuoc-song-tai-ban-2020-p67873668.html?spid=70780997,https://salt.tikicdn.com/cache/280x280/ts/product/4c/28/7b/6dbb768039d37dcca1f94e7335711160.png,"Một số người dường như rất suôn sẻ trong đường đời. Họ lướt đi trên con đường của mình thật nhẹ nhàng và luôn có đáp án chính xác cho mọi tình huống. Tất cả mọi người đều yêu mến họ - tuyệt vời biết bao khi được sống và làm việc cùng họ. Họ luôn hạnh phúc và vững vàng vượt qua mọi sóng gió cuộc đời. Họ dành thời gian cho tất vả mọi người và dường như luôn biết được điều gì là quan trọng. Liệu có điều gì đó họ biết và làm mà chúng ta không biết? Và liệu có điều gì mà tất cả chúng ta có thể làm?
Câu trả lời là hoàn toàn có thể: hãy nắm vững những quy tắc trong cuộc sống. Những quy tắc trong cuộc sống là các chỉ dẫn sẽ giúp bạn có nhiều thành tựu hơn trong cuộc sống, dễ dàng vượt qua những khó khăn và trở thành một người hạnh phúc hơn, điềm tĩnh hơn và hài lòng hơn với cuộc sống của mình. Bạn sẽ thấy những điều tuyệt diệu xảy ra và những người xung quanh bạn cũng vậy.",Sách tiếng Việt/Sách kỹ năng sống/Sách tư duy - Kỹ năng sống,375
433335,sách những quy tắc trong cuộc sống,RICHARD TEMPLAR,116000,97533,NONE,0,9,,https://tiki.vn/sach-nhung-quy-tac-trong-cuoc-song-tai-ban-2015-p433335.html?spid=274747960,https://salt.tikicdn.com/cache/280x280/media/catalog/product/i/m/img101_1_3.jpg,"Những Quy Tắc Trong Cuộc Sống
Một số người dường như rất suôn sẻ trong đường đời. Họ lướt đi trên con đường của mình thật nhẹ nhàng và luôn có đáp án chính xác cho mọi tình huống. Tất cả mọi người đều yêu mến họ - tuyệt vời biết bao khi được sống và làm việc cùng họ. Họ luôn hạnh phúc và vững vàng vượt qua mọi sóng gió cuộc đời. Họ dành thời gian cho tất vả mọi người và dường như luôn biết được điều gì là quan trọng. Liệu có điều gì đó họ biết và làm mà chúng ta không biết? Và liệu có điều gì mà tất cả chúng ta có thể làm?
Câu trả lời là hoàn toàn có thể: hãy nắm vững những quy tắc trong cuộc sống. Những quy tắc trong cuộc sống là các chỉ dẫn sẽ giúp bạn có nhiều thành tựu hơn trong cuộc sống, dễ dàng vượt qua những khó khăn và trở thành một người hạnh phúc hơn, điềm tĩnh hơn và hài lòng hơn với cuộc sống của mình. Bạn sẽ thấy những điều tuyệt diệu xảy ra và những người xung quanh bạn cũng vậy.",Sách tiếng Việt/Sách kỹ năng sống/Sách tư duy - Kỹ năng sống,50
106362871,sách nlp căn bản,.,179000,97533,NONE,0,0,1,https://tiki.vn/sach-nlp-can-ban-tai-ban-2019-p106362871.html?spid=191916070,https://salt.tikicdn.com/cache/280x280/ts/product/3b/e0/ca/0874cc4b51fe7a959b6fdae62f26853d.jpg,"NLP Căn Bản (Tái Bản 2019)
Đọc NLP căn bản, bạn sẽ:
- Và làm được nhiều điều thú vị khác trong cuộc sống
“NLP là một cách thức tiếp cận đầy giá trị và hấp dẫn về chủ đề học tập và giao tiếp. Cuốn sách này là một sự dẫn nhập tuyệt vời vào ngành nghiên cứu này.” - TONY BUZAN",Sách tiếng Việt/Sách kỹ năng sống/Sách tư duy - Kỹ năng sống,589
247811813,sách nlp căn bản,,161000,97533,NONE,0,0,,https://tiki.vn/nlp-can-ban-sach-ban-quyen-p247811813.html?spid=274744288,https://salt.tikicdn.com/cache/280x280/ts/product/5b/13/a9/1b17133b1297fa1cc642a8fd288e5ac2.jpg,"NLP Căn Bản (*** Sách Bản Quyền ***)
NLP Căn Bản (*** Sách Bản Quyền ***)
Bằng cách khám phá suy nghĩ và hành động của những người thành công, bạn có thể học được những kỹ năng và công cụ để biến đổi cuộc sống của chính mình.
Đã bao giờ bạn tự hỏi tại sao cùng đối mặt với một vấn đề mà kết quả mọi người thu được lại rất khác nhau? Tại sao một số người lại thành công ở mọi mặt, tràn đầy nhiệt huyết và luôn tìm thấy những niềm vui bất tận, còn những người khác thì không?
“NLP là một cách thức tiếp cận đầy giá trị và hấp dẫn về chủ đề học tập và giao tiếp. Cuốn sách này là một sự dẫn nhập tuyệt vời vào ngành nghiên cứu này.”-Tony Buzan
— Hãy chiêm nghiệm cuốn sách và cảm nhận hương vị của một tách trà vào mỗi cuối tuần khi bạn có nhiều thời gian hơn dành cho bản thân mình! —",Sách tiếng Việt/Sách kỹ năng sống/Sách tư duy - Kỹ năng sống,966
105366577,sách nói một cách đơn giản,RHEE DONGWOO,110295,161219,NONE,0,1,2,https://tiki.vn/sach-noi-mot-cach-don-gian-p105366577.html?spid=105366581,https://salt.tikicdn.com/cache/280x280/ts/product/f3/8f/dd/656a616d5f85b9bd426ea66b0592e440.jpg,#NAME?,Sách tiếng Việt/Sách kỹ năng sống/Sách tư duy - Kỹ năng sống,454
100347903,sách nói một cách đơn giản,RHEE DONGWOO,112200,53660,OFFICIAL_STORE,4.5,118,16,https://tiki.vn/sach-noi-mot-cach-don-gian-p100347903.html?spid=106995910,https://salt.tikicdn.com/cache/280x280/ts/product/12/0f/e6/a4430c19ebafaff67edad2db6c22a422.jpg,"“Tại sao tôi không thể nói đúng như ý mình?”
- Kim Hong Muk, Giáo sư khoa Phát triển Sức sáng tạo Nguồn nhân lực của trường Đại học Incheon, cựu Giám đốc Học viện SK
Tốt nghiệp khoa Luật trường Đại học Hallim và thạc sĩ khoa Báo chí trường Đại học Yonsei. Đã công tác tại báo Kinh tế Hàn Quốc, Công ty phần mềm Miraenet và Viện nghiên cứu Kinh tế Baeksang. Hiện đang là Giám đốc Trung tâm nghiên cứu xã hội dân số già của Đại học Korea danh tiếng hàng đầu Hàn Quốc.",Sách tiếng Việt/Sách kỹ năng sống/Sách tư duy - Kỹ năng sống,444
215768936,sách osho yêu - being in love - yêu trong tỉnh thức,,147800,111899,OFFICIAL_STORE,0,0,,https://tiki.vn/sach-osho-yeu-being-in-love-yeu-trong-tinh-thuc-p215768936.html?spid=277357909,https://salt.tikicdn.com/cache/280x280/ts/product/b2/df/75/cb344feedbce2e31e26833f9cd6ae560.jpg,"Sách OSHO Yêu - Being In Love - Yêu Trong Tỉnh Thức
“YÊU” TRONG TỈNH THỨC VỚI OSHO
Một chỉ dẫn “yêu không sợ hãi” đầy ngạc nhiên từ bậc thầy tâm linh Osho
Những người đói khát trong nhu cầu, những người luôn kỳ vọng ở tình yêu chính là những người đau khổ nhất. Hai kẻ đói khát tìm thấy nhau trong một mối quan hệ yêu đương cùng những kỳ vọng người kia sẽ mang đến cho mình thứ mình cần – về cơ bản sẽ nhanh chóng thất vọng về nhau và cùng mang đến ngục tù khổ đau cho nhau. Trong cuốn sách Yêu, Osho - bậc thầy tâm linh, người được tôn vinh là một trong 1000 người kiến tạo của thế kỷ 20 – đã đưa ra những kiến giải sâu sắc về nhu cầu tâm lý có sức mạnh lớn nhất của nhân loại và “chỉ cho chúng ta cách trải nghiệm tình yêu”.
Trong “Yêu” (Tựa gốc: Being in Love), Osho dẫn người đọc vào một hành trình tìm hiểu táo bạo và đầy sôi nổi về “hiện tượng bí ẩn” mang tên tình yêu. “Điều bạn cần làm không phải là học cách yêu, mà là loại bỏ những cách đánh mất tình yêu”, ông mở đầu. Trước tiên, Osho đưa ra một danh sách những điều “không phải là tình yêu”. Ông phân tích những nhu cầu đi kèm tình yêu thương đã phá huỷ tình yêu ra sao, điều này diễn ra kể từ khi con người mới chào đời cho đến khi trưởng thành. Những thói quen đòi hỏi, mong muốn sở hữu người khác, kỳ vọng vào người khác… đều tạo nên sự huỷ diệt và xung đột trong mọi mối quan hệ tình cảm, bao gồm cả tình yêu. Theo ông, tình yêu không bao gồm cảm giác ghen tuông, chiếm hữu, cạnh tranh, phụ thuộc, hay việc đòi hỏi người mình yêu phải hoàn hảo. Những điều trên đều khởi nguồn từ cái tôi, và Osho cho rằng: “Khi bạn thật sự yêu ai đó, cái tôi của bạn bắt đầu tan chảy và biến mất”.
Thông qua từng chương của cuốn sách, bạn đọc nhận diện những dấu hiệu của một tình yêu đích thực: Sự cho đi và không chờ đợi được nhận lại, sự trưởng thành cá nhân, đặc biệt là sự tỉnh thức khi yêu. “Việc tỉnh táo nhận biết về bản thể của mình là sự khởi đầu của hành trình hướng tới tình yêu”.
Trong phần trọng tâm của cuốn sách “Tình yêu là cơn gió mát lành” - Osho dành nhiều thời lượng bàn về những chỉ dẫn yêu đương, tinh tế, thấu cảm, hài hước và nhiệt tình chẳng kém gì một nhà tư vấn tâm lý hiện đại tài ba nhất. Ông hoá giải những trải nghiệm tệ hại mà ta gặp phải khi yêu: Sự hụt hẫng sau những phấn khích ban đầu hay thất vọng về tình dục. Hiếm có một bậc thầy tâm linh nào lại mang ánh sáng của thiền và đạo vào vấn đề tình dục, khoái cảm như Osho và ông đã kiến giải vấn đề này vô cùng uyên bác, thấu đáo và có tính giáo dục cao hơn bất cứ cuốn sách giáo dục giới tính nào trong vấn đề tình dục từng có. Osho cũng thẳng thừng gạt phăng những hiểu lầm, những “ý nghĩ vô nghĩa” về tình yêu như tư tưởng “yêu là đau khổ” hay phụ nữ không nên là người chủ động khi yêu.
Sau cùng, Osho đưa ra những “niềm tin mới”, cổ vũ bạn đọc dấn thân vào tình yêu đích thực, thứ tình yêu của những linh hồn trưởng thành để đem đến sự hạnh phúc, khai sáng và chữa lành cho tất cả. Osho cũng đưa ra nhiều lời khuyên đáng giá cho các cặp đôi đang yêu.
Chúng ta thường sợ hãi khi nghĩ về tình yêu, ta e ngại những nỗi đau lẫn rắc rối mà nó đem đến. Với “Yêu”, bằng giọng văn cá tính và cuốn hút đặc trưng, Osho đem đến sự thấu hiểu trọn vẹn về tình yêu, đồng thời truyền niềm tin và sự dũng cảm để bạn đọc bước vào trải nghiệm phức tạp này một cách mới mẻ trong thứ ánh sáng tỉnh thức của tâm linh. “Tình yêu chỉ có thể trưởng thành trong tình yêu”, ông nói, “Có điều gì đó thật đẹp đang chờ bạn phía trước. Nếu bạn có thể chờ đợi, nếu bạn có đủ kiên nhẫn và có thể tin tưởng, nó sẽ đến”.
Osho được biết đến với những đóng góp mang tính cách mạng trong lĩnh vực chuyển hoá nội tâm thông qua thiền định. Phương pháp thiền động của Osho (active meditation) giúp giải toả căng thẳng cho thân và tâm, giúp mọi người dễ dàng trải nghiệm sự an nhiên, tĩnh tại.",Sách tiếng Việt/Sách kỹ năng sống/Sách kỹ năng mềm,911
215768912,sách osho yêu - being in love - yêu trong tỉnh thức,,147800,111899,OFFICIAL_STORE,0,0,,https://tiki.vn/sach-osho-yeu-being-in-love-yeu-trong-tinh-thuc-p215768912.html?spid=277357915,https://salt.tikicdn.com/cache/280x280/ts/product/b2/df/75/cb344feedbce2e31e26833f9cd6ae560.jpg,"Sách OSHO Yêu - Being In Love - Yêu Trong Tỉnh Thức
“YÊU” TRONG TỈNH THỨC VỚI OSHO
Một chỉ dẫn “yêu không sợ hãi” đầy ngạc nhiên từ bậc thầy tâm linh Osho
Những người đói khát trong nhu cầu, những người luôn kỳ vọng ở tình yêu chính là những người đau khổ nhất. Hai kẻ đói khát tìm thấy nhau trong một mối quan hệ yêu đương cùng những kỳ vọng người kia sẽ mang đến cho mình thứ mình cần – về cơ bản sẽ nhanh chóng thất vọng về nhau và cùng mang đến ngục tù khổ đau cho nhau. Trong cuốn sách Yêu, Osho - bậc thầy tâm linh, người được tôn vinh là một trong 1000 người kiến tạo của thế kỷ 20 – đã đưa ra những kiến giải sâu sắc về nhu cầu tâm lý có sức mạnh lớn nhất của nhân loại và “chỉ cho chúng ta cách trải nghiệm tình yêu”.
Trong “Yêu” (Tựa gốc: Being in Love), Osho dẫn người đọc vào một hành trình tìm hiểu táo bạo và đầy sôi nổi về “hiện tượng bí ẩn” mang tên tình yêu. “Điều bạn cần làm không phải là học cách yêu, mà là loại bỏ những cách đánh mất tình yêu”, ông mở đầu. Trước tiên, Osho đưa ra một danh sách những điều “không phải là tình yêu”. Ông phân tích những nhu cầu đi kèm tình yêu thương đã phá huỷ tình yêu ra sao, điều này diễn ra kể từ khi con người mới chào đời cho đến khi trưởng thành. Những thói quen đòi hỏi, mong muốn sở hữu người khác, kỳ vọng vào người khác… đều tạo nên sự huỷ diệt và xung đột trong mọi mối quan hệ tình cảm, bao gồm cả tình yêu. Theo ông, tình yêu không bao gồm cảm giác ghen tuông, chiếm hữu, cạnh tranh, phụ thuộc, hay việc đòi hỏi người mình yêu phải hoàn hảo. Những điều trên đều khởi nguồn từ cái tôi, và Osho cho rằng: “Khi bạn thật sự yêu ai đó, cái tôi của bạn bắt đầu tan chảy và biến mất”.
Thông qua từng chương của cuốn sách, bạn đọc nhận diện những dấu hiệu của một tình yêu đích thực: Sự cho đi và không chờ đợi được nhận lại, sự trưởng thành cá nhân, đặc biệt là sự tỉnh thức khi yêu. “Việc tỉnh táo nhận biết về bản thể của mình là sự khởi đầu của hành trình hướng tới tình yêu”.
Trong phần trọng tâm của cuốn sách “Tình yêu là cơn gió mát lành” - Osho dành nhiều thời lượng bàn về những chỉ dẫn yêu đương, tinh tế, thấu cảm, hài hước và nhiệt tình chẳng kém gì một nhà tư vấn tâm lý hiện đại tài ba nhất. Ông hoá giải những trải nghiệm tệ hại mà ta gặp phải khi yêu: Sự hụt hẫng sau những phấn khích ban đầu hay thất vọng về tình dục. Hiếm có một bậc thầy tâm linh nào lại mang ánh sáng của thiền và đạo vào vấn đề tình dục, khoái cảm như Osho và ông đã kiến giải vấn đề này vô cùng uyên bác, thấu đáo và có tính giáo dục cao hơn bất cứ cuốn sách giáo dục giới tính nào trong vấn đề tình dục từng có. Osho cũng thẳng thừng gạt phăng những hiểu lầm, những “ý nghĩ vô nghĩa” về tình yêu như tư tưởng “yêu là đau khổ” hay phụ nữ không nên là người chủ động khi yêu.
Sau cùng, Osho đưa ra những “niềm tin mới”, cổ vũ bạn đọc dấn thân vào tình yêu đích thực, thứ tình yêu của những linh hồn trưởng thành để đem đến sự hạnh phúc, khai sáng và chữa lành cho tất cả. Osho cũng đưa ra nhiều lời khuyên đáng giá cho các cặp đôi đang yêu.
Chúng ta thường sợ hãi khi nghĩ về tình yêu, ta e ngại những nỗi đau lẫn rắc rối mà nó đem đến. Với “Yêu”, bằng giọng văn cá tính và cuốn hút đặc trưng, Osho đem đến sự thấu hiểu trọn vẹn về tình yêu, đồng thời truyền niềm tin và sự dũng cảm để bạn đọc bước vào trải nghiệm phức tạp này một cách mới mẻ trong thứ ánh sáng tỉnh thức của tâm linh. “Tình yêu chỉ có thể trưởng thành trong tình yêu”, ông nói, “Có điều gì đó thật đẹp đang chờ bạn phía trước. Nếu bạn có thể chờ đợi, nếu bạn có đủ kiên nhẫn và có thể tin tưởng, nó sẽ đến”.
Osho được biết đến với những đóng góp mang tính cách mạng trong lĩnh vực chuyển hoá nội tâm thông qua thiền định. Phương pháp thiền động của Osho (active meditation) giúp giải toả căng thẳng cho thân và tâm, giúp mọi người dễ dàng trải nghiệm sự an nhiên, tĩnh tại.",Sách tiếng Việt/Sách kỹ năng sống/Sách kỹ năng mềm,910
229726201,sách phân tâm học nhập môn,SIGMUND FREUD,159000,326683,NONE,5,1,12,https://tiki.vn/sach-phan-tam-hoc-nhap-mon-tang-kem-bo-bookmark-love-book-p229726201.html?spid=253181422,https://salt.tikicdn.com/cache/280x280/ts/product/02/1a/88/df8998ad898630a7469542c4c970f2ab.png,"Là một trong những công trình nổi tiếng và được phổ biến rộng rãi nhất của vị bác sĩ thần kinh người Áo gốc Do Thái Sigmund Freud. Mang tính dẫn nhập về phân tâm học, một học thuyết gây nhiều tranh cãi ngay từ thời điểm ra đời (cuối thế kỷ XIX), cuốn sách tập hợp 28 bài giảng của Freud, bao gồm những tri thức và cách tiếp cận căn bản của phân tâm học xung quanh các vấn đề vô thức, những giấc mơ, và các trạng thái bệnh lý thần kinh của con người. Qua công trình này, Freud củng cố và xác lập một phương pháp độc đáo trong nghiên cứu và trị liệu bệnh loạn thần kinh mà ông sáng tạo nên: trị bệnh thông qua thăm dò cõi vô thức của con người.",Sách tiếng Việt/Sách kỹ năng sống/Sách tư duy - Kỹ năng sống,929
10767515,sách phân tâm học nhập môn,SIGMUND FREUD,113879,1,OFFICIAL_STORE,4.7,538,4048,https://tiki.vn/sach-phan-tam-hoc-nhap-mon-p10767515.html?spid=10767516,https://salt.tikicdn.com/cache/280x280/ts/product/e7/e5/cb/9bf2891509bcae066c618f71415b04a7.jpg,"Là một trong những công trình nổi tiếng và được phổ biến rộng rãi nhất của vị bác sĩ thần kinh người Áo gốc Do Thái Sigmund Freud. Mang tính dẫn nhập về phân tâm học, một học thuyết gây nhiều tranh cãi ngay từ thời điểm ra đời (cuối thế kỷ XIX), cuốn sách tập hợp 28 bài giảng của Freud, bao gồm những tri thức và cách tiếp cận căn bản của phân tâm học xung quanh các vấn đề vô thức, những giấc mơ, và các trạng thái bệnh lý thần kinh của con người. Qua công trình này, Freud củng cố và xác lập một phương pháp độc đáo trong nghiên cứu và trị liệu bệnh loạn thần kinh mà ông sáng tạo nên: trị bệnh thông qua thăm dò cõi vô thức của con người.",Sách tiếng Việt/Sách kỹ năng sống/Sách tư duy - Kỹ năng sống,196
208196917,sách phi lý một cách hợp lý,,116000,295057,NONE,0,0,,https://tiki.vn/sach-phi-ly-mot-cach-hop-ly-alphabooks-ban-quyen-p208196917.html?spid=274059913,https://salt.tikicdn.com/cache/280x280/ts/product/dc/ab/41/8774c8bd63752d047bb9cd5831b77494.jpg,"Đã bao giờ bạn tự hỏi tại sao người ta muốn giảm cân nhưng lại thất bại trong kế hoạch ăn kiêng? Hay tại sao người ta lại vứt rác một cách vô ý thức ở nơi công cộng? Hoặc chỉ đơn giản là tại sao những chiếc tất của mình lại thường xuyên biến mất? Những câu hỏi tưởng chừng đơn giản nhưng lại không dễ trả lời chút nào đó chính là chủ đề của quyển sách Phi lý một cách hợp lý.
Dan Ariely, tác giả của ba quyển sách bán chạy nhất nói về sự phi lý trí của con người, sẽ tiếp tục giải đáp những câu hỏi xoay quanh cơ chế tâm lý của chúng ta trong những hoàn cảnh đời thường nhất.
Ba quyển sách của Dan Ariely từng lọt vào danh sách bán chạy nhất của báo New York Times:
+ Phi lý trí
+ Lẽ phải của phi lý trí
+ Bản chất của dối trá.",Sách tiếng Việt/Sách kỹ năng sống/Sách tư duy - Kỹ năng sống,840
74237471,sách phi lý một cách hợp lý,DAN ARIELY,103000,145814,NONE,0,0,2,https://tiki.vn/sach-phi-ly-mot-cach-hop-ly-p74237471.html?spid=98571069,https://salt.tikicdn.com/cache/280x280/ts/product/19/81/a7/55a1f6ba5662ad246a9172c7da939cd6.png,"Đã bao giờ bạn tự hỏi tại sao người ta muốn giảm cân nhưng lại thất bại trong kế hoạch ăn kiêng? Hay tại sao người ta lại vứt rác một cách vô ý thức ở nơi công cộng? Hoặc chỉ đơn giản là tại sao những chiếc tất của mình lại thường xuyên biến mất? Những câu hỏi tưởng chừng đơn giản nhưng lại không dễ trả lời chút nào đó chính là chủ đề của quyển sách Phi lý một cách hợp lý.
Dan Ariely, tác giả của ba quyển sách bán chạy nhất nói về sự phi lý trí của con người, sẽ tiếp tục giải đáp những câu hỏi xoay quanh cơ chế tâm lý của chúng ta trong những hoàn cảnh đời thường nhất. Ba quyển sách của Dan Ariely từng lọt vào danh sách bán chạy nhất của báo New York Times:
Phi lý trí
Lẽ phải của phi lý trí
Bản chất của dối trá.",Sách tiếng Việt/Sách kỹ năng sống/Sách tư duy - Kỹ năng sống,391
106362398,sách phi lý một cách hợp lý,DAN ARIELY,90300,111899,OFFICIAL_STORE,0,0,,https://tiki.vn/sach-phi-ly-mot-cach-hop-ly-p106362398.html?spid=278114898,https://salt.tikicdn.com/cache/280x280/ts/product/8f/48/e0/4d313a7be433d3e4e3513baf750f31c1.png,"Phi Lý Một Cách Hợp Lý
+ Phi lý trí
+ Lẽ phải của phi lý trí
Sách - Phi lý một cách hợp lý",Sách tiếng Việt/Sách kỹ năng sống/Sách tư duy - Kỹ năng sống,504
247808081,sách phi lý một cách hợp lý,,116000,97533,NONE,0,0,,https://tiki.vn/phi-ly-mot-cach-hop-ly-sach-ban-quyen-p247808081.html?spid=274748255,https://salt.tikicdn.com/cache/280x280/ts/product/9f/28/68/0031cfb8a6bab23247343136476ac749.jpg,"Phi Lý Một Cách Hợp Lý (*** Sách Bản Quyền ***)
Phi Lý Một Cách Hợp Lý (*** Sách Bản Quyền ***)
Đã bao giờ bạn tự hỏi tại sao người ta muốn giảm cân nhưng lại thất bại trong kế hoạch ăn kiêng? Hay tại sao người ta lại vứt rác một cách vô ý thức ở nơi công cộng? Hoặc chỉ đơn giản là tại sao những chiếc tất của mình lại thường xuyên biến mất? Những câu hỏi tưởng chừng đơn giản nhưng lại không dễ trả lời chút nào đó chính là chủ đề của quyển sách Phi lý một cách hợp lý.
Dan Ariely, tác giả của ba quyển sách bán chạy nhất nói về sự phi lý trí của con người, sẽ tiếp tục giải đáp những câu hỏi xoay quanh cơ chế tâm lý của chúng ta trong những hoàn cảnh đời thường nhất. Ba quyển sách của Dan Ariely từng lọt vào danh sách bán chạy nhất của báo New York Times:
Phi lý trí
Lẽ phải của phi lý trí
Bản chất của dối trá
— Hãy chiêm nghiệm cuốn sách và cảm nhận hương vị của một tách trà vào mỗi cuối tuần khi bạn có nhiều thời gian hơn dành cho bản thân mình! —",Sách tiếng Việt/Sách kỹ năng sống/Sách tư duy - Kỹ năng sống,962
106362489,sách phi lý một cách hợp lý,DAN ARIELY,116000,295057,NONE,0,0,,https://tiki.vn/sach-phi-ly-mot-cach-hop-ly-tai-ban-2017-p106362489.html?spid=203850335,https://salt.tikicdn.com/cache/280x280/ts/product/73/90/3f/9fc5d182eb6aa1227ab30cfa2c905da4.jpg,"Ba quyển sách của Dan Ariely từng lọt vào danh sách bán chạy nhất của báo New York Times:
+ Phi lý trí
+ Lẽ phải của phi lý trí",Sách tiếng Việt/Sách kỹ năng sống/Sách tư duy - Kỹ năng sống,514
22367134,sách phi lý trí,DAN ARIELY,152000,126688,NONE,0,10,,https://tiki.vn/sach-phi-ly-tri-tang-kem-bookmark-tiki-p22367134.html?spid=76154213,https://salt.tikicdn.com/cache/280x280/ts/product/f4/10/01/53f912c5bd0c21b28bedd0a5ca148c9d.jpg,"Lẽ phải của phi lý trí là cuốn sách tư duy được xây dựng và phát triển trên cuốn sách nền tảng Phi lý trí của nhà khoa học xã hội Dan Ariely. Nếu như trong Phi lý trí, Dan Ariely đã đưa ra những ảnh hưởng đa chiều dẫn tới việc con người đưa ra những quyết định thiếu khôn ngoan thì giờ đây trong cuốn Lẽ phải của phi lý trí ông hé lộ những ảnh hưởng đầy bất ngờ, cả tích cực lẫn tiêu cực, mà ‘phi lý trí’ có thể tác động đến cuộc sống của chúng ta. Tập trung vào nghiên cứu những hành vi của chúng ta tại nơi làm việc và các mối quan hệ của chúng ta, ông đưa ra những hiểu biết mới và những sự thật đáng ngạc nhiên về những điều đang thôi thúc chúng ta làm việc, cách thức mà một hành động thiếu khôn ngoan có thể trở thành một thói quen, cách mà chúng ta học để yêu thương những người mà chúng ta sống cùng, và còn nhiều hơn thế nữa.
Lẽ phải của phi lý trí không phải là một cuốn sách hàn lâm khô khan chỉ toàn lý thuyết, mà nó được sử dụng dữ liệu từ những thí nghiệm thú vị và độc đáo dẫn đến những kết luận hấp dẫn về cách thức – và nguyên nhân tại sao chúng ta hành động như vậy. Từ những thái độ tại nơi làm việc của chúng ta, cho tới những mối quan hệ lãng mạn, tới việc chúng ta luôn tìm kiếm mục đích cuộc đời mình, Ariely lý giải cách thức phá vỡ những khuôn mẫu bi quan trong suy nghĩ và hành vi của chúng ta để đưa ra những quyết định tốt hơn. Cuốn sách kỹ năng này sẽ thay đổi cách thức chúng ta nhận thức bản thân trong công việc và trong gia đình – và soi xét các hành vi phi lý trí của chúng ta dưới một thứ sắc thái ánh sáng hoàn toàn mới mẻ. Đọc Lẽ phải của phi lý trí – một cuốn sách lãnh đạo và quản lý hữu ích, bạn sẽ biết nhiều điều như:
Tại sao những khoản tiền thưởng lớn lại có thể khiến các CEO làm việc kém hiệu quả hơn?
Làm cách nào mà những định hướng rối rắm lại hữu ích đối với chúng ta?
Tại sao việc trả thù lại quan trọng?
Tại sao có một sự khác biệt rất lớn giữa điều mà chúng ta nghĩ là sẽ khiến chúng ta hạnh phúc và những thứ thực sự khiến chúng ta hạnh phúc?
Và rất nhiều phát hiện thú vị khác.",Sách tiếng Việt/Sách kỹ năng sống/Sách tư duy - Kỹ năng sống,243
31122115,sách phi lý trí,DAN ARIELY,152100,295057,NONE,0,0,,https://tiki.vn/phi-ly-tri-tang-bookmark-sang-tao-p31122115.html?spid=275705927,https://salt.tikicdn.com/cache/280x280/ts/product/28/3b/04/ecfcb017c719fbca28136d4e5dde8846.gif,"Phi Lý Trí (Tái Bản 2018)
Là một trong những cuốn sách của Dan Ariely là một cuốn sách đặc biệt hấp dẫn và đầy cảm hứng. Nó buộc người đọc phải suy nghĩ kỹ hơn về tất cả những hành vi, những sai lầm của mình để sống hợp lý và tốt đẹp hơn.
Tại sao chúng ta luôn tự hứa là sẽ ăn kiêng để rồi ý nghĩ ấy vụt biến ngay khi chiếc xe chở đồ tráng miệng đi qua? Tại sao đôi khi chúng ta hào hứng mua sắm những thứ không thật sự cần đến? Tại sao chúng ta vẫn cảm thấy đau đầu sau khi dùng loại aspirin có giá 1 xu nhưng cơn đau đầu ấy lại biến mất nếu thuốc đó đắt gấp 50 lần? Tại sao những tín đồ được yêu cầu nhớ lại Mười điều răn của Chúa có xu hướng thành thật (ít nhất là ngay sau đó) hơn những người không được yêu cầu làm vậy? Hoặc tại sao các quy tắc danh dự lại làm tăng mức độ gian lận nơi công sở? Khi đọc tới những trang cuối của cuốn sách này, bạn sẽ có câu trả lời cho các câu hỏi trên và nhiều câu hỏi khác ‒ những câu hỏi có ý nghĩa nhất định đối với cuộc sống, công việc kinh doanh và thế giới quan của bạn.",Sách tiếng Việt/Sách kỹ năng sống/Sách tư duy - Kỹ năng sống,275
157073368,sách phi lý trí,,152000,97533,NONE,0,0,,https://tiki.vn/sach-phi-ly-tri-tai-ban-169k-417791-p157073368.html?spid=274809776,https://salt.tikicdn.com/cache/280x280/ts/product/e9/07/8e/522951ee107d2ae578b7a4db8f8db698.jpg,"Phi lý trí của Dan Ariely là một cuốn sách đặc biệt hấp dẫn và đầy cảm hứng. Nó buộc người đọc phải suy nghĩ kỹ hơn về tất cả những hành vi, những sai lầm của mình để sống hợp lý và tốt đẹp hơn. Vì thế, không có gì ngạc nhiên khi cuốn sách vẫn nằm trong danh sách Best-seller dù đã được xuất bản cách đây một năm.
Và lần này chúng tôi xin trân trọng giới thiệu đến độc giả cuốn sách Phi lý trí như một sự tiếp nối, bổ sung các cuốn sách trên. Hy vọng mỗi độc giả sẽ tìm thấy ở đó những bài học quý giá để hành động và ứng xử hợp lý hơn.",Sách tiếng Việt/Sách kỹ năng sống/Sách tư duy - Kỹ năng sống,726
32352082,sách phi lý trí,DAN ARIELY,152000,126688,NONE,0,0,,https://tiki.vn/phi-ly-tri-qua-tang-card-danh-dau-sach-dac-biet-p32352082.html?spid=76154221,https://salt.tikicdn.com/cache/280x280/ts/product/28/3b/04/1c3023718a6fc79790459fc7442a3cb8.gif,"Phi Lý Trí (Tái Bản 2018)
Là một trong những cuốn sách của Dan Ariely là một cuốn sách đặc biệt hấp dẫn và đầy cảm hứng. Nó buộc người đọc phải suy nghĩ kỹ hơn về tất cả những hành vi, những sai lầm của mình để sống hợp lý và tốt đẹp hơn.
Tại sao chúng ta luôn tự hứa là sẽ ăn kiêng để rồi ý nghĩ ấy vụt biến ngay khi chiếc xe chở đồ tráng miệng đi qua? Tại sao đôi khi chúng ta hào hứng mua sắm những thứ không thật sự cần đến? Tại sao chúng ta vẫn cảm thấy đau đầu sau khi dùng loại aspirin có giá 1 xu nhưng cơn đau đầu ấy lại biến mất nếu thuốc đó đắt gấp 50 lần? Tại sao những tín đồ được yêu cầu nhớ lại Mười điều răn của Chúa có xu hướng thành thật (ít nhất là ngay sau đó) hơn những người không được yêu cầu làm vậy? Hoặc tại sao các quy tắc danh dự lại làm tăng mức độ gian lận nơi công sở? Khi đọc tới những trang cuối của cuốn sách này, bạn sẽ có câu trả lời cho các câu hỏi trên và nhiều câu hỏi khác ‒ những câu hỏi có ý nghĩa nhất định đối với cuộc sống, công việc kinh doanh và thế giới quan của bạn.",Sách tiếng Việt/Sách kỹ năng sống/Sách tư duy - Kỹ năng sống,280
208197019,sách phi lý trí,,135000,111899,OFFICIAL_STORE,0,0,3,https://tiki.vn/sach-phi-ly-tri-tai-ban-moi-nhat-alphabooks-ban-quyen-p208197019.html?spid=262687321,https://salt.tikicdn.com/cache/280x280/ts/product/52/df/f2/224600f1976ec7e3d13c845c95e88ff0.png,"Khám Phá Những Động Lực Vô Hình Ẩn Sau Những Quyết Định Của Con Người
Mỗi chúng ta cần xem lại những mỏ neo của cuộc đời mình để thấy chúng ta đã phi lý như thế nào trong vô số quyết định từ nhỏ nhặt nhất tới trọng đại nhất trên con đường đã qua. Phi lý trí của Ariely gợi mở, khuyến khích chúng ta nhìn nhận lại tất cả những quyết định đó, rút ra bài học từ những sai lầm trong hành vi của chính mình và những người khác.
Ai cũng có khi ""phi lý trí""?
Bạn sẵn sàng rút 2 nghìn đồng cho một người ăn mày nghèo khổ trên đường. Nhưng cũng chính bạn lại cò kè từng 2 nghìn bạc với bà đồng nát khi bán mớ báo cũ trong nhà.
Bạn sẵn sàng bỏ ra 10 triệu để chụp bộ ảnh cưới thật đẹp mà chỉ xem một vài lần rồi cất vào tủ. Nhưng chắc chắn bạn sẽ rất cân nhắc và suy tính cẩn thận khi quyết định mua một chiếc máy ảnh với giá 10 triệu trong khi bạn có thể dùng nó nhiều năm liền.
Bạn cảm thấy một món ăn ngon hơn khi có người khác bỗng khen rằng ngon đấy (cho dù có khi món ăn đó cũng không ngon đến vậy). Bạn cảm thấy mình nhỏ bé hơn, khúm núm hơn khi có dịp nói chuyện với một người nổi tiếng cho dù có khi anh ta cũng chẳng hơn gì bạn xét về cả hình thức lẫn trí tuệ
Nhưng không chỉ bạn phi lý, tất cả chúng ta đều luôn phi lý. Và không chỉ trong chuyện tình cảm, mọi quyết định trong mọi lĩnh vực chúng ta đều phi lý. Và không chỉ một vài lần, chúng ta liên tục phi lý, phi lý có hệ thống, phi lý có thể dự đoán được.
Các doanh nhân lắm tiền nhiều của vẫn mua những bức hoạ chỉ đáng vài triệu với giá vài chục thậm chí vài trăm triệu chỉ để ""có"" nó. Những nhà đầu tư vẫn mua các cổ phiếu của những công ty ""phọt phẹt"" với cái giá cao ngất trời chỉ vì những người khác cũng đang làm thế, trong khi giá của nó chỉ vài tháng trước ở mức thấp không tin nổi thì chẳng ai đoái hoài.
Nhiều người bệnh đã cảm thấy đỡ mặc dù bác sỹ chỉ cho họ uống thuốc giả vờ hoặc phẫu thuật giả vờ để trấn an tâm lý. Con người nhìn chung vẫn phi lý trí một cách dễ đoán định như vậy.
Nhà kinh tế học hành vi của trường MIT đã chỉ ra điều đó trong cuốn sách mới của ông: Phi lý trí. Trong đó, Dan Ariely đã tiến hành nhiều khảo sát hành vi kỳ lạ để chứng minh cho các quan điểm của mình. Ông cho rằng sở dĩ chúng ta luôn phi lý trí bởi một số các tác động nhất định như: quy luật tương đối, quy tắc xã hội, sự hưng phấ
Mỗi chương trong cuốn sách, tác giả dành để mô tả một tác động như thế bằng nhiều thí nghiệm khác nhau.",Sách tiếng Việt/Sách kỹ năng sống/Sách tư duy - Kỹ năng sống,841
6543943,sách phương pháp đầu tư warren buffett,TWYLA THARP,99000,7247,OFFICIAL_STORE,0,14,4,https://tiki.vn/sach-thoi-quen-lam-nen-sang-tao-p6543943.html?spid=70721904,https://salt.tikicdn.com/cache/280x280/ts/product/b1/f7/e2/3489d900a1f433b411251563bd2da7b4.jpg,"Thomas Edison từng nói: “Thiên tài chỉ có 1% là may mắn, 99% còn lại là mồ hôi và nước mắt.”
Chẳng có ai sinh ra đã là thiên tài, những danh nhân được cả thế giới ngưỡng mộ như Moraz, Beethoven hay Newton cũng đều phải trải qua quá trình rèn luyện gian khổ để có thể đạt được thành tựu sáng tạo khiến người người đời sau kính nể. Sáng tạo không phải là món quà mà Thượng đế trao tặng cho tất cả chúng ta, nó là thành quả của sự nỗ lực và chuẩn bị. Sự sáng tạo luôn ở đó, trong tầm tay của những ai mong mỏi kiếm tìm và có được nó.
Tất cả những gì chúng ta cần làm là biến sáng tạo thành thói quen và ngược lại, để điều đó trở thành một phần không thể thiếu trong chúng ta.",Sách tiếng Việt/Sách kỹ năng sống/Sách tư duy - Kỹ năng sống,168
1353611,sách phương pháp đầu tư warren buffett,DANI DIPIRRO,61700,53660,OFFICIAL_STORE,0,20,11,https://tiki.vn/sach-su-tha-thu-p1353611.html?spid=45163524,https://salt.tikicdn.com/cache/280x280/ts/product/52/2a/6a/e18315bdaa387957db5d95aa9b947820.jpg,"Sự Tha Thứ
Tha thứ là một trong những kĩ năng quý giá nhất mà bạn có thể làm chủ được. Từ những tổn thương nhỏ nhặt bạn phải chịu đựng đến căn nguyên của nỗi đau sâu sắc, buông tay khỏi việc đổ lỗi và bỏ lại sau lưng giai đoạn bi thương là việc làm vừa nhẹ lòng vừa mang lại sức mạnh to lớn.
Không chối bỏ được rằng tha thứ có thể trở thành thử thách một khi bạn đã bị tổn thương. Né tránh  điều khiến bạn tổn thương là tự nhiên và ôm giữ thù hận thật dễ dàng. Nhưng một khi bạn tha thứ (ngay cả khi bạn vẫn chưa quên  hẳn được), bạn đã rộng mở trái tim và tâm trí của mình, nhường chỗ cho yêu thương. Và yêu thương càng nhiều, cuộc sống của bạn càng lạc quan và trọn vẹn.
Quyển sách nhỏ này khám phá định nghĩa của việc tha thứ và những biểu hiện đa dạng của nó. Nó được thiết kế để giúp bạn tiếp thu được nghệ thuật của việc tha thứ cho chính mình và cho người khác, qua đó giúp bản thân thoát khỏi gánh nặng của các nỗi đau trong quá khứ.",Sách tiếng Việt/Sách kỹ năng sống/Sách tư duy - Kỹ năng sống,109
106362188,sách phương pháp đọc sách hiệu quả,.,143000,7247,OFFICIAL_STORE,4.2,12,46,https://tiki.vn/sach-phuong-phap-doc-sach-hieu-qua-p106362188.html?spid=146205920,https://salt.tikicdn.com/cache/280x280/ts/product/2f/a9/43/30d06e03c900ac1cb5170ab6a3dda669.png,Sách - Phương Pháp Đọc Sách Hiệu Quả,Sách tiếng Việt/Sách kỹ năng sống/Sách tư duy - Kỹ năng sống,469
208555407,sách phương pháp đọc sách hiệu quả,NHIEU TAC GIA,143000,7247,OFFICIAL_STORE,0,0,,https://tiki.vn/sach-phuong-phap-doc-sach-hieu-qua-tai-ban-moi-nhat-alphabooks-ban-quyen-p208555407.html?spid=278637861,https://salt.tikicdn.com/cache/280x280/ts/product/2f/a9/43/7a8cb15c04723a5c0baa4e197783be65.png,"Đọc sách như một nghệ thuật, ngay từ lần xuất bản đầu tiên năm 1940, đã được đánh giá là cuốn sách hướng dẫn đọc hiểu lý thú và hiệu quả nhất dành cho độc giả phổ thông. Cuốn sách đã nhanh chóng trở thành một tác phẩm kinh điển về cách đọc sách thông minh.
Đọc sách như một nghệ thuật giúp bạn khám phá và lĩnh hội các cấp độ đọc khác nhau, từ đọc sơ cấp, đọc lướt có hệ thống đến đọc kiểm soát và đọc siêu tốc. Bạn có thể áp dụng các cấp độ này cho việc phân loại, chụp X-quang hay phê bình sách, tuỳ theo nhu cầu và mục đích của mình. Nhờ các kỹ năng đọc được hệ thống ở đây, bạn sẽ biết cách tiếp cận và nắm bắt tất cả các loại văn bản, dù đó là sách thực hành, khoa học, toán học, triết học, lịch sử hay các tác phẩm văn học.
Đọc sách như một nghệ thuật, hơn hết, thúc đẩy ta trở thành độc giả say mê. Cuốn sách là người bạn đường không thể thiếu của mỗi người trên hành trình đối thoại để học hỏi, khám phá, tu thân và trưởng thành, như Decartes đã nói: ""Đọc sách là được trò chuyện với những người thành đạt nhất của các thế kỷ đã qua"".",Sách tiếng Việt/Sách kỹ năng sống/Sách tư duy - Kỹ năng sống,854
247878997,sách phương pháp đọc sách hiệu quả,,161000,97533,NONE,0,0,,https://tiki.vn/phuong-phap-doc-sach-hieu-qua-sach-ban-quyen-p247878997.html?spid=274734968,https://salt.tikicdn.com/cache/280x280/ts/product/fd/06/b3/d3e6fe4531bc6e727c81b3bc1fabf5fe.jpg,"Phương Pháp Đọc Sách Hiệu Quả (*** Sách Bản Quyền ***)
Phương Pháp Đọc Sách Hiệu Quả (*** Sách Bản Quyền ***)
Đọc sách như một nghệ thuật, ngay từ lần xuất bản đầu tiên năm 1940, đã được đánh giá là cuốn sách hướng dẫn đọc hiểu lý thú và hiệu quả nhất dành cho độc giả phổ thông. Cuốn sách đã nhanh chóng trở thành một tác phẩm kinh điển về cách đọc sách thông minh.
Đọc sách như một nghệ thuật giúp bạn khám phá và lĩnh hội các cấp độ đọc khác nhau, từ đọc sơ cấp, đọc lướt có hệ thống đến đọc kiểm soát và đọc siêu tốc. Bạn có thể áp dụng các cấp độ này cho việc phân loại, chụp X-quang hay phê bình sách, tuỳ theo nhu cầu và mục đích của mình. Nhờ các kỹ năng đọc được hệ thống ở đây, bạn sẽ biết cách tiếp cận và nắm bắt tất cả các loại văn bản, dù đó là sách thực hành, khoa học, toán học, triết học, lịch sử hay các tác phẩm văn học.
— Hãy chiêm nghiệm cuốn sách và cảm nhận hương vị của một tách trà vào mỗi cuối tuần khi bạn có nhiều thời gian hơn dành cho bản thân mình! —",Sách tiếng Việt/Sách kỹ năng sống/Sách tư duy - Kỹ năng sống,970
272112007,sách phương trình mầu nhiệm,HAL ELROD,153790,7734,TRUSTED_STORE,0,0,,https://tiki.vn/sach-phuong-trinh-mau-nhiem-p272112007.html?spid=272287990,https://salt.tikicdn.com/cache/280x280/ts/product/18/65/72/26030a3f071dffd33875ee2555c4c5f6.jpg,"Thẳm sâu bên trong, chúng ta biết rằng bản thân mình không có giới hạn. Nhưng bộ não của chính chúng ta và thế giới xung quanh giam hãm chúng ta, để rồi chúng ta cứ mãi nhỏ bé hơn tầm vóc đáng có. Xung đột này dẫn đến nỗi bất hạnh, sự lo lắng đi đôi với cảm giác thường trực rằng thế giới ngoài kia có một thứ khác, cao xa hơn, dành cho mình.
Chúng ta hiểu được điều đó, nhưng không biết phải làm thế nào.
Phương trình mầu nhiệm sẽ giúp chúng ta vượt qua rào cản tâm lý này, giúp xác suất thành công của chúng ta đạt đến con số 100%, chỉ với hai quyết định đơn giản đến ngỡ ngàng: giữ vững Đức tin không lay chuyển và duy trì Nỗ lực phi thường. Đây chính là hai chiếc chìa khoá để tạo ra những phép mầu hữu hình, đo lường được, cho thấy chúng ta có thể vượt qua xung đột nội tại và cầm cương được cảm xúc của bản thân.
“Đừng ước ao một cuộc đời hoàn hảo ngày mai. Hãy thấy sự hoàn hảo trong cuộc sống của bạn hôm nay.” – Han Elrod
Han Elrod là tác giả của những cuốn sách bán chạy và truyền cảm hứng.
Sau những trải nghiệm cận tử, anh đã dành cả cuộc đời mình để chỉ cho mọi người cách vượt qua thử thách và phát huy hết tiềm năng vô hạn của bản thân.",Sách tiếng Việt/Sách kỹ năng sống/Sách tư duy - Kỹ năng sống,1082
272000029,sách phương trình mầu nhiệm,HAL ELROD,135200,1,OFFICIAL_STORE,5,2,28,https://tiki.vn/sach-phuong-trinh-mau-nhiem-p272000029.html?spid=272000030,https://salt.tikicdn.com/cache/280x280/ts/product/ab/61/68/d21a7f613cc5f9acc03b9dc54e4e6156.jpg,"Thẳm sâu bên trong, chúng ta biết rằng bản thân mình không có giới hạn. Nhưng bộ não của chính chúng ta và thế giới xung quanh giam hãm chúng ta, để rồi chúng ta cứ mãi nhỏ bé hơn tầm vóc đáng có. Xung đột này dẫn đến nỗi bất hạnh, sự lo lắng đi đôi với cảm giác thường trực rằng thế giới ngoài kia có một thứ khác, cao xa hơn, dành cho mình.
Chúng ta hiểu được điều đó, nhưng không biết phải làm thế nào.
Phương trình mầu nhiệm sẽ giúp chúng ta vượt qua rào cản tâm lý này, giúp xác suất thành công của chúng ta đạt đến con số 100%, chỉ với hai quyết định đơn giản đến ngỡ ngàng: giữ vững Đức tin không lay chuyển và duy trì Nỗ lực phi thường. Đây chính là hai chiếc chìa khoá để tạo ra những phép mầu hữu hình, đo lường được, cho thấy chúng ta có thể vượt qua xung đột nội tại và cầm cương được cảm xúc của bản thân.
“Đừng ước ao một cuộc đời hoàn hảo ngày mai. Hãy thấy sự hoàn hảo trong cuộc sống của bạn hôm nay.” – Han Elrod
Han Elrod là tác giả của những cuốn sách bán chạy và truyền cảm hứng.
Sau những trải nghiệm cận tử, anh đã dành cả cuộc đời mình để chỉ cho mọi người cách vượt qua thử thách và phát huy hết tiềm năng vô hạn của bản thân.",Sách tiếng Việt/Sách kỹ năng sống/Sách tư duy - Kỹ năng sống,1076
322074,sách phút nhìn lại mình,SPENCER JOHNSON,74100,7734,TRUSTED_STORE,0,2,1,https://tiki.vn/sach-phut-nhin-lai-minh-p322074.html?spid=270796859,https://salt.tikicdn.com/cache/280x280/media/catalog/product/p/h/phut_nhin_lai_minh.jpg,"“Trong cuộc sống có những lúc cần hướng vềphía trước, suy nghĩ và chuyển động nhanh,có những lúc cần tĩnh lặng, nhìn lại và điều chỉnh.
Mọi thành công trong công việc và hạnh phúctrong cuộc sống đều bắt đầu từ nguồn sáng nội tâm.” -- Khuyết danh
Phút Nhìn Lại Mình của tác giả Spencer Johnson là một câu chuyện thực tế, hữu ích và sâu sắc về cách nhìn lại, tự điều chỉnh mình để vượt qua những khó khăn, trở ngại và đạt được thành công và hạnh phúc thực sự trong cuộc sống.
Giữa dòng đời hối hả, bộn bề, một chàng trai – nhân vật chính của câu chuyện – bên cạnh những vất vả, tổn thương tinh thần - đã có những lúc tưởng chừng đuối sức vì công việc và áp lực cuộc sống. Chính anh đã cảm nhận mình còn thiếu một điều gì đó rất quan trọng và bắt đầu cuộc tìm kiếm sự tĩnh lặng, phút nhìn lại mình, để thanh thản, để trở về với chính mình, để đạt được thành công trong công việc và đặc biệt là tìm được hạnh phúc với người thân yêu, bạn bè, gia đình, với mọi người và quan trọng hơn hết – là hạnh phúc với chính mình.
Chàng trai khám phá ra con đường dẫn đến hạnh phúc, thành công – không ở đâu xa hay khó nắm bắt được như trước đây anh từng nghĩ – mà  đơn giản là chỉ với một khoảng thời gian rất ngắn – một phút nhìn lại mình, dành riêng cho mình. “Đó là điều quan trọng của cuộc sống mà đôi khi bạn đã quên đi hay vô tình không nhận ra…”
Mời bạn đón đọc.",Sách tiếng Việt/Sách kỹ năng sống/Sách kỹ năng mềm,4
355200,sách phút nhìn lại mình,SPENCER JOHNSON,74100,7734,TRUSTED_STORE,0,6,,https://tiki.vn/sach-phut-nhin-lai-minh-kem-cd-p355200.html?spid=270796978,https://salt.tikicdn.com/cache/280x280/media/catalog/product/p/h/phut_nhin_lai_minh_1_2_1.jpg,"Phút Nhìn Lại Mình (Kèm CD)
“Trong cuộc sống có những lúc cần hướng vềphía trước, suy nghĩ và chuyển động nhanh,có những lúc cần tĩnh lặng, nhìn lại và điều chỉnh.
Mọi thành công trong công việc và hạnh phúctrong cuộc sống đều bắt đầu từ nguồn sáng nội tâm.” -- Khuyết danh
Phút Nhìn Lại Mình của tác giả Spencer Johnson là một câu chuyện thực tế, hữu ích và sâu sắc về cách nhìn lại, tự điều chỉnh mình để vượt qua những khó khăn, trở ngại và đạt được thành công và hạnh phúc thực sự trong cuộc sống.
Giữa dòng đời hối hả, bộn bề, một chàng trai – nhân vật chính của câu chuyện – bên cạnh những vất vả, tổn thương tinh thần - đã có những lúc tưởng chừng đuối sức vì công việc và áp lực cuộc sống. Chính anh đã cảm nhận mình còn thiếu một điều gì đó rất quan trọng và bắt đầu cuộc tìm kiếm sự tĩnh lặng, phút nhìn lại mình, để thanh thản, để trở về với chính mình, để đạt được thành công trong công việc và đặc biệt là tìm được hạnh phúc với người thân yêu, bạn bè, gia đình, với mọi người và quan trọng hơn hết – là hạnh phúc với chính mình.
Chàng trai khám phá ra con đường dẫn đến hạnh phúc, thành công – không ở đâu xa hay khó nắm bắt được như trước đây anh từng nghĩ – mà  đơn giản là chỉ với một khoảng thời gian rất ngắn – một phút nhìn lại mình, dành riêng cho mình. “Đó là điều quan trọng của cuộc sống mà đôi khi bạn đã quên đi hay vô tình không nhận ra…”
Mời bạn đón đọc.",Sách tiếng Việt/Sách kỹ năng sống/Sách kỹ năng mềm,31
355199,sách phút nhìn lại mình,SPENCER JOHNSON,70100,60209,NONE,0,11,,https://tiki.vn/sach-phut-nhin-lai-minh-tai-ban-p355199.html?spid=192125268,https://salt.tikicdn.com/cache/280x280/media/catalog/product/p/h/phut_nhin_lai_minh_1_2.jpg,"Phút Nhìn Lại Mình (Tái Bản)
“Trong cuộc sống có những lúc cần hướng vềphía trước, suy nghĩ và chuyển động nhanh,có những lúc cần tĩnh lặng, nhìn lại và điều chỉnh.
Mọi thành công trong công việc và hạnh phúctrong cuộc sống đều bắt đầu từ nguồn sáng nội tâm.” -- Khuyết danh
Phút Nhìn Lại Mình của tác giả Spencer Johnson là một câu chuyện thực tế, hữu ích và sâu sắc về cách nhìn lại, tự điều chỉnh mình để vượt qua những khó khăn, trở ngại và đạt được thành công và hạnh phúc thực sự trong cuộc sống.
Giữa dòng đời hối hả, bộn bề, một chàng trai – nhân vật chính của câu chuyện – bên cạnh những vất vả, tổn thương tinh thần - đã có những lúc tưởng chừng đuối sức vì công việc và áp lực cuộc sống. Chính anh đã cảm nhận mình còn thiếu một điều gì đó rất quan trọng và bắt đầu cuộc tìm kiếm sự tĩnh lặng, phút nhìn lại mình, để thanh thản, để trở về với chính mình, để đạt được thành công trong công việc và đặc biệt là tìm được hạnh phúc với người thân yêu, bạn bè, gia đình, với mọi người và quan trọng hơn hết – là hạnh phúc với chính mình.
Chàng trai khám phá ra con đường dẫn đến hạnh phúc, thành công – không ở đâu xa hay khó nắm bắt được như trước đây anh từng nghĩ – mà  đơn giản là chỉ với một khoảng thời gian rất ngắn – một phút nhìn lại mình, dành riêng cho mình. “Đó là điều quan trọng của cuộc sống mà đôi khi bạn đã quên đi hay vô tình không nhận ra…”
Mời bạn đón đọc.",Sách tiếng Việt/Sách kỹ năng sống/Sách kỹ năng mềm,30
54624814,sách phút nhìn lại mình,"M.D, SPENCER FOHNSON",70000,97533,NONE,0,27,,https://tiki.vn/sach-phut-nhin-lai-minh-s-2cd-tai-ban-2020-p54624814.html?spid=275053659,https://salt.tikicdn.com/cache/280x280/ts/product/7e/05/ff/05d15be55012d462a0f889d98a9b4977.jpg,"Phút Nhìn Lại Mình - Một câu chuyện cuộc sống thực tế - với những chân lý đơn giản và tư duy mới mẻ sẽ giúp chúng ta nhận ra điều quan trọng của cuộc sống mà đôi khi đã quên đi hay vô tình không nhận ra. Sự sâu sắc và những suy nghĩ độc đáo của câu chuyện sẽ giúp chúng ta vượt qua những khó khăn đang có để trở về với chính mình, tìm ra ý nghĩa, chân giá trị tâm hồn, tìm thấy tình yêu và hạnh phúc trong cuộc sống. Ý tưởng có giá trị vĩnh hằng của Spencer Johnson đã làm thay đổi cuộc sống tinh thần hàng triệu người trên khắp thế giới.
Cuốn sách bạn chỉ đọc trong một giờ nhưng giá trị của nó có thể giúp bạn thay đổi cuộc sống!",Sách tiếng Việt/Sách kỹ năng sống/Sách kỹ năng mềm,359
106362820,sách quảng cáo theo phong cách ogilvy,DAVID OGILVY,179000,126688,NONE,0,1,1,https://tiki.vn/sach-quang-cao-theo-phong-cach-ogilvy-p106362820.html?spid=274018891,https://salt.tikicdn.com/cache/280x280/ts/product/3b/9b/3b/7464b74ce7db7abd8226852936c93341.jpg,"Quảng Cáo Theo Phong Cách Ogilvy (Ogilvy On Advertising)
Với bề dày kinh nghiệm trong lĩnh vực quảng cáo, từng lên ý tưởng và chắp bút cho các quảng cáo của những thương hiệu hàng đầu thế giới như Hathaway, Dove, Schweppes và Rolls-R, David Ogilvy đã chia sẻ những nguyên tắc của ông về quảng cáo trong cuốn Ogilvy on advertising. Cuốn sách bàn đến nhiều khía cạnh trong quảng cáo, từ những nguyên tắc đầu tiên để có thể tạo ra được một quảng cáo hiệu quả, cách thức điều hành một doanh nghiệp quảng cáo, bí quyết thu hút khách hàng, cho đến những chiến thuật quảng cáo trên các phương tiện phát thanh, truyền hình, báo in hay tạp chí
“Tôi chúa ghét những quy tắc.” - David Ogilvy
Sách - Quảng cáo theo phong cách Ogilvy",Sách tiếng Việt/Sách kỹ năng sống/Sách tư duy - Kỹ năng sống,582
106362437,sách quảng cáo theo phong cách ogilvy,DAVID OGILVY,179000,97533,NONE,0,0,,https://tiki.vn/sach-quang-cao-theo-phong-cach-ogilvy-tai-ban-2018-p106362437.html?spid=198187634,https://salt.tikicdn.com/cache/280x280/ts/product/6c/4a/d9/a4459636e74ffd72e5f1f21852897f83.jpg,"Quảng Cáo Theo Phong Cách Ogilvy (Tái Bản 2018)
Quảng cáo theo phong cách Ogilvy – cuốn sách marketing kinh điển mà bất cứ ai tham gia hay như quan tâm tới lĩnh vực quảng cáo cũng không thể bỏ qua.
“Tôi chúa ghét những quy tắc.” - David Ogilvy",Sách tiếng Việt/Sách kỹ năng sống/Sách tư duy - Kỹ năng sống,510
275853506,sách quẳng gánh lo đi và vui sống,DALE CARNEGIE,66400,1,OFFICIAL_STORE,0,0,40,https://tiki.vn/sach-quang-ganh-lo-di-va-vui-song-p275853506.html?spid=275853509,https://salt.tikicdn.com/cache/280x280/ts/product/78/70/90/83d9dc0c1a01508c50906af7b23dcf8d.jpg,"Tác phẩm kinh điển về tự lực và phát triển bản thân
Cuốn sách “Quẳng Gánh Lo Đi Và Vui Sống” – Dale Carnegie khuyên bạn những cách để giảm thiểu lo lắng rất đơn giản như chia sẻ nó với người khác, tìm cách giải quyết vấn đề, quên tất cả những điều lo lắng nằm ngoài tầm tay,… Cố gắng thực hành những điều này hàng ngày và trong cuộc sống chắc hẳn bạn sẽ thành công, có thể, không được như bạn muốn, nhưng chỉ cần bớt đi một chút phiền muộn thì cuộc sống của bạn đã có thêm một niềm vui.
Cuốn sách gồm 8 phần chia sẻ những nội dung xoay quanh sự lo lắng, những câu chuyện có thật về kinh nghiệm chế ngự và nguyên tắc loại bỏ nỗi lo lắng. Theo đó, cuốn sách trình bày 6 Cách tránh mệt mỏi và lo lắng đồng thời nâng cao tinh thần và sức lực, hơn thế nữa là Phương pháp phân tích và giải quyết nỗi lo, Cách thức gạt bỏ nỗi lo bị chỉ trích, 7 Cách luyện tinh thần để sống thanh thản và hạnh phú Một nội dung lớn được đề cập và phân tích sâu sắc, đồng thời là phương châm ngắn gọn nhất mà chúng ta có thể áp dụng là: Phương cách tuyệt vời để chế ngự nỗi lo lắng là lấy niềm tin làm điểm tựa. Mỗi nội dung, chủ đề đều được minh hoạ bằng nhiều câu chuyện có thật.
Cuốn sách là tập hợp những công thức giải toả lo lắng hiệu quả và đã được thời gian kiểm chứng. Và có thể bạn sẽ không thấy điều gì mới mẻ, nhưng bạn sẽ nhận ra nhiều điều đã bị chúng ta bỏ quên. Vấn đề không phải là chúng ta không biết hay không hiểu, mà là chúng ta không hành động. Mục đích của cuốn sách này là kể lại, làm sáng tỏ, tôn vinh và phân tích dưới góc nhìn mới của thời đại về những chân lý căn bản đã có từ xa xưa, nhằm xây dựng niềm tin nơi bạn và giúp bạn tự tin áp dụng chúng.
Với nội dung về đề tài tự lực, phát triển bản thân, “Quẳng Gánh Lo Đi Và Vui Sống” phù hợp với độc giả phổ thông thích tìm hiểu về kỹ năng hoá giải lo lắng.
Cuốn sách thuộc tủ sách Kinh điển của Omega+",Sách tiếng Việt/Sách kỹ năng sống/Sách tư duy - Kỹ năng sống,1303
278424188,sách quẳng gánh lo đi và vui sống,DALE CARNEGIE,83400,1,OFFICIAL_STORE,0,0,1,https://tiki.vn/quang-ganh-lo-di-va-vui-song-sach-bo-tui-p278424188.html?spid=278424189,https://salt.tikicdn.com/cache/280x280/ts/product/b3/f6/0a/bfa3bd796d297b49232bfd85cbcc7871.png,"Cuốn sách “Quẳng gánh lo đi và vui sống” của Dale Carnegie xuất bản lần đầu năm 1948, đây được xem là một cẩm nang kinh điển giúp con người vượt qua lo âu, tìm lại sự bình an trong tâm hồn và sống một cuộc đời ý nghĩa hơn.
Cuốn sách tập trung vào 03 khía cạnh chính:
- Giải pháp thực tế cho lo âu – một vấn đề phổ biến hiện nay: Ngày càng nhiều người trẻ gặp các vấn đề về stress, mất ngủ, lo âu...Cuốn sách sẽ đưa ra những giải pháp đơn giản, dễ áp dụng, có thể thực hành ngay.
- Khả năng truyền cảm hứng và thay đổi tư duy sống: Giúp bạn chuyển chế độ từ “sống trong lo âu” đến “sống trọn vẹn từng ngày”.
- Không phải sách lý thuyết khô khan mà là tập hợp các lời khuyên thực tế, minh hoạ bằng những câu chuyện thật. Ngoài giúp giảm lo lắng, cuốn sách còn giúp cải thiện mối quan hệ, công việc và sức khoẻ tinh thần.
Nội dung cuốn sách chia làm 8 phần:
PHẦN 1: Những sự thật cơ bản về lo âu
PHẦN 2: Kỹ thuật phân tích và giải quyết lo âu
Carnegie trình bày các bước cụ thể để phân tích tình huống gây lo âu, cách áp dụng tư duy thực tế vào công việc và loại bỏ 50% sự lo âu bằng cách cải tiến quy trình công việc cũng như suy nghĩ tích cực.
PHẦN 3: Đánh bại thói quen lo âu
PHẦN 4: 7 cách nuôi dưỡng thái độ tinh thần mang lại bình an và hạnh phúc
Carnegie đưa ra 7 cách để nuôi dưỡng sự bình an như: tập tha thứ, trân trọng hiện tại, sống thật với bản thân, và biến nghịch cảnh thành cơ hội. Một phần đặc biệt hữu ích trong việc xây dựng nội lực tinh thần.
PHẦN 5: Nguyên tắc vàng để chế ngự lo âu
Từ chính câu chuyện của cha mẹ ông, Carnegie rút ra bài học sâu sắc: sự kiên nhẫn, lòng biết ơn và sự đơn giản trong suy nghĩ là chìa khoá vượt qua lo âu.
PHẦN 6: Làm thế nào để tránh lo âu do bị người khác chỉ trích
Ông chỉ ra rằng chỉ trích là điều không thể tránh khỏi. Cách tốt nhất để ứng xử là hiểu bản chất lời chỉ trích, không để cảm xúc chi phối, và học từ sai lầm. Carnegie cũng chia sẻ kinh nghiệm cá nhân qua những “việc ngớ ngẩn” ông từng làm.
PHẦN 7: 6 cách ngăn ngừa mệt mỏi, lo âu và duy trì năng lượng, tinh thần cao
Carnegie phân tích nguyên nhân của sự mệt mỏi – một nguyên nhân lớn gây lo âu – và đưa ra 6 cách duy trì sức khoẻ thể chất và tinh thần, đặc biệt cho người làm công việc nội trợ và văn phòng.
PHẦN 8: Làm thế nào để tìm được công việc giúp bạn hạnh phúc và thành công?
Phần cuối cùng nhấn mạnh vai trò quan trọng của việc chọn công việc phù hợp với bản thân. Một quyết định đúng đắn sẽ giúp giảm thiểu được mối lo âu tài chính, điều góp phần gây ra 70% những nỗi lo âu của chúng ta. Đây là bước quan trọng để hướng tới cuộc sống hạnh phúc và viên mãn.
Về ấn bản sách tinh gọn
Cuốn sách “Quẳng gánh lo đi và vui sống” được thiết kế bìa cứng dễ bảo quản, sách tinh gọn bỏ túi giúp bạn mang sách đọc ở bất kỳ đâu.
Dù cuộc sống bận rộn, bạn vẫn xứng đáng được tiếp cận với những tinh hoa trí tuệ của nhân loại một cách nhanh chóng, dễ dàng và đầy cảm hứng. Mỗi khi cần một chút soi sáng cho tâm trí, bạn chỉ cần lật mở vài trang sách.",Sách tiếng Việt/Sách kỹ năng sống/Sách kỹ năng mềm,1413
841946,sách quẳng gánh lo đi và vui sống,DALE CARNEGIE,62000,326534,NONE,0,2,,https://tiki.vn/sach-quang-ganh-lo-di-va-vui-song-tai-ban-2016-p841946.html?spid=278764018,https://salt.tikicdn.com/cache/280x280/media/catalog/product/q/u/quang-ganh-lo-di-va-vui-song-a.u547.d20160616.t112547_1.jpg,"TIKI KHUYÊN ĐỌC
ĐÁNH GIÁ TỪ :
Quẳng Gánh Lo Đi Và Vui Sống là cuốn sách mà cái tên đã nói lên tất cả nội dung chuyển tải trên những trang giấy.
Bất kỳ ai đang sống đều sẽ có những lo lắng thường trực về học hành, công việc, những hoá đơn, chuyện nhà cửa,... Cuộc sống không dễ dàng giải thoát bạn khỏi căng thẳng, ngược lại, nếu quá lo lắng, bạn có thể mắc bệnh trầm cảm. Quẳng Gánh Lo Đi Và Vui Sống khuyên bạn hãy khoá chặt dĩ vãng và tương lai lại để sống trong cái phòng kín mít của ngày hôm nay. Mọi vấn đề đều có thể được giải quyết, chỉ cần bạn bình tĩnh và xác định đúng hành động cần làm vào đúng thời điểm.
Nói thì có vẻ dễ nhưng những vấn đề liên quan đến các trạng thái tinh thần chẳng bao giờ dễ giải quyết. Chấm dứt lo lắng là điều không thể nhưng bớt đi sự lo lắng thì có thể, chỉ cần bạn đủ quyết tâm.
Quẳng Gánh Lo Đi Và Vui Sống khuyên bạn những cách để giảm thiểu lo lắng rất đơn giản như chia sẻ nó với người khác, tìm cách giải quyết vấn đề, quên tất cả những điều lo lắng nằm ngoài tầm tay,... Cố gắng thực tập điều này hàng ngày và trong cuộc sống chắc hẳn bạn sẽ thành công, có thể, không được như bạn muốn, nhưng chỉ cần bớt đi một chút phiền muộn thì cuộc sống của bạn đã có thêm một niềm vui.
Xem review sách:
Nhờ các phương pháp của Dale Carnegie, hàng triệu người đọc đã xây dựng được thái độ sống tích cực, an tâm cảm nhận hạnh phúc và mãi mãi loại bỏ thói quen lo lắng:
Hãy đóng chặt những cánh cửa sắt dẫn đến quá khứ và tương lai. Chỉ sống trong những vách ngăn của hiện tại
Nhìn nhận những mặt tích cực của cuộc sống
Khi làm việc đến quên mình, ta cũng quên đi mọi lo lắng
Thử kiểm tra theo luật bình quân, xác suất xảy ra điều bạn đang lo lắng là bao nhiêu phần trăm?
Luôn nỗ lực hết mình
Hãy nghĩ đến những may mắn bạn có được chứ không phải là những rắc rối
Hãy quên đi bản thân bằng cách quan tâm đến người khác. Mỗi ngày làm một điều tốt có thể khiến ai đó mỉm cười
Qua hơn nửa thế kỷ, những lời khuyên thiết thực và sâu sắc của Dale Carnegie vẫn còn nguyên giá trị cho đến ngày nay. Ngay bây giờ, bạn đã có thể ghi tên mình vào danh sách hàng triệu con người đã học được cách: Quẳng gánh lo đi và vui sống!
Lời tựa của tác giả
9 gọi ý giúp phát huy cao nhất tác dụng của quyển sách
Phần 1: Các nguyên tắc cơ bản để loại bỏ sự lo lắng
Phần 2: Phương pháp phân tích và giải quyết sự lo lắng
Phần 3: Phá bỏ thói quen lo lắng trước khi sự lo lắng tàn phá chúng ta
Phần 4: 7 cách luyện tinh thần để sống thanh thản và hạnh phúc
Phần 5: Gạt bỏ nỗi lo bị chỉ trích
Phần 6: 6 cách tránh mệt mỏi và lo lắng, đồng thời nâng cao tinh thần và sức lực",Sách tiếng Việt/Sách kỹ năng sống/Sách kỹ năng mềm,107
275362082,sách- sau tang lễ - agatha christie,,130500,295057,NONE,0,0,,https://tiki.vn/sach-sau-tang-le-agatha-christie-nxb-tre-p275362082.html?spid=275546283,https://salt.tikicdn.com/cache/280x280/ts/product/cf/f5/d3/4873dbdafdbcafc89068b4aa8cb37355.jpg,"Chủ nhân một dinh thự thời Victoria đột ngột qua đời trong giấc ngủ, để lại một khối tài sản kếch xù. Tại buổi đọc di chúc của ông, trước sự có mặt của hai thế hệ người thừa kế, em gái ông đã ngây ngô để vuột ra câu hỏi:
“Nhưng anh ấy bị sát hại mà, không phải vậy sao?”
Sự việc lẽ ra đã bị gạt đi, nếu ngay ngày hôm sau, Cora Lansquenet không bị giết hại tàn nhẫn bằng một cây rìu. Lẽ nào lời buộc tội của Cora ẩn chứa một sự thật đen tối đã định đoạt số phận bà? Hay chăng đó chỉ là trùng hợp?
Tám người hưởng lợi từ di chúc, chừng như ai cũng có động cơ. Khao khát sự thật, luật sư của gia đình đã tìm tới Hercule Poirot. Vì ngay cả sau tang lễ, cái chết vẫn chưa buông tha cho gia đình này.
Cốt truyện căng não, những manh mối được cài cắm khéo léo, một kết cục sửng sốt và thật tài tình, lại một lần nữa Agatha Christie sẽ làm bạn đọc phải say mê.
“Hãy đảm bảo bạn đang điều tra đúng vụ án, và coi chừng những tấm gương.” – Robert Barnard
“Quyển sách sẽ khiến độc giả phải đưa ra hết phỏng đoán này đến phỏng đoán khác – đoán trật rồi đoán lại – cho đến tận trang sách cuối cùng.” – Liverpool Post
“Để viết nên tiểu thuyết với trọn một cây phả hệ, một di chúc đáng ngờ, và một gia đình đầy những thành viên có tiềm năng thành kẻ sát nhân, thì chẳng ai tài tình như Christie, cũng như không ai có thể hết lần này đến lần khác đưa ra những cú lừa ngoạn mục và lý thú như bà.” – New York Times.",Sách tiếng Việt/Sách kỹ năng sống/Sách tư duy - Kỹ năng sống,1220
275360016,sách- sau tang lễ - agatha christie,,130500,295057,NONE,0,0,,https://tiki.vn/sach-sau-tang-le-agatha-christie-nxb-tre-p275360016.html?spid=275546284,https://salt.tikicdn.com/cache/280x280/ts/product/cf/f5/d3/f965ec44e2d86fe352dee00eb3e24b31.jpg,"Chủ nhân một dinh thự thời Victoria đột ngột qua đời trong giấc ngủ, để lại một khối tài sản kếch xù. Tại buổi đọc di chúc của ông, trước sự có mặt của hai thế hệ người thừa kế, em gái ông đã ngây ngô để vuột ra câu hỏi:
“Nhưng anh ấy bị sát hại mà, không phải vậy sao?”
Sự việc lẽ ra đã bị gạt đi, nếu ngay ngày hôm sau, Cora Lansquenet không bị giết hại tàn nhẫn bằng một cây rìu. Lẽ nào lời buộc tội của Cora ẩn chứa một sự thật đen tối đã định đoạt số phận bà? Hay chăng đó chỉ là trùng hợp?
Tám người hưởng lợi từ di chúc, chừng như ai cũng có động cơ. Khao khát sự thật, luật sư của gia đình đã tìm tới Hercule Poirot. Vì ngay cả sau tang lễ, cái chết vẫn chưa buông tha cho gia đình này.
Cốt truyện căng não, những manh mối được cài cắm khéo léo, một kết cục sửng sốt và thật tài tình, lại một lần nữa Agatha Christie sẽ làm bạn đọc phải say mê.
“Hãy đảm bảo bạn đang điều tra đúng vụ án, và coi chừng những tấm gương.” – Robert Barnard
“Quyển sách sẽ khiến độc giả phải đưa ra hết phỏng đoán này đến phỏng đoán khác – đoán trật rồi đoán lại – cho đến tận trang sách cuối cùng.” – Liverpool Post
“Để viết nên tiểu thuyết với trọn một cây phả hệ, một di chúc đáng ngờ, và một gia đình đầy những thành viên có tiềm năng thành kẻ sát nhân, thì chẳng ai tài tình như Christie, cũng như không ai có thể hết lần này đến lần khác đưa ra những cú lừa ngoạn mục và lý thú như bà.” – New York Times.",Sách tiếng Việt/Sách kỹ năng sống/Sách tư duy - Kỹ năng sống,1205
1954473,sách siêu đội ngũ,"STANLEY MCCHRYSTAL, TANTUM COLLINS, DAVID SILVERMAN, CHRIS FUSSELL",135200,7247,OFFICIAL_STORE,4.5,13,18,https://tiki.vn/sach-sieu-doi-ngu-p1954473.html?spid=70773744,https://salt.tikicdn.com/cache/280x280/ts/product/2d/d1/08/629fd99c52f05408d5af5821200a349a.jpg,"Siêu Đội Ngũ
Lãnh đạo tổ chức cũng giống như lãnh đạo một Lực lượng đặc nhiệm - cần có những chiến thuật mới trong truyền thông và hợp tác lẫn nhau giữa các đội nhóm khi đứng trước những thách thức mới.
Những thành công vĩ đại nhưng ít ỏi trong lịch sử không thuộc về một nhà sáng chế đơn lẻ mà thuộc về các “nhóm của nhóm”, các nhóm nhỏ đồng lòng, đồng sáng tạo vì một mục đích chung. Cùng với đó, người lãnh đạo không còn là người quản lý vi mô theo chuỗi mệnh lệnh và kiểm soát, mà là người tạo ra môi trường hỗ trợ rộng lớn cho đội ngũ của mình.
Và còn nhiều đúc kết khác trong cuốn sách này sẽ giúp bạn thành công trong việc tái cấu trúc nội tại tổ chức của mình.",Sách tiếng Việt/Sách kỹ năng sống/Sách tư duy - Kỹ năng sống,122
210276096,sách siêu đội ngũ,,169000,97533,NONE,5,1,1,https://tiki.vn/sach-sieu-doi-ngu-team-of-teams-alphabooks-ban-quyen-p210276096.html?spid=214754950,https://salt.tikicdn.com/cache/280x280/ts/product/12/20/b5/e55d57e5069c3a0941fd3f734cae94ec.jpg,"Siêu Đội Ngũ
Lãnh đạo tổ chức cũng giống như lãnh đạo một Lực lượng đặc nhiệm - cần có những chiến thuật mới trong truyền thông và hợp
tác lẫn nhau giữa các đội nhóm khi đứng trước những thách thức mới.
Những thành công vĩ đại nhưng ít ỏi trong lịch sử không thuộc về một nhà sáng chế đơn lẻ mà thuộc về các “nhóm của nhóm”,
các nhóm nhỏ đồng lòng, đồng sáng tạo vì một mục đích chung. Cùng với đó, người lãnh đạo không còn là người quản lý vi mô
theo chuỗi mệnh lệnh và kiểm soát, mà là người tạo ra môi trường hỗ trợ rộng lớn cho đội ngũ của mình.
Và còn nhiều đúc kết khác trong cuốn sách này sẽ giúp bạn thành công trong việc tái cấu trúc nội tại tổ chức của mình.
Sách - Siêu Đội Ngũ",Sách tiếng Việt/Sách kỹ năng sống/Sách kỹ năng mềm,890
22482263,sách siêu trí nhớ,DOMINIC O’BRIEN,111000,7247,OFFICIAL_STORE,4.8,8,28,https://tiki.vn/sach-sieu-tri-nho-tang-kem-bookmark-tiki-p22482263.html?spid=76473667,https://salt.tikicdn.com/cache/280x280/ts/product/32/08/2f/503a8fda6cfacb877af4334fdeb9ce55.png,"15 bài tập đơn giản giúp bạn rèn luyện trí nhớ hiệu quả
“Trong cuốn sách này, tôi muốn chỉ cho bạn cách rèn luyện trí nhớ. Mục đích không chỉ để thành thạo những bài tập não bộ mà bạn chưa bao giờ nghĩ là mình có thể làm được, mà còn là đòn bẩy giúp tăng sự tự tin của bạn, cũng giống như tôi vậy. Khi bạn đã có ý niệm về tiềm năng bên trong trí nhớ của mình, thì bạn cũng sẽ sớm nhận ra tiềm năng đó còn có thể áp dụng cho những mặt khác của não bộ, từ khả năng tập trung và phản xạ nhanh nhạy (hay còn gọi là “trí thông minh mềm”) cho đến sự tự tin khi kể chuyện, khi diễn thuyết và thậm chí là cả khả năng ứng biến.
Bằng cách dẫn dắt bạn đi trên hành trình khám phá của tôi, vẽ ra những cung đường đã đưa tôi đến vị trí ngày hôm nay, tôi hy vọng rằng, tôi có thể trao cho bạn phương tiện để bạn tìm thấy trí nhớ tuyệt đỉnh của mình.”
-    Dominic O’Brien
Cuốn sách cung cấp những kỹ thuật ghi nhớ có thể cải thiện hoàn toàn trí nhớ của bạn, đồng thời đưa ra những lời khuyên về sức khoẻ tinh thần và thể chất để rèn luyện một trí nhớ hoàn hảo. Dominic O'Brien - 8 lần vô địch thế giới về trí nhớ - còn thiết lập 15 bài tập đơn giản đánh giá mức độ tiến bộ không ngừng của bạn xuyên suốt quá trình đọc cuốn sách.
Dominic O’Brien nổi danh với những thành tựu ghi nhớ phi thường và những lần qua mặt các sòng bạc tại Las Vegas. Ngoài 8 lần giành được danh hiệu vô địch thế giới về trí nhớ, ông còn được vinh danh là Bộ óc Siêu việt, đồng thời là Kiện tướng Trí nhớ năm 1995.
Vào năm 2005, ông đã được trao tặng giải Thành tựu Trọn đời để ghi nhận những công lao trong việc quảng bá nghệ thuật ghi nhớ đến khắp nơi trên thế giới.",Sách tiếng Việt/Sách kỹ năng sống/Sách tư duy - Kỹ năng sống,259
179214462,sách siêu trí nhớ,DOMINIC O' BRIEN,89800,1,OFFICIAL_STORE,4.6,16,178,https://tiki.vn/sach-sieu-tri-nho-tai-ban-p179214462.html?spid=179214463,https://salt.tikicdn.com/cache/280x280/ts/product/c6/e0/a6/895a79f94e269254f407bc7b48007aaf.jpg,"“Trong cuốn sách này, tôi muốn chỉ cho bạn cách rèn luyện trí nhớ. Mục đích không chỉ để thành thạo những bài tập não bộ mà bạn chưa bao giờ nghĩ là mình có thể làm được, mà còn là đòn bẩy giúp tăng sự tự tin của bạn, cũng giống như tôi vậy. Khi bạn đã có ý niệm về tiềm năng bên trong trí nhớ của mình, thì bạn cũng sẽ sớm nhận ra tiềm năng đó còn có thể áp dụng cho những mặt khác của não bộ, từ khả năng tập trung và phản xạ nhanh nhạy (hay còn gọi là “trí thông minh mềm”) cho đến sự tự tin khi kể chuyện, khi diễn thuyết và thậm chí là cả khả năng ứng biến.
Bằng cách dẫn dắt bạn đi trên hành trình khám phá của tôi, vẽ ra những cung đường đã đưa tôi đến vị trí ngày hôm nay, tôi hy vọng rằng, tôi có thể trao cho bạn phương tiện để bạn tìm thấy trí nhớ tuyệt đỉnh của mình.”
- Dominic O’Brien
Cuốn sách cung cấp những kỹ thuật ghi nhớ có thể cải thiện hoàn toàn trí nhớ của bạn, đồng thời đưa ra những lời khuyên về sức khoẻ tinh thần và thể chất để rèn luyện một trí nhớ hoàn hảo. Dominic O'Brien - 8 lần vô địch thế giới về trí nhớ - còn thiết lập 15 bài tập đơn giản đánh giá mức độ tiến bộ không ngừng của bạn xuyên suốt quá trình đọc cuốn sách.
Dominic O’Brien nổi danh với những thành tựu ghi nhớ phi thường và những lần qua mặt các sòng bạc tại Las Vegas. Ngoài 8 lần giành được danh hiệu vô địch thế giới về trí nhớ, ông còn được vinh danh là Bộ óc Siêu việt, đồng thời là Kiện tướng Trí nhớ năm 1995.
Vào năm 2005, ông đã được trao tặng giải Thành tựu Trọn đời để ghi nhận những công lao trong việc quảng bá nghệ thuật ghi nhớ đến khắp nơi trên thế giới.",Sách tiếng Việt/Sách kỹ năng sống/Sách tư duy - Kỹ năng sống,769
247238830,sách siêu trí nhớ,,107100,126688,NONE,0,0,,https://tiki.vn/sieu-tri-nho-sach-ban-quyen-p247238830.html?spid=275698404,https://salt.tikicdn.com/cache/280x280/ts/product/c6/e0/a6/895a79f94e269254f407bc7b48007aaf.jpg,"Siêu Trí Nhớ (*** Sách Bản Quyền ***)
“Trong cuốn sách này, tôi muốn chỉ cho bạn cách rèn luyện trí nhớ. Mục đích không chỉ để thành thạo những bài tập não bộ mà bạn chưa bao giờ nghĩ là mình có thể làm được, mà còn là đòn bẩy giúp tăng sự tự tin của bạn, cũng giống như tôi vậy. Khi bạn đã có ý niệm về tiềm năng bên trong trí nhớ của mình, thì bạn cũng sẽ sớm nhận ra tiềm năng đó còn có thể áp dụng cho những mặt khác của não bộ, từ khả năng tập trung và phản xạ nhanh nhạy (hay còn gọi là “trí thông minh mềm”) cho đến sự tự tin khi kể chuyện, khi diễn thuyết và thậm chí là cả khả năng ứng biến.
Bằng cách dẫn dắt bạn đi trên hành trình khám phá của tôi, vẽ ra những cung đường đã đưa tôi đến vị trí ngày hôm nay, tôi hy vọng rằng, tôi có thể trao cho bạn phương tiện để bạn tìm thấy trí nhớ tuyệt đỉnh của mình.”
- Dominic O’Brien
Cuốn sách cung cấp những kỹ thuật ghi nhớ có thể cải thiện hoàn toàn trí nhớ của bạn, đồng thời đưa ra những lời khuyên về sức khoẻ tinh thần và thể chất để rèn luyện một trí nhớ hoàn hảo. Dominic O'Brien - 8 lần vô địch thế giới về trí nhớ - còn thiết lập 15 bài tập đơn giản đánh giá mức độ tiến bộ không ngừng của bạn xuyên suốt quá trình đọc cuốn sách.
Dominic O’Brien nổi danh với những thành tựu ghi nhớ phi thường và những lần qua mặt các sòng bạc tại Las Vegas. Ngoài 8 lần giành được danh hiệu vô địch thế giới về trí nhớ, ông còn được vinh danh là Bộ óc Siêu việt, đồng thời là Kiện tướng Trí nhớ năm 1995.
Vào năm 2005, ông đã được trao tặng giải Thành tựu Trọn đời để ghi nhận những công lao trong việc quảng bá nghệ thuật ghi nhớ đến khắp nơi trên thế giới.",Sách tiếng Việt/Sách kỹ năng sống/Sách tư duy - Kỹ năng sống,956
106362125,sách sketchnote lý thuyết,MIKE ROHDE,159000,111899,OFFICIAL_STORE,0,0,,https://tiki.vn/sach-sketchnote-ly-thuyet-p106362125.html?spid=275568269,https://salt.tikicdn.com/cache/280x280/ts/product/de/60/89/45d2dbdb9521f5dfe772a745b5ff2344.png,+Về tác giả:,Sách tiếng Việt/Sách kỹ năng sống/Sách hướng nghiệp,459
22367136,sách sketchnote lý thuyết,MIKE ROHDE,159000,146243,NONE,0,29,,https://tiki.vn/sach-sketchnote-ly-thuyet-tang-kem-bookmark-tiki-p22367136.html?spid=88950694,https://salt.tikicdn.com/cache/280x280/ts/product/af/90/02/8ead3d13b3321b9c57b7333ffd142c3e.jpg,"Nếu muốn bắt đầu tìm hiểu về kỹ thuật sketchnote, đây là cuốn sách hướng dẫn tốt nhất dành cho bạn.
Sketchnote lý thuyết minh hoạ đầy đủ về câu chuyện sketchnote – tại sao và cách nào bạn có thể sử dụng chúng để nắm bắt tư duy của mình một cách trực quan, ghi nhớ thông tin rõ ràng hơn và chia sẻ những gì bạn ghi chép cho những người khác. Cuốn sách cũng giải thích các kỹ thuật sketchnote cho việc ghi chú trực quan theo tốc độ ghi chép của bạn cũng như trong thời gian diễn ra sự kiện. Tác giả Mike Rohde cũng cho bạn thấy cách kết hợp các kỹ thuật này vào quá trình ghi chép – bất kể khả năng nghệ thuật của bạn ra sao – để giúp bạn xử lý thông tin mà bạn đang nghe tốt hơn và biến quá trình ghi chép vốn nhàm chán trở nên thú vị.
Mike Rohde là một nhà thiết kế giao diện và trải nghiệm, làm việc cho Gomoll Research + Design. Ông có niềm đam mê với các giải pháp thiết kế đơn giản và hữu dụng, điều đó đã truyền cảm hứng cho ông phát triển các bản sketchnote – một nghệ thuật giúp “phiên dịch” những ý tưởng đơn giản và phức tạp thành những thông tin dễ nhớ. Ông từng tạo ra các bản sketchnote trực tiếp cho các sự kiện lớn như SXSW, World Domination Summit",Sách tiếng Việt/Sách kỹ năng sống/Sách tư duy - Kỹ năng sống,244
12141178,sách sketchnote lý thuyết,MIKE ROHDE,130200,1,OFFICIAL_STORE,4.6,227,2589,https://tiki.vn/sach-sketchnote-ly-thuyet-p12141178.html?spid=12141179,https://salt.tikicdn.com/cache/280x280/ts/product/e6/30/5a/534394b3fbee4e7d79eaa66193a3f28d.jpg,"Nếu muốn bắt đầu tìm hiểu về kỹ thuật sketchnote, đây là cuốn sách hướng dẫn tốt nhất dành cho bạn.
Sketchnote lý thuyết minh hoạ đầy đủ về câu chuyện sketchnote – tại sao và cách nào bạn có thể sử dụng chúng để nắm bắt tư duy của mình một cách trực quan, ghi nhớ thông tin rõ ràng hơn và chia sẻ những gì bạn ghi chép cho những người khác. Cuốn sách cũng giải thích các kỹ thuật sketchnote cho việc ghi chú trực quan theo tốc độ ghi chép của bạn cũng như trong thời gian diễn ra sự kiện. Tác giả Mike Rohde cũng cho bạn thấy cách kết hợp các kỹ thuật này vào quá trình ghi chép – bất kể khả năng nghệ thuật của bạn ra sao – để giúp bạn xử lý thông tin mà bạn đang nghe tốt hơn và biến quá trình ghi chép vốn nhàm chán trở nên thú vị.
Mike Rohde là một nhà thiết kế giao diện và trải nghiệm, làm việc cho Gomoll Research + Design. Ông có niềm đam mê với các giải pháp thiết kế đơn giản và hữu dụng, điều đó đã truyền cảm hứng cho ông phát triển các bản sketchnote – một nghệ thuật giúp “phiên dịch” những ý tưởng đơn giản và phức tạp thành những thông tin dễ nhớ. Ông từng tạo ra các bản sketchnote trực tiếp cho các sự kiện lớn như SXSW, World Domination Summit",Sách tiếng Việt/Sách kỹ năng sống/Sách tư duy - Kỹ năng sống,203
59043897,sách sketchnote thực hành,MANFRED F. R. KETS DE VRIES,79200,53660,OFFICIAL_STORE,5,11,6,https://tiki.vn/sach-cong-thuc-hanh-phuc-p59043897.html?spid=63669561,https://salt.tikicdn.com/cache/280x280/ts/product/6f/d7/9d/2d892056bb9d795994cb8aeccd896a60.jpg,"Hạnh phúc thực ra là gì? Công thức nào tạo ra hạnh phúc?
Trong cuốn sách này, Kets de Vries nỗ lực giải cấu trúc khái niệm trừu tượng ấy. Ông đi từ quan điểm sinh học, thống kê học, tâm lý học, triết học tự cổ chí kim đến cả các trích dẫn từ nhà văn, nhà thơ, nghệ sĩ, và trên hết, những trải nghiệm cá nhân, nhằm tìm ra một ""đơn thuốc"" giúp tăng cường khả năng đạt được hạnh phúc. Đơn thuốc ấy có hiệu quả hay không tuỳ thuộc ở mỗi người, nhưng có một điều chắc chắn: hạnh phúc luôn ở đâu đó, trong hiện tại và trong tương lai, và ta không bao giờ được mất hy vọng.
MANFRED F. R. KETS DE VRIES là một học giả về quản trị, nhà phân tâm học, cố vấn, giáo sư môn phát triển lãnh đạo và thay đổi tổ chức tại trường kinh doanh INSEAD. Ông là tác giả của 48 cuốn sách cùng hơn 500 bài luận khoa học về các chủ đề như lãnh đạo, phát triển sự nghiệp và thay đổi tổ chức. Năm 2001, ông được Hiệp hội Tâm lý học Hoa Kỳ trao giải Harry và Miriam Levinson vì những đóng góp trong lĩnh vực tư vấn. Năm 2005, ông là người nước ngoài đầu tiên nhận Giải Lãnh đạo Quốc tế của Hoa Kỳ dành cho những đóng góp của ông trong lĩnh vực quản trị. Các tạp chí The Financial Times, Le Capital, Wirtschaftswoche và The Economist xếp ông là một trong những nhà tư tưởng về lãnh đạo hàng đầu thế giới.",Sách tiếng Việt/Sách kỹ năng sống/Sách tư duy - Kỹ năng sống,371
8835539,sách sketchnote thực hành,"JIM COLLINS, MORTEN T.HANSEN",133000,1,OFFICIAL_STORE,4.8,274,4153,https://tiki.vn/sach-vi-dai-do-lua-chon-tai-ban-p8835539.html?spid=8835540,https://salt.tikicdn.com/cache/280x280/ts/product/ef/fd/71/1aa0919684522607e8aeb5708f081b7e.jpg,"Jim Collins là tác giả của hai đầu sách nổi tiếng - Từ tốt đến vĩ đại và Xây dựng để trường tồn. Cùng với phương pháp nghiên cứu như hai cuốn đầu tiên, trong quyển sách này, Jim Collins cùng với Morten T. Hansen đi tìm câu trả lời cho câu hỏi, tại sao các công ty vĩ đại vẫn trường tồn trong những lúc khó khăn, hỗn loạn. Qua rất nhiều năm nghiên cứu khoa học từ những công ty và các lãnh đạo hàng đầu, hai tác giả rút ra được kết luận rằng: Chúng tôi không tin cuộc sống sẽ trở nên tốt đẹp hơn hay có một phép nhiệm mầu và đoán định được tương lai, nhưng có thể nói nhữg tác động phức tạp, toàn cầu hoá và công nghệ đang thúc đẩy thay đổi và càng dễ bị thay đổi hơn bao giờ hết. Chúng tôi cảm thấy trấn tĩnh vì chúng tôi đã hiểu hơn phải có những gì để sống sót, lèo lái và chiến thắng. Theo chúng tôi, trường tồn và tiêu vong phụ thuộc vào những hành động của chúng ta hơn là những gì mà thế giới gây cho chúng ta, và sự vĩ đại không chỉ là một cuộc chinh phục về kinh doanh, nó là cuộc chinh phục của con người.
Và kết quả nghiên cứu sẽ gây bất ngờ cho nhiều nhà lãnh đạo các tổ chức đọc quyển sách này: Những nhà lãnh đạo của các công ty vĩ đại không sáng tạo hơn, không có tầm nhìn xa hơn, không có cá tính hơn, không có vận may hơn, không thích tìm kiếm rủi ro hơn, không anh hùng hơn, và không có khuynh hướng thực hiện những nước cờ lớn, táo bạo hơn. Nhưng họ đã lèo lái được công ty họ qua những lúc khó khăn để luôn trường tồn, bởi vì họ sống và làm việc theo ba yếu tố cân bằng nhau: kiên định với nguyên tắc, sáng tạo theo kinh nghiệm và biết sợ hãi một cách hữu ích.
Quyển sách phù hợp với tầng lớp doanh nhân và lãnh đạo các công ty Việt Nam, những người nghiên cứu về kinh doanh, đang trong quá trình lèo lái con thuyền công ty vươn lên sau khủng hoảng và hướng tới vĩ đại vĩnh cửu.",Sách tiếng Việt/Sách kỹ năng sống/Sách tư duy - Kỹ năng sống,180
210955848,sách sketchnote thực hành,,95000,97533,NONE,0,0,,https://tiki.vn/sach-tu-duy-gian-don-alphabooks-ban-quyen-p210955848.html?spid=274813625,https://salt.tikicdn.com/cache/280x280/ts/product/16/1d/3c/934c4b1fa402b394cf423c50a34cd156.jpg,"Cuốn sách thuộc thể loại kỹ năng, giúp người đọc hiểu đúng về tư duy, từ đó có những quan điểm đúng đắn để áp dụng vào công việc và cuộc sống một cách hiệu quả. Tác giả chỉ ra được nhiều thực trạng chưa tốt trong việc tự học, đồng thời cũng đưa ra được những phương pháp tốt/hữu ích hơn. Cuốn sách có bố cục 2 phần: “Tư duy và sự hình thành các quan niệm” và “Quan niệm về một số vấn đề của cuộc sống” (sự học, nghề nghiệp, đầu tư…). Cùng với cách trình bày vấn đề hấp dẫn, khoa học, mới lạ và các tình huống, ví dụ đa dạng khiến bản thảo vừa thú vị, mềm mại không khô cứng như những sách kỹ năng khác, nhưng vẫn chuyển tải được đầy đủ nội dung cần thiết về cách tư duy các vấn đề của cuộc sống cho bạn đọc.
- “Bản chất vấn đề thường ít mang tính quyết định vấn đề đó thế nào và cách chúng ta tiếp cận, giải quyết chúng ra sao. Cách nhìn nhận, thái độ với vấn đề đó mới chính là yếu tố mang tính quyết định nhiều hơn. Quan niệm chính là bộ lọc đầu tiên khi ta tiếp cận mỗi vấn đề, trước cả khi vấn đề thực sự được đưa vào não xử lý để tìm ra phương pháp hay định hướng cảm xúc. Quan niệm là yếu tố tác động đầu tiên, ngay lập tức và xuyên suốt. Bởi vậy, ngoài việc rèn dũa kiến thức, kỹ năng, trải nghiệm cho bản thân thì xây dựng cho mình một hệ quan niệm phù hợp trước mỗi vấn đề của cuộc sống cũng rất quan trọng trong việc tạo ra cảm xúc, tìm kiếm giải pháp và hành động phù hợp”.
- “Dù học kiến thức, kỹ năng gì chúng ta sẽ ít nhiều bị giới hạn về công cụ, điều kiện để học, trải nghiệm. Nhưng với việc học tư duy, trang bị hệ quan niệm thì gần như không có bất kỳ giới hạn nào. Chỉ cần bước chân đi, đưa mắt nhìn và lắng tai nghe là chúng ta đã có thể học. Và trải nghiệm thực tế là cách tuyệt vời để trau dồi hệ quan niệm của bản thân cả về số lượng và chất lượng”.",Sách tiếng Việt/Sách kỹ năng sống/Sách tư duy - Kỹ năng sống,895
92551869,sách sống thanh thản như người thụy điển,,70000,126688,NONE,0,0,,https://tiki.vn/sach-song-thanh-than-nhu-nguoi-thuy-dien-p92551869.html?spid=124708809,https://salt.tikicdn.com/cache/280x280/ts/product/c5/1a/dd/76da6b2b3852aac4780ed791c7c281be.jpg,"Với mong muốn đó, chúng tôi trân trọng giới thiệu đến bạn đọc quyển sách Sống thanh thản như người Thuỵ Điển và khái niệm döstädning – dọn dẹp để chuẩn bị trước cho hành trình mới. Quyển sách này sẽ hướng dẫn bạn cách tinh giản ngôi nhà và cuộc sống của mình, chỉ để lại những gì thật sự mang lại niềm vui cho bạn và những người thân yêu. Đó chính là bí quyết để sống thanh thản của người Thuỵ Điển.
Bạn có thể thực hành döstädning khi cảm thấy mình chuẩn bị bước sang một hành trình mới, hoặc vào bất kỳ giai đoạn nào trong đời – bởi vì đây là một lối sống mới, một lối sống có trách nhiệm với bản thân và những người xung quanh.
Hãy cùng döstädning để sống thanh thản và chuẩn bị cho ngày bước sang hành trình mới với hành trang gọn nhẹ.",Sách tiếng Việt/Sách kỹ năng sống/Sách kỹ năng mềm,438
275399158,sách sống thanh thản như người thụy điển,,78000,326683,NONE,0,0,,https://tiki.vn/sach-song-thanh-than-nhu-nguoi-thuy-dien-first-news-p275399158.html?spid=277568858,https://salt.tikicdn.com/cache/280x280/ts/product/e0/54/5d/43b7d20afed89ea329c60cf0daf1cc01.jpg,"SỐNG THANH THẢN NHƯ NGƯỜI THUỴ ĐIẺN
Trong cuốn sách Sống Thanh Thản Như Người Thuỵ Điển, bằng lời văn nhẹ nhàng, hóm hỉnh, cây bút Margareta Magnusson sẽ giúp người đọc nhìn lại ngôi nhà một cách chậm rãi, tìm ra thứ mình muốn giữ bên cạnh và dọn dẹp những món đồ không còn phù hợp. Một vài bộ quần áo có thể đến với Hội Chữ thập đỏ, những chậu hoa có thể được dọn đến nhà ai đó sưởi nắng, kể cả kho dụng lặt vặt bám bụi từ lâu cũng có thể tìm người chủ khác…
Không chỉ chú ý đến chuyện tinh giản đồ đạc để xếp gọn cuộc sống, trong văn hoá Thuỵ Điển, cụm từ “döstädning” còn chỉ quá trình dọn dẹp nhà cửa để chuẩn bị cho sự ra đi khi tuổi của chúng ta đã cao. Chính vì vậy, döstädning không hẳn tập trung hoàn toàn vào đồ vật. Qua cuốn sách, tác giả Margareta đã vực dậy lòng can đảm ở người đọc: Dám đối diện với những kỷ vật xưa cũ, sẵn sàng buông bỏ chúng để tìm kiếm niềm hạnh phúc mới và để lại sự thanh thản cho những người ở lại.
Vượt qua bản chất của một thuật ngữ địa phương, ẩn bên trong “Döstädning” là một lối sống văn minh, có trách nhiệm với chính bản thân và những người xung quanh. Từ những chỉ dẫn trong Sống Thanh Thản Như Người Thuỵ Điển, bạn có thể thực hành döstädning ở bất cứ giai đoạn nào của cuộc đời, bởi lẽ dù trong thời điểm nào đi chăng nữa, một mái nhà ngăn nắp sẽ luôn mang đến những điều tích cực cho tâm hồn bạn.",Sách tiếng Việt/Sách kỹ năng sống/Sách tư duy - Kỹ năng sống,1275
137941577,sách stephenie meyer. mặt trời lúc nửa đêm,,244000,126688,NONE,0,0,,https://tiki.vn/sach-nxb-tre-stephenie-meyer-mat-troi-luc-nua-dem-p137941577.html?spid=274103088,https://salt.tikicdn.com/cache/280x280/ts/product/21/3d/d1/e61f51f9fba40138dde58f6a8819b64c.jpg,"MẶT TRỜI LÚC NỬA ĐÊM
Khi Edward Cullen và Bella Swan gặp nhau trong Chạng Vạng, một chuyện tình yêu mang tính biểu tượng đã ra đời. Nhưng cho đến bây giờ, người hâm mộ chỉ nghe thấy câu chuyện từ góc nhìn của Bella. Cuối cùng, độc giả đã có thể trải nghiệm phiên bản của Edward trong cuốn tiểu thuyết đồng hành đã được chờ đợi từ lâu, Mặt Trời Lúc Nửa Đêm.
Câu chuyện đen tối này được kể qua đôi mắt của Edward với nhiều mới mẻ và những bước ngoặt quyết định. Gặp gỡ Bella vừa là sự kiện hấp dẫn nhất, cũng là điều đáng sợ nhất mà anh đã trải qua trong suốt những năm tháng làm ma cà rồng. Khi tìm hiểu thêm các chi tiết lạ lùng trong quá khứ Edward cũng như nội tâm phức tạp của anh, chúng ta sẽ hiểu tại sao đây là cuộc chiến quyết định trong đời Edward. Anh sẽ biện minh cho trái tim mình thế nào nếu yêu Bella cũng đồng nghĩa với việc đẩy cô đến với nguy hiểm?
Trong Mặt Trời Lúc Nửa Đêm, Stephenie Meyer đưa chúng ta trở lại một thế giới đã thu hút hàng triệu độc giả, và mang đến một tiểu thuyết gay cấn về niềm vui và hậu quả tàn khốc của tình yêu bất tử.
Stephenie Meyer là tác giả của loạt truyện Chạng Vạng (Chạng Vạng, Trăng Non, Nhật Thực, Hừng Đông, Cuộc đời thứ hai của Bree Tanner, Sinh Tử, Mặt trời lúc nửa đêm), Vật Chủ và Nhà Hoá Học.
Trong đó, Chạng Vạng đã thu hút hàng triệu độc giả trên toàn thế giới kể từ khi ra mắt vào năm 2005, trở thành tác phẩm kinh điển được viết theo lối hiện đại, định hình lại dòng văn học dành cho bạn đọc trẻ tuổi và dấy lên một hiện tượng lạ khiến độc giả khao khát chờ đợi phần tiếp theo. Loạt truyện đã bán được 160 triệu bản ở nhiều quốc gia và dựng thành năm bộ phim bom tấn.
Stephenie viết Midnight Sun lần đầu tiên cách đây 12 năm. Sau đó, bản thảo dở dang của bà bị rò rỉ trên mạng. Cú sốc khiến Stephenie phải mất một thời gian dài để vượt qua và viết tiếp các chương còn lại. Dù hàng trăm người hâm mộ đã viết tiếp để lấp đầy vào phần khuyết của cuốn tiểu thuyết, nhưng sự kiện Midnight Sun của Stephenie Meyer được chính thức phát hành ngày 4/8 vẫn gây cơn sốt lớn trên toàn thế giới, với hàng triệu bản in ngay tuần đầu tiên và ngay lập tức trở thành sách bán chạy nhất trên Amazon.
“Anh không ngủ được,” tôi lầm bầm, trả lời câu hỏi của em đầy đủ hơn. Bella im lặng một lúc.
“Dù chỉ một chút sao?” em hỏi.
“Không bao giờ,” tôi thì thầm.
Khi nhìn vào ánh mắt thấu tận tâm can của Bella, đọc được sự ngạc nhiên và thương cảm trong đó, bỗng nhiên tôi tha thiết được ngủ. Không phải để quên lãng đi, như trước đây, không phải để thoát khỏi sự chán chường, mà vì tôi muốn nằm mơ. Có lẽ nếu mất ý thức, nếu nằm mơ được thì tôi có thể sống thêm vài giờ trong một thế giới nơi em và tôi có thể bên nhau. Bella nằm mơ thấy tôi. Tôi cũng muốn mơ thấy em.
Bella chăm chú nhìn lại tôi, mặt đong đầy ngạc nhiên. Tôi phải nhìn lảng đi chỗ khác.
Tôi không thể mơ về em. Em không nên mơ thấy tôi.",Sách tiếng Việt/Sách kỹ năng sống/Sách tư duy - Kỹ năng sống,701
137941593,sách stephenie meyer. mặt trời lúc nửa đêm,,244000,295057,NONE,0,0,,https://tiki.vn/sach-nxb-tre-stephenie-meyer-mat-troi-luc-nua-dem-p137941593.html?spid=274161449,https://salt.tikicdn.com/cache/280x280/ts/product/21/3d/d1/2a5bbf033d43e8f66ecca9d8fde36180.jpg,"MẶT TRỜI LÚC NỬA ĐÊM
Khi Edward Cullen và Bella Swan gặp nhau trong Chạng Vạng, một chuyện tình yêu mang tính biểu tượng đã ra đời. Nhưng cho đến bây giờ, người hâm mộ chỉ nghe thấy câu chuyện từ góc nhìn của Bella. Cuối cùng, độc giả đã có thể trải nghiệm phiên bản của Edward trong cuốn tiểu thuyết đồng hành đã được chờ đợi từ lâu, Mặt Trời Lúc Nửa Đêm.
Câu chuyện đen tối này được kể qua đôi mắt của Edward với nhiều mới mẻ và những bước ngoặt quyết định. Gặp gỡ Bella vừa là sự kiện hấp dẫn nhất, cũng là điều đáng sợ nhất mà anh đã trải qua trong suốt những năm tháng làm ma cà rồng. Khi tìm hiểu thêm các chi tiết lạ lùng trong quá khứ Edward cũng như nội tâm phức tạp của anh, chúng ta sẽ hiểu tại sao đây là cuộc chiến quyết định trong đời Edward. Anh sẽ biện minh cho trái tim mình thế nào nếu yêu Bella cũng đồng nghĩa với việc đẩy cô đến với nguy hiểm?
Trong Mặt Trời Lúc Nửa Đêm, Stephenie Meyer đưa chúng ta trở lại một thế giới đã thu hút hàng triệu độc giả, và mang đến một tiểu thuyết gay cấn về niềm vui và hậu quả tàn khốc của tình yêu bất tử.
Stephenie Meyer là tác giả của loạt truyện Chạng Vạng (Chạng Vạng, Trăng Non, Nhật Thực, Hừng Đông, Cuộc đời thứ hai của Bree Tanner, Sinh Tử, Mặt trời lúc nửa đêm), Vật Chủ và Nhà Hoá Học.
Trong đó, Chạng Vạng đã thu hút hàng triệu độc giả trên toàn thế giới kể từ khi ra mắt vào năm 2005, trở thành tác phẩm kinh điển được viết theo lối hiện đại, định hình lại dòng văn học dành cho bạn đọc trẻ tuổi và dấy lên một hiện tượng lạ khiến độc giả khao khát chờ đợi phần tiếp theo. Loạt truyện đã bán được 160 triệu bản ở nhiều quốc gia và dựng thành năm bộ phim bom tấn.
Stephenie viết Midnight Sun lần đầu tiên cách đây 12 năm. Sau đó, bản thảo dở dang của bà bị rò rỉ trên mạng. Cú sốc khiến Stephenie phải mất một thời gian dài để vượt qua và viết tiếp các chương còn lại. Dù hàng trăm người hâm mộ đã viết tiếp để lấp đầy vào phần khuyết của cuốn tiểu thuyết, nhưng sự kiện Midnight Sun của Stephenie Meyer được chính thức phát hành ngày 4/8 vẫn gây cơn sốt lớn trên toàn thế giới, với hàng triệu bản in ngay tuần đầu tiên và ngay lập tức trở thành sách bán chạy nhất trên Amazon.
“Anh không ngủ được,” tôi lầm bầm, trả lời câu hỏi của em đầy đủ hơn. Bella im lặng một lúc.
“Dù chỉ một chút sao?” em hỏi.
“Không bao giờ,” tôi thì thầm.
Khi nhìn vào ánh mắt thấu tận tâm can của Bella, đọc được sự ngạc nhiên và thương cảm trong đó, bỗng nhiên tôi tha thiết được ngủ. Không phải để quên lãng đi, như trước đây, không phải để thoát khỏi sự chán chường, mà vì tôi muốn nằm mơ. Có lẽ nếu mất ý thức, nếu nằm mơ được thì tôi có thể sống thêm vài giờ trong một thế giới nơi em và tôi có thể bên nhau. Bella nằm mơ thấy tôi. Tôi cũng muốn mơ thấy em.
Bella chăm chú nhìn lại tôi, mặt đong đầy ngạc nhiên. Tôi phải nhìn lảng đi chỗ khác.
Tôi không thể mơ về em. Em không nên mơ thấy tôi.",Sách tiếng Việt/Sách kỹ năng sống/Sách tư duy - Kỹ năng sống,704
106362844,sách sự tha thứ,SETH GODIN,143000,97533,NONE,0,0,,https://tiki.vn/sach-nhan-su-cot-can-p106362844.html?spid=198187698,https://salt.tikicdn.com/cache/280x280/ts/product/cc/35/39/34efaab15de93f0f0d88748c0a5e44be.jpg,"Làm thế nào để thúc đẩy sự nghiệp và tạo ra tương lai rực rỡ bất chấp xuất phát điểm của bạn ở đâu?
Tại sao một số người dễ dàng bị sa thải, nản chí và bị thu hẹp mọi cơ hội, trong khi những người khác có cơ hội lựa chọn? Trong cuốn sách ấn tượng này, Seth Godin lập luận rằng đây là lúc cần trở nên thiết yếu hơn bao giờ hết, để trở thành người không thể thiếu - nhân sự cốt cán trong mọi tổ chức bạn làm việc.",Sách tiếng Việt/Sách kỹ năng sống/Sách tư duy - Kỹ năng sống,584
208286106,sách sự tha thứ,,104300,111899,OFFICIAL_STORE,0,1,,https://tiki.vn/sach-vuot-qua-ban-nga-alphabooks-ban-quyen-p208286106.html?spid=276429745,https://salt.tikicdn.com/cache/280x280/ts/product/89/be/4c/f1c8ac704d43846187606f143fc91fee.png,"Sách-Vượt qua bản ngã
Đây là cuốn sách nói về kẻ thù lớn nhất cản trở chúng ta trên bước đường sự nghiệp: bản ngã.
Khi bắt đầu khởi nghiệp, nó cản trở việc học tập và trau dồi của chúng ta.
Khi đã đạt được thành công bước đầu, nó khiến chúng ta trở nên mù quáng trước những sai lầm của bản thân.
Khi chúng tơ thất bại, nó phóng đại nỗi đau và khiến chúng ta không thể gượng dậy nổi. Trên mỗi bước đường chúng ta đi, bản ngã luôn là kẻ thù.
Bằng hàng loạt câu chuyện có thật, trải dài trên đủ các lĩnh vực từ quân sự, thể thao đến kinh doanh, cuốn sách đã vẽ nên một bức tranh toàn cảnh về sự nguy hiểm của bản ngã và việc làm sao để đánh bại nó. Sau khi đọc xong, bạn có thể, như lời tác giả nói: “Bớt đầu tư vào việc tự kể những câu chuyện về sự đặc biệt của bản thân, và nhờ đó sẽ được giải phóng để hoàn thành mục tiêu làm thay đổi thế giới mà bạn đã vạch ra.”",Sách tiếng Việt/Sách kỹ năng sống/Sách tư duy - Kỹ năng sống,845
38292706,sách sức mạnh của sự túng quẫn,"DAYMOND JOHN, DANIEL PAISNER",134000,97533,NONE,0,2,,https://tiki.vn/suc-manh-cua-su-tung-quan-tang-bookmark-romantic-p38292706.html?spid=72907076,https://salt.tikicdn.com/cache/280x280/ts/product/9e/ab/d5/569a93488c6a8f6b54c2c878c71dbc85.jpg,"Daymond là một Shark nổi tiếng trong Shark Tank của Mỹ, nhà sáng lập thương hiệu thời trang đường phố FUBU. Trước khi có được thành công như hiện tại, ông đã từng trải qua rất nhiều khó khăn trong quá khứ, khi gần như chẳng có gì trong tay.
Daymond đã sử dụng sức mạnh của sự túng quẫn kể từ khi ông bắt đầu may áo phông và bày bán trên đường phố Queens. Với ngân sách vỏn vẹn 40 đô-la, Daymond phải đưa ra chiến lược vượt trội, độc đáo để có thể quảng bá sản phẩm của mình để rộng rãi mọi người. May mắn thay, chính sự túng quẫn đã tạo ra sự đổi mới, vì vậy, ông ấp ủ một ý tưởng cho chiến dịch sáng tạo mà cuối cùng đã đưa thương hiệu FUBU trở thành hiện tượng toàn cầu trị giá 6 tỷ đô-la.
Tại đây, Daymond cho thấy ngoài trách nhiệm pháp lý, sức mạnh của sự túng quẫn có thể là lợi thế cạnh tranh lớn nhất của bạn với tư cách là một doanh nhân. Tại sao? Bởi vì bắt đầu kinh doanh từ con số 0 sẽ buộc bạn phải suy nghĩ sáng tạo hơn. Nó buộc bạn phải sử dụng tài nguyên của mình hiệu quả hơn. Nó buộc bạn phải kết nối với khách hàng của mình một cách xác thực nhất có thể. Nó buộc bạn phải thành thật với chính mình, tập trung vào mục tiêu và đưa ra những giải pháp sáng tạo để có thể tạo ra một dấu ấn đầy ý nghĩa.",Sách tiếng Việt/Sách kỹ năng sống/Sách tư duy - Kỹ năng sống,314
106362186,sách sức mạnh của sự túng quẫn,DAYMOND JOHN,134000,126688,NONE,0,0,,https://tiki.vn/sach-suc-manh-cua-su-tung-quan-p106362186.html?spid=117570277,https://salt.tikicdn.com/cache/280x280/ts/product/6f/a3/e1/2057926b7306d9c45ff658dd5788a744.jpg,"Sách - Sức mạnh của sự túng quẫn
Daymond đã sử dụng sức mạnh của sự túng quẫn kể từ khi ông bắt đầu may áo phông và bày bán trên đường phố Queens. Với ngân sách vỏn vẹn 40 đô-la, Daymond phải đưa ra chiến lược vượt trội, độc đáo để có thể quảng bá sản phẩm của mình để rộng rãi mọi người. May mắn thay, chính sự túng quẫn đã tạo ra sự đổi mới, vì vậy, ông ấp ủ một ý tưởng cho chiến dịch sáng tạo mà cuối cùng đã đưa thương hiệu FUBU trở thành hiện tượng toàn cầu trị giá 6 tỷ đô-la.",Sách tiếng Việt/Sách kỹ năng sống/Sách tư duy - Kỹ năng sống,468
106362880,sách sức mạnh của sự túng quẫn,.,111750,7734,TRUSTED_STORE,0,0,,https://tiki.vn/sach-suc-manh-cua-su-tung-quan-p106362880.html?spid=277552264,https://salt.tikicdn.com/cache/280x280/ts/product/f3/97/b7/031520bed368a4f071eb562fb4971ba2.jpg,"Daymond đã sử dụng sức mạnh của sự túng quẫn kể từ khi ông bắt đầu may áo phông và bày bán trên đường phố Queens. Với ngân sách vỏn vẹn 40 đô-la, Daymond phải đưa ra chiến lược vượt trội, độc đáo để có thể quảng bá sản phẩm của mình để rộng rãi mọi người. May mắn thay, chính sự túng quẫn đã tạo ra sự đổi mới, vì vậy, ông ấp ủ một ý tưởng cho chiến dịch sáng tạo mà cuối cùng đã đưa thương hiệu FUBU trở thành hiện tượng toàn cầu trị giá 6 tỷ đô-la.",Sách tiếng Việt/Sách kỹ năng sống/Sách tư duy - Kỹ năng sống,592
32802799,sách sức mạnh của sự túng quẫn,"DAYMOND JOHN, DANIEL PAISNER",109200,1,OFFICIAL_STORE,4.5,121,1677,https://tiki.vn/sach-suc-manh-cua-su-tung-quan-p32802799.html?spid=32802800,https://salt.tikicdn.com/cache/280x280/ts/product/69/76/fe/cad824ca6ebc2f85aa337fed628c0410.jpg,"Daymond là một Shark nổi tiếng trong Shark Tank của Mỹ, nhà sáng lập thương hiệu thời trang đường phố FUBU. Trước khi có được thành công như hiện tại, ông đã từng trải qua rất nhiều khó khăn trong quá khứ, khi gần như chẳng có gì trong tay.
Daymond đã sử dụng sức mạnh của sự túng quẫn kể từ khi ông bắt đầu may áo phông và bày bán trên đường phố Queens. Với ngân sách vỏn vẹn 40 đô-la, Daymond phải đưa ra chiến lược vượt trội, độc đáo để có thể quảng bá sản phẩm của mình để rộng rãi mọi người. May mắn thay, chính sự túng quẫn đã tạo ra sự đổi mới, vì vậy, ông ấp ủ một ý tưởng cho chiến dịch sáng tạo mà cuối cùng đã đưa thương hiệu FUBU trở thành hiện tượng toàn cầu trị giá 6 tỷ đô-la.
Tại đây, Daymond cho thấy ngoài trách nhiệm pháp lý, sức mạnh của sự túng quẫn có thể là lợi thế cạnh tranh lớn nhất của bạn với tư cách là một doanh nhân. Tại sao? Bởi vì bắt đầu kinh doanh từ con số 0 sẽ buộc bạn phải suy nghĩ sáng tạo hơn. Nó buộc bạn phải sử dụng tài nguyên của mình hiệu quả hơn. Nó buộc bạn phải kết nối với khách hàng của mình một cách xác thực nhất có thể. Nó buộc bạn phải thành thật với chính mình, tập trung vào mục tiêu và đưa ra những giải pháp sáng tạo để có thể tạo ra một dấu ấn đầy ý nghĩa.",Sách tiếng Việt/Sách kỹ năng sống/Sách tư duy - Kỹ năng sống,286
37468776,sách sức mạnh của sự túng quẫn,"DAYMOND JOHN, DANIEL PAISNER",121500,26874,NONE,0,6,2,https://tiki.vn/suc-manh-cua-su-tung-quan-tang-kem-bookmark-sang-tao-p37468776.html?spid=38113128,https://salt.tikicdn.com/cache/280x280/ts/product/9e/ab/d5/23e9f55f13f3a72b92eba51395e26228.jpg,"Daymond là một Shark nổi tiếng trong Shark Tank của Mỹ, nhà sáng lập thương hiệu thời trang đường phố FUBU. Trước khi có được thành công như hiện tại, ông đã từng trải qua rất nhiều khó khăn trong quá khứ, khi gần như chẳng có gì trong tay.
Daymond đã sử dụng sức mạnh của sự túng quẫn kể từ khi ông bắt đầu may áo phông và bày bán trên đường phố Queens. Với ngân sách vỏn vẹn 40 đô-la, Daymond phải đưa ra chiến lược vượt trội, độc đáo để có thể quảng bá sản phẩm của mình để rộng rãi mọi người. May mắn thay, chính sự túng quẫn đã tạo ra sự đổi mới, vì vậy, ông ấp ủ một ý tưởng cho chiến dịch sáng tạo mà cuối cùng đã đưa thương hiệu FUBU trở thành hiện tượng toàn cầu trị giá 6 tỷ đô-la.
Tại đây, Daymond cho thấy ngoài trách nhiệm pháp lý, sức mạnh của sự túng quẫn có thể là lợi thế cạnh tranh lớn nhất của bạn với tư cách là một doanh nhân. Tại sao? Bởi vì bắt đầu kinh doanh từ con số 0 sẽ buộc bạn phải suy nghĩ sáng tạo hơn. Nó buộc bạn phải sử dụng tài nguyên của mình hiệu quả hơn. Nó buộc bạn phải kết nối với khách hàng của mình một cách xác thực nhất có thể. Nó buộc bạn phải thành thật với chính mình, tập trung vào mục tiêu và đưa ra những giải pháp sáng tạo để có thể tạo ra một dấu ấn đầy ý nghĩa.",Sách tiếng Việt/Sách kỹ năng sống/Sách tư duy - Kỹ năng sống,310
197636611,sách sức mạnh của thói quen,,135000,126688,NONE,0,0,,https://tiki.vn/cuon-sach-suc-manh-cua-thoi-quen-p197636611.html?spid=276657939,https://salt.tikicdn.com/cache/280x280/ts/product/f8/45/48/d195d53ad2ca6e6557cb61432e15a4f2.png,"Sức Mạnh Của Thói Quen (Tái Bản 2019)
Sức Mạnh Của Thói Quen
Chìa khoá quan trọng nhất để mở cánh cửa thành công chính là sự kết hợp nhuần nhuyễn những thói quen tốt với nhau.
Câu hỏi đặt ra là làm thế nào để phân biệt thói quen tốt và thói quen xấu? Thói quen có nằm trong tầm kiểm soát của chúng ta hay không?
Với ba phần khá đầy đặn, Sức mạnh của thói quen cho bạn cái nhìn toàn diện không chỉ về thói quen cá nhân, của tổ chức mà còn là của toàn xã hội, cùng với lời khuyên để vận dụng các thói quen đó.
Muốn thay đổi thói quen, bạn phải phá vỡ những việc làm tuỳ hứng hàng ngày – câu “thần chú” này chỉ đường cho bạn tới thành công.
Sức mạnh của thói quen sẽ làm bạn say mê bởi những ý tưởng thú vị, những nghiên cứu ấn tượng, những phân tích thông minh và những lời khuyên thiết thực.Và những độc giả đã đưa cuốn sách này vào danh sách bestseller của Thời báo New York suốt 40 tuần đã kiểm chứng điều đó.",Sách tiếng Việt/Sách kỹ năng sống/Sách tư duy - Kỹ năng sống,796
140416375,sách sức mạnh của thói quen,CHARLES DUHIGG,130000,111899,OFFICIAL_STORE,0,19,,https://tiki.vn/sach-suc-manh-cua-thoi-quen-tai-ban-p140416375.html?spid=262688302,https://salt.tikicdn.com/cache/280x280/ts/product/d6/b2/17/b97a322712348aa5e7903955e3b20bd5.png,"Về cơ bản, người lớn và trẻ em không khác nhau là mấy. Bởi hầu hết những hành động hàng ngày của chúng ta đều là sản phẩm của thói quen vô thức. Thế nhưng không phải cá nhân, tổ chức nào cũng có được thành công. Đó là vì mỗi người có những thói quen riêng. Vậy thói quen nào mới giúp bạn thành công? Trong cuốn sách “Sức mạnh của thói quen”, Charles Duhigg sẽ giải đáp thắc mắc ấy.
Chìa khoá quan trọng nhất để mở cánh cửa thành công chính là sự kết hợp nhuần nhuyễn những thói quen tốt với nhau. Câu hỏi đặt ra là làm thế nào để phân biệt thói quen tốt và thói quen xấu? Thói quen có nằm trong tầm kiểm soát của chúng ta hay không? Với ba phần khá đầy đặn, “Sức mạnh của thói quen” cho bạn cái nhìn toàn diện không chỉ về thói quen cá nhân, của tổ chức mà còn là của toàn xã hội, cùng với lời khuyên để vận dụng các thói quen đó. Muốn thay đổi thói quen, bạn phải phá vỡ những việc làm tuỳ hứng hàng ngày – câu “thần chú” này chỉ đường cho bạn tới thành công.
Sức mạnh của thói quen sẽ làm bạn say mê bởi những ý tưởng thú vị, những nghiên cứu ấn tượng, những phân tích thông minh và những lời khuyên thiết thực. Những độc giả đưa cuốn sách này vào danh sách bestseller của Thời báo New York suốt 40 tuần đã kiểm chứng điều đó.
“Một thăm dò thú vụ về những thói quen bệnh hoạn của chúng ta – chúng ta hút thuốc, chúng ta không ngừng kiểm tra điện thoại, liên tục chọn lựa người tình tồi, chúng ta thường xuyên (hoặc không bao giờ) thu dọn phòng ốc. Duhigg đào sâu vào tìm ra nguyên do tại sao chúng ta làm như vậy, và chúng ta có thể thay đổi chúng ra sao, với cả cá nhân và tổ chức”
“Cuốn sách của Charles Duhigg đầy sức mạnh trong chính sự giản dị của nó: đối đầu với những yếu tố gốc rễ trong hành vi con người, chấp nhận chúng như những căn bệnh thâm căn cố đế, rồi sau đó hướng người đọc tới khát khao đổi thay. Cái nhìn của anh thật sâu sắc, hữu ích và cũng đầy khiêu khích”
Jim Collins, tác giả những cuốn sách kinh doanh Good to Great (Từ tốt đến vĩ đại) và Built to Last (Xây dựng để trường tồn) bán chạy nhất thế giới.
Charles Duhigg là phóng viên của thời báo New York từ năm 2006, là cây bút trụ cột của thời báo Los Angeles. Từ năm 2007 tới nay, anh liên tục nhận được những giải thưởng lớn cho các bài báo và cuốn sách viết về kinh tế và doanh nghiệp. Một thập kỷ trước, khi làm phóng viên tại Irac, anh đã bắt đầu quan tâm tới thói quen khi được nghe một thiếu tá quân đội kể về ảnh hưởng của thói quen tới thành công của ông. Anh chính là tác giả của cuốn sách The Power of Habit (Sức mạnh của thói quen) được trích đăng trên Thời báo New York. Cuốn sách nằm trong danh sách best-seller suốt 40 tuần trên Thời báo New York và cho đến nay vẫn là một trong số những cuốn sách hay nhất về thay đổi hành vi con người và tổ chức.",Sách tiếng Việt/Sách kỹ năng sống/Sách tư duy - Kỹ năng sống,713
247556059,sách sức mạnh của thói quen,,130000,111899,OFFICIAL_STORE,0,0,,https://tiki.vn/suc-manh-cua-thoi-quen-sach-ban-quyen-p247556059.html?spid=262688308,https://salt.tikicdn.com/cache/280x280/ts/product/f6/43/98/a44053928a02be9d04de647d83a2bb70.png,"Sức Mạnh Của Thói Quen (*** Sách Bản Quyền ***)
Sức Mạnh Của Thói Quen (*** Sách Bản Quyền ***)
Chìa khoá quan trọng nhất để mở cánh cửa thành công chính là sự kết hợp nhuần nhuyễn những thói quen tốt với nhau.
Câu hỏi đặt ra là làm thế nào để phân biệt thói quen tốt và thói quen xấu? Thói quen có nằm trong tầm kiểm soát của chúng ta hay không?
Với ba phần khá đầy đặn, Sức mạnh của thói quen cho bạn cái nhìn toàn diện không chỉ về thói quen cá nhân, của tổ chức mà còn là của toàn xã hội, cùng với lời khuyên để vận dụng các thói quen đó.
Muốn thay đổi thói quen, bạn phải phá vỡ những việc làm tuỳ hứng hàng ngày – câu “thần chú” này chỉ đường cho bạn tới thành công.
Sức mạnh của thói quen sẽ làm bạn say mê bởi những ý tưởng thú vị, những nghiên cứu ấn tượng, những phân tích thông minh và những lời khuyên thiết thực.Và những độc giả đã đưa cuốn sách này vào danh sách bestseller của Thời báo New York suốt 40 tuần đã kiểm chứng điều đó.",Sách tiếng Việt/Sách kỹ năng sống/Sách tư duy - Kỹ năng sống,959
13579553,sách sức mạnh của thói quen,CHARLES DUHIGG,152000,126688,NONE,5,258,5,https://tiki.vn/sach-suc-manh-cua-thoi-quen-tai-ban-2019-p13579553.html?spid=76167272,https://salt.tikicdn.com/cache/280x280/ts/product/74/b1/03/4b344b21b91fad0d7134e437b5025d8e.jpg,"Sức Mạnh Của Thói Quen
Chìa khoá quan trọng nhất để mở cánh cửa thành công chính là sự kết hợp nhuần nhuyễn những thói quen tốt với nhau.
Câu hỏi đặt ra là làm thế nào để phân biệt thói quen tốt và thói quen xấu? Thói quen có nằm trong tầm kiểm soát của chúng ta hay không?
Với ba phần khá đầy đặn, Sức mạnh của thói quen cho bạn cái nhìn toàn diện không chỉ về thói quen cá nhân, của tổ chức mà còn là của toàn xã hội, cùng với lời khuyên để vận dụng các thói quen đó.
Muốn thay đổi thói quen, bạn phải phá vỡ những việc làm tuỳ hứng hàng ngày – câu “thần chú” này chỉ đường cho bạn tới thành công.
Sức mạnh của thói quen sẽ làm bạn say mê bởi những ý tưởng thú vị, những nghiên cứu ấn tượng, những phân tích thông minh và những lời khuyên thiết thực.Và những độc giả đã đưa cuốn sách này vào danh sách bestseller của Thời báo New York suốt 40 tuần đã kiểm chứng điều đó.",Sách tiếng Việt/Sách kỹ năng sống/Sách tư duy - Kỹ năng sống,211
614801,sách sức mạnh của thói quen,CHARLES DUHIGG,130000,7247,OFFICIAL_STORE,0,12,1,https://tiki.vn/sach-suc-manh-cua-thoi-quen-tai-ban-p614801.html?spid=247325488,https://salt.tikicdn.com/cache/280x280/ts/product/d6/b2/17/41f290b566f2291091d1193df59f5a5e.png,"Sức Mạnh Của Thói Quen (Tái Bản)
Chìa khoá quan trọng nhất để mở cánh cửa thành công chính là sự kết hợp nhuần nhuyễn những thói quen tốt với nhau.
Câu hỏi đặt ra là làm thế nào để phân biệt thói quen tốt và thói quen xấu? Thói quen có nằm trong tầm kiểm soát của chúng ta hay không?
Với ba phần khá đầy đặn, “Sức mạnh của thói quen” cho bạn cái nhìn toàn diện không chỉ về thói quen cá nhân, của tổ chức mà còn là của toàn xã hội, cùng với lời khuyên để vận dụng các thói quen đó.
Muốn thay đổi thói quen, bạn phải phá vỡ những việc làm tuỳ hứng hàng ngày – câu “thần chú” này chỉ đường cho bạn tới thành công.
“Sức mạnh của thói quen” sẽ làm bạn say mê bởi những ý tưởng thú vị, những nghiên cứu ấn tượng, những phân tích thông minh và những lời khuyên thiết thực.Và những độc giả đã đưa cuốn sách này vào danh sách bestseller của Thời báo New York suốt 40 tuần đã kiểm chứng điều đó.",Sách tiếng Việt/Sách kỹ năng sống/Sách tư duy - Kỹ năng sống,89
184101370,sách sức mạnh của thói quen,CHARLES DUHIGG,113400,1,OFFICIAL_STORE,4.8,72,1107,https://tiki.vn/sach-suc-manh-cua-thoi-quen-tai-ban-2022-p184101370.html?spid=184101373,https://salt.tikicdn.com/cache/280x280/ts/product/98/21/f5/d080bb9a27db3ab874a26a40664c20a4.jpg,"Về cơ bản, người lớn và trẻ em không khác nhau là mấy. Bởi hầu hết những hành động hàng ngày của chúng ta đều là sản phẩm của thói quen vô thức. Thế nhưng không phải cá nhân, tổ chức nào cũng có được thành công. Đó là vì mỗi người có những thói quen riêng. Vậy thói quen nào mới giúp bạn thành công? Trong cuốn sách “Sức mạnh của thói quen”, Charles Duhigg sẽ giải đáp thắc mắc ấy.
Chìa khoá quan trọng nhất để mở cánh cửa thành công chính là sự kết hợp nhuần nhuyễn những thói quen tốt với nhau. Câu hỏi đặt ra là làm thế nào để phân biệt thói quen tốt và thói quen xấu? Thói quen có nằm trong tầm kiểm soát của chúng ta hay không? Với ba phần khá đầy đặn, “Sức mạnh của thói quen” cho bạn cái nhìn toàn diện không chỉ về thói quen cá nhân, của tổ chức mà còn là của toàn xã hội, cùng với lời khuyên để vận dụng các thói quen đó. Muốn thay đổi thói quen, bạn phải phá vỡ những việc làm tuỳ hứng hàng ngày – câu “thần chú” này chỉ đường cho bạn tới thành công.
Sức mạnh của thói quen sẽ làm bạn say mê bởi những ý tưởng thú vị, những nghiên cứu ấn tượng, những phân tích thông minh và những lời khuyên thiết thực. Những độc giả đưa cuốn sách này vào danh sách bestseller của Thời báo New York suốt 40 tuần đã kiểm chứng điều đó.
“Một thăm dò thú vụ về những thói quen bệnh hoạn của chúng ta – chúng ta hút thuốc, chúng ta không ngừng kiểm tra điện thoại, liên tục chọn lựa người tình tồi, chúng ta thường xuyên (hoặc không bao giờ) thu dọn phòng ốc. Duhigg đào sâu vào tìm ra nguyên do tại sao chúng ta làm như vậy, và chúng ta có thể thay đổi chúng ra sao, với cả cá nhân và tổ chức”
“Cuốn sách của Charles Duhigg đầy sức mạnh trong chính sự giản dị của nó: đối đầu với những yếu tố gốc rễ trong hành vi con người, chấp nhận chúng như những căn bệnh thâm căn cố đế, rồi sau đó hướng người đọc tới khát khao đổi thay. Cái nhìn của anh thật sâu sắc, hữu ích và cũng đầy khiêu khích”
Jim Collins, tác giả những cuốn sách kinh doanh Good to Great (Từ tốt đến vĩ đại) và Built to Last (Xây dựng để trường tồn) bán chạy nhất thế giới.
Charles Duhigg là phóng viên của thời báo New York từ năm 2006, là cây bút trụ cột của thời báo Los Angeles. Từ năm 2007 tới nay, anh liên tục nhận được những giải thưởng lớn cho các bài báo và cuốn sách viết về kinh tế và doanh nghiệp. Một thập kỷ trước, khi làm phóng viên tại Irac, anh đã bắt đầu quan tâm tới thói quen khi được nghe một thiếu tá quân đội kể về ảnh hưởng của thói quen tới thành công của ông. Anh chính là tác giả của cuốn sách The Power of Habit (Sức mạnh của thói quen) được trích đăng trên Thời báo New York. Cuốn sách nằm trong danh sách best-seller suốt 40 tuần trên Thời báo New York và cho đến nay vẫn là một trong số những cuốn sách hay nhất về thay đổi hành vi con người và tổ chức.",Sách tiếng Việt/Sách kỹ năng sống/Sách tư duy - Kỹ năng sống,773
208642247,sách sức mạnh của toàn tâm toàn ý,,134000,97533,NONE,0,0,,https://tiki.vn/sach-suc-manh-cua-toan-tam-toan-y-alphabooks-ban-quyen-p208642247.html?spid=270714922,https://salt.tikicdn.com/cache/280x280/ts/product/7f/f1/51/f358342d7fd64917e799163b0bed762f.jpg,"Sức Mạnh Của Toàn Tâm Toàn Ý
Trong cuốn sách vừa được tạp chí New York Times bình chọn là sách bán chạy nhất, Jim Loehr và Tony Schawartz đã chứng minh rằng không phải quản trị thời gian mà chính quản trị năng lượng mới là then chốt để duy trì cả hiệu suất cao lẫn sức khoẻ, hạnh phúc và cân bằng cuộc sống. Phương pháp Rèn luyện Toàn tâm toàn ý của họ dựa trên cơ sở 25 năm kinh nghiệm làm việc với những vận động viên thể thao hàng đầu thế giới, trong đó có vận động viên tennis vô địch thế giới Monica Seles và nhà trượt tuyết tốc độ đạt huy chương vàng Thế vận hội Dan Jansen. Phương pháp Rèn luyện Toàn tâm toàn ý đã giúp họ thi đấu hiệu quả hơn dưới áp lực khốc liệt.
Giờ đây, chương trình này sẽ giúp bạn:
Phát huy bốn nguồn năng lượng chủ yếu
Bù lại năng lượng tiêu hao bằng năng lượng hồi phục xen kẽ
Tăng thêm khả năng theo đúng phương pháp mà các vận động viên nổi tiếng thực hiện
Tạo ra những thói quen rất cụ thể để quản trị năng lượng tích cực.
Sức mạnh của toàn tâm toàn ý là phương pháp rất thiết thực và có cơ sở khoa học để quản trị năng lượng của bạn theo cách thông minh hơn. Nó cho ta một chỉ dẫn rõ ràng để trở nên mạnh mẽ hơn về mặt thể chất, gắn bó hơn về mặt tình cảm, tập trung hơn về mặt trí tuệ và liên kết hơn về mặt tinh thần – cả trong công việc lẫn trong đời sống.
Sách - Sức mạnh của toàn tâm toàn ý",Sách tiếng Việt/Sách kỹ năng sống/Sách tư duy - Kỹ năng sống,862
106362638,sách sức mạnh của toàn tâm toàn ý,.,134000,295057,NONE,0,0,,https://tiki.vn/sach-suc-manh-cua-toan-tam-toan-y-p106362638.html?spid=248097144,https://salt.tikicdn.com/cache/280x280/ts/product/7f/f1/51/2fc162c2e8af668e1125e9dc972ebadb.jpg,"Sức Mạnh Của Toàn Tâm Toàn Ý
Trong cuốn sách vừa được tạp chí New York Times bình chọn là sách bán chạy nhất, Jim Loehr và Tony Schawartz đã chứng minh rằng không phải quản trị thời gian mà chính quản trị năng lượng mới là then chốt để duy trì cả hiệu suất cao lẫn sức khoẻ, hạnh phúc và cân bằng cuộc sống. Phương pháp Rèn luyện Toàn tâm toàn ý của họ dựa trên cơ sở 25 năm kinh nghiệm làm việc với những vận động viên thể thao hàng đầu thế giới, trong đó có vận động viên tennis vô địch thế giới Monica Seles và nhà trượt tuyết tốc độ đạt huy chương vàng Thế vận hội Dan Jansen. Phương pháp Rèn luyện Toàn tâm toàn ý đã giúp họ thi đấu hiệu quả hơn dưới áp lực khốc liệt.
Giờ đây, chương trình này sẽ giúp bạn:
Phát huy bốn nguồn năng lượng chủ yếu
Bù lại năng lượng tiêu hao bằng năng lượng hồi phục xen kẽ
Tạo ra những thói quen rất cụ thể để quản trị năng lượng tích cực.
Sách - Sức mạnh của toàn tâm toàn ý",Sách tiếng Việt/Sách kỹ năng sống/Sách tư duy - Kỹ năng sống,547
248656094,sách sức mạnh của toàn tâm toàn ý,"JIM LOEHR, TONY SCHWARTZ",101200,1,OFFICIAL_STORE,5,4,132,https://tiki.vn/sach-suc-manh-cua-toan-tam-toan-y-p248656094.html?spid=248656095,https://salt.tikicdn.com/cache/280x280/ts/product/f9/87/ca/9ba50185a81bfffaa7d7e6783e138128.jpg,"Trong cuốn sách vừa được tạp chí New York Times bình chọn là sách bán chạy nhất, Jim Loehr và Tony Schwartz đã chứng minh rằng không phải quản trị thời gian mà chính quản trị năng lượng mới là then chốt để duy trì cả hiệu suất cao lẫn sức khoẻ, hạnh phúc và cân bằng cuộc sống. Phương pháp rèn luyện Toàn tâm toàn ý của họ dựa trên cơ sở 25 năm kinh nghiệm làm việc với những vận động viên thể thao hàng đầu thế giới. Hai người trong số đó là vận động viên tennis vô địch thế giới Monica Seles và nhà trượt tuyết tốc độ Dan Jansen, từng đạt huy chương vàng Thế vận hội. Phương pháp Rèn luyện Toàn tâm toàn ý đã giúp họ thi đấu hiệu quả hơn dưới áp lực khốc liệt của thể thao đỉnh cao.
Giờ đây, chương trình này sẽ giúp bạn: Phát huy bốn nguồn năng lượng chủ yếu, Bù lại năng lượng tiêu hao bằng năng lượng hồi phục xen kẻ, Tăng thêm khả năng theo đúng phương pháp mà các vận động viên nổi tiếng thực hiện, Tạo ra những thói quen rất cụ thể để quản trị năng lượng tích cực. Rèn luyện Toàn tâm toàn ý là phương pháp rất thiết thực và có cơ sở khoa học để quản trị năng lượng của bạn theo cách thông minh hơn. Phương pháp này đưa ra cho bạn những chỉ dẫn rõ ràng để trở nên mạnh mẽ hơn về mặt thể chất, gắn bó hơn về mặt tinh thần, tập trung hơn về mặt trí tuệ và liên kết hơn về mặt tinh thần - cả trong công việc lẫn trong đời sống.",Sách tiếng Việt/Sách kỹ năng sống/Sách tư duy - Kỹ năng sống,992
92010103,sách sức mạnh của việc đặt câu hỏi tại sao,,89000,295057,NONE,0,0,,https://tiki.vn/sach-suc-manh-cua-viec-dat-cau-hoi-tai-sao-p92010103.html?spid=203960302,https://salt.tikicdn.com/cache/280x280/ts/product/00/2e/fb/1f4b36e65d23381297c7a03806db7cbf.jpg,"Sức Mạnh Của Việc Đặt Câu Hỏi Tại Sao
Vì sao câu hỏi tại sao lại hữu ích với bạn?
Đặt câu hỏi tại sao cũng là một cách tốt để bắt đầu cuốn sách này, bắt đầu với tựa đề của chúng ta. Cuốn sách này nhằm giúp bạn và tổ chức của bạn đạt được điểm thực sự vượt trội trong thị trường cạnh tranh.”
- C. Richard Weylman",Sách tiếng Việt/Sách kỹ năng sống/Sách tư duy - Kỹ năng sống,427
106362098,sách sức mạnh của việc đặt câu hỏi tại sao,C. RICHARD WEYLMAN,79000,145814,NONE,0,0,1,https://tiki.vn/sach-suc-manh-cua-viec-dat-cau-hoi-tai-sao-p106362098.html?spid=146198391,https://salt.tikicdn.com/cache/280x280/ts/product/67/5e/25/28444c2271ddb420a46e10f3192a8b4d.jpg,"Sức Mạnh Của Việc Đặt Câu Hỏi Tại Sao
Đặt câu hỏi tại sao cũng là một cách tốt để bắt đầu cuốn sách này, bắt đầu với tựa đề của chúng ta. Cuốn sách này nhằm giúp bạn và tổ chức của bạn đạt được điểm thực sự vượt trội trong thị trường cạnh tranh.”",Sách tiếng Việt/Sách kỹ năng sống/Sách tư duy - Kỹ năng sống,456
127032510,sách tại sao là người ấy?,,150000,124753,NONE,0,0,3,https://tiki.vn/sach-365-ngay-thong-dong-p127032510.html?spid=209606127,https://salt.tikicdn.com/cache/280x280/ts/product/63/6e/28/cfc48317185d4de41da6b9a302ee2f5f.jpg,"365 NGÀY THONG DONG
Quyển sách được trình bày theo 365 ngày, mỗi tháng là một nội dung để phát triển bản thân, tìm ý nghĩa cuộc sống; mỗi ngày là những lời truyền cảm hứng để sống trọn vẹn, từng ngày một. Quyển sách sẽ là người bạn, là mỏ neo, để giúp bạn đọc hiểu mình, sống cuộc đời mình mong muốn, theo các trọn vẹn nhất, thong dong nhất.",Sách tiếng Việt/Sách kỹ năng sống/Sách kỹ năng mềm,627
74277385,sách tại sao là người ấy?,"JACK CAFIELD, MARK VICTOR HANSEN",62400,1,OFFICIAL_STORE,5,9,67,https://tiki.vn/sach-mai-mai-la-yeu-thuong-tai-ban-p74277385.html?spid=74277386,https://salt.tikicdn.com/cache/280x280/ts/product/51/63/f3/6f3e54a3a57cbb847c323ea7960d6017.jpg,"Yêu thương là cảm xúc thiêng liêng nhất trong cuộc sống của chúng ta. Không một ai có thể sống trên đời mà thiếu tình yêu thương. Cuộc sống của bạn sẽ ý nghĩa hơn nhiều khi bạn biết dành tình thương yêu để làm cho cuộc sống của những người xung quanh và của mình ấm áp, hạnh phúc hơn.
Có thể bạn đang được sống trong tình yêu thương của gia đình, của người thân, bạn bè. Cuộc sống trong mắt bạn chỉ toàn một màu hồng tươi sáng, đáng yêu. Thậm chí có lúc bạn còn không nhận ra hay quý trọng đúng mức những tình cảm ấy. Chỉ đến khi gặp phải những thất bại hay bất hạnh trong cuộc sống, chúng ta mới cảm nhận được hết chiều sâu của tình cảm yêu thương. Khi đó, chúng ta mới thấu hiểu và trân trọng ý nghĩa của tình yêu thương – tình cảm ấm áp có sức mạnh an ủi, nâng đỡ nhiệm màu đối với tâm hồn của con người.
Hy vọng tập sách này sẽ làm bạn mở rộng trái tim và ánh mắt cho những cảm nhận yêu thương sưởi ấm tâm hồn. Bởi hơn tất cả mọi thứ trên đời, tình yêu thương là sức mạnh vô biên, là điều chia sẻ quý giá không thể thiếu trong cuộc sống con người.",Sách tiếng Việt/Sách kỹ năng sống/Sách kỹ năng mềm,392
4070559,sách tạm biệt cà rốt và cây gậy,TS. PAUL L. MARCIANO,134000,126688,NONE,0,1,,https://tiki.vn/sach-tam-biet-ca-rot-va-cay-gay-tai-ban-2018-p4070559.html?spid=273892280,https://salt.tikicdn.com/cache/280x280/ts/product/94/de/db/5b183c2418a6669cfaee8e2753477ba4.jpg,"Tạm Biệt Cà Rốt Và Cây Gậy (Tái Bản 2018)
Nếu bạn đã và đang sống trong môi trường doanh nghiệp, hẳn đã ít nhất một lần bạn được nghe đến thuật ngữ ""cây gậy và củ cà rốt"". Nói một cách đơn giản, ""cây gậy và củ cà rốt"" là thuật ngữ dùng để chỉ những chính sách thưởng (củ cà rốt) và phạt (cây gậy) mà người sử dụng lao động thường áp dụng để tạo động lực lẫn áp lực để người lao động hoàn thành công việc được giao. Lý thuyết ""cây gậy và củ cà rốt"" đã được phổ biến và áp dụng ở nhiều mức độ khác nhau tại hầu hết mọi công ty trên toàn thế giới.
Nhưng ngày nay, khi ngành tâm lý học phát triển và những khía cạnh sâu xa về hành vi được khám phá, thì người ta càng nhận thức rõ hơn rằng hình phạt và phần thưởng không phải là những yếu tố duy nhất thúc đẩy sự hành động của con người. Rõ ràng, ""cây gậy và củ cà rốt"" không còn hiệu quả, hay nói chính xác hơn là người ta đã biết đến những công cụ hiệu quả hơn nhằm thúc đẩy và gắn bó nhân viên.
Thông qua Tạm biệt cà rốt và cây gậy, tác giả Paul Marciano, chuyên gia hàng đầu tại Mỹ về các chương trình gắn kết và giữ chân nhân viên, sẽ giúp chúng ta vạch trần thất bại thảm hại của ""cây gậy và củ cà rốt"" thông qua một loạt những dẫn chứng thực tế đã xảy ra với các công ty mà ông nghiên cứu.
Không chỉ nêu lên thực trạng, Paul Marciano còn nêu lên một hệ thống giải pháp được ông gọi là mô hình RESPECT, bao gồm bảy bí quyết đã được thử nghiệm và chứng minh qua một loạt nghiên cứu trong nhiều thập kỷ. Những bí quyết này chắc chắn sẽ mang đến những giải pháp không ngờ tới, giúp các doanh nghiệp gặt hái được thành quả lớn hơn từ sự đóng góp và nỗ lực của đội ngũ nhân viên của mình.",Sách tiếng Việt/Sách kỹ năng sống/Sách tư duy - Kỹ năng sống,157
91999003,sách tạm biệt cà rốt và cây gậy,TS. PAUL L. MARCIANO,134000,97533,NONE,0,0,1,https://tiki.vn/sach-tam-biet-ca-rot-va-cay-gay-tai-ban-2018-p91999003.html?spid=197889812,https://salt.tikicdn.com/cache/280x280/ts/product/94/de/db/b0a815ec1589bf5e6f7654625a4f1b62.jpg,Tạm Biệt Cà Rốt Và Cây Gậy,Sách tiếng Việt/Sách kỹ năng sống/Sách tư duy - Kỹ năng sống,424
273884702,sách tâm lý học thành công,CAROL S. DWECK,159000,126688,NONE,0,0,,https://tiki.vn/thanglong-books-sach-tam-ly-hoc-thanh-cong-p273884702.html?spid=276736086,https://salt.tikicdn.com/cache/280x280/ts/product/8d/80/c4/10f7642aa8fc13e1b0c276b7d2b6d63e.jpg,"Nhà tâm lý học nổi tiếng Carol S. Dweck sau nhiều thập niên nghiên cứu về thành công đã khám phá ra một ý tưởng thực sự mang tính đột phá – sức mạnh tư duy của chúng ta.
Cuốn sách sẽ cho bạn thấy không chỉ khả năng và tài trí mới mang lại thành công cho chúng ta, mà phần lớn do cách tiếp cận mục tiêu bằng lối tư duy nào. Việc tán dương trí thông minh và khả năng của con bạn không hề nuôi dưỡng lòng tự trọng và dẫn đến thành tựu, mà thậm chí còn phương hại đến thành công sau này. Với tư duy đứng đắn, chúng ta có thể tạo động lực cho con cái và giúp chúng phát triển trong trường học, cũng như đạt được mục tiêu của bản thân trong cuộc sống và sự nghiệp. Dweck đã giúp tất cả các bậc cha mẹ, giáo viên, CEO và vận động viên thấy một ý tưởng đơn giản về não bộ có thể tạo ra tình yêu học tập và sự kiên trì – cơ sở cho những thành tựu vĩ đại ở mọi lĩnh vực.",Sách tiếng Việt/Sách kỹ năng sống/Sách tư duy - Kỹ năng sống,1118
22482240,sách tâm lý học thành công,CAROL S. DWECK,179000,126688,NONE,0,1,,https://tiki.vn/sach-tam-ly-hoc-thanh-cong-tai-ban-2018-tang-kem-bookmark-tiki-p22482240.html?spid=76167735,https://salt.tikicdn.com/cache/280x280/ts/product/7d/a3/be/b5ac88f26324ddd46e2209137c2d8495.jpg,"Nhà tâm lý học nổi tiếng Carol S. Dweck sau nhiều thập niên nghiên cứu về thành công đã khám phá ra một ý tưởng thực sự mang tính đột phá – sức mạnh tư duy của chúng ta.
Cuốn sách sẽ cho bạn thấy không chỉ khả năng và tài trí mới mang lại thành công cho chúng ta, mà phần lớn do cách tiếp cận mục tiêu bằng lối tư duy nào. Việc tán dương trí thông minh và khả năng của con bạn không hề nuôi dưỡng lòng tự trọng và dẫn đến thành tựu, mà thậm chí còn phương hại đến thành công sau này. Với tư duy đứng đắn, chúng ta có thể tạo động lực cho con cái và giúp chúng phát triển trong trường học, cũng như đạt được mục tiêu của bản thân trong cuộc sống và sự nghiệp. Dweck đã giúp tất cả các bậc cha mẹ, giáo viên, CEO và vận động viên thấy một ý tưởng đơn giản về não bộ có thể tạo ra tình yêu học tập và sự kiên trì – cơ sở cho những thành tựu vĩ đại ở mọi lĩnh vực.",Sách tiếng Việt/Sách kỹ năng sống/Sách tư duy - Kỹ năng sống,258
106362420,sách tâm lý học thành công,CAROL S. DWECK,179000,126688,NONE,0,1,,https://tiki.vn/sach-tam-ly-hoc-thanh-cong-p106362420.html?spid=115105432,https://salt.tikicdn.com/cache/280x280/ts/product/70/d6/61/4676e18328ad93f016debd246e7d750e.jpg,,Sách tiếng Việt/Sách kỹ năng sống/Sách tư duy - Kỹ năng sống,508
1387539,sách tâm lý học thành công,CAROL S. DWECK,139300,7247,OFFICIAL_STORE,5,157,310,https://tiki.vn/sach-tam-ly-hoc-thanh-cong-p1387539.html?spid=89920186,https://salt.tikicdn.com/cache/280x280/ts/product/90/e6/94/bce8b5ecfc8e5985af14422bf283da0e.png,"Tâm Lý Học Thành Công
Nhà tâm lý học nổi tiếng Carol S. Dweck sau nhiều thập niên nghiên cứu về thành công đã khám phá ra một ý tưởng thực sự mang tính đột phá – sức mạnh tư duy của chúng ta.
Cuốn sách sẽ cho bạn thấy không chỉ khả năng và tài trí mới mang lại thành công cho chúng ta, mà phần lớn do cách tiếp cận mục tiêu bằng lối tư duy nào. Việc tán dương trí thông minh và khả năng của con bạn không hề nuôi dưỡng lòng tự trọng và dẫn đến thành tựu, mà thậm chí còn phương hại đến thành công sau này. Với tư duy đứng đắn, chúng ta có thể tạo động lực cho con cái và giúp chúng phát triển trong trường học, cũng như đạt được mục tiêu của bản thân trong cuộc sống và sự nghiệp. Dweck đã giúp tất cả các bậc cha mẹ, giáo viên, CEO và vận động viên thấy một ý tưởng đơn giản về não bộ có thể tạo ra tình yêu học tập và sự kiên trì – cơ sở cho những thành tựu vĩ đại ở mọi lĩnh vực.",Sách tiếng Việt/Sách kỹ năng sống/Sách tư duy - Kỹ năng sống,113
93328168,sách tâm lý học thành công,CAROL S.DWECK,153000,7247,OFFICIAL_STORE,0,46,13,https://tiki.vn/sach-tam-ly-hoc-thanh-cong-p93328168.html?spid=213845349,https://salt.tikicdn.com/cache/280x280/ts/product/90/e6/94/3aa700334475b3c79eca88343a24eb16.png,"Nhà tâm lý học nổi tiếng Carol Dweck sau nhiều thập niên nghiên cứu về thành công đã khám phá ra một ý tưởng thực sự mang tính đột phá – sức mạnh tư duy của chúng ta.
Mindset - Tâm Lý Học Thành Công sẽ cho bạn thấy không chỉ khả năng và tài trí mới mang lại thành công cho chúng ta, mà phần lớn do cách tiếp cận mục tiêu bằng lối tư duy nào. Việc tán dương trí thông minh và khả năng của con bạn không hề nuôi dưỡng lòng tự trọng và dẫn đến thành tựu, mà thậm chí còn phương hại đến thành công sau này. Với tư duy đúng đắn, chúng ta có thể tạo động lực cho con cái và giúp chúng phát triển trong trường học, cũng như đạt được mục tiêu của bản thân trong cuộc sống và sự nghiệp. Dweck cho tất cả các bậc cha mẹ, giáo viên, CEO và vận động viên thấy một ý tưởng đơn giản về não bộ có thể tạo ra tình yêu học tập và sự kiên trì – cơ sở cho những thành tựu vĩ đại ở mọi lĩnh vực.
Nhận xét của độc giả uy tín:
“Một cuốn sách hay là lời khuyên mà bạn tin tưởng, một cuốn sách hay là lời khuyên mà bạn tuân theo. Đây là cuốn sách thay đổi cuộc đời bạn, cũng như nó đã thay đổi cuộc đời tôi.” - Robert J. Sternberg, giáo sư về phát triển con người.
“Cuốn sách vô cùng hữu ích cho các bậc phụ huynh, giáo viên, huấn luyện viên… cũng như những ai muốn tự hoàn thiện mình.” - Tạp chí Library Journal
“Nếu bạn làm trong lĩnh vực quản lý con người, hoặc là cha mẹ, hãy gạt mọi thứ sang một bên và đọc cuốn sách này.”
- Guy Kawasaki, tác giả cuốn The Art of the Start 2.0
Carol S. Dweck được đánh giá là một trong những nhà nghiên cứu hàng đầu thế giới trong lĩnh vực tính cách, tâm lý học xã hội và tâm lý học phát triển. Bà là giáo sư ngành Tâm lý tại Đại học Columbia, giờ là giáo sư ngành Tâm lý tại Đại học Stanford, đồng thời là thành viên của Viện hàn lâm Nghệ thuật và Khoa học Hoa Kỳ. Bà sống cùng chồng tại Palo Alto, California.",Sách tiếng Việt/Sách kỹ năng sống/Sách tư duy - Kỹ năng sống,440
247811725,sách tâm lý học thành công,,159000,126688,NONE,0,0,,https://tiki.vn/tam-ly-hoc-thanh-cong-sach-ban-quyen-p247811725.html?spid=276736088,https://salt.tikicdn.com/cache/280x280/ts/product/ed/64/d3/6cb36aa2ad22cb0f10d5898977898145.png,"Tâm Lý Học Thành Công (*** Sách Bản Quyền ***)
Tâm Lý Học Thành Công (*** Sách Bản Quyền ***)
Nhà tâm lý học nổi tiếng Carol S. Dweck sau nhiều thập niên nghiên cứu về thành công đã khám phá ra một ý tưởng thực sự mang tính đột phá – sức mạnh tư duy của chúng ta.
Cuốn sách sẽ cho bạn thấy không chỉ khả năng và tài trí mới mang lại thành công cho chúng ta, mà phần lớn do cách tiếp cận mục tiêu bằng lối tư duy nào. Việc tán dương trí thông minh và khả năng của con bạn không hề nuôi dưỡng lòng tự trọng và dẫn đến thành tựu, mà thậm chí còn phương hại đến thành công sau này. Với tư duy đứng đắn, chúng ta có thể tạo động lực cho con cái và giúp chúng phát triển trong trường học, cũng như đạt được mục tiêu của bản thân trong cuộc sống và sự nghiệp. Dweck đã giúp tất cả các bậc cha mẹ, giáo viên, CEO và vận động viên thấy một ý tưởng đơn giản về não bộ có thể tạo ra tình yêu học tập và sự kiên trì – cơ sở cho những thành tựu vĩ đại ở mọi lĩnh vực.
— Hãy chiêm nghiệm cuốn sách và cảm nhận hương vị của một tách trà vào mỗi cuối tuần khi bạn có nhiều thời gian hơn dành cho bản thân mình! —",Sách tiếng Việt/Sách kỹ năng sống/Sách tư duy - Kỹ năng sống,965
276388832,"sách tâm ta là ngôi nhà, ngôi nhà nhỏ có hoa","MAXIME MORIN, CATHIA MORIN",64100,1,OFFICIAL_STORE,5,1,22,https://tiki.vn/sach-tam-ta-la-ngoi-nha-ngoi-nha-nho-co-hoa-p276388832.html?spid=276388834,https://salt.tikicdn.com/cache/280x280/ts/product/cb/e1/b4/0a500eecf1f24caf895d28fbafbb1bd6.jpg,"Maxime Morin giảng dạy thiền và yoga, ngoài ra cô cũng là một doanh nhân và diễn viên. Là người đồng sáng lập Rose Buddha, một công ty thời trang thân thiện với môi trường, cô đã chọn cách sống hài hoà với những giá trị sâu sắc của chính mình.
Cathia Morin là một nhà trị liệu tâm lý với kinh nghiệm hơn 10 năm, cô cũng dạy yoga và chánh niệm. Cô quan tâm đến những chủ đề rộng lớn, đặc biệt là tác động của thiên nhiên đến sức khoẻ của con người.
“Này người giàu sang bậc nhất
Tha phương cầu thực xưa nay
Hãy thôi làm thân cùng từ
Về đi, tiếp nhận gia tài
Hãy dâng cho nhau hạnh phúc
Và an trí phút giây này
Hãy buông thả giòng sầu khổ
Về nâng sự sống trên tay.”
(Châu Ngọc Pháp Hoa - Thích Nhất Hạnh)
Cuộc chạy đua hằng ngày có khiến bạn hụt hơi không?
Làm thế nào để thoát khỏi cơn lốc hằng ngày và học cách thư giãn với sự tử tế trọn vẹn?
Chào mừng bạn đến với thế giới của những người sống chậm.
Ai trong chúng ta cũng có một “ngôi nhà nhỏ” bên trong mình. Một nơi mà chúng ta cảm thấy yên bình và hoàn toàn là chính mình.
Nhưng làm thế nào để bước vào căn nhà đó? Cuốn sách này cung cấp “tám chiếc chìa khoá” giúp bạn mở ra con đường tìm về ngôi nhà nhỏ bên trong để xây dựng một cuộc sống cân bằng, và hạnh phúc.
Tám chiếc chìa khoá này sẽ mở ra những không gian bên trong cần được dọn dẹp để loại bỏ những thứ thừa thãi và vô dụng. Giống như một chiếc áo len cũ đã quá nhỏ mà chúng ta vẫn cứ muốn giữ lại, nhưng nó chỉ làm chật ngăn kéo mà thôi. Việc từ bỏ những gì không còn phục vụ chúng ta cho phép chúng ta tạo ra không gian cho một lối sống mới, phù hợp với con người thật của mình.
Cuốn sách hướng dẫn thực tế này sẽ cho chúng ta cơ hội dừng lại và suy nghĩ: năng lượng của chúng ta đang ở trạng thái nào? Làm thế nào để có thể làm mới và bảo tồn nó? Chúng ta là ai trong cái thực tại mà mình đã xây dựng nên? Chúng ta có đang sống cuộc đời mà mình mong muốn hay không? Làm thế nào để tạo được không gian chứa những gì thực sự quan trọng? Làm thế nào để có thể học cách hiểu bản thân hơn và kết nối với bản chất thực sự của mình?
Lời mở đầu
Hít thở nào
Chìa khoá thứ nhất - Tôi tìm sự cân bằng: Để giải phóng tôi khỏi cảm giác tội lỗi
Chìa khoá số 2 - Tôi có thể thay đổi mọi thứ: Để giải phóng mình khỏi những niềm tin sai trái
Chìa khoá số 3 - Chế ngự nỗi sợ: Để giải phóng tôi khỏi lối tư duy cũ kỹ
Chìa khoá số 4 - Tôi bảo vệ khu vườn của mình: Đặt ra giới hạn bản thân để giải phóng khỏi nỗi sợ
Chìa khoá số 5 - Chấp nhận con người mình: Để giải phóng bản thân khỏi cái tôi
Chìa khoá số 6 - Tôi tạo ra không gian: Để giải phóng tôi khỏi sự so sánh
Chìa khoá số 7 - Tôi nuôi dưỡng hạnh phúc của mình: Để giải phóng tôi khỏi mọi kỳ vọng
Chìa khoá số 8 - Tôi nuôi dưỡng lòng biết ơn: Để giải phóng tôi khỏi suy nghĩ rằng những người khác sẽ chăm sóc mình
Trích dẫn hay:
1.“Khi mọi thứ đang diễn ra quá nhanh, khi chúng ta cảm thấy như sắp hết thời gian và bị mắc kẹt bởi tiếng nói nội tâm đang huỷ hoại mình, thì chỉ còn một việc phải làm, đó là dừng lại. Dù điều đó có vẻ trái với tự nhiên, nhưng chúng ta cần sống chậm lại để có thể quan sát những phần còn thiếu tình yêu thương trong hệ sinh thái của mình và… tha thứ cho bản thân.”
2.“Càng dành nhiều thời gian với bản thân thì chúng ta càng học được cách hiểu về bản thân nhiều hơn. Càng hiểu rõ bản thân, chúng ta càng yêu mình nhiều hơn. Càng yêu mình, chúng ta càng muốn bảo vệ con người tuyệt vời này của mình và càng muốn lắng nghe để đáp lại những nhu cầu của con người đó.”
3.“Chỉ có bạn mới có thể thay đổi ý nghĩ của bạn. Hãy thay đổi ý nghĩ và bạn sẽ thay đổi thế giới của mình.” - Doanh nhân, nhà từ thiện Miranda Kerr
4.“Tôi là ai, điều gì khiến tôi hạnh phúc, tôi thực sự muốn gì, điều gì là quan trọng trong cuộc sống của tôi, giá trị của tôi là gì? Đây là những câu hỏi thiết yếu mà chúng ta cần phải tự hỏi bản thân.”
5.“Đối với một số người, quay trở về với chính mình có thể là một khái niệm kỳ lạ và khó tin như việc nghĩ rằng người ngoài hành tinh đang tồn tại đâu đó trong vũ trụ. Chúng ta là những sinh vật phức tạp và độc nhất, vì thế trong quá trình thu dọn để quay lại với những điều thiết yếu, trở về với ngôi nhà nhỏ bé bên trong, chúng ta cần có sự kiên nhẫn, sự yêu thương và tử tế đối với chính bản thân mình.”",Sách tiếng Việt/Sách kỹ năng sống/Sách kỹ năng mềm,1324
276385533,"sách tâm ta là ngôi nhà, ngôi nhà nhỏ có hoa",,97010,7734,TRUSTED_STORE,0,0,,https://tiki.vn/sach-tam-ta-la-ngoi-nha-ngoi-nha-nho-co-hoa-p276385533.html?spid=276504529,https://salt.tikicdn.com/cache/280x280/ts/product/2f/76/f0/04fd4769c40f3f79bff008e131db523b.jpg,"Tâm ta là ngôi nhà, ngôi nhà nhỏ có hoa
Chào mừng bạn đến với thế giới của những người sống chậm.
Ai trong chúng ta cũng có một “ngôi nhà nhỏ” bên trong mình. Một nơi mà chúng ta cảm thấy yên bình và hoàn toàn là chính mình. Nhưng làm thế nào để bước vào căn nhà đó? Cuốn sách này cung cấp “tám chiếc chìa khoá” giúp bạn mở ra con đường tìm về ngôi nhà nhỏ bên trong để xây dựng một cuộc sống cân bằng, và hạnh phúc.
Tám chiếc chìa khoá này sẽ mở ra những không gian bên trong cần được dọn dẹp để loại bỏ những thứ thừa thãi và vô dụng. Giống như một chiếc áo len cũ đã quá nhỏ mà chúng ta vẫn cứ muốn giữ lại, nhưng nó chỉ làm chật ngăn kéo mà thôi. Việc từ bỏ những gì không còn phục vụ chúng ta cho phép chúng ta tạo ra không gian cho một lối sống mới, phù hợp với con người thật của mình.
Cuốn sách hướng dẫn thực tế này sẽ cho chúng ta cơ hội dừng lại và suy nghĩ: năng lượng của chúng ta đang ở trạng thái nào? Làm thế nào để có thể làm mới và bảo tồn nó? Chúng ta là ai trong cái thực tại mà mình đã xây dựng nên? Chúng ta có đang sống cuộc đời mà mình mong muốn hay không? Làm thế nào để tạo được không gian chứa những gì thực sự quan trọng? Làm thế nào để có thể học cách hiểu bản thân hơn và kết nối với bản chất thực sự của mình?",Sách tiếng Việt/Sách kỹ năng sống/Sách kỹ năng mềm,1323
353323,sách tất cả đều là chuyện nhỏ,RICHARD CARLSON,61000,97533,NONE,0,7,,https://tiki.vn/sach-tat-ca-deu-la-chuyen-nho-tai-ban-2012-p353323.html?spid=274910822,https://salt.tikicdn.com/cache/280x280/media/catalog/product/d/e/deu_la_chuyen_nho.jpg,"Tất Cả Đều Là Chuyện Nhỏ (Tái Bản 2012)
Mỗi khi đối mặt với tin xấu, một người khó chịu hay một nỗi thất vọng nào đó - đặc biệt là nghịch cảnh - hầu hết chúng ta thường có thói quen phản ứng lại cuộc sống theo những chiều hướng không mấy tốt đẹp.
Và một cách đơn giản để chúng ta thay đổi cuộc sống của chính mình là thay đổi những thói quen “phản ứng” cũ bằng những thói quen nhìn nhận mới. Các thói quen này sẽ cho phép chúng ta có được cuộc sống trọn vẹn hơn sau khi đã giải quyết đủ loại vấn đề - stress, trục trặc trong các mối quan hệ, công việc, cũng như những nỗi chán nản nói chung.
Được khái quát thành 81 đề mục nhỏ với những mẩu chuyện, những lời khuyên, chia sẻ hoặc dẫn chứng về nội dung đang được đề cập, cuốn sách là một cẩm nang sống tuyệt vời. Qua “Tất cả đều là chuyện nhỏ”, Richard Carlson chia sẻ với các bạn lần lượt từng bí quyết nhỏ nhưng mang lại hiệu quả lớn - những điều bạn có thể thực hiện ngay từ hôm nay - để có một cuộc sống nhẹ nhàng thư thái, không bị vướng bận bởi những chuyện vặt vãnh.
Khi bạn không chấp nhặt những chuyện nhỏ, cuộc sống của bạn không phải ngay lập tức trở nên hoàn hảo, nhưng bạn sẽ học được cách chấp nhận những điều tự nhiên đang diễn ra xung quanh bạn. Nếu bạn áp dụng những bí quyết này, bạn sẽ học được hai nguyên tắc để sống một cách hoà hợp:
1) Đừng chấp nhặt những chuyện nhỏ
2) Tất cả đều là chuyện nhỏ.
Mời bạn đón đọc.",Sách tiếng Việt/Sách kỹ năng sống/Sách kỹ năng mềm,25
374205,sách tất cả đều là chuyện nhỏ,RICHARD CARLSON,42200,111899,OFFICIAL_STORE,0,7,,https://tiki.vn/sach-tat-ca-deu-la-chuyen-nho-kho-nho-p374205.html?spid=277528602,https://salt.tikicdn.com/cache/280x280/media/catalog/product/t/a/tat-ca-deu-la-chuyen-nho.jpg,"Tất Cả Đều Là Chuyện Nhỏ (Khổ Nhỏ)
Mỗi khi đối mặt với tin xấu, một người khó chịu hay một nỗi thất vọng nào đó - đặc biệt là nghịch cảnh - hầu hết chúng ta thường có thói quen phản ứng lại cuộc sống theo những chiều hướng không mấy tốt đẹp.
Và một cách đơn giản để chúng ta thay đổi cuộc sống của chính mình là thay đổi những thói quen “phản ứng” cũ bằng những thói quen nhìn nhận mới. Các thói quen này sẽ cho phép chúng ta có được cuộc sống trọn vẹn hơn sau khi đã giải quyết đủ loại vấn đề - stress, trục trặc trong các mối quan hệ, công việc, cũng như những nỗi chán nản nói chung.
Được khái quát thành 81 đề mục nhỏ với những mẩu chuyện, những lời khuyên, chia sẻ hoặc dẫn chứng về nội dung đang được đề cập, cuốn sách là một cẩm nang sống tuyệt vời. Qua “Tất cả đều là chuyện nhỏ”, Richard Carlson chia sẻ với các bạn lần lượt từng bí quyết nhỏ nhưng mang lại hiệu quả lớn - những điều bạn có thể thực hiện ngay từ hôm nay - để có một cuộc sống nhẹ nhàng thư thái, không bị vướng bận bởi những chuyện vặt vãnh.
Khi bạn không chấp nhặt những chuyện nhỏ, cuộc sống của bạn không phải ngay lập tức trở nên hoàn hảo, nhưng bạn sẽ học được cách chấp nhận những điều tự nhiên đang diễn ra xung quanh bạn. Nếu bạn áp dụng những bí quyết này, bạn sẽ học được hai nguyên tắc để sống một cách hoà hợp:
1) Đừng chấp nhặt những chuyện nhỏ
2) Tất cả đều là chuyện nhỏ",Sách tiếng Việt/Sách kỹ năng sống/Sách kỹ năng mềm,42
517379,sách tất cả đều là chuyện nhỏ,RICHARD CARLSON,38400,1,OFFICIAL_STORE,4.6,65,2057,https://tiki.vn/sach-tat-ca-deu-la-chuyen-nho-kho-nho-tai-ban-p517379.html?spid=235245,https://salt.tikicdn.com/cache/280x280/media/catalog/product/i/m/img365.u335.d20160715.t153652.jpg,"Tất Cả Đều Là Chuyện Nhỏ
Mỗi khi đối mặt với tin xấu, một người khó chịu hay một nỗi thất vọng nào đó - đặc biệt là nghịch cảnh - hầu hết chúng ta thường có thói quen phản ứng lại cuộc sống theo những chiều hướng không mấy tốt đẹp.
Và một cách đơn giản để chúng ta thay đổi cuộc sống của chính mình là thay đổi những thói quen “phản ứng” cũ bằng những thói quen nhìn nhận mới. Các thói quen này sẽ cho phép chúng ta có được cuộc sống trọn vẹn hơn sau khi đã giải quyết đủ loại vấn đề - stress, trục trặc trong các mối quan hệ, công việc, cũng như những nỗi chán nản nói chung.
Được khái quát thành 81 đề mục nhỏ với những mẩu chuyện, những lời khuyên, chia sẻ hoặc dẫn chứng về nội dung đang được đề cập, cuốn sách là một cẩm nang sống tuyệt vời. Qua “Tất cả đều là chuyện nhỏ”, Richard Carlson chia sẻ với các bạn lần lượt từng bí quyết nhỏ nhưng mang lại hiệu quả lớn - những điều bạn có thể thực hiện ngay từ hôm nay - để có một cuộc sống nhẹ nhàng thư thái, không bị vướng bận bởi những chuyện vặt vãnh.
Khi bạn không chấp nhặt những chuyện nhỏ, cuộc sống của bạn không phải ngay lập tức trở nên hoàn hảo, nhưng bạn sẽ học được cách chấp nhận những điều tự nhiên đang diễn ra xung quanh bạn. Nếu bạn áp dụng những bí quyết này, bạn sẽ học được hai nguyên tắc để sống một cách hoà hợp:
1) Đừng chấp nhặt những chuyện nhỏ
2) Tất cả đều là chuyện nhỏ",Sách tiếng Việt/Sách kỹ năng sống/Sách kỹ năng mềm,69
120183724,sách tha thứ cho nhau,,69500,10984,NONE,0,0,1,https://tiki.vn/sach-tha-thu-cho-nhau-p120183724.html?spid=276394921,https://salt.tikicdn.com/cache/280x280/ts/product/71/d1/52/5af1783295190f78be5a347164b9e241.jpg,"Tha thứ cho nhau
[ThaiHaBooks] Cuộc đời có những nỗi niềm riêng luôn phải giấu kín trong lòng. Nỗi niềm đó có khi đi với mình đến trọn đời mà không bao giờ được nói ra. Nếu có nói ra đi chăng nữa đôi lúc vẫn còn là dang dở. Ai có thể hiểu thấu lòng người những nỗi niềm không tên?
Cũng vậy, khi một người không đáng để bạn trân quý, bạn nên tìm cách chấp nhận để buông bỏ. Càng giữ chặt thì mất mát càng nhiều, càng níu kéo thì khổ đau càng lớn. Đừng níu kéo một ai, nếu họ muốn đi, cứ mặc họ đi. Đôi bàn tay là để học buông thả chứ không phải để nắm chặt mãi mãi một thứ gì. Bạn cố nắm thật lâu một thứ gì thì bạn càng mỏi mệt, càng nặng nề thêm. Nghịch lý cuộc đời đã dạy “điều duy nhất chắc chắn chính là chẳng có gì chắc chắn”. Biết vậy, nên bạn phải chấp nhận đổi thay. Đổi thay cũng là buông bỏ và cho qua để sự sống mình mới lại.
Cuộc đời là một làn gió. Tình người là một làn mây. Gió thì muốn bay khắp muôn phương, mà mây thì lúc tụ, lúc tan làm sao ta có thể nắm được. Gió và mây không thuộc riêng ai, thế thì “đừng buồn vì một người không nhớ đến ta”. Cái kỷ niệm thường làm nên những hồi ức. Hồi ức tạo nên những nỗi nhớ, và chúng ta khổ đau là do cất giữ quá nhiều kỷ niệm. Tôi sống thảnh thơi là vì biết buông những kỷ niệm không đáng nhớ. Sóng biển sẽ dạt vào bờ những gì không thuộc về nó. Chúng ta cũng tập buông đi những gì không thuộc về mình. Cho dù lòng còn tiếc nuối, vương vấn cũng phải đủ mạnh để vượt qua. Qua đến bờ bên kia nhìn lại, những gì mình quý hôm trước, hôm sau đã trở thành quá khứ. Mà quá khứ cũng chỉ là duyên đến duyên đi. Duyên đến thì sống chân tình, duyên đi thì buông nhẹ. Còn lại cứ thuận theo tự nhiên. Cuộc đời cái gì cũng chỉ là đến và đi, không có gì là mãi mãi.
Có những chuyện vốn dĩ mình không nên biết, khi biết rồi lại càng thêm đau. Sự thật luôn đi đôi với hận thù. Ở góc độ nào đó của cuộc đời, mình vẫn mong chúng ta đến với nhau bằng sự chân thành và ra đi cũng trong chân thành. Bởi vì những người chúng ta gặp giữa cuộc đời không phải là tình cờ thoáng qua. Mình vẫn nghĩ mỗi người đi qua cuộc đời đều có một lý do nhất định. Cuộc sống, mình đã không trao người khác niềm vui thì thôi, vẫn không muốn một ai đó vì mình mà buồn. Chỉ mong là vậy.",Sách tiếng Việt/Sách kỹ năng sống/Sách kỹ năng mềm,612
276489147,sách tha thứ cho nhau,HỒNG BỐI,52300,1,OFFICIAL_STORE,0,0,8,https://tiki.vn/sach-tha-thu-cho-nhau-tai-ban-2024-p276489147.html?spid=276489148,https://salt.tikicdn.com/cache/280x280/ts/product/08/ca/cd/c8e73aecc718b688fe3cda42a472b9e9.jpg,"Cuộc đời là một làn gió. Tình người là một làn mây. Gió thì muốn bay khắp muôn phương, mà mây thì lúc tụ, lúc tan làm sao ta có thể nắm được. Gió và mây không thuộc riêng ai, thế thì “đừng buồn vì một người không nhớ đến ta”. Cái kỷ niệm thường làm nên những hồi ức. Hồi ức tạo nên những nỗi nhớ, và chúng ta khổ đau là do cất giữ quá nhiều kỷ niệm. Tôi sống thảnh thơi là vì biết buông những kỷ niệm không đáng nhớ. Sóng biển sẽ dạt vào bờ những gì không thuộc về nó. Chúng ta cũng tập buông đi những gì không thuộc về mình. Cho dù lòng còn tiếc nuối, vương vấn cũng phải đủ mạnh để vượt qua. Qua đến bờ bên kia nhìn lại, những gì mình quý hôm trước, hôm sau đã trở thành quá khứ. Mà quá khứ cũng chỉ là duyên đến duyên đi. Duyên đến thì sống chân tình, duyên đi thì buông nhẹ. Còn lại cứ thuận theo tự nhiên. Cuộc đời cái gì cũng chỉ là đến và đi, không có gì là mãi mãi.
Có những chuyện vốn dĩ mình không nên biết, khi biết rồi lại càng thêm đau. Sự thật luôn đi đôi với hận thù. Ở góc độ nào đó của cuộc đời, mình vẫn mong chúng ta đến với nhau bằng sự chân thành và ra đi cũng trong chân thành. Bởi vì những người chúng ta gặp giữa cuộc đời không phải là tình cờ thoáng qua. Mình vẫn nghĩ mỗi người đi qua cuộc đời đều có một lý do nhất định. Cuộc sống, mình đã không trao người khác niềm vui thì thôi, vẫn không muốn một ai đó vì mình mà buồn. Chỉ mong là vậy.
Nếu cuộc đời có ngõ một ngõ cụt định mệnh ở cuối con đường, thì xin đành hai chữ “tha thứ” đặt ở đó! Cuộc đời này dù đúng, dù sai, “tha thứ cho nhau” là điều đẹp nhất mà mình học được giữa cuộc đời.
Bằng những dòng viết bay bổng, đầy thi vị nhưng cũng đậm chất thiền, tựa sách “Tha thứ cho nhau” của tác giả Hồng Bối sẽ phần nào đó chữa lành những nỗi muộn phiền trong bạn. Cảm nhận từng con chữ để tưới tẩm hạt giống ""an"" cho mình, cho người.
Trích dẫn sách:
Cuộc đời có những nỗi niềm riêng luôn phải giấu kín trong lòng. Nỗi niềm đó có khi đi với mình đến trọn đời mà không bao giờ được nói ra. Nếu có nói ra đi chăng nữa đôi lúc vẫn còn là dang dở. Ai có thể hiểu thấu lòng người những nỗi niềm không tên?
Trong những ngày nằm bệnh, cuộc đời đã dạy tôi về lòng kham nhẫn và biết ơn. Sống giữa cuộc đời này lòng còn đắng cay, còn hận thì mình còn đau. Chỉ có biết ơn mình mới thấy lòng mình vị tha thật sự.Mình không muốn mình khổ đau thì cũng đừng mang khổ đau đến cho người khác.
Buồn đau không làm nên điều gì tốt đẹp cho cuộc đời. Ai cũng có những tháng ngày buồn đau. Khi mọi nỗ lực cá nhân đã không giúp ích được gì, tốt nhất hãy cố quên và buông những tháng ngày đã qua. Đời người sống là phải biết thả trôi những muộn phiền. Còn nắm thì còn đau. Khi có điều gì bất ổn, làm bạn dằn vặt âu lo, hãy đặt bàn tay lên trái tim rồi nhủ thầm, “Không sao, tất cả sẽ qua mà!”
Cũng vậy, khi một người không đáng để bạn trân quý, bạn nên tìm cách chấp nhận để buông bỏ. Càng giữ chặt thì mất mát càng nhiều, càng níu kéo thì khổ đau càng lớn. Đừng níu kéo một ai, nếu họ muốn đi, cứ mặc họ đi. Đôi bàn tay là để học buông thả chứ không phải để nắm chặt mãi mãi một thứ gì. Bạn cố nắm thật lâu một thứ gì thì bạn càng mỏi mệt, càng nặng nề thêm. Nghịch lý cuộc đời đã dạy “điều duy nhất chắc chắn chính là chẳng có gì chắc chắn”. Biết vậy, nên bạn phải chấp nhận đổi thay. Đổi thay cũng là buông bỏ và cho qua để sự sống mình mới lại.
Cuộc đời là một làn gió. Tình người là một làn mây. Gió thì muốn bay khắp muôn phương, mà mây thì lúc tụ, lúc tan làm sao ta có thể nắm được. Gió và mây không thuộc riêng ai, thế thì “đừng buồn vì một người không nhớ đến ta”. Cái kỷ niệm thường làm nên những hồi ức. Hồi ức tạo nên những nỗi nhớ, và chúng ta khổ đau là do cất giữ quá nhiều kỷ niệm. Tôi sống thảnh thơi là vì biết buông những kỷ niệm không đáng nhớ. Sóng biển sẽ dạt vào bờ những gì không thuộc về nó. Chúng ta cũng tập buông đi những gì không thuộc về mình. Cho dù lòng còn tiếc nuối, vương vấn cũng phải đủ mạnh để vượt qua. Qua đến bờ bên kia nhìn lại, những gì mình quý hôm trước, hôm sau đã trở thành quá khứ. Mà quá khứ cũng chỉ là duyên đến duyên đi. Duyên đến thì sống chân tình, duyên đi thì buông nhẹ. Còn lại cứ thuận theo tự nhiên. Cuộc đời cái gì cũng chỉ là đến và đi, không có gì là mãi mãi.
Có những chuyện vốn dĩ mình không nên biết, khi biết rồi lại càng thêm đau. Sự thật luôn đi đôi với hận thù. Ở góc độ nào đó của cuộc đời, mình vẫn mong chúng ta đến với nhau bằng sự chân thành và ra đi cũng trong chân thành. Bởi vì những người chúng ta gặp giữa cuộc đời không phải là tình cờ thoáng qua. Mình vẫn nghĩ mỗi người đi qua cuộc đời đều có một lý do nhất định. Cuộc sống, mình đã không trao người khác niềm vui thì thôi, vẫn không muốn một ai đó vì mình mà buồn. Chỉ mong là vậy.
(Trích dẫn “Ngày tháng đã qua”)
Tháng ngày đã qua
Bình an cho mình cho người
Tha thứ cho nhau
Mùa xuân em có mặt
Tình yêu ra đi và tình thương ở lại
Mưa vẫn mưa bay...
Buồn ơi, xin chào
Hạnh phúc là sự có mặt
Nụ cười hiền
Thật mà thanh thản
Thêm một ngày để yêu thương
Thương yêu cuộc đời này
Tách trà và hoài niệm
Dòng sông tao ngộ
Khoảng lặng trong tiếng đàn
Tình thương không đến từ hận thù
Bạn tôi vẫn còn đây
Hoa bươm bướm
Thật và đẹp, đúng và sai
Trà và tình bạn trong thơ
Tình người tháng năm
Từ khi trăng là nguyệt
Bên chén trà mười năm đến đi
Niềm chung niềm riêng
Thời gian cho anh niềm cô độc
Suy nghĩ thân phận
Đi xa là để trở về
Đã không thương xin đừng ghét",Sách tiếng Việt/Sách kỹ năng sống/Sách kỹ năng mềm,1326
275016203,"sách thanh xuân, sao mà đau đớn!",RANDO KIM,142000,259784,OFFICIAL_STORE,0,0,,https://tiki.vn/sach-thanh-xuan-sao-ma-don-dau-rando-kim-nha-nam-official-p275016203.html?spid=276686959,https://salt.tikicdn.com/cache/280x280/ts/product/f8/b1/0d/7ba7739befe237827cba8fe010a54793.jpg,"Tuổi trẻ là một trong những thời kỳ đẹp đẽ và khó khăn nhất trong cuộc đời. Kỳ vọng của cha mẹ, nhà trường, xã hội và cả của chính bản thân, đè nặng lên vai khiến bạn không thở nổi. Bạn phải vào đại học, phải đi tìm việc, phải chuẩn bị cho tương Tích tắc. Tích tắc. Hết giờ!
Nhưng có phải như vậy không?
24 tuổi – thời điểm bạn vừa tốt nghiệp đại học xong – mới chỉ là 7 giờ 12 phút sáng.”
Thấu hiểu nỗi lo ấy của các bạn trẻ, Rando Kim đã viết nên Có thanh xuân nào không đau đớn, có tuổi trẻ nào không bão giông. Cuốn sách như những lời tâm tình về đủ mọi lĩnh vực trong cuộc sống, từ học tập, công việc cho tới tình yêu, mong gỡ rối tơ lòng cho cả một thế hệ đang nôn nóng thành công hay đang âu lo về một tương lai bất định hay. Hãy mở sách ra, để gặp một người bạn, người thầy muốn chân thành đồng hành cùng bạn trong suốt thời tuổi trẻ!",Sách tiếng Việt/Sách kỹ năng sống/Sách tư duy - Kỹ năng sống,1169
276618151,"sách thanh xuân, sao mà đau đớn!",RANDO KIM,120700,331008,NONE,0,0,,https://tiki.vn/sach-thanh-xuan-sao-ma-dau-don-nha-nam-hcm-p276618151.html?spid=276618152,https://salt.tikicdn.com/cache/280x280/ts/product/0c/88/11/3e89a0049082627c9873260c807f22e8.jpeg,"Thanh Xuân, Sao Mà Đau Đớn!
Tuổi trẻ là một trong những thời kỳ đẹp đẽ và khó khăn nhất trong cuộc đời. Kỳ vọng của cha mẹ, nhà trường, xã hội và cả của chính bản thân, đè nặng lên vai khiến bạn không thở nổi. Bạn phải vào đại học, phải đi tìm việc, phải chuẩn bị cho tương lai... Tích tắc. Tích tắc. Hết giờ!
... Nhưng có phải như vậy không?
24 tuổi – thời điểm bạn vừa tốt nghiệp đại học xong – mới chỉ là 7 giờ 12 phút sáng.”
Thấu hiểu nỗi lo ấy của các bạn trẻ, Rando Kim đã viết nên Có thanh xuân nào không đau đớn, có tuổi trẻ nào không bão giông. Cuốn sách như những lời tâm tình về đủ mọi lĩnh vực trong cuộc sống, từ học tập, công việc cho tới tình yêu, mong gỡ rối tơ lòng cho cả một thế hệ đang nôn nóng thành công hay đang âu lo về một tương lai bất định hay. Hãy mở sách ra, để gặp một người bạn, người thầy muốn chân thành đồng hành cùng bạn trong suốt thời tuổi trẻ!
NHÃ NAM HCM CẢM ƠN BẠN ĐÃ QUAN T M ĐẾN SÁCH NHÃ NAM.",Sách tiếng Việt/Sách kỹ năng sống/Sách tư duy - Kỹ năng sống,1335
276834430,sách thấu hiểu là yêu thương,LUCY LE,294878,1,OFFICIAL_STORE,5,2,9,https://tiki.vn/sach-thau-hieu-la-yeu-thuong-p276834430.html?spid=276834433,https://salt.tikicdn.com/cache/280x280/ts/product/e3/4d/4c/9ad983de5a39303d23748389c42d72b1.jpg,"Thành quả chúng ta có ngày hôm nay chính nhờ vào những thứ mà chúng ta từng gieo. Hạnh phúc hay đau buồn không phải tự nhiên mà có, nó đã được bạn gieo xuống và vun bồi, sau đó phát triển và trưởng thành. Những cảm xúc yêu thương, đau buồn và sân hận không chỉ là những thứ thoáng qua mà thật ra cũng là những “hạt giống” trong tâm hồn mà bạn có thể đã lựa chọn nuôi dưỡng hoặc buông bỏ. Nếu lựa chọn nuôi dưỡng tình yêu mỗi ngày, nguồn yêu thương, hạnh phúc, hoà ái trong bạn sẽ ngày càng phong phú, dồi dào và luôn sẵn sàng cho đi khi cần. Ngược lại, nếu chọn nuôi dưỡng lòng sân hận thì bạn sẽ chỉ tiếp tục lan truyền đi những tổn thương và oán trách.
Chỉ có tình yêu, sự thấu hiểu mới giúp ta xây dựng mối quan hệ vững chắc, mang lại hạnh phúc và ý nghĩa cho cuộc sống. Nhưng nếu bạn cảm thấy mọi chuyện như đang vuột khỏi tầm tay, đôi khi bạn thấy mình hình như sai đường, đôi khi mình không thể tìm được lối vào tâm hồn người tưởng như thân thiết nhất, vậy thì hãy về với chân thân của mình, bạn sẽ tìm thấy lời giải đáp. Chỉ khi bạn biết cách yêu thương và thấu hiểu bản thân mình trước tiên thì bạn mới có thể biết cách yêu thương và trao gửi yêu thương một cách trọn vẹn. Hãy học cách “yêu thương”, “thấu hiểu” với chính những hạt giống sân hận, đau buồn của mình trong quá khứ, nhìn chúng với cái nhìn bao dung hơn dể có thể yêu thương và kết nối lại chính bản thân mình. Và khi bạn đủ yêu thương chính bản thân, bạn mới có thể trao đi tình yêu một cách trọn vẹn, một tình yêu chan chứa sự thấu hiểu, bao dung.
Cuốn sách Thấu hiểu là yêu thương sẽ chỉ cho bạn cách nhận diện và thay đổi những thói quen, cảm xúc tiêu cực. Qua cuốn sách này, bạn sẽ học được những cách đối diện với những tổn thương, sân hận, hiểu rõ nguyên nhân gốc rễ và biết cách chuyển hoá chúng thành những cảm xúc tích cực. Từ đó, bạn sẽ nhận ra THẤU HIỂU chính là YÊU THƯƠNG.
Cuốn sách gồm 4 chương:
Chương 1 tác giả đã lấy chính trải nghiệm, những vấp ngã trong hành trình cuộc đời mình để minh chứng cho việc: Những đau khổ, những tổn thương nếu không được chủ động chấm dứt nó sẽ kéo dài vô tận và truyền lại vô thức cho thế hệ sau.
Chương 2 nói về các tổn thương (chủ yếu thời thơ ấu), trong phần này tác giả làm rõ cho người đọc thấy một cơ số các tổn thương xuất phát từ môi trường sống của con người như là (tổn thương do bị lạm dụng, bạo hành, tổn thương do bị thao túng tâm lí, tổn thương do bị bỏ rơi...) đồng thời tác giả còn đưa ra một số niềm tin giới hạn sự phát triển và hạnh phúc của người phụ nữ (“Tình yêu không dành cho tôi”, tất cả là lỗi của tôi...). Qua nội dung chương này, tác giả đã đặt nền móng kiến thức để người đọc có thể soi chiếu vào chính hành trình phát triển cuộc đời của mình, từ ấu thơ, cho tới hiện tại, để lí giải một số cảm xúc, một số khuôn mẫu hành vi khiến cho cuộc sống của chúng ra rơi vào những nốt trầm đau khổ.
Chương 3 nói về yêu thương bản thân chính là cách để chữa lành tổn thương. Ở đây tác giả đã cung cấp một số quan niệm đúng đắn về tình yêu, có liên hệ với những tổn thương như là một cán cân để lấy lại cân bằng.
Chương 4 nói về hành trình trở thành một con người mới: NEW ME. Ở chương này, tác giả tập trung sâu hơn vào phần thực hành, phần hành động để thoát khỏi tổn thương, sống với con người mới, con người đích thực của bản thân.
Cuốn sách sử dụng những câu chuyện thực tiễn đã diễn ra xung quanh tác giả và bày ra cho người đọc làm sao để có thể xử lý và giải quyết những nỗi đau này để có thể kết nối và tái kết nối lại với chính bản thân mình. Có thể những trường hợp trong cuốn sách không trùng khớp với cuộc sống hay trải nghiệm của bạn. Không sao, hãy đọc chúng với tinh thần cầu thị và góc nhìn mở rộng để nắm được cái cốt tuỷ của chúng. Từ đó có thể ngẩng cao đầu, nhìn thẳng và soi chiếu về cuộc hành trình trong suốt những năm tháng của mình để có thể thấu hiểu, chữa lành và buông bỏ. Để có thể kiến tạo một NEW ME tràn đầy thấu hiểu và yêu thương.
Những lời khen tặng:
1.Một tác phẩm có sự kết hợp tuyệt vời giữa chữa lành và phát triển bản thân.
“Lucy Le đã viết một cuốn sách đầy cảm hứng về sự kết hợp giữa chữa lành và phát triển bản thân. Cuốn sách này đã giúp tôi nhận ra rằng, dù có là một nhà lãnh đạo hay một người mẹ, điều quan trọng nhất là biết yêu thương và chăm sóc bản thân trước. Những bài học trong sách giúp tôi học cách lắng nghe chính mình và từ đó, trở thành người phụ nữ mạnh mẽ, sáng tạo và có khả năng kết nối với mọi người trong công việc cũng như cuộc sống.”
Dung Tô – Fashion Mentor, Nhà sáng lập hãng thời trang Eva de Eva
2.Sách đã cho tôi nhiều góc nhìn mới về cách nuôi dạy con cái.
“Thông qua những nguyên tắc về yêu thương và sự thấu hiểu, tôi đã học được cách giao tiếp hiệu quả hơn với các con. Điều này không chỉ giúp tôi tạo ra một môi trường sống tích cực mà còn giúp các con cảm thấy an toàn và thoải mái khi bày tỏ cảm xúc của mình.”
Lê Thanh Hằng - Giám đốc chi nhánh Ngân hàng VIB
Trích dẫn sách
“Hãy nhớ rằng, không có một người, một sự việc hay một hoàn cảnh nào có thể khiến bạn hạnh phúc hơn CHÍNH BẠN.
Không phải điều gì quá ghê gớm, kết nối với bản thân đôi khi chỉ đơn giản là lắng nghe cơ thể mình và đáp ứng những gì mà nó đang cần. Những phút giây căng thẳng, bạn cần hít thật sâu, uống một cốc nước để thanh lọc, ăn những thức ăn giàu dinh dưỡng và dành cho mình khoảng thời gian nghỉ ngơi, thư giãn một cách hiệu quả.”
Công ty CP Sách Thái Hà trân trọng giới thiệu!",Sách tiếng Việt/Sách kỹ năng sống/Sách kỹ năng mềm,1341
276919980,sách thấu hiểu là yêu thương,LUCY LE,294220,101957,OFFICIAL_STORE,0,0,,https://tiki.vn/sach-thau-hieu-la-yeu-thuong-p276919980.html?spid=276919981,https://salt.tikicdn.com/cache/280x280/ts/product/e3/4d/4c/cda18f81663c972393b9c9f5ffca14e1.jpg,"Tên sách        Thấu hiểu là yêu thương
THẤU HIỂU LÀ YÊU THƯƠNG
Thành quả chúng ta có ngày hôm nay chính nhờ vào những thứ mà chúng ta từng gieo. Hạnh phúc hay đau buồn không phải tự nhiên mà có, nó đã được bạn gieo xuống và vun bồi, sau đó phát triển và trưởng thành. Những cảm xúc yêu thương, đau buồn và sân hận không chỉ là những thứ thoáng qua mà thật ra cũng là những “hạt giống” trong tâm hồn mà bạn có thể đã lựa chọn nuôi dưỡng hoặc buông bỏ. Nếu lựa chọn nuôi dưỡng tình yêu mỗi ngày, nguồn yêu thương, hạnh phúc, hoà ái trong bạn sẽ ngày càng phong phú, dồi dào và luôn sẵn sàng cho đi khi cần. Ngược lại, nếu chọn nuôi dưỡng lòng sân hận thì bạn sẽ chỉ tiếp tục lan truyền đi những tổn thương và oán trách.
Chỉ có tình yêu, sự thấu hiểu mới giúp ta xây dựng mối quan hệ vững chắc, mang lại hạnh phúc và ý nghĩa cho cuộc sống. Nhưng nếu bạn cảm thấy mọi chuyện như đang vuột khỏi tầm tay, đôi khi bạn thấy mình hình như sai đường, đôi khi mình không thể tìm được lối vào tâm hồn người tưởng như thân thiết nhất, vậy thì hãy về với chân thân của mình, bạn sẽ tìm thấy lời giải đáp. Chỉ khi bạn biết cách yêu thương và thấu hiểu bản thân mình trước tiên thì bạn mới có thể biết cách yêu thương và trao gửi yêu thương một cách trọn vẹn. Hãy học cách “yêu thương”, “thấu hiểu”  với chính những hạt giống sân hận, đau buồn của mình trong quá khứ, nhìn chúng với cái nhìn bao dung hơn dể có thể yêu thương và kết nối lại chính bản thân mình. Và khi bạn đủ yêu thương chính bản thân, bạn mới có thể trao đi tình yêu một cách trọn vẹn, một tình yêu chan chứa sự thấu hiểu, bao dung.
Cuốn sách Thấu hiểu là yêu thương sẽ chỉ cho bạn cách nhận diện và thay đổi những thói quen, cảm xúc tiêu cực. Qua cuốn sách này, bạn sẽ học được những cách đối diện với những tổn thương, sân hận, hiểu rõ nguyên nhân gốc rễ và biết cách chuyển hoá chúng thành những cảm xúc tích cực. Từ đó, bạn sẽ nhận ra THẤU HIỂU chính là YÊU THƯƠNG.
Cuốn sách gồm 4 chương:
Chương 1 tác giả đã lấy chính trải nghiệm, những vấp ngã trong hành trình cuộc đời mình để minh chứng cho việc: Những đau khổ, những tổn thương nếu không được chủ động chấm dứt nó sẽ kéo dài vô tận và truyền lại vô thức cho thế hệ sau.
Chương 2 nói về các tổn thương (chủ yếu thời thơ ấu), trong phần này tác giả làm rõ cho người đọc thấy một cơ số các tổn thương xuất phát từ môi trường sống của con người như là (tổn thương do bị lạm dụng, bạo hành, tổn thương do bị thao túng tâm lí, tổn thương do bị bỏ rơi...) đồng thời tác giả còn đưa ra một số niềm tin giới hạn sự phát triển và hạnh phúc của người phụ nữ (“Tình yêu không dành cho tôi”, tất cả là lỗi của tôi...). Qua nội dung chương này, tác giả đã đặt nền móng kiến thức để người đọc có thể soi chiếu vào chính hành trình phát triển cuộc đời của mình, từ ấu thơ, cho tới hiện tại, để lí giải một số cảm xúc, một số khuôn mẫu hành vi khiến cho cuộc sống của chúng ra rơi vào những nốt trầm đau khổ.
Chương 3 nói về yêu thương bản thân chính là cách để chữa lành tổn thương. Ở đây tác giả đã cung cấp một số quan niệm đúng đắn về tình yêu, có liên hệ với những tổn thương như là một cán cân để lấy lại cân bằng.
Chương 4 nói về hành trình trở thành một con người mới: NEW ME. Ở chương này, tác giả tập trung sâu hơn vào phần thực hành, phần hành động để thoát khỏi tổn thương, sống với con người mới, con người đích thực của bản thân.
Cuốn sách sử dụng những câu chuyện thực tiễn đã diễn ra xung quanh tác giả và bày ra cho người đọc làm sao để có thể xử lý và giải quyết những nỗi đau này để có thể kết nối và tái kết nối lại với chính bản thân mình. Có thể những trường hợp trong cuốn sách không trùng khớp với cuộc sống hay trải nghiệm của bạn. Không sao, hãy đọc chúng với tinh thần cầu thị và góc nhìn mở rộng để nắm được cái cốt tuỷ của chúng. Từ đó có thể ngẩng cao đầu, nhìn thẳng và soi chiếu về cuộc hành trình trong suốt những năm tháng của mình để có thể thấu hiểu, chữa lành và buông bỏ. Để có thể kiến tạo một NEW ME tràn đầy thấu hiểu và yêu thương.",Sách tiếng Việt/Sách kỹ năng sống/Sách kỹ năng mềm,1344
169712230,sách the power sức mạnh,RHONDA BYRNE,254000,111899,OFFICIAL_STORE,0,2,,https://tiki.vn/sach-the-power-suc-manh-rhonda-byrne-p169712230.html?spid=278736875,https://salt.tikicdn.com/cache/280x280/ts/product/94/26/00/c176c2fb4271689635c90fd7196b8713.jpeg,"SÁCH THE POWER SỨC MẠNH (RHONDA BYRNE)
Cuốn ""sổ tay"" tuyệt diệu giúp bạn chạm vào nguồn năng lượng lớn nhất trong vũ trụ – Sức Mạnh để có mọi thứ bạn mong muốn
Cuộc sống bạn mơ ước luôn ở ngay bên cạnh bạn, gần hơn rất nhiều so với những gì bạn có thể nhận ra, bởi vì Sức Mạnh để có được tất cả những điều tốt đẹp đó trong cuộc sống đã co sẵn bên trong bạn. Để tạo ra bất cứ điều gì, thay đổi bất cứ thứ gì, tất cả những gì bạn cần chỉ là một thứ…. đó là SỨC MẠNH.
Nếu không có Sức Mạnh có lẽ bạn sẽ không được sinh ra. Nếu không có Sức Mạnh, sẽ không có một ai trên trái đất này. Mọi khám phá, phát minh và sự sáng tạo của con người đều đến từ Sức Mạnh. Sức khoẻ hoàn hảo, mối quan hệ tuyệt vời, sự nghiệp bạn yêu thích, cuộc sống ngập tràn hạnh phúc, và số tiền cần thiết để bạn có thể trở thành, làm và có được mọi thứ bạn mong muốn, tất cả đều đến từ Sức Mạnh.
Nhận xét sách The Power - Sức mạnh của độc giả:
- ""Một quyển sách tuyệt vời để đọc khi bạn cảm thấy buồn, tuyệt vọng và chán nản. Nó thực sự có thể đẩy tâm trạng lên của bạn nếu bạn áp dụng nó vào cuộc sống của mình. Tôi đã từng đọc Bí mật, nhưng tôi thích cuốn này hơn vì nó nói rất nhiều về tình yêu và sự biết ơn. Và đó là điều Chúa muốn ở chúng ta. Yêu tất cả mọi người và biết ơn vì mọi thứ!""
- ""Gia đình chúng tôi rất thích cuốn sách này. Chúng tôi đọc to nó mỗi tối trước khi đi ngủ. Cuốn sách này rất hay cho tất cả mọi người đặc biệt là trong thời buổi khó khăn như bây giờ. Nó giúp bạn luôn lạc quan khi xung quanh bạn có rất nhiều điều tiêu cực. Cám ơn vì tất cả!""
- ""Khi tôi đọc sách bí mật của bà rhonda, tôi cảm thấy quá đỗi kinh ngạc về những gì mình học được và cứ nghĩ rằng chắc không có gì có thể khiến tôi cảm thấy có hứng thú hơn nữa cho đến khi đọc cuốn sách này. Tôi hoàn toàn thích nó, yêu nó. Tôi cầm nó theo đọc hàng ngày, mở bất kỳ trang nào và đọc nó. Người phụ nữ này đã vĩnh viễn thay đổi cuộc đời tôi. Cuốn sách này nên thuộc về mọi nhà, mọi trường lớp, từ lớp 1. Trẻ em nên học và thực hành ngay từ khi còn rất sớm để biết được những gì là cuộc sống. Một sự thay đổi thực sự, ai cũng nên đọc The Power - SỨC MẠNH.""",Sách tiếng Việt/Sách kỹ năng sống/Sách tư duy - Kỹ năng sống,738
172988287,sách the power sức mạnh,,254000,111899,OFFICIAL_STORE,0,0,,https://tiki.vn/sach-the-power-suc-manh-rhonda-byrne-p172988287.html?spid=278736872,https://salt.tikicdn.com/cache/280x280/ts/product/41/0b/09/f45136c7ded61b29a818a14c8681a69b.jpeg,"SÁCH THE POWER SỨC MẠNH (RHONDA BYRNE)
Cuốn ""sổ tay"" tuyệt diệu giúp bạn chạm vào nguồn năng lượng lớn nhất trong vũ trụ – Sức Mạnh để có mọi thứ bạn mong muốn
Cuộc sống bạn mơ ước luôn ở ngay bên cạnh bạn, gần hơn rất nhiều so với những gì bạn có thể nhận ra, bởi vì Sức Mạnh để có được tất cả những điều tốt đẹp đó trong cuộc sống đã co sẵn bên trong bạn. Để tạo ra bất cứ điều gì, thay đổi bất cứ thứ gì, tất cả những gì bạn cần chỉ là một thứ…. đó là SỨC MẠNH.
Nếu không có Sức Mạnh có lẽ bạn sẽ không được sinh ra. Nếu không có Sức Mạnh, sẽ không có một ai trên trái đất này. Mọi khám phá, phát minh và sự sáng tạo của con người đều đến từ Sức Mạnh. Sức khoẻ hoàn hảo, mối quan hệ tuyệt vời, sự nghiệp bạn yêu thích, cuộc sống ngập tràn hạnh phúc, và số tiền cần thiết để bạn có thể trở thành, làm và có được mọi thứ bạn mong muốn, tất cả đều đến từ Sức Mạnh.
Nhận xét sách The Power - Sức mạnh của độc giả:
- ""Một quyển sách tuyệt vời để đọc khi bạn cảm thấy buồn, tuyệt vọng và chán nản. Nó thực sự có thể đẩy tâm trạng lên của bạn nếu bạn áp dụng nó vào cuộc sống của mình. Tôi đã từng đọc Bí mật, nhưng tôi thích cuốn này hơn vì nó nói rất nhiều về tình yêu và sự biết ơn. Và đó là điều Chúa muốn ở chúng ta. Yêu tất cả mọi người và biết ơn vì mọi thứ!""
- ""Gia đình chúng tôi rất thích cuốn sách này. Chúng tôi đọc to nó mỗi tối trước khi đi ngủ. Cuốn sách này rất hay cho tất cả mọi người đặc biệt là trong thời buổi khó khăn như bây giờ. Nó giúp bạn luôn lạc quan khi xung quanh bạn có rất nhiều điều tiêu cực. Cám ơn vì tất cả!""
- ""Khi tôi đọc sách bí mật của bà rhonda, tôi cảm thấy quá đỗi kinh ngạc về những gì mình học được và cứ nghĩ rằng chắc không có gì có thể khiến tôi cảm thấy có hứng thú hơn nữa cho đến khi đọc cuốn sách này. Tôi hoàn toàn thích nó, yêu nó. Tôi cầm nó theo đọc hàng ngày, mở bất kỳ trang nào và đọc nó. Người phụ nữ này đã vĩnh viễn thay đổi cuộc đời tôi. Cuốn sách này nên thuộc về mọi nhà, mọi trường lớp, từ lớp 1. Trẻ em nên học và thực hành ngay từ khi còn rất sớm để biết được những gì là cuộc sống. Một sự thay đổi thực sự, ai cũng nên đọc The Power - SỨC MẠNH.""",Sách tiếng Việt/Sách kỹ năng sống/Sách tư duy - Kỹ năng sống,749
177999989,sách thiên nga đen,NASSIM NICHOLAS TALEB,238620,272268,OFFICIAL_STORE,0,1,27,https://tiki.vn/sach-thien-nga-den-tai-ban-2022-p177999989.html?spid=177999990,https://salt.tikicdn.com/cache/280x280/ts/product/f5/88/00/e06654f818f6ff84c2e977a7257e9191.jpeg,"Thiên Nga Đen (Tái Bản 2022)
Trước khi khám phá ra thiên nga đen tồn tại trên đời (ở Úc), người ta vẫn tin rằng tất cả chim thiên nga trên đời đều có màu trắng. Phát hiện bất ngờ này đã thay đổi toàn bộ thế giới quan của nhân loại (về thiên nga).
Chúng ta không biết rất nhiều thứ nhưng lại hành động như thể mình có khả năng dự đoán được mọi điều. Và trong cuốn sách này, tác giả Nassim Nicholas Taleb đã đi sâu vào khai thác những sai lầm của tư tưởng cố hữu ấy. Theo ông, “thiên nga đen” là một biến cố tưởng chừng như không thể xảy ra với ba đặc điểm chính: không thể dự đoán, có tác động nặng nề và sau khi nó xảy ra, người ta lại dựng lên một lời giải thích để khiến nó trở nên ít ngẫu nhiên hơn, dễ dự đoán hơn so với bản chất thật của nó. Thành công đáng kinh ngạc của Facebook có thể được coi là một “thiên nga đen”, việc nước Anh rời khỏi Liên minh châu u cũng là một “thiên nga đen”. Thiên nga đen luôn ẩn hiện trong mọi mặt của cuộc sống với những tác động khó lường, theo cả hướng tiêu cực và tích cực.
Tinh tế, táo bạo nhưng không kém phần thú vị, Thiên Nga Đen chắc chắn là cuốn sách không thể bỏ qua cho những ai đam mê hiểu biết. Và cuốn sách này, bản thân nó cũng chính là một thiên nga đen…",Sách tiếng Việt/Sách kỹ năng sống/Sách tư duy - Kỹ năng sống,764
106362479,sách thiên nga đen,NASSIM NICHOLAS TALEB,281060,259784,OFFICIAL_STORE,0,7,,https://tiki.vn/sach-thien-nga-den-tai-ban-2020-p106362479.html?spid=253137773,https://salt.tikicdn.com/cache/280x280/ts/product/01/ff/28/79e678d1685616ee127d95e360f81dfd.jpg,"Trước khi khám phá ra thiên nga đen tồn tại trên đời (ở Úc), người ta vẫn tin rằng tất cả chim thiên nga trên đời đều có màu trắng. Phát hiện bất ngờ này đã thay đổi toàn bộ thế giới quan của nhân loại (về thiên nga).
Sách - Thiên nga đen ( tái bản 2020)",Sách tiếng Việt/Sách kỹ năng sống/Sách tư duy - Kỹ năng sống,513
127033182,sách thiên tài đội nhóm team genius,,95000,126688,NONE,0,0,,https://tiki.vn/sach-cam-nhan-va-ung-pho-p127033182.html?spid=274115844,https://salt.tikicdn.com/cache/280x280/ts/product/7c/e6/77/2d4e789fc9aec595582d91d717bf6d76.jpg,"CẢM NHẬN VÀ ỨNG PHÓ: CÁC CÔNG TY THÀNH CÔNG ĐÃ LẮNG NGHE KHÁCH HÀNG VÀ LIÊN TỤC TẠO RA SẢN PHẨM MỚI NHƯ THẾ NÀO?
Việc cảm nhận được những thay đổi của thị trường và phản ứng nhanh để có thể đối mặt và vượt qua các khó khăn đóng vai trò sống còn đối với doanh nghiệp. Sách gồm 2 phần: Phần đầu lý giải về mô thức cảm nhận và ứng phó: tại sao nó quan trọng, nó hoạt động ra sao, khi nào thì sử dụng nó (và khi nào thì không), các chướng ngại vật nào bạn có khả năng đối mặt, và cách vượt qua. Phần sau là những hướng dẫn cho các nhà quản trị cách cảm nhận và ứng phó. Nó giải thích các điều chỉnh tổ chức và quy trình hoạch định chính sách để hoạt động theo mô thức này để liên tục đưa ra những giá trị và sản phẩm mới.",Sách tiếng Việt/Sách kỹ năng sống/Sách tư duy - Kỹ năng sống,634
222713832,sách thiên tài đội nhóm team genius,,61000,126688,NONE,0,0,,https://tiki.vn/sach-mai-mai-la-yeu-thuong-_first-news-p222713832.html?spid=273718599,https://salt.tikicdn.com/cache/280x280/ts/product/51/63/f3/6f3e54a3a57cbb847c323ea7960d6017.jpg,"Mãi Mãi Là Yêu Thương
Yêu thương là cảm xúc thiêng liêng nhất trong cuộc sống của chúng ta. Không một ai có thể sống trên đời mà thiếu tình yêu thương. Cuộc sống của bạn sẽ ý nghĩa hơn nhiều khi bạn biết dành tình thương yêu để làm cho cuộc sống của những người xung quanh và của mình ấm áp, hạnh phúc hơn.
Có thể bạn đang được sống trong tình yêu thương của gia đình, của người thân, bạn bè. Cuộc sống trong mắt bạn chỉ toàn một màu hồng tươi sáng, đáng yêu. Thậm chí có lúc bạn còn không nhận ra hay quý trọng đúng mức những tình cảm ấy. Chỉ đến khi gặp phải những thất bại hay bất hạnh trong cuộc sống, chúng ta mới cảm nhận được hết chiều sâu của tình cảm yêu thương. Khi đó, chúng ta mới thấu hiểu và trân trọng ý nghĩa của tình yêu thương – tình cảm ấm áp có sức mạnh an ủi, nâng đỡ nhiệm màu đối với tâm hồn của con người.
Hy vọng tập sách này sẽ làm bạn mở rộng trái tim và ánh mắt cho những cảm nhận yêu thương sưởi ấm tâm hồn. Bởi hơn tất cả mọi thứ trên đời, tình yêu thương là sức mạnh vô biên, là điều chia sẻ quý giá không thể thiếu trong cuộc sống con người.",Sách tiếng Việt/Sách kỹ năng sống/Sách kỹ năng mềm,922
127033290,sách thói quen làm nên sáng tạo,,131000,126688,NONE,0,1,,https://tiki.vn/sach-vi-dai-do-lua-chon-p127033290.html?spid=184076158,https://salt.tikicdn.com/cache/280x280/ts/product/af/13/74/ba43291848ead1ba78cf8f60ef0adc92.jpg,"Jim Collins là tác giả của hai đầu sách nổi tiếng - Từ tốt đến vĩ đại và Xây dựng để trường tồn. Cùng với phương pháp nghiên cứu như hai cuốn đầu tiên, trong quyển sách này, Jim Collins cùng với Morten T. Hansen đi tìm câu trả lời cho câu hỏi, tại sao các công ty vĩ đại vẫn trường tồn trong những lúc khó khăn, hỗn loạn. Qua rất nhiều năm nghiên cứu khoa học từ những công ty và các lãnh đạo hàng đầu, hai tác giả rút ra được kết luận rằng: Chúng tôi không tin cuộc sống sẽ trở nên tốt đẹp hơn hay có một phép nhiệm mầu và đoán định được tương lai, nhưng có thể nói nhữg tác động phức tạp, toàn cầu hoá và công nghệ đang thúc đẩy thay đổi và càng dễ bị thay đổi hơn bao giờ hết. Chúng tôi cảm thấy trấn tĩnh vì chúng tôi đã hiểu hơn phải có những gì để sống sót, lèo lái và chiến thắng. Theo chúng tôi, trường tồn và tiêu vong phụ thuộc vào những hành động của chúng ta hơn là những gì mà thế giới gây cho chúng ta; và sự vĩ đại không chỉ là một cuộc chinh phục về kinh doanh, nó là cuộc chinh phục của con người.
Và kết quả nghiên cứu sẽ gây bất ngờ cho nhiều nhà lãnh đạo các tổ chức đọc quyển sách này: Những nhà lãnh đạo của các công ty vĩ đại không sáng tạo hơn, không có tầm nhìn xa hơn, không có cá tính hơn, không có vận may hơn, không thích tìm kiếm rủi ro hơn, không anh hùng hơn, và không có khuynh hướng thực hiện những nước cờ lớn, táo bạo hơn. Nhưng họ đã lèo lái được công ty họ qua những lúc khó khăn để luôn trường tồn, bởi vì họ sống và làm việc theo ba yếu tố cân bằng nhau: kiên định với nguyên tắc, sáng tạo theo kinh nghiệm và biết sợ hãi một cách hữu ích.
Quyển sách phù hợp với tầng lớp doanh nhân và lãnh đạo các công ty Việt Nam, những người nghiên cứu về kinh doanh, đang trong quá trình lèo lái con thuyền công ty vươn lên sau khủng hoảng và hướng tới vĩ đại vĩnh cửu.",Sách tiếng Việt/Sách kỹ năng sống/Sách tư duy - Kỹ năng sống,635
83619850,sách thói quen làm nên sáng tạo,HELEN FISHER,143200,1,OFFICIAL_STORE,4.8,65,393,https://tiki.vn/sach-tai-sao-la-nguoi-ay-p83619850.html?spid=83619851,https://salt.tikicdn.com/cache/280x280/ts/product/00/32/00/21d4ba130443406c9b9cd24d40d1ae83.jpg,"""Tại sao là người ấy? đã phân tích kỹ càng xem các hoá chất trong não bộ đã quyết định tâm tính và tính cách của chúng ta như thế nào và qua đó ảnh hưởng đến việc ta lựa chọn ai để yêu… [Fisher đã đưa ra] một ý niệm choáng váng về tình yêu lãng mạn, nhưng rất đáng cân nhắc.""—Los Angeles Times
""Tuyệt vời… Có thể bạn đã có sẵn hình mẫu người yêu lý tưởng của mình, nhưng bạn vẫn sẽ muốn đọc cuốn sách này để có thêm nhiều hiểu biết sâu hơn về khoa học tình yêu.""—The Boston Globe
Trong suốt lịch sử, tình yêu mãi là một trong những chủ đề khiến con người không thể ngừng bận tâm. Tại sao ta yêu? Tại sao là người ấy chứ không phải ai khác?
Trong cuốn sách vừa hấp dẫn vừa đầy thông tin này, Helen Fisher, một trong những chuyên gia tình yêu hàng đầu thế giới, sẽ giải mật những bí ẩn phía sau các quyết định tình cảm của con người: dưới tác động của các cơ chế sinh hoá, ta bị thu hút về phía những người vừa phản chiếu vừa hoàn thiện cho nhân cách của chính ta.
Với cuốn sách này, Helen Fisher đã vén tấm màn che phủ lên tình yêu, thứ tình cảm vốn vẫn thường hay đi kèm với tính từ “mù quáng”. Dựa trên các kết quả nghiên cứu khoa học độc nhất vô nhị - bao gồm cả một bảng câu hỏi chi tiết từng được tham gia trả lời bởi hơn bảy triệu người ở ba mươi ba quốc gia - Tại sao là người ấy? sẽ thay đổi sâu sắc cái nhìn của ta về bản chất của tình yêu. Sau tất cả, tình yêu không hề phức tạp, hay mù quáng, một khi ta đã hiểu rõ chính mình.
Helen E. Fisher là giáo sư nhân loại học kiêm nhà nghiên cứu hành vi con người tại Đại học Rutgers. Là một trong những chuyên gia hàng đầu thế giới về trong lĩnh vực nghiên cứu bản chất của tình yêu, bà được mời làm cố vấn khoa học cho C, một bộ phận thuộc trang web hẹn hò M uy tín. Bà cũng là tác giả nổi tiếng, với nhiều tác phẩm best seller như Anatomy of Love, Why we love?, Tại sao là người ấy? Bà sống ở New York, Mỹ.",Sách tiếng Việt/Sách kỹ năng sống/Sách tư duy - Kỹ năng sống,411
210955800,sách thong dong như chú mèo hong nắng bên hiên,,207580,111899,OFFICIAL_STORE,0,0,1,https://tiki.vn/sach-thuat-doc-tam-alphabooks-ban-quyen-p210955800.html?spid=262687384,https://salt.tikicdn.com/cache/280x280/ts/product/45/d4/07/0b75e4a6e45a3fa6fecd60d1de7b54dd.png,"Cẩm nang nhìn thấu tâm lý đối phương
Cuốn sách là một cẩm nang hướng dẫn chi tiết về việc sử dụng trí tuệ Enneagram cho sự phát triển của tâm linh và tâm lý.
Biểu tượng cổ xưa của Enneagram đã trở thành một trong những hệ thống phổ biến nhất hiện nay để tự nghiên cứu, khám phá mỗi người dựa trên chín loại tính cách riêng biệt. Hai trong số các nhà nghiên cứu về Enneagram hàng đầu trên thế giới là Don Richard Riso và Russ Hudson đã liên tục nhắc tới và giảng dạy về Enneagram như một công cụ để chuyển đổi và phát triển cá nhân. Dù nền tảng tinh thần của bạn là gì, Enneagram sẽ đưa ra những lời khuyên, biện pháp tích cực giúp bạn vượt qua mọi rào cản sâu thẳm nơi tâm hồn, nhận ra những sức mạnh độc đáo và những hướng đi đúng đắn nhất trong cuộc sống.
Không chỉ đưa ra hướng dẫn để nhận biết các kiểu tính cách, Thuật đọc tâm còn cung cấp các bảng hỏi có độ chính xác cao để xác định từng kiểu người, hàng chục bài tập cá nhân và chiến lược cụ thể nhằm cải thiện các mối quan hệ, thói quen xấu, gia tăng sự tự do của nội tâm… Cuốn sách không chỉ dành cho những chuyên gia nghiên cứu chuyên sâu và còn dành cho cả những người mới bắt đầu, dễ dàng áp dụng trong cuộc sống thường ngày.",Sách tiếng Việt/Sách kỹ năng sống/Sách tư duy - Kỹ năng sống,894
106362109,sách thong dong như chú mèo hong nắng bên hiên,RYAN HOLIDAY,104300,111899,OFFICIAL_STORE,0,0,5,https://tiki.vn/sach-vuot-qua-ban-nga-p106362109.html?spid=276427604,https://salt.tikicdn.com/cache/280x280/ts/product/89/be/4c/072829d8ff4154f8ce61b9308e90267a.png,Sách-Vượt qua bản ngã,Sách tiếng Việt/Sách kỹ năng sống/Sách tư duy - Kỹ năng sống,458
275866978,sách thuật đắc nhân tâm,JOHN C. MAXWELL,96300,1,OFFICIAL_STORE,4.8,12,7,https://tiki.vn/sach-thuat-dac-nhan-tam-p275866978.html?spid=275866981,https://salt.tikicdn.com/cache/280x280/ts/product/58/d4/c5/ae4cf320918a85a35c6aa775671bba87.jpg,"Điều gì có thể chinh phục lòng người? Có phải ai sinh ra cũng có những phẩm chất hay sự nhạy cảm và tinh tế để gặt hái thành công trong mọi mối quan hệ? Chúng ta có thể có những kỹ năng để chinh phục lòng người không hay chỉ chấp nhận những gì Chúa đã ban tặng? Và liệu những người giỏi xây dựng các mối quan hệ có thể làm tốt hơn nữa không?
Hầu hết mọi người đều dễ dàng nhận ra những người giỏi chinh phục lòng người khi tiếp xúc với họ. Họ cho chúng ta cảm giác được là chính mình và nâng chúng ta lên tầm cao hơn. Tiếp xúc với họ mang lại cho bạn những trải nghiệm tích cực, thú vị và khiến bạn luôn muốn ở bên họ.
Rất nhiều người thường quá chú trọng đến tài năng và năng lực mà quên mất một điều là những mối quan hệ tốt đẹp chính là nền tảng cho mọi thành tựu, cho cuộc sống ý nghĩa và hạnh phúc. Đó không chỉ là lớp kem phủ mà chính là một phần của chiếc bánh thành công.
Và bạn hoàn toàn có thể học để trở thành một người “đắc nhân tâm”. Cuốn sách này sẽ gợi ý cho bạn những cách tạo dựng và duy trì các mối quan hệ tốt đẹp, bền chặt thông qua 25 bí kíp lôi cuốn người khác như Nguyên tắc Lăng Kính, Nguyên tắc Tấm gương, Nguyên tắc thang máy… John C. Maxwell sẽ chứng minh có một công thức thành công rất đơn giản, đó là:
Thành công = Các kỹ năng bạn sử dụng + Các mối quan hệ bạn lựa chọn
- “Một lần nữa, John Maxwell lại chứng tỏ sức sáng tạo tuyệt vời của mình. Cuốn sách này thật sự là một kho các nguyên tắc khôn ngoan, được minh hoạ rõ ràng, đơn giản, rất thực tế và nếu áp dụng được sẽ cải thiện đáng kể các mối quan hệ…” - Tiến sĩ Stephen R. Covey, Tác giả cuốn 7 thói quen của những ngưòi thành đạt",Sách tiếng Việt/Sách kỹ năng sống/Sách tư duy - Kỹ năng sống,1305
1938903,sách thuật đắc nhân tâm,JOHN C. MAXWELL,114000,7247,OFFICIAL_STORE,0,6,2,https://tiki.vn/sach-thuat-dac-nhan-tam-tai-ban-2018-p1938903.html?spid=89920532,https://salt.tikicdn.com/cache/280x280/ts/product/32/9c/5c/83ea70b29a85374ecf9e1b6017a428e3.png,"Thuật Đắc Nhân Tâm (Tái Bản 2018)
Điều gì có thể chinh phục lòng người? Có phải ai sinh ra cũng có những phẩm chất hay sự nhạy cảm và tinh tế để gặt hái thành công trong mọi mối quan hệ? Chúng ta có thể có những kỹ năng để chinh phục lòng người không hay chỉ chấp nhận những gì Chúa đã ban tặng? Và liệu những người giỏi xây dựng các mối quan hệ có thể làm tốt hơn nữa không?
Hầu hết mọi người đều dễ dàng nhận ra những người giỏi chinh phục lòng người khi tiếp xúc với họ. Họ cho chúng ta cảm giác được là chính mình và nâng chúng ta lên tầm cao hơn. Tiếp xúc với họ mang lại cho bạn những trải nghiệm tích cực, thú vị và khiến bạn luôn muốn ở bên họ.
Rất nhiều người thường quá chú trọng đến tài năng và năng lực mà quên mất một điều là những mối quan hệ tốt đẹp chính là nền tảng cho mọi thành tựu, cho cuộc sống ý nghĩa và hạnh phúc. Đó không chỉ là lớp kem phủ mà chính là một phần của chiếc bánh thành công.
Và bạn hoàn toàn có thể học để trở thành một người “đắc nhân tâm”. Cuốn sách này sẽ gợi ý cho bạn những cách tạo dựng và duy trì các mối quan hệ tốt đẹp, bền chặt thông qua 25 bí kíp lôi cuốn người khác như Nguyên tắc Lăng Kính, Nguyên tắc Tấm gương, Nguyên tắc thang máy… John C. Maxwell sẽ chứng minh có một công thức thành công rất đơn giản, đó là:
Thành công = Các kỹ năng bạn sử dụng + Các mối quan hệ bạn lựa chọn
“Một lần nữa, John Maxwell lại chứng tỏ sức sáng tạo tuyệt vời của mình. Cuốn sách này thật sự là một kho các nguyên tắc khôn ngoan, được minh hoạ rõ ràng, đơn giản, rất thực tế và nếu áp dụng được sẽ cải thiện đáng kể các mối quan hệ…” - Tiến sĩ Stephen R. Covey, Tác giả cuốn 7 thói quen của những ngưòi thành đạt",Sách tiếng Việt/Sách kỹ năng sống/Sách tư duy - Kỹ năng sống,120
106362544,sách thuật đọc tâm,.,216310,111899,OFFICIAL_STORE,0,0,5,https://tiki.vn/sach-thuat-doc-tam-p106362544.html?spid=262687377,https://salt.tikicdn.com/cache/280x280/ts/product/45/d4/07/a1eca53fbf529776aa8d3555a93fd43d.png,"Sách - Thuật đọc tâm
Cẩm nang nhìn thấu tâm lý đối phương
Cuốn sách là một cẩm nang hướng dẫn chi tiết về việc sử dụng trí tuệ Enneagram cho sự phát triển của tâm linh và tâm lý.
Được nhận xét là cuốn sách về Enneagram hay và đầy đủ nhất mọi thời đại, cuốn sách sẽ cho bạn biết:
- Nắm bắt cặn kẽ tâm lý của người đối diện, đối tượng mà bạn quan tâm.
- Loại bỏ những cảm xúc, thói quen tiêu cực, từ đó hướng bản thân tới những điều lành mạnh.
- Cha mẹ có thể hiểu hơn về tính cách con cái, từ đó có những định hướng phù hợp cho con ngay từ sớm.",Sách tiếng Việt/Sách kỹ năng sống/Sách tư duy - Kỹ năng sống,529
249596467,sách thuật đọc tâm,,216310,7247,OFFICIAL_STORE,4,2,19,https://tiki.vn/thuat-doc-tam-sach-ban-quyen-p249596467.html?spid=261989713,https://salt.tikicdn.com/cache/280x280/ts/product/a3/ee/b4/e39459e07d38f09953e1971307716ad9.png,"Thuật Đọc Tâm
Đảm bảo 100% sách gốc bản quyền từ NXB
Xử lí đơn đặt hàng nhanh
Chính sách hỗ trợ đổi sách cho khách hàng thuận tiện khi gặp sự cố
Cẩm nang nhìn thấu tâm lý đối phương
Cuốn sách là một cẩm nang hướng dẫn chi tiết về việc sử dụng trí tuệ Enneagram cho sự phát triển của tâm linh và tâm lý.
Biểu tượng cổ xưa của Enneagram đã trở thành một trong những hệ thống phổ biến nhất hiện nay để tự nghiên cứu, khám phá mỗi người dựa trên chín loại tính cách riêng biệt. Hai trong số các nhà nghiên cứu về Enneagram hàng đầu trên thế giới là Don Richard Riso và Russ Hudson đã liên tục nhắc tới và giảng dạy về Enneagram như một công cụ để chuyển đổi và phát triển cá nhân. Dù nền tảng tinh thần của bạn là gì, Enneagram sẽ đưa ra những lời khuyên, biện pháp tích cực giúp bạn vượt qua mọi rào cản sâu thẳm nơi tâm hồn, nhận ra những sức mạnh độc đáo và những hướng đi đúng đắn nhất trong cuộc sống.
Không chỉ đưa ra hướng dẫn để nhận biết các kiểu tính cách, Thuật đọc tâm còn cung cấp các bảng hỏi có độ chính xác cao để xác định từng kiểu người, hàng chục bài tập cá nhân và chiến lược cụ thể nhằm cải thiện các mối quan hệ, thói quen xấu, gia tăng sự tự do của nội tâm… Cuốn sách không chỉ dành cho những chuyên gia nghiên cứu chuyên sâu và còn dành cho cả những người mới bắt đầu, dễ dàng áp dụng trong cuộc sống thường ngày.
Được nhận xét là cuốn sách về Enneagram hay và đầy đủ nhất mọi thời đại, cuốn sách sẽ cho bạn biết:
Nắm bắt cặn kẽ tâm lý của người đối diện, đối tượng mà bạn quan tâm.
Giúp bạn dễ dàng định hướng công việc phù hợp với tính cách.
Loại bỏ những cảm xúc, thói quen tiêu cực, từ đó hướng bản thân tới những điều lành mạnh.
Cha mẹ có thể hiểu hơn về tính cách con cái, từ đó có những định hướng phù hợp cho con ngay từ sớm.
— Hãy chiêm nghiệm cuốn sách và cảm nhận hương vị của một tách trà vào mỗi cuối tuần khi bạn dành nhiều thời gian hơn cho bản thân mình! —",Sách tiếng Việt/Sách kỹ năng sống/Sách tư duy - Kỹ năng sống,1007
48873347,sách thuật đọc tâm,ĐÔNG HẢI,61800,1,OFFICIAL_STORE,4.1,10,61,https://tiki.vn/sach-tu-duy-gian-don-p48873347.html?spid=48873348,https://salt.tikicdn.com/cache/280x280/ts/product/cb/af/ac/473452f05d3cbd636dd6deee606400ab.jpg,"Cuốn sách thuộc thể loại kỹ năng, giúp người đọc hiểu đúng về tư duy, từ đó có những quan điểm đúng đắn để áp dụng vào công việc và cuộc sống một cách hiệu quả. Tác giả chỉ ra được nhiều thực trạng chưa tốt trong việc tự học, đồng thời cũng đưa ra được những phương pháp tốt/hữu ích hơn. Cuốn sách có bố cục 2 phần: “Tư duy và sự hình thành các quan niệm” và “Quan niệm về một số vấn đề của cuộc sống” (sự học, nghề nghiệp, đầu tư…). Cùng với cách trình bày vấn đề hấp dẫn, khoa học, mới lạ và các tình huống, ví dụ đa dạng khiến bản thảo vừa thú vị, mềm mại không khô cứng như những sách kỹ năng khác, nhưng vẫn chuyển tải được đầy đủ nội dung cần thiết về cách tư duy các vấn đề của cuộc sống cho bạn đọc.
- “Bản chất vấn đề thường ít mang tính quyết định vấn đề đó thế nào và cách chúng ta tiếp cận, giải quyết chúng ra sao. Cách nhìn nhận, thái độ với vấn đề đó mới chính là yếu tố mang tính quyết định nhiều hơn. Quan niệm chính là bộ lọc đầu tiên khi ta tiếp cận mỗi vấn đề, trước cả khi vấn đề thực sự được đưa vào não xử lý để tìm ra phương pháp hay định hướng cảm xúc. Quan niệm là yếu tố tác động đầu tiên, ngay lập tức và xuyên suốt. Bởi vậy, ngoài việc rèn dũa kiến thức, kỹ năng, trải nghiệm cho bản thân thì xây dựng cho mình một hệ quan niệm phù hợp trước mỗi vấn đề của cuộc sống cũng rất quan trọng trong việc tạo ra cảm xúc, tìm kiếm giải pháp và hành động phù hợp”.
- “Dù học kiến thức, kỹ năng gì chúng ta sẽ ít nhiều bị giới hạn về công cụ, điều kiện để học, trải nghiệm. Nhưng với việc học tư duy, trang bị hệ quan niệm thì gần như không có bất kỳ giới hạn nào. Chỉ cần bước chân đi, đưa mắt nhìn và lắng tai nghe là chúng ta đã có thể học. Và trải nghiệm thực tế là cách tuyệt vời để trau dồi hệ quan niệm của bản thân cả về số lượng và chất lượng”.",Sách tiếng Việt/Sách kỹ năng sống/Sách tư duy - Kỹ năng sống,345
127032828,sách thuật đọc tâm,,68000,295057,NONE,0,8,,https://tiki.vn/sach-mot-nghe-thuat-song-tai-ban-2021-p127032828.html?spid=199569232,https://salt.tikicdn.com/cache/280x280/ts/product/31/d7/60/872499cb817a92c344ae1cce0c0b26af.jpg,"Tác phẩm Một nghệ thuật sống nêu lên những quan niệm về cuộc sống và cách sống: sống là gì, lẽ sống của con người, nhận biết chân giá trị của sự vật, hành động để giải thoát…",Sách tiếng Việt/Sách kỹ năng sống/Sách kỹ năng mềm,628
210164054,sách thuật quản lý khủng hoảng bản thân,,71000,126688,NONE,0,0,,https://tiki.vn/sach-thuat-quan-ly-khung-hoang-ban-than-alphabooks-ban-quyen-p210164054.html?spid=263271765,https://salt.tikicdn.com/cache/280x280/ts/product/79/29/a9/4a443f98ec38d8bb4bafa1aeedba6aac.jpg,"Dù bạn là ai, đang hoạt động trong lĩnh vực nào hay đang thực hiện công việc tốt đến đâu, thì chắc chắn có lúc bạn sẽ gặp phải những khó khăn, trở ngại ngáng đường. Những lúc như vậy, chúng ta đều bị khủng hoảng nặng hoặc nhẹ, tuỳ theo mức độ của vấn đề. Và việc vượt qua khủng hoảng một cách ngoạn mục hay để mặc nó nhấn chìm bản thân chính là điểm phân biệt cốt lõi giữa những người thành công và kẻ thất bại.
Với mục đích giúp mọi người vượt qua khủng hoảng một cách dễ dàng, Thuật quản lý khủng hoảng bản thân của Brian Tracy sẽ đưa ra 21 bí quyết súc tích nhưng vô cùng giá trị về những đối pháp dành cho khủng hoảng. Bạn sẽ tìm ra cho mình những mẹo mực bổ ích như kiểm soát tinh thần, tiết kiệm năng lượng của bản thân, nhìn thẳng vào sự thật hay tự tin vào năng lực của chính mình, …
Sách - Thuật quản lý khủng hoảng bản thân",Sách tiếng Việt/Sách kỹ năng sống/Sách tư duy - Kỹ năng sống,886
106362388,sách thuật quản lý khủng hoảng bản thân,BRIAN TRACY,71000,295057,NONE,0,0,,https://tiki.vn/sach-thuat-quan-ly-khung-hoang-ban-than-p106362388.html?spid=204283002,https://salt.tikicdn.com/cache/280x280/ts/product/79/29/a9/db79e9bf4eb008ab21dcf01d27abf40a.jpg,"Với mục đích giúp mọi người vượt qua khủng hoảng một cách dễ dàng, Thuật quản lý khủng hoảng bản thân của Brian Tracy sẽ đưa ra 21 bí quyết súc tích nhưng vô cùng giá trị về những đối pháp dành cho khủng hoảng. Bạn sẽ tìm ra cho mình những mẹo mực bổ ích như kiểm soát tinh thần, tiết kiệm năng lượng của bản thân, nhìn thẳng vào sự thật hay tự tin vào năng lực của chính mình, …
Sách - Thuật quản lý khủng hoảng bản thân",Sách tiếng Việt/Sách kỹ năng sống/Sách tư duy - Kỹ năng sống,502
32192499,sách thuật quản lý khủng hoảng bản thân,BRIAN TRACY,51100,1,OFFICIAL_STORE,4.8,21,236,https://tiki.vn/sach-thuat-quan-ly-khung-hoang-ban-than-p32192499.html?spid=32192500,https://salt.tikicdn.com/cache/280x280/ts/product/33/dc/4e/d2806f026d7a31a02a40f85733395f63.jpg,"Dù bạn là ai, đang hoạt động trong lĩnh vực nào hay đang thực hiện công việc tốt đến đâu, thì chắc chắn có lúc bạn sẽ gặp phải những khó khăn, trở ngại ngáng đường. Những lúc như vậy, chúng ta đều bị khủng hoảng nặng hoặc nhẹ, tuỳ theo mức độ của vấn đề. Và việc vượt qua khủng hoảng một cách ngoạn mục hay để mặc nó nhấn chìm bản thân chính là điểm phân biệt cốt lõi giữa những người thành công và kẻ thất bại.
Với mục đích giúp mọi người vượt qua khủng hoảng một cách dễ dàng, Thuật quản lý khủng hoảng bản thân của Brian Tracy sẽ đưa ra 21 bí quyết súc tích nhưng vô cùng giá trị về những đối pháp dành cho khủng hoảng. Bạn sẽ tìm ra cho mình những mẹo mực bổ ích như kiểm soát tinh thần, tiết kiệm năng lượng của bản thân, nhìn thẳng vào sự thật hay tự tin vào năng lực của chính mình, …",Sách tiếng Việt/Sách kỹ năng sống/Sách tư duy - Kỹ năng sống,278
22367164,sách thuật tẩy não,CAO ĐỨC,151000,60209,NONE,0,11,,https://tiki.vn/sach-thuat-tay-nao-tai-ban-2019-tang-kem-bookmark-tiki-p22367164.html?spid=248611321,https://salt.tikicdn.com/cache/280x280/ts/product/47/28/79/170a9327d4fa1a97b2e0dfc4ef338f0c.jpg,"Dường như không ai tin bản thân mình đang bị khống chế bởi tâm hồn của một kẻ khác, vì rất ít người hiểu được cách thức hoạt động của việc khai thông tiềm thức và truyền bá ý tưởng. Nhưng đó lại là vở kịch tài tình do chính chúng ta và người tẩy não cấp cao dựng nên. Không có ý tưởng nào trên đời xuất hiện khi con người chưa bị thôi miên. Nếu bạn có thể đi vào não bộ của khách hàng, tiềm thức của khách hàng và xem xét kỹ càng những nội dung phong phú bên trong, hẳn là bạn sẽ nhận ra “sự thật tư duy”.
Thuật tẩy não là một cuốn bách khoa toàn thư về kiểm soát tâm lý, một cuốn giáo trình tâm lý học giúp bạn thống trị cả thế giới. Và cũng là một cuốn sách truyền cảm hứng đượcdự đoán sẽ không tạo ra các nhóm mua, bởi hầu hết lãnh đạo của các doanh nghiệp đều sợ đối thủ cũng như cấp dưới của mình đọc cuốn sách này.",Sách tiếng Việt/Sách kỹ năng sống/Sách tư duy - Kỹ năng sống,246
106362558,sách thuật tẩy não,CAO ĐỨC,151000,60209,NONE,0,1,,https://tiki.vn/sach-thuat-tay-nao-tai-ban-2019-p106362558.html?spid=248611320,https://salt.tikicdn.com/cache/280x280/ts/product/f2/ce/e2/dee1627a5e976320c1ef92537a0e0367.jpg,"Thuật tẩy não là một cuốn bách khoa toàn thư về kiểm soát tâm lý, một cuốn giáo trình tâm lý học giúp bạn thống trị cả thế giới. Và cũng là một cuốn sách truyền cảm hứng được dự đoán sẽ không tạo ra các nhóm mua, bởi hầu hết lãnh đạo của các doanh nghiệp đều sợ đối thủ cũng như cấp dưới của mình đọc cuốn sách này.",Sách tiếng Việt/Sách kỹ năng sống/Sách tư duy - Kỹ năng sống,533
13579551,sách thuật tẩy não,CAO ĐỨC,145000,111899,OFFICIAL_STORE,4.5,118,18,https://tiki.vn/sach-thuat-tay-nao-tai-ban-2019-p13579551.html?spid=50764001,https://salt.tikicdn.com/cache/280x280/ts/product/a0/a8/6e/a8d6e1a766c57eb2933dc92d4ca50b2a.png,"Thuật Tẩy Não
Dường như không ai tin bản thân mình đang bị khống chế bởi tâm hồn của một kẻ khác, vì rất ít người hiểu được cách thức hoạt động của việc khai thông tiềm thức và truyền bá ý tưởng. Nhưng đó lại là vở kịch tài tình do chính chúng ta và người tẩy não cấp cao dựng nên. Không có ý tưởng nào trên đời xuất hiện khi con người chưa bị thôi miên. Nếu bạn có thể đi vào não bộ của khách hàng, tiềm thức của khách hàng và xem xét kỹ càng những nội dung phong phú bên trong, hẳn là bạn sẽ nhận ra “sự thật tư duy”.
Thuật tẩy não là một cuốn bách khoa toàn thư về kiểm soát tâm lý, một cuốn giáo trình tâm lý học giúp bạn thống trị cả thế giới. Và cũng là một cuốn sách truyền cảm hứng đượcdự đoán sẽ không tạo ra các nhóm mua, bởi hầu hết lãnh đạo của các doanh nghiệp đều sợ đối thủ cũng như cấp dưới của mình đọc cuốn sách này.",Sách tiếng Việt/Sách kỹ năng sống/Sách tư duy - Kỹ năng sống,210
248612941,sách thuật tẩy não,,145000,7247,OFFICIAL_STORE,0,0,1,https://tiki.vn/thuat-tay-nao-sach-ban-quyen-p248612941.html?spid=263275573,https://salt.tikicdn.com/cache/280x280/ts/product/a0/a8/6e/6b0b2d217946998cffcf824d10df8aea.png,"Thuật Tẩy Não
Đảm bảo 100% sách gốc bản quyền từ NXB
Xử lí đơn đặt hàng nhanh
Chính sách hỗ trợ đổi sách cho khách hàng thuận tiện khi gặp sự cố
Dường như không ai tin bản thân mình đang bị khống chế bởi tâm hồn của một kẻ khác, vì rất ít người hiểu được cách thức hoạt động của việc khai thông tiềm thức và truyền bá ý tưởng. Nhưng đó lại là vở kịch tài tình do chính chúng ta và người tẩy não cấp cao dựng nên. Không có ý tưởng nào trên đời xuất hiện khi con người chưa bị thôi miên. Nếu bạn có thể đi vào não bộ của khách hàng, tiềm thức của khách hàng và xem xét kỹ càng những nội dung phong phú bên trong, hẳn là bạn sẽ nhận ra “sự thật tư duy”.
Thuật tẩy não là một cuốn bách khoa toàn thư về kiểm soát tâm lý, một cuốn giáo trình tâm lý học giúp bạn thống trị cả thế giới. Và cũng là một cuốn sách truyền cảm hứng đượcdự đoán sẽ không tạo ra các nhóm mua, bởi hầu hết lãnh đạo của các doanh nghiệp đều sợ đối thủ cũng như cấp dưới của mình đọc cuốn sách này.
— Hãy chiêm nghiệm cuốn sách và cảm nhận hương vị của một tách trà vào mỗi cuối tuần khi bạn dành nhiều thời gian hơn cho bản thân mình! —",Sách tiếng Việt/Sách kỹ năng sống/Sách tư duy - Kỹ năng sống,986
175798780,sách thuật toán hành vi và cảm xúc,NGUYỄN XUÂN THANH,91000,1,OFFICIAL_STORE,4.5,14,101,https://tiki.vn/sach-thuat-toan-hanh-vi-va-cam-xuc-p175798780.html?spid=175798781,https://salt.tikicdn.com/cache/280x280/ts/product/f6/3b/c6/192f31aeec86cff58c79e5a10c0c420d.jpg,"Thuật toán Hành vi và Cảm xúc giải thích gốc rễ của việc hình thành tính cách và hành vi của con người, dẫn đến sự đa dạng trong lựa chọn và hành vi trong cuộc sống, từ đó có những quyết định và lựa chọn đúng đắn để thành công trong cuộc sống và sự nghiệp.
Cuốn sách đã đưa ra những kết luận có cơ sở nghiên cứu khoa học, để áp dụng vào thực tế cuộc sống nói chung và cho lĩnh vực quản trị kinh doanh nói riêng (đặc biệt có thể áp dụng ngay cho Ngành Marketing, Quản trị nhân sự).
Trong chương I, tác giả sẽ giải các mấu chốt cơ bản, giải thích lý do hình thành tính cách và cảm xúc cá nhân và một số ứng dụng trong cuộc sống, công việc hàng ngày như kinh doanh, quản trị nhân sự, marketing.
Chương số II đào sâu hơn về việc giải thích những hành vi theo bản năng của con người sẽ dễ dàng dẫn đến việc bộ não sẽ tự vận hành cơ thể của chúng ta chứ không phải chúng ta đang làm chủ bộ não của chính mình, những hành vi theo bản năng dễ dẫn đến những thói quen tiêu cực trong cuộc sống.
Chương cuối định hướng những sự lựa chọn lớn trong cuộc đời sẽ giúp bạn làm chủ hành vi và bộ não của bạn theo một cách chủ quan nhất. Đôi khi sự lựa chọn của bản thân lại bị điều hướng bởi những tác động khách quan bên ngoài thì mặc nhiên chúng ta có thể thay đổi các yếu tố tác động ngoại cảnh phù hợp để định hiệu chỉnh những hành vi của não bộ theo một bản năng tích cực để có một cuộc sống dễ dàng hơn. Bởi vì chúng ta đa phần đều cư xử theo bản năng.
Hiểu được gốc rễ của việc hình thành hành vi, khi đối diện với một ai đó, bạn có thể biết được những cảm xúc, những suy nghĩ chân thật nhất từ bên trong nội tâm họ. Đôi khi chỉ cần một vài cử chỉ, một vài lời nói khéo léo cũng có thể tìm ra được chân tướng mà họ đang cố che giấu trong cảm xúc. Mọi hành động, lời nói của con người đều bị ảnh hưởng ít nhiều từ cảm xúc của họ, từ những cử chỉ nhỏ nhất như việc họ đánh mắt bên trái hay bên phải sẽ giúp bạn hiểu được đối phương mà bạn đang trò chuyện.
Trích đánh giá của chuyên gia, tổ chức uy tín về cuốn sách:
“Cuốn sách Thuật toán Hành vi và Cảm xúc của tác giả Nguyễn Xuân Thanh đã cho chúng ta một cái nhìn mới mẻ, thú vị về những hành vi và cảm xúc đời thường mà nhiều khi chúng ta không để ý sẽ khó để thấy được điều kỳ diệu trong cuộc sống. Thông qua quyển sách, bản thân Tôi cũng đã tự chiêm nghiệm lại mình và nhận thấy thấp thoáng bóng dáng những hành vi, cảm xúc của mình thường xảy ra như trong sách mô tả; làm mình cũng phải thốt lên “Ờ nhỉ!”.
Tôi thực sự rất thích quyển sách này và mong rằng tác giả sẽ có thêm những công trình nghiên cứu khác để thúc đẩy niềm đam mê nghiên cứu trong giới trẻ, đóng góp cho kho tàng khoa học Việt Nam.”
(ThS. Nguyễn Minh Quang - Phó Giám đốc Công ty CP Giáo dục và Tư vấn LV&F)
“Với cuốn sách này, tác giả Nguyễn Xuân Thanh đã chỉ ra tại sao con người thường mắc phải những sai lầm ngớ ngẩn (mà chẳng mấy ai chịu dám thừa nhận). Hy vọng rằng cuốn sách này sẽ giúp chúng ta định hướng quá trình tự chủ hành vi hiệu quả đặc biệt với những sự lựa chọn lớn trong đời. Tôi nghĩ rằng các bạn sẽ tự tìm thấy một phần của bản thân trong cuốn sách này.”
(Võ Ca Dao - CEO Công ty Dịch thuật và Truyền thông D-Institute)
“Thanh đã có một quyển sách rất sáng tạo khi chọn cách viết gần gũi và “đời thường” cho chủ đề khá khó tiếp cận này. Chắc chắn rằng bạn đọc sẽ thấy thú vị và bắt gặp tâm lý hành vi của mình trong các tình huống được lồng ghép vào sách. Nếu bạn đọc có cơ hội được gặp Thanh trực tiếp chắc sẽ choáng váng với các trò chơi hack não của Thanh. Cảm ơn Thanh đã chọn mình làm bạn đồng hành trong lĩnh vực này, mong chờ cuốn tiếp theo của Thanh! “
(Hưng Nguyễn –Founding member LaLa Food Delivery; CEO Sao Thổ Furniture; Founder )
“Nói đến ""hành vi"" và ""cảm xúc"" là nói đến những vấn đề được chú tâm nhiều nhất ở con người. Đó có thể là những thói quen, cử chỉ đơn giản hàng ngày; cũng có thể là những cuộc đấu trí đầy cam go, gian khổ. Sách này cũng vậy, nó đi từ những thứ cơ bản đến những điều phức tạp. Sách sẽ giúp bạn trả lời được những câu hỏi về các vấn đề thường gặp trong xã hội; hiểu được những người xung quanh đang cảm thấy thế nào, có suy nghĩ gì hay không; đặc biệt, nó sẽ giúp bạn rất nhiều trong việc giao tiếp và ""làm đẹp"" chính mình. Sách này đã giúp tôi biết nhiều hơn về bản thân, hiểu rõ hơn về xã hội và giải đáp được những điều tôi thắc mắc.”
(Nguyễn Diêu Nguyên Lam - Diễn viên)
“Khoa học về não bộ và hành vi luôn hấp dẫn những nhà nghiên cứu nhưng lại khá kén người đọc. May mắn thay, với khả năng tổng hợp và diễn giải rõ ràng cùng các ví dụ thực tế sinh động, Jack Frost đã đưa những kiến thức này đến gần hơn với độc giả. Cuốn sách này còn là kết quả của những quan sát, nghiên cứu nghiêm túc của chính tác giả trong nỗ lực đưa đến một cách giải thích có hệ thống những thay đổi trong hành vi con người. Từ đó, những ứng dụng thực tế được bàn đến đã gợi mở thêm nhiều suy ngẫm thú vị trong hành trình thấu hiểu bản thân, giao tiếp xã hội và kinh doanh thành công.” (Nguyễn Hoàng Ngọc Linh – Giảng viên Marketing)
Trong cuốn sách giả Nguyễn Xuân Thanh đã chỉ ra rất nhiều điểm Thuật toán Hành vi và Cảm xúc, táctrong hành vi của mỗi người mà thật sự chúng ta ít khi để ý trong cuộc sống hằng ngày.
Ngoài việc chỉ ra những quyết định hằng ngày của mỗi người ngoài yếu tố chủ quan, chúng ta có thể chịu tác động bởi một yếu tố khách quan nào đó, đây quả là một điểm thú vị khó có thể thừa nhận, nhưng sự thật là như vậy. (TRẦN THỊ NHƯ THUỶ – Phó chủ tịch Cộng đồng tiếng Anh IZIEnglish Việt Nam, Giám đốc Công ty Vườm ươm thủ lĩnh LISC)
Sứ mệnh của các doanh nghiệp chính là cung cấp giải pháp về sản phẩm và dịch vụ để giải quyết vấn đề gì đó cho khách hàng. Nhưng để hiểu được nhu cầu hay vấn đề của khách hàng lại là một vấn đề hết sức thách thức, nan giải trong bối cảnh nhu cầu khách hàng ngày càng cao và tính cá nhân hoá trải nghiệm ngày càng nhiều. Nếu bạn cũng đang gặp phải vấn đề như vậy thì đây là cuốn sách dành cho bạn. Có rất nhiều phương pháp để “đọc vị khách hàng”, hay tìm kiếm “sự thật ngầm hiểu – insights” thông qua các lý thuyết và công cụ hiện nay, nhưng liệu có phải chúng ta đang quá đề cao những bí kíp và phức tạp hoá khách hàng. Bằng cách phân tích những hành vi trong cuộc sống hằng ngày, tác giả cuốn sách đã lý giải rằng ẩn chứa đằng sau những hành vi của khách hàng đó là những cảm xúc mang tính bản năng nhất. Bằng cách đưa ra những ví dụ đời thường, tác giả đã lồng ghép vào đó những phương pháp để bạn đọc có thể thốt lên: “Ừ nhỉ”, “À há” qua từng trang của cuốn sách. (PGS.TS. NGUYỄN TIẾN ĐÔNG Chuyên gia về đổi mới sáng tạo và cải tiến liên tục)
Trích đoạn hay:
“Hiểu về phân tích cảm xúc và hành vi thông qua bộ não không có nghĩa chúng ta luôn luôn phản ứng đúng như thế trong mọi tình huống. Có nghĩa là khi thông tin đưa vào “não thú”, nếu chúng ta nhận định rằng đây là thông tin tốt, nó tốt nên sẽ được đưa lên “não người” để phân tích, xử lý và phản ứng. Ngược lại, nếu chúng ta cho rằng thông tin tiếp nhận là xấu thì năng lượng sẽ bị đẩy xuống “não bò sát” để cư xử theo bản năng. Nó tuỳ thuộc vào cách chúng ta lập trình thói quen trong cuộc sống.” (trang 35, Chương 1)
“Lợi dụng và định hướng một cách hợp lý hành vi bầy đàn, nhiều người có thể tạo nên thương hiệu, cũng như hình thành nên hiệu ứng quy mô, từ đó đạt được hiệu quả khá tốt. Tìm kiếm được “con dê đầu đàn” tốt là yếu tố then chốt để lợi dụng, dẫn dắt hiệu ứng bầy đàn.” (trang 42, Chương 1)
“Việc vận dụng sức mạnh ngôn từ chính
xác là một bài toán khó dành cho những marketer, người làm quản lý nhân sự Sở dĩ việc sử dụng các dạng câu nói khác nhau có thể dẫn đến những hiệu quả trong công việc khác nhau.” (trang 62, Chương 1)
“Nếu ví con người như một chiếc máy tính thì
bản chất đóng vai trò như phần cứng, nó cho phép con người cài đặt những chương trình hoạt động để bộ máy được vận hành, điều này được xem như tính cách. Việc phần mềm nào được cài đặt cho bộ máy sẽ phụ thuộc rất nhiều vào hệ thống phần cứng có đủ chức năng, bộ nhớ hay cho phép phần mềm chạy suôn sẻ hay không.” (trang 97, Chương 1)
“Hiểu được cơ chế của bộ não sẽ giúp các marketer mở ra được những lối đi cực kỳ quyền năng. Kích thích vào hành vi phi lý trí của con người luôn là một chiến dịch hiệu quả mà nhiều thương hiệu muốn hướng đến nhưng để hiểu được bản năng của bộ não lại là một bài
toán khó cần giải đáp.” (trang 112, Chương 2)
“Tóm lại vấn đề “làm thế nào xây dựng hoặc đảo chiều dư luận” mà chúng ta hướng đến, điều quan trọng đầu tiên là cần kích thích được sự tò mò trong bản năng của mỗi người. Yếu tố đám đông sẽ giúp đảo hướng quan tâm của một nhóm nếu trong trường hợp nhóm đó được hình thành với số lượng đủ lớn có tác động đến tổng thể…” (trang 117, Chương 2)
“Trong thực tế, đôi khi cùng một nội dung truyền tải nhưng người này lại viết cuốn hút hơn người kia. Ví dụ thay vì nói “Anh yêu em” thì cách viết “Nụ cười của em làm anh xao xuyến” sẽ có sự tác động vào tâm lý tốt hơn. Do vậy, trước khi bắt đầu viết một thứ gì đó, bạn nên tham khảo trong từ điển các từ có tác dụng kích thích người đọc, cách thay đổi từ vựng trong một câu nói cùng nghĩa sẽ có tác dụng đi sâu vào tâm lý người đọc hơn.” (trang 127, Chương 2)
“Bộ não con người rất thông minh nhưng nó cũng khá nhạy cảm, dễ mệt mỏi. Nguồn năng lượng của não đến từ sự tích cực và niềm vui, cho nên dù có chuyện gì xảy ra, hãy biết cách vận hành nó theo chủ đích bản thân chứ đừng lâm vào tình trạng bản năng nhé.” (trang 147, chương 3)
“Chỉ khi học được cách bước ra khỏi “cái kén” của bản thân, bạn mới sẵn sàng đón nhận những hạnh phúc mình đáng được có. Bộ não chứa rất nhiều năng lượng, nhưng làm thế nào để lan toả ra ngoài? Hãy biết thương bản thân, năng lượng bên ngoài thể hiện ở 10 phi ngôn từ của bạn đấy.” (trang 159, Chương 3)
“Có thể bạn đã từng đọc rất nhiều bài viết hoặc nghe nhiều người nói rằng stress là một trong những nguyên nhân làm hỏng bộ não con người, giảm tư duy lý trí, giảm thiểu năng lượng trong hành vi, giảm sức khoẻ, tăng nguy cơ từ cảm lạnh thông thường đến bệnh tim mạch. Dường như nhiều người đang biến stress thành kẻ thù. Nếu bạn đang có những suy nghĩ như vậy thì hãy chấm dứt ngay từ bây giờ” (trang 164, Chương 3)
“Không phải ai cũng có thể vận dụng được bộ não hiệu quả để chọn được “đích đến”, “bánh lái” cho mình, hậu quả đôi khi thật uổng phí. Một là chúng ta phát triển vượt bậc; hai là chúng ta mãi bị đào thải và không tiến hoá được.” (trang 182, Chương 3)
“Cuộc đời là một chuỗi những sự lựa chọn. Bạn đang thực sự điều khiển sự lựa chọn của mình, hay là đang bị chính bộ não của mình “chơi đùa”?” (trang 185, Chương 3)
Nguyễn Xuân Thanh (MBA) - Nhiều năm kinh nghiệm nghiên cứu, làm việc và đào tạo bộ môn Phân tích hành vi con người, ứng dụng trong Marketing.
- Thạc sĩ Quản trị Kinh doanh tại Đại học Tomas Bata, Cộng hoà Séc.
- Trưởng Ngành Quản trị Kinh doanh và Trưởng Ngành Kế toán (Đại học Phú Xuân)
- Giám đốc phát triển dự án Quỹ đầu tư và phát triển dự án AIO.
- Giám đốc điều hành tại Công ty TNHH TN SOTA.
- Phó chủ nhiệm Cộng đồng khởi nghiệp Huế - Hội Doanh Nhân Trẻ tỉnh Thừa Thiên Huế; cố vấn và đầu tư cho các dự án khởi nghiệp về F&B, thủ công mỹ nghệ và công nghệ
- Chuyên môn nghiên cứu Marketing, đã có các nghiên cứu niêm yết các tạp chí trên thế giới",Sách tiếng Việt/Sách kỹ năng sống/Sách tư duy - Kỹ năng sống,761
274004834,sách thuật toán hành vi và cảm xúc,NGUYỄN XUÂN THANH,125000,97533,NONE,0,0,,https://tiki.vn/sach-thuat-toan-hanh-vi-va-cam-xuc-p274004834.html?spid=274761177,https://salt.tikicdn.com/cache/280x280/ts/product/c1/33/d6/065911e7deb836cbff66ea7352fb92f0.jpg,"Sách - Thuật toán Hành vi và Cảm xúc
Thuật toán Hành vi và Cảm xúc giải thích gốc rễ của việc hình thành tính cách và hành vi của con người, dẫn đến sự đa dạng trong lựa chọn và hành vi trong cuộc sống, từ đó có những quyết định và lựa chọn đúng đắn để thành công trong cuộc sống và sự nghiệp.
Cuốn sách đã đưa ra những kết luận có cơ sở nghiên cứu khoa học, để áp dụng vào thực tế cuộc sống nói chung và cho lĩnh vực quản trị kinh doanh nói riêng (đặc biệt có thể áp dụng ngay cho Ngành Marketing, Quản trị nhân sự).
Trong chương I, tác giả sẽ giải các mấu chốt cơ bản, giải thích lý do hình thành tính cách và cảm xúc cá nhân và một số ứng dụng trong cuộc sống, công việc hàng ngày như kinh doanh, quản trị nhân sự, marketing.
Chương số II đào sâu hơn về việc giải thích những hành vi theo bản năng của con người sẽ dễ dàng dẫn đến việc bộ não sẽ tự vận hành cơ thể của chúng ta chứ không phải chúng ta đang làm chủ bộ não của chính mình, những hành vi theo bản năng dễ dẫn đến những thói quen tiêu cực trong cuộc sống.
Chương cuối định hướng những sự lựa chọn lớn trong cuộc đời sẽ giúp bạn làm chủ hành vi và bộ não của bạn theo một cách chủ quan nhất. Đôi khi sự lựa chọn của bản thân lại bị điều hướng bởi những tác động khách quan bên ngoài thì mặc nhiên chúng ta có thể thay đổi các yếu tố tác động ngoại cảnh phù hợp để định hiệu chỉnh những hành vi của não bộ theo một bản năng tích cực để có một cuộc sống dễ dàng hơn. Bởi vì chúng ta đa phần đều cư xử theo bản năng.
Hiểu được gốc rễ của việc hình thành hành vi, khi đối diện với một ai đó, bạn có thể biết được những cảm xúc, những suy nghĩ chân thật nhất từ bên trong nội tâm họ. Đôi khi chỉ cần một vài cử chỉ, một vài lời nói khéo léo cũng có thể tìm ra được chân tướng mà họ đang cố che giấu trong cảm xúc. Mọi hành động, lời nói của con người đều bị ảnh hưởng ít nhiều từ cảm xúc của họ, từ những cử chỉ nhỏ nhất như việc họ đánh mắt bên trái hay bên phải sẽ giúp bạn hiểu được đối phương mà bạn đang trò chuyện.
Trích đánh giá của chuyên gia, tổ chức uy tín về cuốn sách:
“Cuốn sách Thuật toán Hành vi và Cảm xúc của tác giả Nguyễn Xuân Thanh đã cho chúng ta một cái nhìn mới mẻ, thú vị về những hành vi và cảm xúc đời thường mà nhiều khi chúng ta không để ý sẽ khó để thấy được điều kỳ diệu trong cuộc sống. Thông qua quyển sách, bản thân Tôi cũng đã tự chiêm nghiệm lại mình và nhận thấy thấp thoáng bóng dáng những hành vi, cảm xúc của mình thường xảy ra như trong sách mô tả; làm mình cũng phải thốt lên “Ờ nhỉ!”.
Tôi thực sự rất thích quyển sách này và mong rằng tác giả sẽ có thêm những công trình nghiên cứu khác để thúc đẩy niềm đam mê nghiên cứu trong giới trẻ, đóng góp cho kho tàng khoa học Việt Nam.”
(ThS. Nguyễn Minh Quang - Phó Giám đốc Công ty CP Giáo dục và Tư vấn LV&F)
“Với cuốn sách này, tác giả Nguyễn Xuân Thanh đã chỉ ra tại sao con người thường mắc phải những sai lầm ngớ ngẩn (mà chẳng mấy ai chịu dám thừa nhận). Hy vọng rằng cuốn sách này sẽ giúp chúng ta định hướng quá trình tự chủ hành vi hiệu quả đặc biệt với những sự lựa chọn lớn trong đời. Tôi nghĩ rằng các bạn sẽ tự tìm thấy một phần của bản thân trong cuốn sách này.”
(Võ Ca Dao - CEO Công ty Dịch thuật và Truyền thông D-Institute)
“Thanh đã có một quyển sách rất sáng tạo khi chọn cách viết gần gũi và “đời thường” cho chủ đề khá khó tiếp cận này. Chắc chắn rằng bạn đọc sẽ thấy thú vị và bắt gặp tâm lý hành vi của mình trong các tình huống được lồng ghép vào sách. Nếu bạn đọc có cơ hội được gặp Thanh trực tiếp chắc sẽ choáng váng với các trò chơi hack não của Thanh. Cảm ơn Thanh đã chọn mình làm bạn đồng hành trong lĩnh vực này, mong chờ cuốn tiếp theo của Thanh! “
(Hưng Nguyễn –Founding member LaLa Food Delivery; CEO Sao Thổ Furniture; Founder )
“Nói đến ""hành vi"" và ""cảm xúc"" là nói đến những vấn đề được chú tâm nhiều nhất ở con người. Đó có thể là những thói quen, cử chỉ đơn giản hàng ngày; cũng có thể là những cuộc đấu trí đầy cam go, gian khổ. Sách này cũng vậy, nó đi từ những thứ cơ bản đến những điều phức tạp. Sách sẽ giúp bạn trả lời được những câu hỏi về các vấn đề thường gặp trong xã hội; hiểu được những người xung quanh đang cảm thấy thế nào, có suy nghĩ gì hay không; đặc biệt, nó sẽ giúp bạn rất nhiều trong việc giao tiếp và ""làm đẹp"" chính mình. Sách này đã giúp tôi biết nhiều hơn về bản thân, hiểu rõ hơn về xã hội và giải đáp được những điều tôi thắc mắc.”
(Nguyễn Diêu Nguyên Lam - Diễn viên)
“Khoa học về não bộ và hành vi luôn hấp dẫn những nhà nghiên cứu nhưng lại khá kén người đọc. May mắn thay, với khả năng tổng hợp và diễn giải rõ ràng cùng các ví dụ thực tế sinh động, Jack Frost đã đưa những kiến thức này đến gần hơn với độc giả. Cuốn sách này còn là kết quả của những quan sát, nghiên cứu nghiêm túc của chính tác giả trong nỗ lực đưa đến một cách giải thích có hệ thống những thay đổi trong hành vi con người. Từ đó, những ứng dụng thực tế được bàn đến đã gợi mở thêm nhiều suy ngẫm thú vị trong hành trình thấu hiểu bản thân, giao tiếp xã hội và kinh doanh thành công.”
(Nguyễn Hoàng Ngọc Linh – Giảng viên Marketing)
Trong cuốn sách giả Nguyễn Xuân Thanh đã chỉ ra rất nhiều điểm Thuật toán Hành vi và Cảm xúc, táctrong hành vi của mỗi người mà thật sự chúng ta ít khi để ý trong cuộc sống hằng ngày.
Ngoài việc chỉ ra những quyết định hằng ngày của mỗi người ngoài yếu tố chủ quan, chúng ta có thể chịu tác động bởi một yếu tố khách quan nào đó, đây quả là một điểm thú vị khó có thể thừa nhận, nhưng sự thật là như vậy. (TRẦN THỊ NHƯ THUỶ – Phó chủ tịch Cộng đồng tiếng Anh IZIEnglish Việt Nam, Giám đốc Công ty Vườm ươm thủ lĩnh LISC)
Sứ mệnh của các doanh nghiệp chính là cung cấp giải pháp về sản phẩm và dịch vụ để giải quyết vấn đề gì đó cho khách hàng. Nhưng để hiểu được nhu cầu hay vấn đề của khách hàng lại là một vấn đề hết sức thách thức, nan giải trong bối cảnh nhu cầu khách hàng ngày càng cao và tính cá nhân hoá trải nghiệm ngày càng nhiều. Nếu bạn cũng đang gặp phải vấn đề như vậy thì đây là cuốn sách dành cho bạn. Có rất nhiều phương pháp để “đọc vị khách hàng”, hay tìm kiếm “sự thật ngầm hiểu – insights” thông qua các lý thuyết và công cụ hiện nay, nhưng liệu có phải chúng ta đang quá đề cao những bí kíp và phức tạp hoá khách hàng. Bằng cách phân tích những hành vi trong cuộc sống hằng ngày, tác giả cuốn sách đã lý giải rằng ẩn chứa đằng sau những hành vi của khách hàng đó là những cảm xúc mang tính bản năng nhất. Bằng cách đưa ra những ví dụ đời thường, tác giả đã lồng ghép vào đó những phương pháp để bạn đọc có thể thốt lên: “Ừ nhỉ”, “À há” qua từng trang của cuốn sách. (PGS.TS. NGUYỄN TIẾN ĐÔNG Chuyên gia về đổi mới sáng tạo và cải tiến liên tục)",Sách tiếng Việt/Sách kỹ năng sống/Sách tư duy - Kỹ năng sống,1121
174614168,sách thuật toán hành vi và cảm xúc,,125000,126688,NONE,0,0,,https://tiki.vn/sach-thuat-toan-hanh-vi-va-cam-xuc-ban-quyen-p174614168.html?spid=194950488,https://salt.tikicdn.com/cache/280x280/ts/product/af/5d/02/270a77a27eaf58e8bc4cca2a36a9b8fd.jpg,"Sách Thuật Toán Hành Vi Và Cảm Xúc
Thuật toán Hành vi và Cảm xúc giải thích gốc rễ của việc hình thành tính cách và hành vi của con người, dẫn đến sự đa dạng trong lựa chọn và hành vi trong cuộc sống, từ đó có những quyết định và lựa chọn đúng đắn để thành công trong cuộc sống và sự nghiệp.
Cuốn sách đã đưa ra những kết luận có cơ sở nghiên cứu khoa học, để áp dụng vào thực tế cuộc sống nói chung và cho lĩnh vực quản trị kinh doanh nói riêng (đặc biệt có thể áp dụng ngay cho Ngành Marketing, Quản trị nhân sự)
Trong chương I, tác giả sẽ giải các mấu chốt cơ bản, giải thích lý do hình thành tính cách và cảm xúc cá nhân và một số ứng dụng trong cuộc sống, công việc hàng ngày như kinh doanh, quản trị nhân sự, marketing.
Chương số II đào sâu hơn về việc giải thích những hành vi theo bản năng của con người sẽ dễ dàng dẫn đến việc bộ não sẽ tự vận hành cơ thể của chúng ta chứ không phải chúng ta đang làm chủ bộ não của chính mình, những hành vi theo bản năng dễ dẫn đến những thói quen tiêu cực trong cuộc sống.
Chương cuối định hướng những sự lựa chọn lớn trong cuộc đời sẽ giúp bạn làm chủ hành vi và bộ não của bạn theo một cách chủ quan nhất. Đôi khi sự lựa chọn của bản thân lại bị điều hướng bởi những tác động khách quan bên ngoài thì mặc nhiên chúng ta có thể thay đổi các yếu tố tác động ngoại cảnh phù hợp để định hiệu chỉnh những hành vi của não bộ theo một bản năng tích cực để có một cuộc sống dễ dàng hơn. Bởi vì chúng ta đa phần đều cư xử theo bản năng.
Hiểu được gốc rễ của việc hình thành hành vi, khi đối diện với một ai đó,  bạn có thể biết được những cảm xúc, những suy nghĩ chân thật nhất từ bên trong nội tâm họ. Đôi khi chỉ cần một vài cử chỉ, một vài lời nói khéo léo cũng có thể tìm ra được chân tướng mà họ đang cố che giấu trong cảm xúc. Mọi hành động, lời nói của con người đều bị ảnh hưởng ít nhiều từ cảm xúc của họ, từ những cử chỉ nhỏ nhất như việc họ đánh mắt bên trái hay bên phải sẽ giúp bạn hiểu được đối phương mà bạn đang trò chuyện.
ĐÁNH GIÁ CỦA CHUYÊN GIA:
- “Cuốn sách Thuật toán Hành vi và Cảm xúc của tác giả Nguyễn Xuân Thanh đã cho chúng ta một cái nhìn mới mẻ, thú vị về những hành vi và cảm xúc đời thường mà nhiều khi chúng ta không để ý sẽ khó để thấy được điều kỳ diệu trong cuộc sống. Thông qua quyển sách, bản thân Tôi cũng đã tự chiêm nghiệm lại mình và nhận thấy thấp thoáng bóng dáng những hành vi, cảm xúc của mình thường xảy ra như trong sách mô tả; làm mình cũng phải thốt lên “Ờ nhỉ!”.
- Tôi thực sự rất thích quyển sách này và mong rằng tác giả sẽ có thêm những công trình nghiên cứu khác để thúc đẩy niềm đam mê nghiên cứu trong giới trẻ, đóng góp cho kho tàng khoa học Việt Nam.”
(ThS. Nguyễn Minh Quang - Phó Giám đốc Công ty CP Giáo dục  và Tư vấn LV&F) .....
THÔNG TIN BỔ SUNG:",Sách tiếng Việt/Sách kỹ năng sống/Sách tư duy - Kỹ năng sống,759
139567621,sách thức tỉnh mục đích sống,ECKHART TOLLE,118400,1,OFFICIAL_STORE,5,308,3460,https://tiki.vn/sach-thuc-tinh-muc-dich-song-tai-ban-p139567621.html?spid=139567623,https://salt.tikicdn.com/cache/280x280/ts/product/dd/28/9b/89a9fa55bbc6fbeccdec8f7768fea050.jpg,"Thức Tỉnh Mục Đích Sống - Cuốn Sách Làm Bừng Tỉnh Thế Giới!
Chuyển hoá tâm thức con người là trọng tâm của những điều Eckhart Tolle đề cập trong quyển sách nổi tiếng A New Earth - Thức Tỉnh Mục Đích Sống này. Theo ông, sự thức tỉnh là bước kế tiếp sẽ xảy ra trong quá trình phát triển tâm thức của nhân loại. Nhân loại sẽ bước sang một giai đoạn mà sự thức tỉnh trong tâm hồn sẽ tạo ra sự tự do và niềm hạnh phúc miên viễn trong mỗi con người và trên toàn thế giới.
""Thức tỉnh mục đích sống"" đã cộng hưởng thật sâu sắc với những điều bên trong tôi và giúp tôi thay đổi nhận thức về bản thân và về cả mọi điều""",Sách tiếng Việt/Sách kỹ năng sống/Sách kỹ năng mềm,712
32037204,sách thức tỉnh mục đích sống,ECKHART TOLLE,130000,111899,OFFICIAL_STORE,0,578,,https://tiki.vn/sach-thuc-tinh-muc-dich-song-tai-ban-p32037204.html?spid=277528652,https://salt.tikicdn.com/cache/280x280/ts/product/7e/55/50/60fa7cdcd0213dcb590757680523ac1f.jpg,"Thức Tỉnh Mục Đích Sống - Cuốn Sách Làm Bừng Tỉnh Thế Giới!
Chuyển hoá tâm thức con người là trọng tâm của những điều Eckhart Tolle đề cập trong quyển sách nổi tiếng A New Earth - Thức Tỉnh Mục Đích Sống này. Theo ông, sự thức tỉnh là bước kế tiếp sẽ xảy ra trong quá trình phát triển tâm thức của nhân loại. Nhân loại sẽ bước sang một giai đoạn mà sự thức tỉnh trong tâm hồn sẽ tạo ra sự tự do và niềm hạnh phúc miên viễn trong mỗi con người và trên toàn thế giới.
""Thức tỉnh mục đích sống"" đã cộng hưởng thật sâu sắc với những điều bên trong tôi và giúp tôi thay đổi nhận thức về bản thân và về cả mọi điề""",Sách tiếng Việt/Sách kỹ năng sống/Sách kỹ năng mềm,277
55066553,sách thuyết phục bất kỳ ai,S. RENEE SMITH,92400,53660,OFFICIAL_STORE,5,26,7,https://tiki.vn/sach-thuyet-phuc-bat-ky-ai-p55066553.html?spid=56889981,https://salt.tikicdn.com/cache/280x280/ts/product/da/ef/79/9b0ca459edccec280014bf69c0a8a9c6.jpg,"Bạn đã bao giờ rơi vào tình huống khi bạn muốn thuyết phục đối phương và bạn biết chính xác điều mình muốn nói, nhưng bỗng dưng tim bạn bắt đầu đập nhanh, tay đẫm mồ hôi lạnh, và càng cố lên tiếng, bạn càng không thể nói thành lời chưa? Nếu câu trả lời là có, thì đã đến lúc bạn mài giũa khả năng giao tiếp của bản thân!
Với hơn 20 năm kinh nghiệm đào tạo hàng trăm công ty và khách hàng, S. Renee Smith sẽ hỗ trợ bạn trên cuộc hành trình này. Mục tiêu cả cuộc đời của S. Renee Smith là tìm kiếm sức mạnh của chính mình và giúp đỡ người khác tìm kiếm và sống đúng với khả năng tiềm ẩn của họ. Cuốn sách này chính là kết quả từ chính mục tiêu đó.
Thông qua cuốn sách “Thuyết phục bất kì ai”, tác giả sẽ giới thiệu nhiều lời khuyên và ví dụ thực tế về các kiểu giao tiếp dựa trên những chuyện người thực việc thực, kèm theo đó là tấm bản đồ chỉ dẫn đơn giản để giúp bạn phát triển chiến lược giao tiếp thành công giúp giải quyết mâu thuẫn, cân bằng sức mạnh, chia sẻ ý tưởng, hồi đáp những cử chỉ khó ưa, và ứng phó với khoảnh khắc lúng túng. Thông qua những kinh nghiệm thực tiễn của bản thân, tác giả đã chắt lọc những gì mình đã học được về giao tiếp quyết đoán thành 5 bước cơ bản, giúp bạn hiểu phong cách giao tiếp của mình và xác định những thay đổi bạn có thể thực hiện để trở thành một người giao tiếp quyết đoán và tự tin hơn:
Bước 1 - Xác định điểm bắt đầu: Bao gồm những bài tập giúp bạn hiểu biết sâu sắc hơn về bản thân và kiểu giao tiếp của mình.
Bước 2 - Lắng nghe quyết đoán: Các chiến lược duy trì sự tự chủ, bất kể đối phương nói hay làm gì, đồng thời học được cách thừa nhận quan điểm của người khác mà không có vẻ trịch thượng, cũng như đưa ra phản hồi mà không xúc phạm.
Bước 3 - Giao tiếp không lời quyết đoán: Cách rèn luyện kỹ năng xây dựng mối quan hệ hiệu quả giữa người với người, từ đó tăng cường lợi ích kinh doanh, thay đổi sự nghiệp, và tái thiết mối quan hệ cá nhân.
Bước 4 - Tự tin lên tiếng: Học cách kết hợp các kỹ năng giao tiếp quyết đoán với kỹ năng giao tiếp bằng lời để bạn giao tiếp tự tin, thành công và quả quyết hơn.
Bước 5 -Phản hồi trực tiếp: Cách tiếp nhận những lời phản hồi với thái độ tích cực và tận dụng chúng để phát triển bản thân.
Khi đọc cuốn sách này, bạn chắc chắn đang kiếm tìm điều gì đó cụ thể. Rất có thể bạn gặp rào cản tự ti cần phá bỏ, một khoảng cách giao tiếp mà bạn muốn lấp đầy, hoặc một khó khăn mà bạn đang lên kế hoạch giải quyết. Mục tiêu của S. Renee Smith là tạo ra trải nghiệm học hỏi vui vẻ và dễ dàng cho bạn, đồng thời đóng góp vào sự phát triển cá nhân và thành công nghề nghiệp của bạn. Nếu tuân thủ và ứng dụng các bước này khi giao tiếp, bạn sẽ phát triển được các kỹ năng cần thiết để giao tiếp hiệu quả và dứt khoát với mọi người. Bạn đã sẵn sàng trở thành một người giao tiếp quyết đoán chưa? Hãy cùng bắt đầu nào.",Sách tiếng Việt/Sách kỹ năng sống/Sách kỹ năng mềm,361
77231301,sách thuyết phục bất kỳ ai,S. RENEE SMITH,99000,295057,NONE,0,0,,https://tiki.vn/sach-thuyet-phuc-bat-ky-ai-p77231301.html?spid=274141381,https://salt.tikicdn.com/cache/280x280/ts/product/88/f4/e4/823593d5d49967db06470804dba970bd.jpg,"Bước 1 - Xác định điểm bắt đầu: Bao gồm những bài tập giúp bạn hiểu biết sâu sắc hơn về bản thân và kiểu giao tiếp của mình.
Bước 3 - Giao tiếp không lời quyết đoán: Cách rèn luyện kỹ năng xây dựng mối quan hệ hiệu quả giữa người với người, từ đó tăng cường lợi ích kinh doanh, thay đổi sự nghiệp, và tái thiết mối quan hệ cá nhân.
Bước 5 -Phản hồi trực tiếp: Cách tiếp nhận những lời phản hồi với thái độ tích cực và tận dụng chúng để phát triển bản thân.",Sách tiếng Việt/Sách kỹ năng sống/Sách kỹ năng mềm,406
230009482,sách tích cực có chừng mực,OLIVER BURKEMAN,116000,1,OFFICIAL_STORE,4.8,5,76,https://tiki.vn/sach-tich-cuc-co-chung-muc-p230009482.html?spid=230009483,https://salt.tikicdn.com/cache/280x280/ts/product/77/b3/d1/85481a3abd97cb1effb5275a925eaa57.jpg,"Một cách tiếp cận hoàn toàn mới mà với tự lực: thành công nhờ thất bại, bình thản khi chấp nhận lo âu.
Nền văn minh ngày nay đề cao hạnh phúc, mà để đạt được hạnh phúc, theo phần lớn sách tự lực nhan nhản khắp nơi, ta chỉ cần suy nghĩ tích cực, xoá bỏ bóng ma của nỗi buồn và thất bại khỏi tâm trí. Thế nhưng đời sống hiện đại dù mang đến nhiều tiện ích nhưng trong số đó lại có quá ít thứ làm chúng ta vui lên được. Vậy có phải chúng ta đang đuổi theo một thứ phù phiếm? Hay chỉ đơn giản là đi sai đường rồi?
Qua những trang sách này, ta được làm quen với một lối tư duy đáng kinh ngạc về tâm lý con người: trong đời sống cá nhân nói riêng và trong xã hội nói chung, chính nỗ lực không ngừng nhằm kiếm tìm hạnh phúc đã khiến chúng ta khốn khổ. Để đạt được hạnh phúc và thành công, ta phải học cách chấp nhận thất bại, suy nghĩ bi quan, làm quen với cảm giác bất an và bấp bênh - chính những thứ mà chúng ta dành cả đời để tìm cách lẩn tránh. Tích Cực Có Chừng Mực một cuốn sách khác thường, gợi lên nhiều suy ngẫm và tràn đầy lạc quan trong những lời ngợi ca sức mạnh của tư duy tiêu cực, Tích cực có chừng mực là bí kíp giúp người thông thái hiểu được khái niệm hạnh phúc vốn bị ngộ nhận bấy lâu nay.",Sách tiếng Việt/Sách kỹ năng sống/Sách tư duy - Kỹ năng sống,931
249391875,sách tích cực có chừng mực,,123975,161219,NONE,0,0,,https://tiki.vn/sach-tich-cuc-co-chung-muc-_nn-p249391875.html?spid=264052191,https://salt.tikicdn.com/cache/280x280/ts/product/77/b3/d1/85481a3abd97cb1effb5275a925eaa57.jpg,"Tích Cực Có Chừng Mực
Một cách tiếp cận hoàn toàn mới mà với tự lực: thành công nhờ thất bại, bình thản khi chấp nhận lo âu.
Nền văn minh ngày nay đề cao hạnh phúc, mà để đạt được hạnh phúc, theo phần lớn sách tự lực nhan nhản khắp nơi, ta chỉ cần suy nghĩ tích cực, xoá bỏ bóng ma của nỗi buồn và thất bại khỏi tâm trí. Thế nhưng đời sống hiện đại dù mang đến nhiều tiện ích nhưng trong số đó lại có quá ít thứ làm chúng ta vui lên được. Vậy có phải chúng ta đang đuổi theo một thứ phù phiếm? Hay chỉ đơn giản là đi sai đường rồi?
Qua những trang sách này, ta được làm quen với một lối tư duy đáng kinh ngạc về tâm lý con người: trong đời sống cá nhân nói riêng và trong xã hội nói chung, chính nỗ lực không ngừng nhằm kiếm tìm hạnh phúc đã khiến chúng ta khốn khổ. Để đạt được hạnh phúc và thành công, ta phải học cách chấp nhận thất bại, suy nghĩ bi quan, làm quen với cảm giác bất an và bấp bênh - chính những thứ mà chúng ta dành cả đời để tìm cách lẩn tránh. Tích Cực Có Chừng Mực một cuốn sách khác thường, gợi lên nhiều suy ngẫm và tràn đầy lạc quan trong những lời ngợi ca sức mạnh của tư duy tiêu cực, Tích cực có chừng mực là bí kíp giúp người thông thái hiểu được khái niệm hạnh phúc vốn bị ngộ nhận bấy lâu nay.",Sách tiếng Việt/Sách kỹ năng sống/Sách tư duy - Kỹ năng sống,1001
249393076,sách tích cực có chừng mực,,131000,295057,NONE,0,0,,https://tiki.vn/sach-tich-cuc-co-chung-muc-_nn-p249393076.html?spid=263074973,https://salt.tikicdn.com/cache/280x280/ts/product/77/b3/d1/85481a3abd97cb1effb5275a925eaa57.jpg,"Tích Cực Có Chừng Mực
Một cách tiếp cận hoàn toàn mới mà với tự lực: thành công nhờ thất bại, bình thản khi chấp nhận lo âu.
Nền văn minh ngày nay đề cao hạnh phúc, mà để đạt được hạnh phúc, theo phần lớn sách tự lực nhan nhản khắp nơi, ta chỉ cần suy nghĩ tích cực, xoá bỏ bóng ma của nỗi buồn và thất bại khỏi tâm trí. Thế nhưng đời sống hiện đại dù mang đến nhiều tiện ích nhưng trong số đó lại có quá ít thứ làm chúng ta vui lên được. Vậy có phải chúng ta đang đuổi theo một thứ phù phiếm? Hay chỉ đơn giản là đi sai đường rồi?
Qua những trang sách này, ta được làm quen với một lối tư duy đáng kinh ngạc về tâm lý con người: trong đời sống cá nhân nói riêng và trong xã hội nói chung, chính nỗ lực không ngừng nhằm kiếm tìm hạnh phúc đã khiến chúng ta khốn khổ. Để đạt được hạnh phúc và thành công, ta phải học cách chấp nhận thất bại, suy nghĩ bi quan, làm quen với cảm giác bất an và bấp bênh - chính những thứ mà chúng ta dành cả đời để tìm cách lẩn tránh. Tích Cực Có Chừng Mực một cuốn sách khác thường, gợi lên nhiều suy ngẫm và tràn đầy lạc quan trong những lời ngợi ca sức mạnh của tư duy tiêu cực, Tích cực có chừng mực là bí kíp giúp người thông thái hiểu được khái niệm hạnh phúc vốn bị ngộ nhận bấy lâu nay.",Sách tiếng Việt/Sách kỹ năng sống/Sách tư duy - Kỹ năng sống,1003
264052087,sách tích cực có chừng mực,,130500,357622,NONE,0,0,,https://tiki.vn/sach-nha-nam-tich-cuc-co-chung-muc-p264052087.html?spid=276489112,https://salt.tikicdn.com/cache/280x280/ts/product/77/b3/d1/85481a3abd97cb1effb5275a925eaa57.jpg,"Tích Cực Có Chừng Mực
Một cách tiếp cận hoàn toàn mới mà với tự lực: thành công nhờ thất bại, bình thản khi chấp nhận lo âu.
Nền văn minh ngày nay đề cao hạnh phúc, mà để đạt được hạnh phúc, theo phần lớn sách tự lực nhan nhản khắp nơi, ta chỉ cần suy nghĩ tích cực, xoá bỏ bóng ma của nỗi buồn và thất bại khỏi tâm trí. Thế nhưng đời sống hiện đại dù mang đến nhiều tiện ích nhưng trong số đó lại có quá ít thứ làm chúng ta vui lên được. Vậy có phải chúng ta đang đuổi theo một thứ phù phiếm? Hay chỉ đơn giản là đi sai đường rồi?
Qua những trang sách này, ta được làm quen với một lối tư duy đáng kinh ngạc về tâm lý con người: trong đời sống cá nhân nói riêng và trong xã hội nói chung, chính nỗ lực không ngừng nhằm kiếm tìm hạnh phúc đã khiến chúng ta khốn khổ. Để đạt được hạnh phúc và thành công, ta phải học cách chấp nhận thất bại, suy nghĩ bi quan, làm quen với cảm giác bất an và bấp bênh - chính những thứ mà chúng ta dành cả đời để tìm cách lẩn tránh. Tích Cực Có Chừng Mực một cuốn sách khác thường, gợi lên nhiều suy ngẫm và tràn đầy lạc quan trong những lời ngợi ca sức mạnh của tư duy tiêu cực, Tích cực có chừng mực là bí kíp giúp người thông thái hiểu được khái niệm hạnh phúc vốn bị ngộ nhận bấy lâu nay.",Sách tiếng Việt/Sách kỹ năng sống/Sách tư duy - Kỹ năng sống,1056
249391944,sách tích cực có chừng mực,,123975,127989,NONE,0,0,,https://tiki.vn/sach-tich-cuc-co-chung-muc-_nn-p249391944.html?spid=264052184,https://salt.tikicdn.com/cache/280x280/ts/product/77/b3/d1/85481a3abd97cb1effb5275a925eaa57.jpg,"Tích Cực Có Chừng Mực
Một cách tiếp cận hoàn toàn mới mà với tự lực: thành công nhờ thất bại, bình thản khi chấp nhận lo âu.
Nền văn minh ngày nay đề cao hạnh phúc, mà để đạt được hạnh phúc, theo phần lớn sách tự lực nhan nhản khắp nơi, ta chỉ cần suy nghĩ tích cực, xoá bỏ bóng ma của nỗi buồn và thất bại khỏi tâm trí. Thế nhưng đời sống hiện đại dù mang đến nhiều tiện ích nhưng trong số đó lại có quá ít thứ làm chúng ta vui lên được. Vậy có phải chúng ta đang đuổi theo một thứ phù phiếm? Hay chỉ đơn giản là đi sai đường rồi?
Qua những trang sách này, ta được làm quen với một lối tư duy đáng kinh ngạc về tâm lý con người: trong đời sống cá nhân nói riêng và trong xã hội nói chung, chính nỗ lực không ngừng nhằm kiếm tìm hạnh phúc đã khiến chúng ta khốn khổ. Để đạt được hạnh phúc và thành công, ta phải học cách chấp nhận thất bại, suy nghĩ bi quan, làm quen với cảm giác bất an và bấp bênh - chính những thứ mà chúng ta dành cả đời để tìm cách lẩn tránh. Tích Cực Có Chừng Mực một cuốn sách khác thường, gợi lên nhiều suy ngẫm và tràn đầy lạc quan trong những lời ngợi ca sức mạnh của tư duy tiêu cực, Tích cực có chừng mực là bí kíp giúp người thông thái hiểu được khái niệm hạnh phúc vốn bị ngộ nhận bấy lâu nay.",Sách tiếng Việt/Sách kỹ năng sống/Sách tư duy - Kỹ năng sống,1002
275396707,sách tịch tịnh,,82000,326683,NONE,0,0,,https://tiki.vn/sach-tich-tinh-first-news-p275396707.html?spid=275493739,https://salt.tikicdn.com/cache/280x280/ts/product/39/1f/05/4839daa3e0b2fe04299c359d76eaae62.jpg,"“TỊCH TỊNH” – THÍCH ĐỒNG TÂM
“Tịch tịnh” là cuốn sách mới nhất của Đại đức Thích Đồng Tâm, tập hợp những “thiền ngẫm” mỗi ngày. Các bài viết đều ngắn, đôi khi rất ngắn, nhưng chứa đựng trong đó là tạng pháp vô biên.
Trong Phật ngữ, “tịch tịnh” nghĩa là sự an lành, tĩnh tại, vắng lặng, giải thoát khỏi sự trói buộc của vô minh và phiền não. Đây cũng chính là cảnh giới Niết Bàn (Sanskrit: निर्वाण, nirvāṇa; Pali: nibbāna), cảnh giới giải thoát cao nhất của Phật giáo: xa lìa khổ đau, yên lặng thường trụ, không sinh không diệt. Lấy “tịch tịnh” làm chủ đề, tác giả viết về cái thấy, cái biết, về thực tại pháp có mặt trong sự tương giao mầu nhiệm, đẹp đẽ giữa ta và cuộc đời này.
“Tịch tịnh” cũng là cuốn sách mới nhất của tác giả, là một sự thay đổi về phong cách tự sự, ở đó, chữ “duyên” được gửi gắm cả trong cách mỗi người tiếp nhận tác phẩm với sự thấy biết khác nhau.
Ba cuốn sách “Đủ duyên ta lại tương phùng”, “Sát-na này là thiên thu”, “Tịch tịnh” là tập hợp những bài viết ngắn của Đại đức Thích Đồng Tâm trong suốt quá trình tu học, gieo pháp duyên. Mỗi cuốn sách được viết trong một giai đoạn khác nhau, mang phong cách khác nhau, nhưng tựu trung vẫn là dùng giáo lý nhà Phật soi chiếu từng khía cạnh của cuộc sống thường ngày, xoá bỏ sân hận, tuyệt vọng, cô đơn và bế tắc của trần thế, hướng đến đời sống của hiểu và thương, nơi vạn vật, muôn người, muôn loài sống an hoà, sáng suốt.
Trân trọng giới thiệu cùng bạn đọc.",Sách tiếng Việt/Sách kỹ năng sống/Sách tư duy - Kỹ năng sống,1246
275396709,sách tịch tịnh,,82000,326683,NONE,0,0,,https://tiki.vn/sach-tich-tinh-first-news-p275396709.html?spid=275493768,https://salt.tikicdn.com/cache/280x280/ts/product/39/1f/05/f436e4bfed5fa51328bb1656c610157a.jpg,"“TỊCH TỊNH” – THÍCH ĐỒNG TÂM
“Tịch tịnh” là cuốn sách mới nhất của Đại đức Thích Đồng Tâm, tập hợp những “thiền ngẫm” mỗi ngày. Các bài viết đều ngắn, đôi khi rất ngắn, nhưng chứa đựng trong đó là tạng pháp vô biên.
Trong Phật ngữ, “tịch tịnh” nghĩa là sự an lành, tĩnh tại, vắng lặng, giải thoát khỏi sự trói buộc của vô minh và phiền não. Đây cũng chính là cảnh giới Niết Bàn (Sanskrit: निर्वाण, nirvāṇa; Pali: nibbāna), cảnh giới giải thoát cao nhất của Phật giáo: xa lìa khổ đau, yên lặng thường trụ, không sinh không diệt. Lấy “tịch tịnh” làm chủ đề, tác giả viết về cái thấy, cái biết, về thực tại pháp có mặt trong sự tương giao mầu nhiệm, đẹp đẽ giữa ta và cuộc đời này.
“Tịch tịnh” cũng là cuốn sách mới nhất của tác giả, là một sự thay đổi về phong cách tự sự, ở đó, chữ “duyên” được gửi gắm cả trong cách mỗi người tiếp nhận tác phẩm với sự thấy biết khác nhau.
Ba cuốn sách “Đủ duyên ta lại tương phùng”, “Sát-na này là thiên thu”, “Tịch tịnh” là tập hợp những bài viết ngắn của Đại đức Thích Đồng Tâm trong suốt quá trình tu học, gieo pháp duyên. Mỗi cuốn sách được viết trong một giai đoạn khác nhau, mang phong cách khác nhau, nhưng tựu trung vẫn là dùng giáo lý nhà Phật soi chiếu từng khía cạnh của cuộc sống thường ngày, xoá bỏ sân hận, tuyệt vọng, cô đơn và bế tắc của trần thế, hướng đến đời sống của hiểu và thương, nơi vạn vật, muôn người, muôn loài sống an hoà, sáng suốt.
Trân trọng giới thiệu cùng bạn đọc.",Sách tiếng Việt/Sách kỹ năng sống/Sách tư duy - Kỹ năng sống,1247
274729272,sách tịch tịnh,,82000,164395,NONE,0,0,,https://tiki.vn/sach-tich-tinh-p274729272.html?spid=274729273,https://salt.tikicdn.com/cache/280x280/ts/product/7a/5d/07/3c4a1b0cf8900d82dbf3329bf253415c.jpg,"“Tịch tịnh” là cuốn sách mới nhất của Đại đức Thích Đồng Tâm, tập hợp những “thiền ngẫm” mỗi ngày. Các bài viết đều ngắn, đôi khi rất ngắn, nhưng chứa đựng trong đó là tạng pháp vô biên.
Trong Phật ngữ, “tịch tịnh” nghĩa là sự an lành, tĩnh tại, vắng lặng, giải thoát khỏi sự trói buộc của vô minh và phiền não. Đây cũng chính là cảnh giới Niết Bàn (Sanskrit: निर्वाण, nirvāṇa; Pali: nibbāna), cảnh giới giải thoát cao nhất của Phật giáo: xa lìa khổ đau, yên lặng thường trụ, không sinh không diệt. Lấy “tịch tịnh” làm chủ đề, tác giả viết về cái thấy, cái biết, về thực tại pháp có mặt trong sự tương giao mầu nhiệm, đẹp đẽ giữa ta và cuộc đời này.
“Tịch tịnh” cũng là cuốn sách mới nhất của tác giả, là một sự thay đổi về phong cách tự sự, ở đó, chữ “duyên” được gửi gắm cả trong cách mỗi người tiếp nhận tác phẩm với sự thấy biết khác nhau.
Ba cuốn sách “Đủ duyên ta lại tương phùng”, “Sát-na này là thiên thu”, “Tịch tịnh” là tập hợp những bài viết ngắn của Đại đức Thích Đồng Tâm trong suốt quá trình tu học, gieo pháp duyên. Mỗi cuốn sách được viết trong một giai đoạn khác nhau, mang phong cách khác nhau, nhưng tựu trung vẫn là dùng giáo lý nhà Phật soi chiếu từng khía cạnh của cuộc sống thường ngày, xoá bỏ sân hận, tuyệt vọng, cô đơn và bế tắc của trần thế, hướng đến đời sống của hiểu và thương, nơi vạn vật, muôn người, muôn loài sống an hoà, sáng suốt.
Trân trọng giới thiệu cùng bạn đọc.
Đại đức Thích Đồng Tâm tốt nghiệp thạc sĩ ngành Địa lý Kinh tế Xã hội, trường Đại học Khoa học Xã hội và Nhân văn Thành phố Hồ Chí Minh, và công tác giảng dạy tại khoa Địa lý ba năm trước khi xuất gia tu học.
Đại đức Thích Đồng Tâm đã tốt nghiệp cử nhân Phật học chuyên ngành Anh văn Phật pháp, Học viện Phật giáo Việt Nam, tốt nghiệp thạc sĩ Phật học tại trường MCU Thái Lan, thạc sĩ Phật học tại Đại học Phật giáo quốc tế Sri Lanka – SIBA Campus. Hiện tại, Đại đức Thích Đồng Tâm đang là giảng viên cơ hữu khoa Pali và Phật học, thuộc Học viện Phật giáo Quốc tế Sri Lanka, nghiên cứu sinh tiến sĩ Phật học tại Sri Lanka, Phó ban Phật giáo Quốc tế, Ban Trị sự Phật giáo Thành phố Cần Thơ, Giáo thọ sư trường Cao Đẳng Phật học Thành phố Cần Thơ",Sách tiếng Việt/Sách kỹ năng sống/Sách kỹ năng mềm,1139
109862101,"sách tinh thần ơi, đừng ốm nhé!",,92650,331008,NONE,0,0,,https://tiki.vn/sach-tinh-than-oi-dung-om-nhe-p109862101.html?spid=252135274,https://salt.tikicdn.com/cache/280x280/ts/product/67/9d/4e/aca432909e0963799f987976e94a34ce.jpg,"Sách - Tinh thần ơi, đừng ốm nhé!",Sách tiếng Việt/Sách kỹ năng sống/Sách tư duy - Kỹ năng sống,601
103284673,"sách tinh thần ơi, đừng ốm nhé!","LOUIE STOWELL, ALICE JAMES",83930,1,OFFICIAL_STORE,5,23,127,https://tiki.vn/sach-tinh-than-oi-dung-om-nhe-p103284673.html?spid=103284674,https://salt.tikicdn.com/cache/280x280/ts/product/b6/c5/d3/b22ba5053668ef32c4455ccacde3810e.jpg,"Một cuốn sách hay dành cho các bạn thanh thiếu niên.
Sức khoẻ vẫn là một đề tài trò chuyện hằng ngày của chúng ta, nhưng dường như phần nhiều sự chú ý cho chủ đề này chỉ tập trung vào khía cạnh thể chất mà bỏ quên khía cạnh tinh thần. Sức khoẻ tinh thần cũng là một phần sức khoẻ của bạn, và những cảm xúc khó chịu của bạn cũng đáng được để tâm ngang với những lần sổ mũi hắt hơi. Cuốn sách này sẽ giúp bạn hiểu thêm về cảm xúc của bạn và những điều có thể gây ảnh hưởng lên trạng thái tinh thần, từ bạn bè, gia đình, tình yêu cho đến mạng xã hội, chất kích thích và đồ ăn thức uống. Bạn sẽ học được cách nhận diện và đương đầu với các vấn đề sức khoẻ tinh thần một cách thiết thực, để giúp đỡ không chỉ bạn mà cả những người xung quanh, bởi vì tinh thần của ai cũng có thể bị ốm.
“Việc chúng ta đều có sức khoẻ tinh thần và cần phải chăm sóc đến nó là cực kỳ quan trọng, đối với tất cả mọi người. Tôi có thể không phải một tác giả nổi tiếng, nhưng mỗi nhà xuất bản, công ty và con người nói về sức khoẻ tinh thần đều đang đóng góp ít nhiều. Vấn đề là bắt đầu cuộc trò chuyện, và nếu cuốn sách này giúp được dù chỉ vài người đọc nói chuyện với ai đó về cảm xúc của họ, thế đã là thành công rồi.” – Alice James, đồng tác giả.
Louie Stowell bắt đầu sự nghiệp của mình với việc viết những cuốn sách được nghiên cứu cẩn thận về vũ trụ, Ai Cập cổ đại, chính trị (bao gồm Lịch sử chính trị cho thanh thiếu niên) và khoa học. Hiện cô đang làm việc ở công ty xuất bản Ladybird Books và sống tại London cùng vợ cô, Karen, và chú chó Buffy, bên cạnh đó là cả một con rối rất có thể bị nguyền rủa nữa.",Sách tiếng Việt/Sách kỹ năng sống/Sách tư duy - Kỹ năng sống,448
276965043,sách tôi biết cười ở tuổi 36,MẠC THẢO,77600,1,OFFICIAL_STORE,5,1,15,https://tiki.vn/sach-toi-biet-cuoi-o-tuoi-36-p276965043.html?spid=276965044,https://salt.tikicdn.com/cache/280x280/ts/product/3d/90/84/04e93eb04f9d90c03ec935a387858b69.jpg,"Đã bao lâu rồi bạn đã không cười? Cười một nụ cười từ sâu tận trong đáy lòng?
Cuộc sống không phải lúc nào cũng màu hồng. Áp lực và căng thẳng trong cuộc sống khiến chúng ta quên đi nụ cười, cười từ trong tâm hồn. Một nụ cười thực sự không chỉ giúp giải toả căng thẳng mà còn mang lại niềm vui và sự kết nối thật sự với những người xung quanh.
Cuốn sách “Tôi biết cười ở tuổi 36” của tác giả Mạc Thảo là những bài viết ngắn với thông điệp tích cực: Hãy học cách đi qua những giới hạn của bản thân và chiến thắng chính mình. Luôn trân trọng và biết ơn những gì mình đang có và luôn tìm kiếm niềm vui từ gia đình, bạn bè, hay đơn giản chỉ là cười cho chính mình.
Mong rằng, cuốn sách này sẽ giúp bạn quay lại với chính bản thân, nhìn nhận cuộc sống một cách tích cực hơn và điều quan trọng hãy để nụ cười luôn đồng hành cùng bạn, vỗ về và nâng đỡ bạn mọi lúc mọi nơi để có thể sống như ngày mai chưa tới.
Công ty CP Sách Thái Hà trân trọng giới thiệu!
Trích dẫn hay:
“Mỗi khuyết điểm, mỗi sai lầm đều là một phần của con người thực sự, tạo nên tính cách và bản sắc riêng của người đó. Khi ta hiểu rằng sự không hoàn hảo là một phần tự nhiên của cuộc sống, ta sẽ học được cách chấp nhận và yêu thương những khuyết điểm của người khác. Tình yêu thật sự không phải là yêu một người hoàn hảo, mà là yêu một người không hoàn hảo theo cách hoàn hảo nhất.
Đó là học cách chấp nhận, tha thứ và cùng nhau vượt qua những khó khăn, thử thách. Những khuyết điểm của người bạn đời có thể là cơ hội để cả hai học hỏi và trưởng thành. Khi ta chấp nhận và đối diện với những khuyết điểm ấy, ta sẽ hiểu rõ hơn về người bạn đời và về chính mình. Sự chấp nhận không chỉ giúp ta giảm bớt đau khổ và tổn thương, mà còn giúp xây dựng mối quan hệ vững chắc và bền lâu hơn. Hãy nhớ rằng, chính những khuyết điểm và sai lầm mới làm nên vẻ đẹp chân thực và sâu sắc của mỗi con người. Hãy học cách nhìn nhận và trân trọng những khuyết điểm ấy, vì chúng là một phần không thể thiếu của người mà ta yêu thương. Hãy để tình yêu không chỉ là sự ngưỡng mộ những điểm tốt đẹp, mà còn là sự chấp nhận và yêu thương những điều chưa hoàn hảo. Như mặt trăng có lúc tròn lúc khuyết, con người ta cũng có lúc hoàn hảo, lúc khuyết thiếu. Nhưng chính những khuyết điểm và sai lầm sẽ giúp ta hiểu rõ hơn về giá trị thực sự của tình yêu, giúp ta biết trân trọng và giữ gìn những gì mình đang có. Hãy yêu thương với lòng bao dung, hãy chấp nhận với sự kiên nhẫn, và hãy sống trọn vẹn với tình yêu chân thành.”
“Cuộc sống là một hành trình đầy màu sắc, và mỗi trải nghiệm đều góp phần tô điểm cho bức tranh cuộc đời của ta. Hãy sống hết mình, học hỏi từ mọi điều xung quanh và khám phá con người chân thật của mình. Bởi vì, đạo nằm ngay trong cuộc sống này, trong chính những trải nghiệm của ta với cuộc đời. Để tìm thấy đạo, hãy sống chân thật và trọn vẹn với cuộc sống hiện tại. Hãy để mỗi ngày trôi qua là một bài học, mỗi khoảnh khắc là một cơ hội để ta hiểu rõ hơn về chính mình và về thế giới xung quanh. Và như thế, ta sẽ tìm thấy sự bình yên và hạnh phúc thật sự trong cuộc sống này.”",Sách tiếng Việt/Sách kỹ năng sống/Sách kỹ năng mềm,1352
276951347,sách tôi biết cười ở tuổi 36,MẠC THẢO,114000,670,OFFICIAL_STORE,0,0,,https://tiki.vn/sach-toi-biet-cuoi-o-tuoi-36-p276951347.html?spid=277031146,https://salt.tikicdn.com/cache/280x280/ts/product/a1/56/e4/f9da2d576663ffcec5bd9a1d4c587d72.PNG,"Tôi biết cười ở tuổi 36
Cuộc sống không phải lúc nào cũng màu hồng. Áp lực và căng thẳng trong cuộc sống khiến chúng ta quên đi nụ cười, cười từ trong tâm hồn. Một nụ cười thực sự không chỉ giúp giải toả căng thẳng mà còn mang lại niềm vui và sự kết nối thật sự với những người xung quanh.
Cuốn sách “Tôi biết cười ở tuổi 36” của tác giả Mạc Thảo là những bài viết ngắn với thông điệp tích cực: Hãy học cách đi qua những giới hạn của bản thân và chiến thắng chính mình. Luôn trân trọng và biết ơn những gì mình đang có và luôn tìm kiếm niềm vui từ gia đình, bạn bè, hay đơn giản chỉ là cười cho chính mình.",Sách tiếng Việt/Sách kỹ năng sống/Sách kỹ năng mềm,1350
6512121,sách tôi đi học,"JEFF GOTHELF, JOSH SEIDEN",85000,1,OFFICIAL_STORE,4.6,9,89,https://tiki.vn/sach-cam-nhan-va-ung-pho-p6512121.html?spid=6512123,https://salt.tikicdn.com/cache/280x280/ts/product/8e/55/39/8c26c77903a3657d0cb638b939a5bf2e.jpg,"Việc cảm nhận được những thay đổi của thị trường và phản ứng nhanh để có thể đối mặt và vượt qua các khó khăn đóng vai trò sống còn đối với doanh nghiệp. Sách gồm 2 phần: Phần đầu lý giải về mô thức cảm nhận và ứng phó: tại sao nó quan trọng, nó hoạt động ra sao, khi nào thì sử dụng nó (và khi nào thì không), các chướng ngại vật nào bạn có khả năng đối mặt, và cách vượt qua. Phần sau là những hướng dẫn cho các nhà quản trị cách cảm nhận và ứng phó. Nó giải thích các điều chỉnh tổ chức và quy trình hoạch định chính sách để hoạt động theo mô thức này để liên tục đưa ra những giá trị và sản phẩm mới.",Sách tiếng Việt/Sách kỹ năng sống/Sách tư duy - Kỹ năng sống,166
137592720,sách tôi đi học,ROBIN SHARMA,90000,229023,NONE,5,1,7,https://tiki.vn/sach-ai-se-khoc-khi-ban-lia-xa-p137592720.html?spid=137592721,https://salt.tikicdn.com/cache/280x280/ts/product/6e/88/51/fdc0a6a00c95b14cec69e1da908f69c9.jpg,"Ai Sẽ Khóc Khi Bạn Lìa Xa
Ai Sẽ Khóc Khi Bạn Lìa Xa
Cuộc sống trôi qua thật quá nhanh. Và không có gì có làm trái tim bạn đau hơn là khi đã đi đến cuối cuộc đời và nhận ra bạn đã quên mất điều gì là quan trọng nhất - bởi bản thân bạn luôn quá bận rộn.
Ai Sẽ Khóc Khi Bạn Lìa Xa đã giúp hàng triệu người trên toàn cầu học lại cách tập trung vào những điều đáng giá và sống một cuộc sống giản đơn hơn với niềm vui, đam mê và mục đích. Cùng chứa đầy những cảm hứng và triết lý đã làm nên thành công trước đó của quyển The monk Who sold his Ferrari, cuốn cẩm nang này chia sẻ 101 ý tưởng mạnh mẽ để giúp bạn tạo nên thành công đích thực và ý nghĩa cuộc sống.",Sách tiếng Việt/Sách kỹ năng sống/Sách tư duy - Kỹ năng sống,655
210276086,sách tôi đúng anh sai,,107000,97533,NONE,0,0,,https://tiki.vn/sach-toi-dung-anh-sai-alphabooks-ban-quyen-p210276086.html?spid=214754962,https://salt.tikicdn.com/cache/280x280/ts/product/7b/d5/cb/da11c8365f49f7f7d46d543836d4ef18.jpg,"Cuốn sách chia làm bốn phần,mỗi phần lại chia nhỏ thành các mục con, thể hiện các quan điểm của tác giả về những hình thái sẵn có trong tư duy, ưu, nhược điểm và so sánh với hình thái tư duy mới của ông là tư duy đa chiều, cùng với những đặc tính của nó giúp thúc đẩy tiến bộ xã hội, tạo ra kỷ nguyên mới trong văn minh nhân loại.
Giá trị của cuốn sách: “Tôi đúng – Anh sai” đúc kết tinh tuý từ những thói quen tư duy truyền thống mà kỷ Phục hưng trước kia đã xác lập. “Tôi đúng – Anh sai” là một bản tốc ký đúc kết những thói quen tư duy góp phần hình thành nên kỷ Phục hưng và về sau được phát triển thêm chính nhờ thời đại này. Công cuộc tìm kiếm chân lý – phân biệt với giáo lý – được thực hiện thông qua việc phơi bày những điều sai với công cụ là tranh luận, lập luận và logic. Lập luận này, chứ không phải giáo lý, là quyết định cái gì đúng, cái gì sai.
Cuốn sách được viết bởi tác giả Edward de Bono, ông vừa là bác sĩ vừa là nhà tâm lý học. Ông được xem là tác giả hàng đầu thế giới về tư duykhái niệm và phát triển loại tư duy này như một kỹ năng. Ông nhận học bổng Rhodes Scholarcho các nghiên cứu quốc tế tại Đại học Oxford và tham gia giảng dạy ở các trường ĐH Oxford, Cambridge, và Harvard. Ông đã viết khoảng20 cuốn sách và sách của ông được dịch ra 20 thứ tiếng khác nhau.",Sách tiếng Việt/Sách kỹ năng sống/Sách tư duy - Kỹ năng sống,889
734872,sách tôi đúng anh sai,EDWARD DE BONO,77900,1,OFFICIAL_STORE,4.2,17,489,https://tiki.vn/sach-toi-dung-anh-sai-p734872.html?spid=734954,https://salt.tikicdn.com/cache/280x280/media/catalog/product/t/o/toi-dung-anh-sai-doi-bia.u5429.d20170807.t134905.393938.gif,"Tôi Đúng Anh Sai
Cuốn sách chia làm bốn phần,mỗi phần lại chia nhỏ thành các mục con, thể hiện các quan điểm của tác giả về những hình thái sẵn có trong tư duy, ưu, nhược điểm và so sánh với hình thái tư duy mới của ông là tư duy đa chiều, cùng với những đặc tính của nó giúp thúc đẩy tiến bộ xã hội, tạo ra kỷ nguyên mới trong văn minh nhân loại.
Giá trị của cuốn sách: “Tôi đúng – Anh sai” đúc kết tinh tuý từ những thói quen tư duy truyền thống mà kỷ Phục hưng trước kia đã xác lập. “Tôi đúng – Anh sai” là một bản tốc ký đúc kết những thói quen tư duy góp phần hình thành nên kỷ Phục hưng và về sau được phát triển thêm chính nhờ thời đại này. Công cuộc tìm kiếm chân lý – phân biệt với giáo lý – được thực hiện thông qua việc phơi bày những điều sai với công cụ là tranh luận, lập luận và logic. Lập luận này, chứ không phải giáo lý, là quyết định cái gì đúng, cái gì sai.
Cuốn sách được viết bởi tác giả Edward de Bono, ông vừa là bác sĩ vừa là nhà tâm lý học. Ông được xem là tác giả hàng đầu thế giới về tư duykhái niệm và phát triển loại tư duy này như một kỹ năng. Ông nhận học bổng Rhodes Scholarcho các nghiên cứu quốc tế tại Đại học Oxford và tham gia giảng dạy ở các trường ĐH Oxford, Cambridge, và Harvard. Ông đã viết khoảng20 cuốn sách và sách của ông được dịch ra 20 thứ tiếng khác nhau.",Sách tiếng Việt/Sách kỹ năng sống/Sách tư duy - Kỹ năng sống,95
104268063,sách tôi đúng anh sai,EDWARD DE BONO,107000,126688,NONE,0,0,,https://tiki.vn/sach-toi-dung-anh-sai-p104268063.html?spid=212561006,https://salt.tikicdn.com/cache/280x280/ts/product/0e/08/88/e21441a96cf5611f07cea8c26cb75d8b.jpg,,Sách tiếng Việt/Sách kỹ năng sống/Sách tư duy - Kỹ năng sống,451
210276109,sách tối giản tâm trí,,98000,126688,NONE,0,0,,https://tiki.vn/sach-toi-gian-tam-tri-alphabooks-ban-quyen-p210276109.html?spid=274715340,https://salt.tikicdn.com/cache/280x280/ts/product/11/56/68/0ad7d238262d3e66e3cd110fe11fc356.jpg,"Sách - Tối giản tâm trí
Tất cả chúng ta đều có lúc suy nghĩ tiêu cực. Màn độc thoại nội tâm này là một phần tự nhiên của tâm trí con người. Nó luôn diễn ra bất kể đêm ngày, nhắc nhở bạn về mấy món đồ lặt vặt phải mua, chê trách bạn vì đã bỏ lỡ sinh nhật của em gái, hoặc khiến bạn cảm thấy lo lắng khi nghe được những tin tức giật gân (ví dụ: chính trị, môi trường hay kinh tế). Dù mang tính tiêu cực, trung tính hay tích cực, những ý nghĩ đó cũng khiến tâm trí chúng ta bề bộn, giống như căn nhà sẽ trở nên bề bộn khi có quá nhiều món đồ. Màn độc thoại liên tục bên trong bạn khiến bạn bị phân tâm khỏi những gì xảy ra xung quanh ngay lúc này. Nó khiến bạn bỏ lỡ những trải nghiệm đầy giá trị và huỷ hoại niềm vui trong hiện tại.
Với mục đích truyền tải đến bạn các thói quen, hành động và lối suy nghĩ mà bạn có thể sử dụng để dọn dẹp mớ hỗn độn trong tâm trí – thứ đang ngăn bạn tập trung và tĩnh tâm hơn. cuốn sách Tối giản tâm trí sẽ cung cấp cho bạn nguyên lý mà những hành động thực tế dựa trên cơ sở khoa học có thể tạo nên những thay đổi lâu dài và thực chất nếu được thực hiện thường xuyên.",Sách tiếng Việt/Sách kỹ năng sống/Sách tư duy - Kỹ năng sống,891
106362684,sách tối giản tâm trí,.,98000,126688,NONE,0,0,,https://tiki.vn/sach-toi-gian-tam-tri-p106362684.html?spid=117762111,https://salt.tikicdn.com/cache/280x280/ts/product/ac/74/1e/c2acdf031b48d80ddb6a5da18ed77e12.jpg,"Với mục đích truyền tải đến bạn các thói quen, hành động và lối suy nghĩ mà bạn có thể sử dụng để dọn dẹp mớ hỗn độn trong tâm trí – thứ đang ngăn bạn tập trung và tĩnh tâm hơn. cuốn sách Tối giản tâm trí sẽ cung cấp cho bạn nguyên lý mà những hành động thực tế dựa trên cơ sở khoa học có thể tạo nên những thay đổi lâu dài và thực chất nếu được thực hiện thường xuyên.
Sách - Tối giản tâm trí",Sách tiếng Việt/Sách kỹ năng sống/Sách tư duy - Kỹ năng sống,562
106362227,sách tối giản tâm trí,.,98000,97533,NONE,0,2,,https://tiki.vn/sach-toi-gian-tam-tri-p106362227.html?spid=116179167,https://salt.tikicdn.com/cache/280x280/ts/product/11/56/68/18328e17cf5b2764bc64b5f27e5132f9.jpg,"Sách - Tối giản tâm trí
Với mục đích truyền tải đến bạn các thói quen, hành động và lối suy nghĩ mà bạn có thể sử dụng để dọn dẹp mớ hỗn độn trong tâm trí – thứ đang ngăn bạn tập trung và tĩnh tâm hơn. cuốn sách Tối giản tâm trí sẽ cung cấp cho bạn nguyên lý mà những hành động thực tế dựa trên cơ sở khoa học có thể tạo nên những thay đổi lâu dài và thực chất nếu được thực hiện thường xuyên.",Sách tiếng Việt/Sách kỹ năng sống/Sách tư duy - Kỹ năng sống,473
248497854,sách tối giản tâm trí,,98000,126688,NONE,0,0,,https://tiki.vn/toi-gian-tam-tri-sach-ban-quyen-p248497854.html?spid=274715335,https://salt.tikicdn.com/cache/280x280/ts/product/7d/e5/23/6397dc6d18c8529b4bdf9f9a08460150.jpg,"Tối Giản Tâm Trí
Tất cả chúng ta đều có lúc suy nghĩ tiêu cực. Màn độc thoại nội tâm này là một phần tự nhiên của tâm trí con người. Nó luôn diễn ra bất kể đêm ngày, nhắc nhở bạn về mấy món đồ lặt vặt phải mua, chê trách bạn vì đã bỏ lỡ sinh nhật của em gái, hoặc khiến bạn cảm thấy lo lắng khi nghe được những tin tức giật gân (ví dụ: chính trị, môi trường hay kinh tế). Dù mang tính tiêu cực, trung tính hay tích cực, những ý nghĩ đó cũng khiến tâm trí chúng ta bề bộn, giống như căn nhà sẽ trở nên bề bộn khi có quá nhiều món đồ. Màn độc thoại liên tục bên trong bạn khiến bạn bị phân tâm khỏi những gì xảy ra xung quanh ngay lúc này. Nó khiến bạn bỏ lỡ những trải nghiệm đầy giá trị và huỷ hoại niềm vui trong hiện tại.
Với mục đích truyền tải đến bạn các thói quen, hành động và lối suy nghĩ mà bạn có thể sử dụng để dọn dẹp mớ hỗn độn trong tâm trí – thứ đang ngăn bạn tập trung và tĩnh tâm hơn. cuốn sách Tối giản tâm trí sẽ cung cấp cho bạn nguyên lý mà những hành động thực tế dựa trên cơ sở khoa học có thể tạo nên những thay đổi lâu dài và thực chất nếu được thực hiện thường xuyên.
Đảm bảo 100% sách gốc bản quyền từ NXB
Xử lí đơn đặt hàng nhanh
Chính sách hỗ trợ đổi sách cho khách hàng thuận tiện khi gặp sự cố
— Hãy chiêm nghiệm cuốn sách và cảm nhận hương vị của một tách trà vào mỗi cuối tuần khi bạn dành nhiều thời gian hơn cho bản thân mình! —",Sách tiếng Việt/Sách kỹ năng sống/Sách tư duy - Kỹ năng sống,979
179063564,sách tôi tự học,THU GIANG NGUYỄN DUY CẦN,88000,1,OFFICIAL_STORE,4.8,288,3604,https://tiki.vn/sach-toi-tu-hoc-p179063564.html?spid=179063565,https://salt.tikicdn.com/cache/280x280/ts/product/83/56/a4/4e30567a5485849e3a041aa38defd868.jpg,"Sách “Tôi tự học” của tác giả Nguyễn Duy Cần đề cập đến khái niệm, mục đích của học vấn đối với con người đồng thời nêu lên một số phương pháp học tập đúng đắn và hiệu quả. Tác giả cho rằng giá trị của học vấn nằm ở sự lĩnh hội và mở mang tri thức của con người chứ không đơn thuần thể hiện trên bằng cấp. Trong xã hội ngày nay, không ít người quên đi ý nghĩa đích thực của học vấn, biến việc học của mình thành công cụ để kiếm tiền nhưng thực ra nó chỉ là phương tiện để đưa con người đến thành công mà thôi. Bởi vì học không phải để lấy bằng mà học còn để “biết mình” và để “đối nhân xử thế”.
Cuốn sách này tuy đã được xuất bản từ rất lâu nhưng giá trị của sách vẫn còn nguyên vẹn. Những tư tưởng, chủ đề của sách vẫn phù hợp và có thể áp dụng trong đời sống hiện nay. Thiết nghĩ, cuốn sách này rất cần cho mọi đối tượng bạn đọc vì không có giới hạn nào cho việc truy tầm kiến thức, việc học là sự nghiệp lâu dài của mỗi con người. Đặc biệt, cuốn sách là một tài liệu quý để các bạn học sinh – sinh viên tham khảo, tổ chức lại việc học của mình một cách hợp lý và khoa học. Các bậc phụ huynh cũng cần tham khảo sách này để định hướng và tư vấn cho con em mình trong quá trình học tập.",Sách tiếng Việt/Sách kỹ năng sống/Sách tư duy - Kỹ năng sống,767
162530673,sách tôi tự học,THU GIANG NGUYỄN DUY CẦN,114000,7734,TRUSTED_STORE,5,8,49,https://tiki.vn/sach-toi-tu-hoc-tai-ban-free-bookcare-p162530673.html?spid=162530674,https://salt.tikicdn.com/cache/280x280/ts/product/25/b4/6e/9d4ec9d8e4338dd20fcc6e43e8b9debb.jpg,"Sách “Tôi tự học” của tác giả Nguyễn Duy Cần đề cập đến khái niệm, mục đích của học vấn đối với con người đồng thời nêu lên một số phương pháp học tập đúng đắn và hiệu quả.
Trong xã hội ngày nay, không ít người quên đi ý nghĩa đích thực của học vấn, biến việc học của mình thành công cụ để kiếm tiền nhưng thực ra nó chỉ là phương tiện để đưa con người đến thành công mà thôi. Bởi vì học không phải để lấy bằng mà học còn để “biết mình” và để “đối nhân xử thế”.
Cuốn sách này tuy đã được xuất bản từ rất lâu nhưng giá trị của sách vẫn còn nguyên vẹn. Những tư tưởng, chủ đề của sách vẫn phù hợp và có thể áp dụng trong đời sống hiện nay.
Thiết nghĩ, cuốn sách này rất cần cho mọi đối tượng bạn đọc vì không có giới hạn nào cho việc truy tầm kiến thức, việc học là sự nghiệp lâu dài của mỗi con người. Đặc biệt, cuốn sách là một tài liệu quý để các bạn học sinh – sinh viên tham khảo, tổ chức lại việc học của mình một cách hợp lý và khoa học.
Các bậc phụ huynh cũng cần tham khảo sách này để định hướng và tư vấn cho con em mình trong quá trình học tập.
Bao bì thay đổi theo từng đợt nhập hàng
Sổ tay ngẫu nhiên ( 1 trong 4 hình )",Sách tiếng Việt/Sách kỹ năng sống/Sách tư duy - Kỹ năng sống,731
10281398,sách trí nhớ không giới hạn,KEVIN HORSLEY,59700,1,OFFICIAL_STORE,4.7,98,1200,https://tiki.vn/sach-tri-nho-khong-gioi-han-p10281398.html?spid=10281399,https://salt.tikicdn.com/cache/280x280/ts/product/b9/d9/b1/969874db037d2126bf4ee4bfd005a60d.jpg,"Phần lớn mọi người chỉ khai thác 10% bộ nhớ, nhưng…
Bạn sắp tìm ra:
Cách tăng dung lượng bộ nhớ từ 7 bit đến 50 bit
6 hệ thống trí nhớ cải thiện khả năng lưu giữ và nhắc nhở
Cách dễ dàng ghi nhớ để học và làm bài thi
Cách cải thiện khả năng tập trung, chú ý
Cách nhớ tên dễ dàng trong giao tiếp
Trong thế kỷ 21, học tập siêu tốc và sử dụng hiệu quả não bộ là một lợi thế cạnh tranh đáng kể. Trí nhớ không giới hạn sẽ giúp bạn thành một nhà vô địch trí nhớ!",Sách tiếng Việt/Sách kỹ năng sống/Sách tư duy - Kỹ năng sống,190
29812129,sách trí nhớ không giới hạn,KEVIN HORSLEY,80000,97533,NONE,0,0,2,https://tiki.vn/tri-nho-khong-gioi-han-tang-bookmark-sang-tao-p29812129.html?spid=75993323,https://salt.tikicdn.com/cache/280x280/ts/product/d5/c5/6c/704ccd1e0de4331653d327a3fb9d3965.jpg,"Trong thế kỷ 21, học tập siêu tốc và sử dụng hiệu quả não bộ là một lợi thế cạnh tranh đáng kể. Trí nhớ không giới hạn sẽ giúp bạn thành một Bậc thầy Trí nhớ. Cuốn cẩm nang đặc biệt này sẽ giúp bạn vạch ra chương trình luyện tập cho bộ não, cải thiện tinh thần, mài sắc trí nhớ. Bạn sẽ học được các kỹ năng cần thiết của chuyên gia hàng trí nhớ hàng đầu thế giới, để luôn đứng đầu trong mọi cuộc chơi.
Bạn sắp tìm ra:
- Sáu hệ thống trí nhớ cải thiện khả năng lưu giữ và nhắc nhở
- Cách tăng dung lượng bộ nhớ từ 7 bit đến 50 bit
- Cách dễ dàng ghi nhớ để học và làm bài thi
- Cách cải thiện khả năng tập trung, chú ý
- Cách nhớ tên dễ dàng trong giao tiếp",Sách tiếng Việt/Sách kỹ năng sống/Sách tư duy - Kỹ năng sống,271
106362503,sách trí tuệ do thái,ERAN KATZ,132300,7247,OFFICIAL_STORE,5,4,13,https://tiki.vn/sach-tri-tue-do-thai-tai-ban-2018-p106362503.html?spid=212581476,https://salt.tikicdn.com/cache/280x280/ts/product/c0/d7/f9/068077a60abe46580802b30e6e499ee6.png,"Trí tuệ Do Thái là một cuốn sách tư duy đầy tham vọng trong việc nâng cao khả năng tự học tập, ghi nhớ và phân tích - những điều đã khiến người Do Thái vượt trội lên, chiếm lĩnh những vị trí quan trọng trong ngành truyền thông, ngân hàng và những giải thưởng sáng tạo trên thế giới.",Sách tiếng Việt/Sách kỹ năng sống/Sách tư duy - Kỹ năng sống,519
247999622,sách trí tuệ do thái,,151000,60209,NONE,0,0,,https://tiki.vn/tri-tue-do-thai-sach-ban-quyen-p247999622.html?spid=247999623,https://salt.tikicdn.com/cache/280x280/ts/product/3c/61/f0/b449edad56d8cf22a8c9a68622fea199.png,"Trí Tuệ Do Thái
Trí Tuệ Do Thái
Dành cho những người muốn phát triển về Tư duy và Kỹ năng:
Những ai tò mò về trí tuệ vĩ đại của người Do Thái
Những ai muốn tự rèn luyện khả năng tự học, ghi nhớ và phân tích
Những người đang tìm kiếm một cuốn sách về tư duy của con người nhưng không mang tính hàn lầm, mà thư thái và thú vị hơn
Trí tuệ Do Thái là một cuốn sách tư duy đầy tham vọng trong việc nâng cao khả năng tự học tập, ghi nhớ và phân tích - những điều đã khiến người Do Thái vượt trội lên, chiếm lĩnh những vị trí quan trọng trong ngành truyền thông, ngân hàng và những giải thưởng sáng tạo trên thế giới.
Tuy là một cuốn sách nhỏ nhưng Trí Tuệ Do Thái lại mang trong mình tri thức về một dân tộc có thể nhỏ về số lượng nhưng vĩ đại về trí tuệ và tài năng. Cuốn sách không chỉ lý giải lý do vì sao những người Do Thái trên thế giới lại thông minh và giàu có, mà còn đặc tả con đường thành công của một người Do Thái - Jerome cùng những triết lý được đúc kết đầy giá trị.
Trí Tuệ Do Thái không dừng lại ở giới hạn của một cuốn sách triết lý hay kỹ năng. Thông qua Jerome, một kẻ lông bông thích la cà, tác giả đưa người đọc vào một chuyến khám phá về trí tuệ của người Do Thái, từ đó khơi ra những giới hạn để người đọc có thể tự khai phá trí tuệ bản thân với ""Năm nguyên tắc"" và ""Mười lăm gợi ý"". Đây sẽ là những bài học quý giá dành cho những ai muốn tồn tại và phát triển mạnh mẽ, không chỉ với con đường thành công của riêng mình.
Không được viết như một cuốn sách kỹ năng khô khan, Trí Tuệ Do Thái được dựng lên bằng một câu chuyện và rồi cũng khép lại với một cái kết mở, nơi những người Do Thái đang không ngừng đối mặt với cuộc sống và chinh phục nó.
— Hãy chiêm nghiệm cuốn sách và cảm nhận hương vị của một tách trà vào mỗi cuối tuần khi bạn dành nhiều thời gian hơn cho bản thân mình! —",Sách tiếng Việt/Sách kỹ năng sống/Sách tư duy - Kỹ năng sống,971
106362265,sách trí tuệ xúc cảm,DANIEL GOLEMAN,139300,7247,OFFICIAL_STORE,0,2,3,https://tiki.vn/sach-tri-tue-xuc-cam-p106362265.html?spid=260820190,https://salt.tikicdn.com/cache/280x280/ts/product/88/74/87/2b2c6867f2ede77d3f8a83201a547068.png,Sách - Trí tuệ xúc cảm,Sách tiếng Việt/Sách kỹ năng sống/Sách tư duy - Kỹ năng sống,480
828647,sách trí tuệ xúc cảm,DANIEL GOLEMAN,193030,9988,NONE,4,12,11,https://tiki.vn/sach-tri-tue-xuc-cam-tai-ban-2017-p828647.html?spid=6108107,https://salt.tikicdn.com/cache/280x280/ts/product/f1/d2/d5/d05a89a59237358d8d0f7386944682aa.jpg,"Trí Tuệ Xúc Cảm (Tái Bản 2017)
Đôi khi, chúng ta đã đồng nhất trí tuệ với chỉ số IQ. Đó là cách hiểu phiến diện bởi chúng ta chỉ chú trọng tới trí tuệ lí trí mà quên mất rằng các xúc cảm cũng là một dạng trí tuệ vô cùng quan trọng để con người mang đầy đủ tính người cũng như có thể thành đạt trong cuộc sống. Những thập kỷ cuối cùng của thế kỷ XX, ở nhiều nước phương Tây, người ta nói nhiều tới các xúc cảm của con người và sự giáo dục xúc cảm cho mọi người, đặc biệt các lớp trẻ. Các nhà tâm lí học ngày càng đánh giá cao vai trò của cảm xúc và ảnh hưởng của nó đến đời sống con người. Nghệ thuật kiểm soát cảm xúc và định hướng cho nó một cách đúng đắn được gọi là “Trí tuệ xúc cảm”.
Kể từ khi cuốn sách đầu tiên của Daniel Goleman: Trí tuệ xúc cảm (Emotional Intelligence) viết về vấn đề này năm 1995 thì “Trí tuệ xúc cảm” trở thành một trong những thuật ngữ nóng bỏng nhất trong xã hội Mỹ. Daniel Goleman đã trình bày vấn đề này rất đầy đủ, rõ ràng và có sức thuyết phục. Đây là một tư liệu không thể bỏ qua khi chúng ta nói đến vấn đề giáo dục trí tuệ xúc cảm.",Sách tiếng Việt/Sách kỹ năng sống/Sách tư duy - Kỹ năng sống,105
2254439,sách trí tuệ xúc cảm,DANIEL GOLEMAN,179100,126688,NONE,0,56,1,https://tiki.vn/sach-tri-tue-xuc-cam-tai-ban-2018-p2254439.html?spid=275693264,https://salt.tikicdn.com/cache/280x280/ts/product/35/b3/58/e85257d79637ccd10c20afa7884db4ee.jpg,"Trí Tuệ Xúc Cảm (Tái Bản 2018)
Đôi khi, chúng ta đã đồng nhất trí tuệ với chỉ số IQ. Đó là cách hiểu phiến diện bởi chúng ta chỉ chú trọng tới trí tuệ lí trí mà quên mất rằng các xúc cảm cũng là một dạng trí tuệ vô cùng quan trọng để con người mang đầy đủ tính người cũng như có thể thành đạt trong cuộc sống. Những thập kỷ cuối cùng của thế kỷ XX, ở nhiều nước phương Tây, người ta nói nhiều tới các xúc cảm của con người và sự giáo dục xúc cảm cho mọi người, đặc biệt các lớp trẻ. Các nhà tâm lí học ngày càng đánh giá cao vai trò của cảm xúc và ảnh hưởng của nó đến đời sống con người. Nghệ thuật kiểm soát cảm xúc và định hướng cho nó một cách đúng đắn được gọi là “Trí tuệ xúc cảm”.
Kể từ khi cuốn sách đầu tiên của Daniel Goleman: Trí tuệ xúc cảm (Emotional Intelligence) viết về vấn đề này năm 1995 thì “Trí tuệ xúc cảm” trở thành một trong những thuật ngữ nóng bỏng nhất trong xã hội Mỹ. Daniel Goleman đã trình bày vấn đề này rất đầy đủ, rõ ràng và có sức thuyết phục. Đây là một tư liệu không thể bỏ qua khi chúng ta nói đến vấn đề giáo dục trí tuệ xúc cảm.",Sách tiếng Việt/Sách kỹ năng sống/Sách tư duy - Kỹ năng sống,130
249501433,sách trí tuệ xúc cảm,,159000,60209,NONE,0,0,,https://tiki.vn/tri-tue-xuc-cam-sach-ban-quyen-p249501433.html?spid=249501434,https://salt.tikicdn.com/cache/280x280/ts/product/f1/4a/91/eba2055afeaeffaf48fd740739f5efe7.jpg,"Trí Tuệ Xúc Cảm
Đảm bảo 100% sách gốc bản quyền từ NXB
Xử lí đơn đặt hàng nhanh
Chính sách hỗ trợ đổi sách cho khách hàng thuận tiện khi gặp sự cố
Ai cũng biết điểm IQ cao chưa chắc đã đảm bảo cho một cuộc đời thành công, hạnh phúc và đức hạnh. Nhưng chỉ đến khi đọc Trí Tuệ Xúc Cảm (Emotional Intelligence) của Daniel Goleman, chúng ta mới có thể lý giải tại sao. Dựa trên những quan sát và nghiên cứu nhiều năm trong lĩnh vực tâm lý và khoa học thần kinh, tác giả đã mang đến một cái nhìn mới mẻ về hai loại trí tuệ bên trong mỗi con người - lý trí và cảm xúc - cùng cách mà chúng định hình số phận của chúng ta.
Trong sách, Daniel Goleman chỉ ra một số yếu tố khiến người IQ cao có thể gặp lúng túng trong công việc, còn người IQ thấp hơn lại đạt hiệu suất đáng kinh ngạc. Đó là sự tự ý thức, tính kỷ luật tự giác, sự đồng cảm, và chúng không bị mặc định từ khi sinh ra. Trí tuệ cảm xúc được bồi đắp bởi những trải nghiệm từ khi còn nhỏ, nhưng nó cũng có thể được nuôi dưỡng và tăng cường trong quá trình mỗi cá nhân trưởng thành, đem đến lợi ích cho sức khoẻ, công việc và cả các mối quan hệ của họ.
Daniel Goleman sinh năm 1946, tốt nghiệp Đại học Harvard, là một nhà tâm lý học nổi tiếng thế giới, người thường xuyên thuyết trình cho các nhóm chuyên nghiệp, khán giả kinh doanh và trong khuôn viên trường đại học. Là một nhà báo khoa học, Goleman đã báo cáo về não bộ và khoa học hành vi cho The New York Times trong nhiều năm. Ngoài những cuốn sách về trí tuệ cảm xúc, Goleman còn viết sách về các chủ đề bao gồm lừa dối bản thân, sáng tạo, minh bạch, thiền định, học tập xã hội và cảm xúc, tỷ lệ học điện tử và khủng hoảng sinh thái.
Không chỉ vậy, Goleman còn là người đồng sáng lập Tổ chức Hợp tác về Học thuật, Xã hội và Cảm xúc; đồng chỉ đạo Hiệp hội Nghiên cứu về Trí tuệ Cảm xúc trong các Tổ chức; và là thành viên hội đồng quản trị của Viện Tâm trí & Cuộc sống.
— Hãy chiêm nghiệm cuốn sách và cảm nhận hương vị của một tách trà vào mỗi cuối tuần khi bạn dành nhiều thời gian hơn cho bản thân mình! —",Sách tiếng Việt/Sách kỹ năng sống/Sách tư duy - Kỹ năng sống,1006
208595889,sách trò đùa của sự ngẫu nhiên,,188000,97533,NONE,0,0,,https://tiki.vn/sach-tro-dua-cua-su-ngau-nhien-alphabooks-ban-quyen-p208595889.html?spid=274764562,https://salt.tikicdn.com/cache/280x280/ts/product/09/42/e6/ba942c5bdae2f40418d34ab33a278c51.jpg,"Sách - Trò đùa của sự ngẫu nhiên
Trò đùa của sự ngẫu nhiên là cuốn sách viết về những lối tư duy sai sót trong nhận thức của con người. Đây là cuốn sách đầu tiên trong series “Incerto” (Tính bất định) của Nassim Nicholas Taleb.
Trong cuốn sách này, Taleb nêu ra các thiên kiến sai lầm của con người về sự ngẫu nhiên. Theo đó, con người thường:
1. Đánh giá quá cao quan hệ nhân – quả. Ví dụ, người thành công do họ từng thành công trong quá khứ và thường vô thức bắt chước theo một số đặc điểm mà họ ngộ nhận rằng điều này mang đến thành công.
2. Lý giải thế giới theo cách dễ hiểu hơn thực tế. Luôn cố gắng giải thích những điều ngẫu nhiên không phải là ngẫu nhiên.
Hai thiên kiến trên được lồng ghép, chia tách một cách tinh tế thông qua ba phần:
1. Lời cảnh báo của Solon: Lịch sử và thuộc tích khó nắm bắt của các sự kiện hiếm gặp (thiên nga đen). Đồng thời phân tích những tác động nặng nề của các sự kiện hiếm gặp trong cuộc sống và trên thị trường
2. Những con khỉ và chiếc máy đánh chữ: Trình bày những thiên kiến xác suất mà tác giả ghi nhận được trong sự nghiệp, bao gồm, thiên kiến kẻ sống sót, thiên kiến méo mó về xác suất và sự ngẫu nhiên.",Sách tiếng Việt/Sách kỹ năng sống/Sách tư duy - Kỹ năng sống,859
36399672,sách trò đùa của sự ngẫu nhiên,NASSIM NICHOLAS TALEB,167000,7247,OFFICIAL_STORE,5,260,62,https://tiki.vn/sach-tro-dua-cua-su-ngau-nhien-p36399672.html?spid=59431763,https://salt.tikicdn.com/cache/280x280/ts/product/46/b2/e5/451bf72ec6effcc389aa3b4806691040.png,"Trò đùa của sự ngẫu nhiên là cuốn sách viết về những lối tư duy sai sót trong nhận thức của con người. Đây là cuốn sách đầu tiên trong series “Incerto” (Tính bất định) của Nassim Nicholas Taleb.
Trong cuốn sách này, Taleb nêu ra các thiên kiến sai lầm của con người về sự ngẫu nhiên. Theo đó, con người thường:
1. Đánh giá quá cao quan hệ nhân – quả. Ví dụ, người thành công do họ từng thành công trong quá khứ và thường vô thức bắt chước theo một số đặc điểm mà họ ngộ nhận rằng điều này mang đến thành công.
2. Lý giải thế giới theo cách dễ hiểu hơn thực tế. Luôn cố gắng giải thích những điều ngẫu nhiên không phải là ngẫu nhiên.
Hai thiên kiến trên được lồng ghép, chia tách một cách tinh tế thông qua ba phần:
1. Lời cảnh báo của Solon: Lịch sử và thuộc tích khó nắm bắt của các sự kiện hiếm gặp (thiên nga đen). Đồng thời phân tích những tác động nặng nề của các sự kiện hiếm gặp trong cuộc sống và trên thị trường
2. Những con khỉ và chiếc máy đánh chữ: Trình bày những thiên kiến xác suất mà tác giả ghi nhận được trong sự nghiệp, bao gồm, thiên kiến kẻ sống sót, thiên kiến méo mó về xác suất và sự ngẫu nhiên.
3. Sáp trong tai: Quá trình đương đầu với sự bất định của con người và một vài mánh khoé để vượt qua.",Sách tiếng Việt/Sách kỹ năng sống/Sách tư duy - Kỹ năng sống,299
106362378,sách trò đùa của sự ngẫu nhiên,NASSIM NICHOLAS TALEB,161000,295057,NONE,0,0,,https://tiki.vn/sach-tro-dua-cua-su-ngau-nhien-p106362378.html?spid=204210169,https://salt.tikicdn.com/cache/280x280/ts/product/09/42/e6/aabaeaff25ae0aefd8379d35742d05ff.jpg,"Sách - Trò đùa của sự ngẫu nhiên
Trò đùa của sự ngẫu nhiên là cuốn sách viết về những lối tư duy sai sót trong nhận thức của con người. Đây là cuốn sách đầu tiên trong series “Incerto” (Tính bất định) của Nassim Nicholas Taleb.
Trong cuốn sách này, Taleb nêu ra các thiên kiến sai lầm của con người về sự ngẫu nhiên. Theo đó, con người thường:
2. Lý giải thế giới theo cách dễ hiểu hơn thực tế. Luôn cố gắng giải thích những điều ngẫu nhiên không phải là ngẫu nhiên.
Hai thiên kiến trên được lồng ghép, chia tách một cách tinh tế thông qua ba phần:
2. Những con khỉ và chiếc máy đánh chữ: Trình bày những thiên kiến xác suất mà tác giả ghi nhận được trong sự nghiệp, bao gồm, thiên kiến kẻ sống sót, thiên kiến méo mó về xác suất và sự ngẫu nhiên.",Sách tiếng Việt/Sách kỹ năng sống/Sách tư duy - Kỹ năng sống,500
247395798,sách trò đùa của sự ngẫu nhiên,,188100,295057,NONE,0,0,,https://tiki.vn/tro-dua-cua-su-ngau-nhien-sach-ban-quyen-p247395798.html?spid=274720556,https://salt.tikicdn.com/cache/280x280/ts/product/7c/99/db/0aff7562ccdbcf9a330c18b5514937da.jpg,"Trò Đùa Của Sự Ngẫu Nhiên (*** Sách Bản Quyền ***)
Trò đùa của sự ngẫu nhiên là cuốn sách viết về những lối tư duy sai sót trong nhận thức của con người. Đây là cuốn sách đầu tiên trong series “Incerto” (Tính bất định) của Nassim Nicholas Taleb.
Trong cuốn sách này, Taleb nêu ra các thiên kiến sai lầm của con người về sự ngẫu nhiên. Theo đó, con người thường:
1. Đánh giá quá cao quan hệ nhân – quả. Ví dụ, người thành công do họ từng thành công trong quá khứ và thường vô thức bắt chước theo một số đặc điểm mà họ ngộ nhận rằng điều này mang đến thành công.
2. Lý giải thế giới theo cách dễ hiểu hơn thực tế. Luôn cố gắng giải thích những điều ngẫu nhiên không phải là ngẫu nhiên.
Hai thiên kiến trên được lồng ghép, chia tách một cách tinh tế thông qua ba phần:
1. Lời cảnh báo của Solon: Lịch sử và thuộc tích khó nắm bắt của các sự kiện hiếm gặp (thiên nga đen). Đồng thời phân tích những tác động nặng nề của các sự kiện hiếm gặp trong cuộc sống và trên thị trường
2. Những con khỉ và chiếc máy đánh chữ: Trình bày những thiên kiến xác suất mà tác giả ghi nhận được trong sự nghiệp, bao gồm, thiên kiến kẻ sống sót, thiên kiến méo mó về xác suất và sự ngẫu nhiên.
3. Sáp trong tai: Quá trình đương đầu với sự bất định của con người và một vài mánh khoé để vượt qua.",Sách tiếng Việt/Sách kỹ năng sống/Sách tư duy - Kỹ năng sống,958
77221333,sách trở về nhà,,88000,161219,NONE,0,0,1,https://tiki.vn/sach-tro-ve-nha-nha-nam-tang-kem-bookmark-thiet-ke-p77221333.html?spid=77221334,https://salt.tikicdn.com/cache/280x280/ts/product/01/27/e4/21de9b296b265cbe464a4a3f51bd87a0.jpg,,Sách tiếng Việt/Sách kỹ năng sống/Sách tư duy - Kỹ năng sống,403
242487251,sách trở về nhà,,97000,295057,NONE,0,0,2,https://tiki.vn/sach-tro-ve-nha-nha-nam-ban-quyen-p242487251.html?spid=274366097,https://salt.tikicdn.com/cache/280x280/ts/product/01/27/e4/21419f1d454bd4339d9b5f83406ebbaa.jpg,"“Tôi trở lại những việc đầu tiên đã mang tôi đến cuộc hành trình kinh doanh. Đó chính là tình yêu của tôi dành cho ẩm thực, nấu ăn và công việc sáng tạo. Tôi để trái tim dẫn đường và không quan trọng con đường ấy dẫn tôi đến đâu.”
Đào Chi Anh từng là cái tên phủ khắp các mặt báo. Cô gái nói được bốn thứ tiếng, xinh đẹp, học tập xuất sắc, food blogger nổi tiếng, ở tuổi 31 đã trở thành CEO của KAfe Group,với số vốn hoạt động 5.5 triệu USD. Loá mắt bởi thành công và danh hiệu, xa rời đam mê của bản thân, Đào Chi Anh đã không đủ tỉnh táo để bơi giữa bể cá mập khốc liệt: KAfe sụp đổ. Trở về nhà chia sẻ câu chuyện của Chi Anhtừ ấu thơ đến khi gây dựng sự nghiệp, đến đỉnh cao và thất bại, đến cách vượt qua cú ngã tìm lại sự yên bình. Trở về nhà, nghĩa là trở về Việt Nam, là coi trọng giá trị gia đình, là thấu hiểu bản thân. Giờ đây cô hài lòng với công việc kinh doanh đồ bếp, làm tư vấn cho các dự án ẩm thực, đồng thời tư vấn dinh dưỡng và rèn luyện sức khoẻ cho phụ nữ. Trở về nhà cũng chia sẻ những kinh nghiệm làm việc mà tác giả có được trong môi trường doanh nghiệp, những kỹ năng và thái độ cần thiết để phát triển bản thân, qua đó hy vọng cuốn sách có thể giúp những người trẻ kiến thức nhất định trên con đường sự nghiệp đang rộng mở.
Đào Chi Anh sinh năm 1984, hiện sống tại Hà Nội, doanh nhân khởi nghiệp trong lĩnh vực đời sống, ẩm thực và sức khoẻ. Năm 2011, thành lập Kitchen Art tại Hà Nội, cung cấp đồ bếp và gia dụng thông minh, tổ chức các lớp học nấu ăn. Năm 2013, mở The KAfe - nhà hàng cafe đầu tiên lai phong cách ẩm thực đương đại Âu và Á. Năm 2019, khởi nghiệp với dự án sức khoẻ The Good Life, một website và ứng dụng về sức khoẻ thể chất và tinh thần, dành cho phụ nữ. Thường xuyên xuất hiện trên TV,báo chí như một đầu bếp tài hoa, một nhà tư vấn dinh dưỡng. Hiện tại vừa kinh doanh, vừa là giáo viên dạy Fitness & Pilates, chuyên gia tư vấn dinh dưỡng tại trung tâm riêng. Đồng tác giả của hai cuốn sách: - Chuyện 2 căn bếp (Công ty Văn hoá & Truyền thông Nhã Nam, 2014) - Hai căn bếp ngọt ngào (tiếng Anh, Nxb Page One, Singapore, 2014)",Sách tiếng Việt/Sách kỹ năng sống/Sách tư duy - Kỹ năng sống,939
208232006,sách trong chớp mắt,,137000,111899,OFFICIAL_STORE,0,0,1,https://tiki.vn/sach-trong-chop-mat-alphabooks-ban-quyen-p208232006.html?spid=276559141,https://salt.tikicdn.com/cache/280x280/ts/product/eb/81/79/a8cf2b5f1cd1ea87d6416a3d80fc04fb.png,"Trong chớp mắt là cuốn sách viết về cách chúng ta nghĩ mà không cần suy nghĩ, về những quyết định đưa ra chỉ trong một cái chớp mắt thực sự không hề tầm thường như mọi người vẫn nghĩ. Vì sao một số người luôn là những người quyết định sáng suốt, trong khi số khác lại luôn lầm lẫn, quẩn quanh… Tại sao một số người hành động theo bản năng của họ và chiến thắng, một số người lại luôn kết thúc bằng sai lầm. Não của chúng ta thực sự hoạt động thế nào: trong công sở, trong lớp học, trong bếp và phòng ngủ… Và vì sao những quyết định đúng đắn nhất lại thường là những quyết định không thể lý giải rõ ràng cho người khác.
Trong chớp mắt chúng ta gặp một nhà tâm lý học, người có thể tiên đoán cuộc hôn nhân nào sẽ đổ vỡ chỉ dựa vào vài phút quan sát cặp vợ chồng, một huấn luyện viên tennis, người có thể biết khi nào một vận động viên sẽ phạm lỗi kép thậm chí trước khi vợt kịp chạm đến bóng, một chuyên gia thẩm định đồ cổ, người có thể nhận ra sự giả mạo bằng một cái nhìn thoáng qua.
Trong chớp mắt tiết lộ một bí mật: những người quyết định vĩ đại không phải là những người sử dụng hầu hết thông tin, thời gian để cân nhắc kĩ lưỡng, mà lại là những người thành thạo trong nghệ thuật “lát cắt mỏng”, nắm bắt được mọi khía cạnh vấn đề từ một lát cắt mỏng.
Trong chớp mắt đã đưa Maclcom Gladwell lên vị trí của một trong những tác giả viết luận hấp dẫn nhất trong lĩnh vực giao thoa giữa khoa học và văn hoá.
Mã NCCtAlpha Books",Sách tiếng Việt/Sách kỹ năng sống/Sách tư duy - Kỹ năng sống,844
278095411,sách trong chớp mắt,MALCOLM GLADWELL,120100,1,OFFICIAL_STORE,4.5,111,26,https://tiki.vn/sach-trong-chop-mat-p278095411.html?spid=278095414,https://salt.tikicdn.com/cache/280x280/ts/product/51/b4/15/01282ad6aa2a212228b8e2e5a1e6094c.jpg,"Trong Chớp Mắt là một cuốn sách chiến lược viết về sức mạnh của việc nghĩ mà không cần suy nghĩ, về những quyết định đưa ra chỉ trong một cái chớp mắt thực sự không hề tầm thường như mọi người vẫn nghĩ. Vì sao một số người luôn là những người quyết định sáng suốt, trong khi số khác lại luôn lầm lẫn, quẩn quanh… Tại sao một số người hành động theo bản năng của họ và chiến thắng, một số người lại luôn kết thúc bằng sai lầm. Não của chúng ta thực sự hoạt động thế nào: trong công sở, trong lớp học, trong bếp và phòng ngủ… Và vì sao những quyết định đúng đắn nhất lại thường là những quyết định không thể lý giải rõ ràng cho người khác.
Ngay phần giới thiệu, Malcolm Gladwell đã đưa ra một tình huống đặc biệt. Một bức tượng cổ đã được cả một hội đồng khoa học gồm rất nhiều chuyên gia hàng đầu của một bảo tàng ở Mỹ khẳng định chắc chắn là thật nhưng cuối cùng được phát hiện là đồ giả mạo. Không phải bằng các thiết bị tối tân mà chỉ bằng một thoáng nhìn kéo dài 2 giây của một số chuyên gia khi họ có dịp thăm bảo tàng. Như vậy chỉ cần 2 giây, họ có thể nắm rõ được bản chất bên trong của bức tượng hơn cả một đội ngũ chuyên gia của bảo tàng đã nghiên cứu bức tượng trong 14 tháng.
Trong chớp mắt sẽ cho chúng ta gặp một nhà tâm lý học, người có thể tiên đoán cuộc hôn nhân nào sẽ đổ vỡ chỉ dựa vào vài phút quan sát cặp vợ chồng, một huấn luyện viên tennis, người có thể biết khi nào một vận động viên sẽ phạm lỗi kép thậm chí trước khi vợt kịp chạm đến bóng, một chuyên gia thẩm định đồ cổ, người có thể nhận ra sự giả mạo bằng một cái nhìn thoáng qua. Cuốn sách kỹ năng này tiết lộ một bí mật: những người quyết định vĩ đại không phải là những người sử dụng hầu hết thông tin, thời gian để cân nhắc kĩ lưỡng, mà lại là những người thành thạo trong nghệ thuật “lát cắt mỏng”, nắm bắt được mọi khía cạnh vấn đề từ một lát cắt mỏng.",Sách tiếng Việt/Sách kỹ năng sống/Sách tư duy - Kỹ năng sống,1408
106362675,sách trong chớp mắt,MALCOLM GLADWELL,137000,111899,OFFICIAL_STORE,0,0,2,https://tiki.vn/sach-trong-chop-mat-p106362675.html?spid=276231144,https://salt.tikicdn.com/cache/280x280/ts/product/eb/81/79/f0771618f3f3f21e2be9e5916188f90a.png,"Trong chớp mắt chúng ta gặp một nhà tâm lý học, người có thể tiên đoán cuộc hôn nhân nào sẽ đổ vỡ chỉ dựa vào vài phút quan sát cặp vợ chồng, một huấn luyện viên tennis, người có thể biết khi nào một vận động viên sẽ phạm lỗi kép thậm chí trước khi vợt kịp chạm đến bóng, một chuyên gia thẩm định đồ cổ, người có thể nhận ra sự giả mạo bằng một cái nhìn thoáng qua.
Trong chớp mắt tiết lộ một bí mật: những người quyết định vĩ đại không phải là những người sử dụng hầu hết thông tin, thời gian để cân nhắc kĩ lưỡng, mà lại là những người thành thạo trong nghệ thuật “lát cắt mỏng”, nắm bắt được mọi khía cạnh vấn đề từ một lát cắt mỏng.
Trong chớp mắt đã đưa Maclcom Gladwell lên vị trí của một trong những tác giả viết luận hấp dẫn nhất trong lĩnh vực giao thoa giữa khoa học và văn hoá.
Mã NCC Alpha Books",Sách tiếng Việt/Sách kỹ năng sống/Sách tư duy - Kỹ năng sống,558
247592664,sách trong chớp mắt,,143000,111899,OFFICIAL_STORE,0,0,2,https://tiki.vn/trong-chop-mat-sach-ban-quyen-p247592664.html?spid=276231137,https://salt.tikicdn.com/cache/280x280/ts/product/eb/81/79/135e2676326ada5eccceeb0a1afbc726.png,"Trong Chớp Mắt (*** Sách Bản Quyền ***)
Trong Chớp Mắt (*** Sách Bản Quyền ***)
Trong Chớp Mắt là một cuốn sách chiến lược viết về sức mạnh của việc nghĩ mà không cần suy nghĩ, về những quyết định đưa ra chỉ trong một cái chớp mắt thực sự không hề tầm thường như mọi người vẫn nghĩ. Vì sao một số người luôn là những người quyết định sáng suốt, trong khi số khác lại luôn lầm lẫn, quẩn quanh… Tại sao một số người hành động theo bản năng của họ và chiến thắng, một số người lại luôn kết thúc bằng sai lầm. Não của chúng ta thực sự hoạt động thế nào: trong công sở, trong lớp học, trong bếp và phòng ngủ… Và vì sao những quyết định đúng đắn nhất lại thường là những quyết định không thể lý giải rõ ràng cho người khác.
Ngay phần giới thiệu, Malcolm Gladwell đã đưa ra một tình huống đặc biệt. Một bức tượng cổ đã được cả một hội đồng khoa học gồm rất nhiều chuyên gia hàng đầu của một bảo tàng ở Mỹ khẳng định chắc chắn là thật nhưng cuối cùng được phát hiện là đồ giả mạo. Không phải bằng các thiết bị tối tân mà chỉ bằng một thoáng nhìn kéo dài 2 giây của một số chuyên gia khi họ có dịp thăm bảo tàng. Như vậy chỉ cần 2 giây, họ có thể nắm rõ được bản chất bên trong của bức tượng hơn cả một đội ngũ chuyên gia của bảo tàng đã nghiên cứu bức tượng trong 14 tháng.
Trong chớp mắt sẽ cho chúng ta gặp một nhà tâm lý học, người có thể tiên đoán cuộc hôn nhân nào sẽ đổ vỡ chỉ dựa vào vài phút quan sát cặp vợ chồng, một huấn luyện viên tennis, người có thể biết khi nào một vận động viên sẽ phạm lỗi kép thậm chí trước khi vợt kịp chạm đến bóng, một chuyên gia thẩm định đồ cổ, người có thể nhận ra sự giả mạo bằng một cái nhìn thoáng qua. Cuốn sách kỹ năng này tiết lộ một bí mật: những người quyết định vĩ đại không phải là những người sử dụng hầu hết thông tin, thời gian để cân nhắc kĩ lưỡng, mà lại là những người thành thạo trong nghệ thuật “lát cắt mỏng”, nắm bắt được mọi khía cạnh vấn đề từ một lát cắt mỏng.
— Hãy chiêm nghiệm cuốn sách và cảm nhận hương vị của một tách trà vào mỗi cuối tuần khi bạn có nhiều thời gian hơn dành cho bản thân mình! —",Sách tiếng Việt/Sách kỹ năng sống/Sách tư duy - Kỹ năng sống,960
31122094,sách trong chớp mắt,,125000,126688,NONE,0,0,,https://tiki.vn/trong-chop-mat-2018-tang-bookmark-sang-tao-p31122094.html?spid=195216325,https://salt.tikicdn.com/cache/280x280/ts/product/a1/d3/8d/bcd48485934d826dd971c4b8481d280f.jpg,"Trong Chớp Mắt là một cuốn sách chiến lược viết về sức mạnh của việc nghĩ mà không cần suy nghĩ, về những quyết định đưa ra chỉ trong một cái chớp mắt thực sự không hề tầm thường như mọi người vẫn nghĩ. Vì sao một số người luôn là những người quyết định sáng suốt, trong khi số khác lại luôn lầm lẫn, quẩn quanh… Tại sao một số người hành động theo bản năng của họ và chiến thắng, một số người lại luôn kết thúc bằng sai lầm. Não của chúng ta thực sự hoạt động thế nào: trong công sở, trong lớp học, trong bếp và phòng ngủ… Và vì sao những quyết định đúng đắn nhất lại thường là những quyết định không thể lý giải rõ ràng cho người khác.
Ngay phần giới thiệu, Malcolm Gladwell đã đưa ra một tình huống đặc biệt. Một bức tượng cổ đã được cả một hội đồng khoa học gồm rất nhiều chuyên gia hàng đầu của một bảo tàng ở Mỹ khẳng định chắc chắn là thật nhưng cuối cùng được phát hiện là đồ giả mạo. Không phải bằng các thiết bị tối tân mà chỉ bằng một thoáng nhìn kéo dài 2 giây của một số chuyên gia khi họ có dịp thăm bảo tàng. Như vậy chỉ cần 2 giây, họ có thể nắm rõ được bản chất bên trong của bức tượng hơn cả một đội ngũ chuyên gia của bảo tàng đã nghiên cứu bức tượng trong 14 tháng.
Trong chớp mắt sẽ cho chúng ta gặp một nhà tâm lý học, người có thể tiên đoán cuộc hôn nhân nào sẽ đổ vỡ chỉ dựa vào vài phút quan sát cặp vợ chồng, một huấn luyện viên tennis, người có thể biết khi nào một vận động viên sẽ phạm lỗi kép thậm chí trước khi vợt kịp chạm đến bóng, một chuyên gia thẩm định đồ cổ, người có thể nhận ra sự giả mạo bằng một cái nhìn thoáng qua. Cuốn sách kỹ năng này tiết lộ một bí mật: những người quyết định vĩ đại không phải là những người sử dụng hầu hết thông tin, thời gian để cân nhắc kĩ lưỡng, mà lại là những người thành thạo trong nghệ thuật “lát cắt mỏng”, nắm bắt được mọi khía cạnh vấn đề từ một lát cắt mỏng.
Sản phẩm được tặng kèm bookmark như hình đính kèm",Sách tiếng Việt/Sách kỹ năng sống/Sách tư duy - Kỹ năng sống,274
29907194,sách trong chớp mắt,,125000,97533,NONE,0,4,,https://tiki.vn/trong-chop-mat-tai-ban-2018-tang-kem-bookmark-tuyet-dep-p29907194.html?spid=176453004,https://salt.tikicdn.com/cache/280x280/ts/product/58/44/cf/dafa1d1fc5daf15a172131d5d234c463.gif,"Trong Chớp Mắt là một cuốn sách chiến lược viết về sức mạnh của việc nghĩ mà không cần suy nghĩ, về những quyết định đưa ra chỉ trong một cái chớp mắt thực sự không hề tầm thường như mọi người vẫn nghĩ. Vì sao một số người luôn là những người quyết định sáng suốt, trong khi số khác lại luôn lầm lẫn, quẩn quanh… Tại sao một số người hành động theo bản năng của họ và chiến thắng, một số người lại luôn kết thúc bằng sai lầm. Não của chúng ta thực sự hoạt động thế nào: trong công sở, trong lớp học, trong bếp và phòng ngủ… Và vì sao những quyết định đúng đắn nhất lại thường là những quyết định không thể lý giải rõ ràng cho người khác.
Ngay phần giới thiệu, Malcolm Gladwell đã đưa ra một tình huống đặc biệt. Một bức tượng cổ đã được cả một hội đồng khoa học gồm rất nhiều chuyên gia hàng đầu của một bảo tàng ở Mỹ khẳng định chắc chắn là thật nhưng cuối cùng được phát hiện là đồ giả mạo. Không phải bằng các thiết bị tối tân mà chỉ bằng một thoáng nhìn kéo dài 2 giây của một số chuyên gia khi họ có dịp thăm bảo tàng. Như vậy chỉ cần 2 giây, họ có thể nắm rõ được bản chất bên trong của bức tượng hơn cả một đội ngũ chuyên gia của bảo tàng đã nghiên cứu bức tượng trong 14 tháng.
Trong chớp mắt sẽ cho chúng ta gặp một nhà tâm lý học, người có thể tiên đoán cuộc hôn nhân nào sẽ đổ vỡ chỉ dựa vào vài phút quan sát cặp vợ chồng, một huấn luyện viên tennis, người có thể biết khi nào một vận động viên sẽ phạm lỗi kép thậm chí trước khi vợt kịp chạm đến bóng, một chuyên gia thẩm định đồ cổ, người có thể nhận ra sự giả mạo bằng một cái nhìn thoáng qua. Cuốn sách kỹ năng này tiết lộ một bí mật: những người quyết định vĩ đại không phải là những người sử dụng hầu hết thông tin, thời gian để cân nhắc kĩ lưỡng, mà lại là những người thành thạo trong nghệ thuật “lát cắt mỏng”, nắm bắt được mọi khía cạnh vấn đề từ một lát cắt mỏng.",Sách tiếng Việt/Sách kỹ năng sống/Sách tư duy - Kỹ năng sống,272
137569857,sách tư duy giản đơn,DANI DIPIRRO,59000,295057,NONE,0,0,,https://tiki.vn/sach-gift-book-su-tha-thu-p137569857.html?spid=274162023,https://salt.tikicdn.com/cache/280x280/ts/product/d0/60/cd/af85294a7ff04641b916a517f5c7713d.jpg,"Gift Book - Sự Tha Thứ
Gift Book - Sự Tha Thứ
Tha thứ là một trong những kĩ năng quý giá nhất mà bạn có thể làm chủ được. Từ những tổn thương nhỏ nhặt bạn phải chịu đựng đến căn nguyên của nỗi đau sâu sắc, buông tay khỏi việc đổ lỗi và bỏ lại sau lưng giai đoạn bi thương là việc làm vừa nhẹ lòng vừa mang lại sức mạnh to lớn.
Không chối bỏ được rằng tha thứ có thể trở thành thử thách một khi bạn đã bị tổn thương. Né tránh điều khiến bạn tổn thương là tự nhiên và ôm giữ thù hận thật dễ dàng. Nhưng một khi bạn tha thứ (ngay cả khi bạn vẫn chưa quên hẳn được), bạn đã rộng mở trái tim và tâm trí của mình, nhường chỗ cho yêu thương. Và yêu thương càng nhiều, cuộc sống của bạn càng lạc quan và trọn vẹn.
Quyển sách nhỏ này khám phá định nghĩa của việc tha thứ và những biểu hiện đa dạng của nó. Nó được thiết kế để giúp bạn tiếp thu được nghệ thuật của việc tha thứ cho chính mình và cho người khác, qua đó giúp bản thân thoát khỏi gánh nặng của các nỗi đau trong quá khứ.",Sách tiếng Việt/Sách kỹ năng sống/Sách kỹ năng mềm,653
273643613,sách tư duy giản đơn,.,216310,7247,OFFICIAL_STORE,0,19,,https://tiki.vn/tram-doc-official-sach-thuat-doc-tam-p273643613.html?spid=275855159,https://salt.tikicdn.com/cache/280x280/ts/product/5f/97/a0/88078724962f537b7b3b8e0676eddbcf.jpg,"Cẩm nang nhìn thấu tâm lý đối phương
Cuốn sách là một cẩm nang hướng dẫn chi tiết về việc sử dụng trí tuệ Enneagram cho sự phát triển của tâm linh và tâm lý.
Biểu tượng cổ xưa của Enneagram đã trở thành một trong những hệ thống phổ biến nhất hiện nay để tự nghiên cứu, khám phá mỗi người dựa trên chín loại tính cách riêng biệt. Hai trong số các nhà nghiên cứu về Enneagram hàng đầu trên thế giới là Don Richard Riso và Russ Hudson đã liên tục nhắc tới và giảng dạy về Enneagram như một công cụ để chuyển đổi và phát triển cá nhân. Dù nền tảng tinh thần của bạn là gì, Enneagram sẽ đưa ra những lời khuyên, biện pháp tích cực giúp bạn vượt qua mọi rào cản sâu thẳm nơi tâm hồn, nhận ra những sức mạnh độc đáo và những hướng đi đúng đắn nhất trong cuộc sống.
Không chỉ đưa ra hướng dẫn để nhận biết các kiểu tính cách, Thuật đọc tâm còn cung cấp các bảng hỏi có độ chính xác cao để xác định từng kiểu người, hàng chục bài tập cá nhân và chiến lược cụ thể nhằm cải thiện các mối quan hệ, thói quen xấu, gia tăng sự tự do của nội tâm… Cuốn sách không chỉ dành cho những chuyên gia nghiên cứu chuyên sâu và còn dành cho cả những người mới bắt đầu, dễ dàng áp dụng trong cuộc sống thường ngày.
Được nhận xét là cuốn sách về Enneagram hay và đầy đủ nhất mọi thời đại, cuốn sách sẽ cho bạn biết:
Nắm bắt cặn kẽ tâm lý của người đối diện, đối tượng mà bạn quan tâm.
Giúp bạn dễ dàng định hướng công việc phù hợp với tính cách.
Loại bỏ những cảm xúc, thói quen tiêu cực, từ đó hướng bản thân tới những điều lành mạnh.
Cha mẹ có thể hiểu hơn về tính cách con cái, từ đó có những định hướng phù hợp cho con ngay từ sớm.",Sách tiếng Việt/Sách kỹ năng sống/Sách tư duy - Kỹ năng sống,1101
93327797,sách tư duy nhanh và chậm,DANIEL KAHNEMAN,188300,7247,OFFICIAL_STORE,4.7,325,128,https://tiki.vn/sach-tu-duy-nhanh-va-cham-tai-ban-p93327797.html?spid=146195984,https://salt.tikicdn.com/cache/280x280/ts/product/d2/5a/00/a0e7f0d7fbb8cdbb495b6e685504a212.png,"Thinking fast and slow - Tư duy nhanh và chậm - cuốn sách được Tạp chí Tài chính Mỹ đặc biệt đánh giá là “một kiệt tác” trong việc nói về tính hợp lý, phi lý của con người trong tư duy, trong việc đánh giá và ra quyết định.
Trong cuộc sống, dù bạn có cẩn trọng đến mức nào thì vẫn có những lúc bạn đưa ra những quyết định dựa trên cảm tình chủ quan của mình. Thinking fast and slow, cuốn sách nổi tiếng tổng hợp tất cả nghiên cứu được tiến hành qua nhiều thập kỷ của nhà tâm lý học từng đạt giải Nobel Kinh tế Daniel Kahneman sẽ cho bạn thấy những sư hợp lý và phi lý trong tư duy bản thân. Cuốn sách được đánh giá là “kiệt tác” trong việc thay đổi hành vi của con người, Thinking fast and slow đã giành được vô số giải thưởng danh giá, lọt vào Top 11 cuốn sách kinh doanh hấp dẫn nhất năm 2011. Cuốn sách được Alpha Books mua bản quyền và xuất bản vào Quý I năm nay. Thinking fast and slow dù là cuốn sách có tính hàn lâm cao nhưng được truyền tải một cách vui nhộn và dễ hiểu, hứa hẹn sẽ mang lại cho bạn đọc nhiều kiến thức mới mẻ, bổ ích.
Thinking fast and slow sẽ đưa ra và lý giải hai hệ thống tư duy tác động đến con đường nhận thức của bạn. Kahneman gọi đó là: hệ thống 1 và hệ thống 2. Hệ thống 1, còn gọi là cơ chế nghĩ nhanh, tự động, thường xuyên được sử dụng, cảm tính, rập khuôn và tiềm thức. Hệ thống 2, còn gọi là cơ chế nghĩ chậm, đòi hỏi ít nỗ lực, ít được sử dụng, dùng logic có tính toán và ý thức. Trong một loạt thí nghiệm tâm lý mang tính tiên phong, Kahneman và Tversky chứng minh rằng, con người chúng ta thường đi đến quyết định theo cơ chế nghĩ nhanh hơn là ghĩ chậm. Phần lớn nội dung của cuốn sách chỉ ra những sai lầm của con người khi suy nghĩ theo hệ thống 1. Kahneman chứng minh rằng chúng ta tệ hơn những gì chúng ta tưởng: đó là chúng ta không biết những gì chúng ta không biết!
Thinking fast and slow đáp ứng hai tiêu chí của một cuốn sách hay, thứ nhất nó thách thức quan điểm của người đọc, thứ hai, nó không phải là những trang sách với những con chữ khô cứng mà vô cùng vui nhộn và hấp dẫn. Không nghi ngờ gì nữa, đây là cuốn sách hàn lâm dành cho tất cả mọi người!
Daniel Kahneman, sinh năm 1934, nhà tâm lý học người Mỹ gốc Israel đã dành giải Nobel Kinh tế năm 2002. Ông dành cả cuộc đời của mình để nghiên cứu về tâm lý học hành vi con người. Cùng với người cộng sự đã qua đời Amos Tversky, hai ông đã có được những nghiên cứu sâu sắc về con đường tư duy và nhận thức của con người.",Sách tiếng Việt/Sách kỹ năng sống/Sách tư duy - Kỹ năng sống,439
225209557,sách tư duy nhanh và chậm,,321000,97533,NONE,0,0,1,https://tiki.vn/sach-tu-duy-nhanh-va-cham-bia-cung-p225209557.html?spid=225919920,https://salt.tikicdn.com/cache/280x280/ts/product/60/2f/68/91a93244f90ef963a5781d51ccf6fd74.png,"Tư Duy Nhanh Và Chậm (bản đặc biệt bìa cứng)
Chúng ta thường tự cho rằng con người là sinh vật có lý trí mạnh mẽ, khi quyết định hay đánh giá vấn đề luôn kĩ lưỡng và lý tính.
Nhưng sự thật là, dù bạn có cẩn trọng tới mức nào, thì trong cuộc sống hàng ngày hay trong vấn đề liên quan đến kinh tế, bạn vẫn có những quyết định dựa trên cảm tính chủ quan của mình. “Tư duy nhanh và chậm”, cuốn sách nổi tiếng tổng hợp tất cả nghiên cứu được tiến hành qua nhiều thập kỷ của nhà tâm lý học từng đạt giải Nobel Kinh tế Daniel Kahneman sẽ cho bạn thấy những sư hợp lý và phi lý trong tư duy của chính bạn.
Cuốn sách được đánh giá là “kiệt tác” trong việc thay đổi hành vi của con người, Tư duy nhanh và chậm đã dành được vô số giải thưởng danh giá, lọt vào Top 11 cuốn sách kinh doanh hấp dẫn nhất.
Đã có rất nhiều cuốn sách nói về tính hợp lý và phi lý của con người trong tư duy, trong việc đánh giá và ra quyết định, nhưng Tư duy nhanh và chậm được Tạp chí Tài chính Mỹ đánh giá là “kiệt tác”.
Bạn nghĩ rằng bạn tư duy nhanh, hay chậm? Bạn tư duy và suy nghĩ theo lối “trông mặt bắt hình dong”, đánh giá mọi vật nhanh chóng bằng cảm quan, quyết định dựa theo cảm xúc hay tư duy một cách cẩn thận, chậm rãi nhưng logic hợp lý về một vấn đề. Tư duy nhanh và chậm sẽ đưa ra và lý giải hai hệ thống tư duy tác động đến con đường nhận thức của bạn.
Kahneman gọi đó là: hệ thống 1 và hệ thống 2. Hệ thống 1, còn gọi là cơ chế nghĩ nhanh, tự động, thường xuyên được sử dụng, cảm tính, rập khuôn và tiềm thức. Hệ thống 2, còn gọi là cơ chế nghĩ chậm, đòi hỏi ít nỗ lực, ít được sử dụng, dùng logic có tính toán và ý thức.
Trong một loạt thí nghiệm tâm lý mang tính tiên phong, Kahneman và Tversky chứng minh rằng, con người chúng ta thường đi đến quyết định theo cơ chế nghĩ nhanh hơn là ghĩ chậm. Phần lớn nội dung của cuốn sách chỉ ra những sai lầm của con người khi suy nghĩ theo hệ thống 1.
Kahneman chứng minh rằng chúng ta tệ hơn những gì chúng ta tưởng: đó là chúng ta không biết những gì chúng ta không biết!
Cuốn sách đặc biệt đã dành được vô số giải thưởng danh giá: Sách khoa học hay nhất của Học viện Khoa học Quốc gia năm 2012, được tạp chí The New York Times bình chọn là sách hay nhất năm 2011, một trong những cuốn sách kinh tế xuất sắc năm 2011, chiến thắng giải thưởng cuốn sách được quan tâm nhất năm 2011 của tạp chí Los Algeles…
Tư duy nhanh và chậm đáp ứng hai tiêu chí của một cuốn sách hay, thứ nhất nó thách thức quan điểm của người đọc, thứ hai, nó không phải là những trang sách với những con chữ khô cứng mà nó vô cùng vui nhộn và hấp dẫn. Không nghi ngờ gì nữa, đây là cuốn sách hàn lâm dành cho tất cả mọi người!",Sách tiếng Việt/Sách kỹ năng sống/Sách tư duy - Kỹ năng sống,923
203864196,sách tư duy như einstein,SCOTT THORPE,102800,1,OFFICIAL_STORE,0,0,19,https://tiki.vn/sach-tu-duy-nhu-einstein-tai-ban-p203864196.html?spid=203864199,https://salt.tikicdn.com/cache/280x280/ts/product/71/87/9f/599223c73d8122ca4f8397172776822f.jpg,"Tư duy như Einstein – cuốn sách phát triển tư duy mở ra những giải pháp đột phá để đối mặt, giải quyết mọi thách thức trong học tập, công việc, cuộc sống, các mối quan hệ, để không ngừng sáng tạo và phát triển mỗi ngày. Không phải ai cũng là thiên tài, nhưng chúng ta hoàn toàn có thể có lối tư duy của một thiên tài. Chúng ta không nhất thiết phải là nhà khoa học, không nhất thiết phải là chính trị gia hay doanh nhân lớn mới cần có đầu óc tổ chức và khả năng giải quyết vấn đề. Mỗi người đều có những vấn đề riêng cần giải quyết. Chỉ cần có phương pháp, ai cũng có thể tận dụng tối đa sự kỳ diệu của bộ óc con người, giống như Einstein đã sử dụng bộ óc siêu việt của mình để thay đổi thế giới. Và cuốn sách Tư duy như Einstein sẽ giúp bạn làm được điều đó. Tư duy như Einstein không nói về tài năng của Einstein, mà tìm cách vận dụng những lối tư duy của ông để rút ra các phương pháp tư duy đúng đắn và hiệu quả cho tất cả mọi người. Tác giả Scott Thorpe tỏ ra là người rất am hiểu về Einstein và nhiều lĩnh vực. Bằng những ví dụ cụ thể, tiêu biểu và dễ nắm bắt, ông chứng minh những vấn đề trừu tượng như cách phá vỡ mọi khuôn mẫu, nguyên tắc, tìm ý tưởng, lắng nghe bản thân, tưởng tượng mình là người khác hay sử dụng những ký hiệu, ngôn từ mới để thể hiện ý tưởng. Cuốn sách gồm 11 chương và hai phụ lục, hai chương đầu giới thiệu khái quát về Einstein và cách tư duy của ông, các chương tiếp theo đưa ra những bước đơn giản nhằm “phá vỡ nguyên tắc và khám phá khả năng thiên tài tiềm ẩn trong bạn”. Mỗi chương là một bước khám phá thông qua nhiều phương pháp và những ví dụ từ kinh điển đến thực tế giản đơn. Tư duy như Einstein là một câu chuyện, trong đó tác giả dẫn người đọc đi qua từng chặng đường với những bài thực hành độc đáo, giản dị đến mức khó tin, nhưng lại phản ánh cả một triết lý sâu sắc. Với rất nhiều loại công cụ đơn giản, bạn có thể thực hành các bài tập, nhưng quan trọng nhất vẫn là biết vận dụng chúng vào thực tế cuộc sống. Hãy nghĩ đến kết quả trước khi hành động, suy nghĩ tích cực, loại bỏ khó khăn và cản trở đến từ chính bản thân mình, thực thi những giải pháp tưởng như bất khả thi. Học cách tư duy của Einstein chính là học cách phá vỡ các nguyên tắc. Tác giả đã chứng minh rằng mọi nguyên tắc đều có thể bị phá vỡ và mục đích của việc phá vỡ nguyên tắc là để tìm ra giải pháp tối ưu. Tuy nhiên, không phải tất cả những cái mới đều hay và phù hợp, có những điều chúng ta không nên thay đổi. Từ cổ chí kim, mọi cuộc cách mạng, mọi sự thay đổi đều gian nan. Thế giới thực tại thường vận hành không như ý muốn của con người. Các sáng kiến có thể gây nguy hiểm cho người nghĩ ra chúng vì lòng tham, sự ích kỷ hoặc vì lối mòn tư duy của con người. Do đó, để có được cái mới, cái hay và cái đúng, chúng ta không những cần có phương pháp mà còn phải tỉnh táo, khéo léo để vượt qua và tránh những tai hoạ mà những người sáng tạo thường gặp phải. Chương 9 dành tặng độc giả những bài học tránh tai hoạ để thẳng tiến trên con đường phá vỡ nguyên tắc của mình. Tất cả mọi thứ đều có thể đưa đến giải pháp, hãy chú ý quan sát và lắng nghe, thậm chí lắng nghe cả kẻ thù của bạn. Đó không phải là một phép màu hay một truyện cổ tích, đó đơn giản là một phương pháp tư duy và giải quyết vấn đề.",Sách tiếng Việt/Sách kỹ năng sống/Sách tư duy - Kỹ năng sống,823
249659168,sách tư duy như einstein,,127000,60209,NONE,0,0,,https://tiki.vn/tu-duy-nhu-einstein-sach-ban-quyen-p249659168.html?spid=249659169,https://salt.tikicdn.com/cache/280x280/ts/product/71/87/9f/599223c73d8122ca4f8397172776822f.jpg,"Tư Duy Như Einstein
Đảm bảo 100% sách gốc bản quyền từ NXB
Xử lí đơn đặt hàng nhanh
Chính sách hỗ trợ đổi sách cho khách hàng thuận tiện khi gặp sự cố
Tư duy như Einstein – cuốn sách phát triển tư duy mở ra những giải pháp đột phá để đối mặt, giải quyết mọi thách thức trong học tập, công việc, cuộc sống, các mối quan hệ, để không ngừng sáng tạo và phát triển mỗi ngày. Không phải ai cũng là thiên tài, nhưng chúng ta hoàn toàn có thể có lối tư duy của một thiên tài. Chúng ta không nhất thiết phải là nhà khoa học, không nhất thiết phải là chính trị gia hay doanh nhân lớn mới cần có đầu óc tổ chức và khả năng giải quyết vấn đề. Mỗi người đều có những vấn đề riêng cần giải quyết. Chỉ cần có phương pháp, ai cũng có thể tận dụng tối đa sự kỳ diệu của bộ óc con người, giống như Einstein đã sử dụng bộ óc siêu việt của mình để thay đổi thế giới. Và cuốn sách Tư duy như Einstein sẽ giúp bạn làm được điều đó. Tư duy như Einstein không nói về tài năng của Einstein, mà tìm cách vận dụng những lối tư duy của ông để rút ra các phương pháp tư duy đúng đắn và hiệu quả cho tất cả mọi người. Tác giả Scott Thorpe tỏ ra là người rất am hiểu về Einstein và nhiều lĩnh vực. Bằng những ví dụ cụ thể, tiêu biểu và dễ nắm bắt, ông chứng minh những vấn đề trừu tượng như cách phá vỡ mọi khuôn mẫu, nguyên tắc, tìm ý tưởng, lắng nghe bản thân, tưởng tượng mình là người khác hay sử dụng những ký hiệu, ngôn từ mới để thể hiện ý tưởng. Cuốn sách gồm 11 chương và hai phụ lục, hai chương đầu giới thiệu khái quát về Einstein và cách tư duy của ông, các chương tiếp theo đưa ra những bước đơn giản nhằm “phá vỡ nguyên tắc và khám phá khả năng thiên tài tiềm ẩn trong bạn”. Mỗi chương là một bước khám phá thông qua nhiều phương pháp và những ví dụ từ kinh điển đến thực tế giản đơn. Tư duy như Einstein là một câu chuyện, trong đó tác giả dẫn người đọc đi qua từng chặng đường với những bài thực hành độc đáo, giản dị đến mức khó tin, nhưng lại phản ánh cả một triết lý sâu sắc. Với rất nhiều loại công cụ đơn giản, bạn có thể thực hành các bài tập, nhưng quan trọng nhất vẫn là biết vận dụng chúng vào thực tế cuộc sống. Hãy nghĩ đến kết quả trước khi hành động, suy nghĩ tích cực, loại bỏ khó khăn và cản trở đến từ chính bản thân mình, thực thi những giải pháp tưởng như bất khả thi. Học cách tư duy của Einstein chính là học cách phá vỡ các nguyên tắc. Tác giả đã chứng minh rằng mọi nguyên tắc đều có thể bị phá vỡ và mục đích của việc phá vỡ nguyên tắc là để tìm ra giải pháp tối ưu. Tuy nhiên, không phải tất cả những cái mới đều hay và phù hợp, có những điều chúng ta không nên thay đổi. Từ cổ chí kim, mọi cuộc cách mạng, mọi sự thay đổi đều gian nan. Thế giới thực tại thường vận hành không như ý muốn của con người. Các sáng kiến có thể gây nguy hiểm cho người nghĩ ra chúng vì lòng tham, sự ích kỷ hoặc vì lối mòn tư duy của con người. Do đó, để có được cái mới, cái hay và cái đúng, chúng ta không những cần có phương pháp mà còn phải tỉnh táo, khéo léo để vượt qua và tránh những tai hoạ mà những người sáng tạo thường gặp phải. Chương 9 dành tặng độc giả những bài học tránh tai hoạ để thẳng tiến trên con đường phá vỡ nguyên tắc của mình. Tất cả mọi thứ đều có thể đưa đến giải pháp, hãy chú ý quan sát và lắng nghe, thậm chí lắng nghe cả kẻ thù của bạn. Đó không phải là một phép màu hay một truyện cổ tích, đó đơn giản là một phương pháp tư duy và giải quyết vấn đề.
— Hãy chiêm nghiệm cuốn sách và cảm nhận hương vị của một tách trà vào mỗi cuối tuần khi bạn dành nhiều thời gian hơn cho bản thân mình! —",Sách tiếng Việt/Sách kỹ năng sống/Sách tư duy - Kỹ năng sống,1011
208170349,sách tư duy như một kẻ lập dị tb,,107100,295057,NONE,0,0,,https://tiki.vn/sach-doc-vi-tinh-cach-alphabooks-ban-quyen-p208170349.html?spid=274515020,https://salt.tikicdn.com/cache/280x280/ts/product/f4/cb/b5/52e33cb978782c2a26460ea4649d6f1d.jpg,"ĐỌC VỊ TÍNH CÁCH
Đọc vị tính cách là một cuốn sách giúp bạn dễ dàng tìm hiểu, phân loại tính cách không chỉ cho chính mình mà còn cả cho người khác, áp dụng được cả cho chuyên gia lẫn người mới bắt đầu. Các hướng dẫn dí dỏm, hài hước, bài tập trực quan phong phú nhằm kiểm tra tính cách chắc chắn sẽ đem đến cho bạn những trải nghiệm thú vị và vui nhộn.
Có 9 kiểu tính cách cơ bản được nhắc đến:
Người cầu toàn: Người cầu toàn được thúc đẩy bởi nhu cầu sống một cuộc đời đúng đắn, luôn muốn cải thiện bản thân mình và những người khác, ít khi nóng giận.
Người giúp đỡ: Người giúp đỡ được thúc đẩy bởi nhu cầu được yêu thương và hiểu rõ giá trị, thích thể hiện những cảm nhận tốt đẹp của mình với người khác cũng như không muốn bị coi là hay đòi hỏi.
Người cầu tiến: Người cầu tiến được thúc đẩy bởi nhu cầu đạt được năng suất cao để vươn tới thành công, ghét sự thất bại.
Người lãng mạn: Người lãng mạn có mong muốn hiểu và được hiểu để tìm thấy ý nghĩa của cuộc sống và không muốn bị coi là tầm thường.
Người quan sát: Người quan sát là kiểu người muốn biết rành rẽ mọi điều, không phụ thuộc và ghét bị làm phiền, tránh rơi vào tình thế không tìm được câu trả lời và trông giống như kẻ ngốc.
Người đa nghi: Người đa nghi thích được khen ngợi, quan tâm và không muốn bị coi là kẻ nổi loạn.
Người phiêu lưu: Người phiêu lưu có nhu cầu được hạnh phúc và thường lên kế hoạch về những điều vui vẻ, muốn đóng góp cho thế giới, ghét phải chịu đựng và đau khổ.
Người quyết đoán: Người quyết đoán thích sống độc lập và mạnh mẽ, tác động tới thế giới và không muốn trở nên yếu đuối.
Người ôn hoà: Người ôn hoà được thúc đẩy bởi nhu cầu giữ cho không khí luôn hoà bình, hoà hợp với người khác và tránh xảy ra xung đột.
Được mệnh danh là “Bí quyết chinh phục mọi mục tiêu” (theo Susan Cain), cuốn sách này sẽ giúp bạn:
Nắm bắt cặn kẽ tâm lý của đối tượng mà bạn quan tâm.
Giúp bạn định hướng công việc phù hợp với tính cách
Cha mẹ có thể hiểu hơn về tính cách con cái, từ đó có phương pháp giáo dục và quản lý phù hợp.",Sách tiếng Việt/Sách kỹ năng sống/Sách tư duy - Kỹ năng sống,837
208406245,sách tư duy như một kẻ lập dị tb,,89000,126688,NONE,0,0,,https://tiki.vn/sach-vi-sao-ban-e-alphabooks-ban-quyen-p208406245.html?spid=274805636,https://salt.tikicdn.com/cache/280x280/ts/product/e7/03/66/ca9ad4b8e60f4aafd2a4a4ee05a970ef.jpg,"Vì Sao Bạn Ế? Cuốn sách là một “bản tuyên ngôn” đầy khí thế đáp trả lại cả thế giới – nơi luôn gắn giá trị người phụ nữ với tình trạng hôn nhân. Từ kinh nghiệm sống của mình, qua các bài phỏng vấn những người độc thân khác, cùng các bài nghiên cứu Tâm lý học và Xã hội học, tác giả Sara Eckel – một phụ nữ sống độc thân trong gần 40 năm, đã đúc rút ra rằng: Mối quan hệ tình cảm chỉ là do may mắn. Cô lật tẩy những lời buộc tội sai trái mà những người xung quanh đổ lên đầu phụ nữ độc thân: Họ không tìm được một nửa của đời mình vì họ quá độc lập, quá tự ti, quá kén chọn, quá già,… Cô chứng minh những lời buộc tội đó là sai, khuyến khích những phụ nữ độc thân luôn có lòng trắc ẩn với bản thân, không dao động trước những lời bàn tán xung quanh mình, chỉ cần là chính mình và sống hạnh phúc. “Cô đơn không phải một chứng bệnh… Cô đơn cũng giống như cảm giác đói khát – nó là phản ứng tự nhiên của con người với ý nghĩa đơn giản báo hiệu người đó cần được nuôi dưỡng. ” “Chìa khoá cho hạnh phúc hôn nhân không phải là tìm được người ‘bình thường’ mà là người tâm đầu ý hợp với mình.” “Hạnh phúc vẫn song hành với tôi suốt thời gian đó. Vấn đề là tôi đã quá kén chọn loại hạnh phúc mình muốn đến nỗi thường xuyên phá hỏng những điều tốt đẹp.” “Chỉ khi nào dừng lại việc phân tích tính cách mình, ngừng lật đi lật lại những mối quan hệ trước đó, thì khi ấy bạn mới giải phóng được tâm trí mình. Khi không để những lời nói bên ngoài khiến mình sợ hãi – ‘Trói chặt anh chàng đó đi!’ ‘Cậu làm sao trẻ lại được nữa!’ ‘Cậu nghĩ mình là ai?’ – bước đầu bạn sẽ hiểu được ai và điều gì hợp với mình.
Sách - Vì Sao Bạn Ế?",Sách tiếng Việt/Sách kỹ năng sống/Sách tư duy - Kỹ năng sống,852
188282978,sách từ gà mờ thành chuyên gia,MALCOLM GLADWELL,160300,111899,OFFICIAL_STORE,0,0,,https://tiki.vn/sach-doc-vi-nguoi-la-p188282978.html?spid=276559186,https://salt.tikicdn.com/cache/280x280/ts/product/5b/05/0e/bd9ae4ffc0dbc7cc34217bbd32c26faf.png,"Đọc Vị Người Lạ là một cuộc phiêu lưu trí tuệ kinh điển đậm chất Gladwell, một hành trình đầy thử thách và đa chiều xuyên qua lịch sử, tâm lí và các vụ xì căng đan mà ta từng gặp trên báo chí. Trong đó, Malcolm Gladwell xem xét lại vụ lừa đảo thế kỉ của Bernie Madoff, phiên toà của Amanda Knox, cuộc tự tử của Sylvia Plath, bê bối lạm dụng tình dục trẻ em của Jerry Sandusky ở Đại học Penn State, và cái chết của Sandra Bland - để từ đó ném thẳng những hiểu biết của chúng ta đối với những câu chuyện này và cả những câu chuyện khác vào vòng xoáy ngờ vực.
Có một điều gì đó rất sai, Gladwell lập luận, với những công cụ và những chiến lược mà chúng ta sử dụng để đánh giá về những người chúng ta không biết. Và bởi vì chúng ta không biết cách trò chuyện với những người lạ, chúng ta mời gọi các mâu thuẫn và hiểu lầm theo những cách gây tác động sâu sắc đến đời sống của chúng ta và của thế giới. Trong cuốn sách đầu tiên của mình kể từ sau cuốn sách bán chạy số 1 David & Goliath, Malcolm Gladwell lại viết tiếp một cuốn sách hướng dẫn nghẹt thở trong những thời đại hỗn mang.",Sách tiếng Việt/Sách kỹ năng sống/Sách tư duy - Kỹ năng sống,781
200852591,sách từ gà mờ thành chuyên gia,"NGUYỄN DUY CẦN, THU GIANG",56000,1,OFFICIAL_STORE,5,15,289,https://tiki.vn/sach-mot-nghe-thuat-song-p200852591.html?spid=200852593,https://salt.tikicdn.com/cache/280x280/ts/product/bb/56/d9/4430990e9b025f9b6ea6b7b15a24abd9.jpg,"Tác phẩm Một nghệ thuật sống nêu lên những quan niệm về cuộc sống và cách sống: sống là gì, lẽ sống của con người, nhận biết chân giá trị của sự vật, hành động để giải thoát…",Sách tiếng Việt/Sách kỹ năng sống/Sách kỹ năng mềm,807
124882605,sách tuổi trẻ đáng giá bao nhiêu,ROSIE NGUYỄN,69100,326534,NONE,0,0,7,https://tiki.vn/sach-tuoi-tre-dang-gia-bao-nhieu-p124882605.html?spid=276017646,https://salt.tikicdn.com/cache/280x280/ts/product/45/2f/1f/9f66d6abdb4f7242176fd4a9584c9e77.jpg,"“Bạn hối tiếc vì không nắm bắt lấy một cơ hội nào đó, chẳng có ai phải mất ngủ.
Bạn trải qua những ngày tháng nhạt nhẽo với công việc bạn căm ghét, người ta chẳng hề bận lòng.
Bạn có chết mòn nơi xó tường với những ước mơ dang dở, đó không phải là việc của họ.
Suy cho cùng, quyết định là ở bạn. Muốn có điều gì hay không là tuỳ bạn.
Nên hãy làm những điều bạn thích. Hãy đi theo tiếng nói trái tim. Hãy sống theo cách bạn cho là mình nên sống.
Vì sau tất cả, chẳng ai quan tâm.”
“Tôi đã đọc quyển sách này một cách thích thú. Có nhiều kiến thức và kinh nghiệm hữu ích, những điều mới mẻ ngay cả với người gần trung niên như tôi.
Tuổi trẻ đáng giá bao nhiêu? được tác giả chia làm 3 phần: HỌC, LÀM, ĐI.
Nhưng tôi thấy cuốn sách còn thể hiện một phần thứ tư nữa, đó là ĐỌC.
Hãy đọc sách, nếu bạn đọc sách một cách bền bỉ, sẽ đến lúc bạn bị thôi thúc không ngừng bởi ý muốn viết nên cuốn sách của riêng mình.
Nếu tôi còn ở tuổi đôi mươi, hẳn là tôi sẽ đọc Tuổi trẻ đáng giá bao nhiêu? nhiều hơn một lần.”
- Đặng Nguyễn Đông Vy, tác giả, nhà báo",Sách tiếng Việt/Sách kỹ năng sống/Sách tư duy - Kỹ năng sống,615
241773344,sách tuổi trẻ đáng giá bao nhiêu,,74529,181979,NONE,0,0,,https://tiki.vn/sach-tuoi-tre-dang-gia-bao-nhieu-p241773344.html?spid=241773346,https://salt.tikicdn.com/cache/280x280/ts/product/2c/23/59/b835aa447f41aa4919b98bb47638d446.jpg,"Tuổi Trẻ Đáng Giá Bao Nhiêu
""Bạn hối tiếc vì không nắm bắt lấy một cơ hội nào đó, chẳng có ai phải mất ngủ.
Bạn trải qua những ngày tháng nhạt nhẽo với công việc bạn căm ghét, người ta chẳng hề bận lòng.
Bạn có chết mòn nơi xó tường với những ước mơ dang dở, đó không phải là việc của họ.
Suy cho cùng, quyết định là ở bạn. Muốn có điều gì hay không là tuỳ bạn.
Nên hãy làm những điều bạn thích. Hãy đi theo tiếng nói trái tim. Hãy sống theo cách bạn cho là mình nên sống.
Vì sau tất cả, chẳng ai quan tâm.""
""Tôi đã đọc quyển sách này một cách thích thú. Có nhiều kiến thức và kinh nghiệm hữu ích, những điều mới mẻ ngay cả với người gần trung niên như tôi.
Tuổi trẻ đáng giá bao nhiêu? được tác giả chia làm 3 phần: HỌC, LÀM, ĐI.
Nhưng tôi thấy cuốn sách còn thể hiện một phần thứ tư nữa, đó là ĐỌC.
Hãy đọc sách, nếu bạn đọc sách một cách bền bỉ, sẽ đến lúc bạn bị thôi thúc không ngừng bởi ý muốn viết nên cuốn sách của riêng mình.
Nếu tôi còn ở tuổi đôi mươi, hẳn là tôi sẽ đọc Tuổi trẻ đáng giá bao nhiêu? nhiều hơn một lần.""",Sách tiếng Việt/Sách kỹ năng sống/Sách tư duy - Kỹ năng sống,934
278007357,sách tuổi trẻ đáng giá bao nhiêu,,69100,326534,NONE,0,0,,https://tiki.vn/sach-tuoi-tre-dang-gia-bao-nhieu-p278007357.html?spid=278751170,https://salt.tikicdn.com/cache/280x280/ts/product/62/4d/f4/bd6c70f98e5e420d7bbb7cb3718db508.jpg,"Tuổi Trẻ Đáng Giá Bao Nhiêu
Tuổi Trẻ Đáng Giá Bao Nhiêu của Rosie Nguyễn, phát hành năm 2021 bởi Nhã Nam và NXB Hội Nhà Văn, là cuốn sách truyền cảm hứng dành cho giới trẻ, khơi dậy tinh thần sống chủ động và theo đuổi đam mê. Với thông điệp mạnh mẽ: “Quyết định là ở bạn, hãy sống theo cách bạn cho là nên sống,” cuốn sách được chia thành ba phần chính – HỌC, LÀM, ĐI – và ngầm ẩn phần thứ tư ĐỌC, khuyến khích việc tự học và sáng tạo. Cuốn sách đã nhận được đánh giá cao từ nhiều độc giả, kể cả những người ngoài độ tuổi thanh xuân.
Nội dung nổi bật của sách
Thông điệp mạnh mẽ: Khuyến khích độc giả nắm bắt cơ hội, vượt qua công việc nhàm chán, và theo tiếng gọi trái tim, vì không ai quan tâm nếu bạn bỏ lỡ cơ hội.
Cấu trúc rõ ràng:
HỌC: Khám phá cách tự học và phát triển bản thân.
LÀM: Hướng dẫn hành động để biến ước mơ thành hiện thực.
ĐI: Khuyến khích trải nghiệm cuộc sống qua hành trình khám phá.
ĐỌC: Gợi ý việc đọc sách để khơi dậy ý muốn sáng tạo và viết nên câu chuyện riêng.
Kinh nghiệm thực tiễn: Chia sẻ kiến thức và trải nghiệm hữu ích, phù hợp với cả người trẻ và người trung niên.
Nhận định nổi bật: Tác giả Đặng Nguyễn Đông Vy khen ngợi sách là nguồn cảm hứng, đặc biệt nếu đọc nhiều lần ở tuổi đôi mươi.
Điểm khác biệt của sách
Phù hợp mọi lứa tuổi: Không chỉ dành cho giới trẻ mà còn có giá trị với người lớn hơn, như nhận định của Đặng Nguyễn Đông Vy.
Khuyến khích hành động: Đặt trọng tâm vào việc tự quyết định và sống theo đam mê, không phụ thuộc vào người khác.
Đa dạng nội dung: Kết hợp học hỏi, làm việc, trải nghiệm, và đọc sách để phát triển toàn diện.
Đối tượng phù hợp
Cuốn sách dành cho:
Giới trẻ đang tìm kiếm định hướng và động lực để sống trọn vẹn tuổi thanh xuân.
Người lớn tuổi muốn nhìn lại và truyền cảm hứng cho thế hệ sau.
Độc giả yêu thích sách phát triển bản thân và các câu chuyện truyền cảm hứng.
Những ai đang bế tắc, cần động lực để thay đổi và theo đuổi đam mê.
Rosie Nguyễn là một tác giả, nhà báo, và người truyền cảm hứng người Việt, nổi tiếng với các cuốn sách về phát triển bản thân. Với kinh nghiệm sống và học hỏi từ nhiều nơi, cô mang đến những góc nhìn thực tế và ý nghĩa, giúp độc giả tìm thấy giá trị trong cuộc sống.
Thông điệp cốt lõi
“Tuổi trẻ đáng giá bao nhiêu? Đáng giá bằng chính những quyết định và hành động của bạn – hãy sống theo cách bạn chọn!”
Tại sao nên sở hữu Tuổi Trẻ Đáng Giá Bao Nhiêu?
Truyền cảm hứng: Động viên độc giả sống chủ động, theo đuổi đam mê và vượt qua bế tắc.
Kiến thức thực tiễn: Cung cấp hướng dẫn học, làm, đi, và đọc để phát triển bản thân.
Giá trị lâu dài: Phù hợp đọc nhiều lần, đặc biệt ở tuổi trẻ, để tìm cảm hứng và định hướng.",Sách tiếng Việt/Sách kỹ năng sống/Sách tư duy - Kỹ năng sống,1390
137941636,sách về nhà,,146955,161219,NONE,0,0,,https://tiki.vn/sach-nxb-tre-ve-nha-p137941636.html?spid=137941654,https://salt.tikicdn.com/cache/280x280/ts/product/ce/a8/d7/3005fe7303c598ae01ed8e9021af858b.jpg,"Bella có hình dáng giống một chú chó lai pitbull, được sinh ra trong ngôi nhà hoang, lớn lên cùng bầy mèo và may mắn được một chàng trai tử tế mang về nuôi dưỡng. Nhưng thị trấn này lại có những quy định ngặt nghèo về nuôi chó pitbull, và chủ nhân của Bella phải gởi tạm chú chó của mình đi nơi khác trong lúc sắp xếp một nơi ở mới. Nhưng Bella không thể chờ được, và quyết chí tìm mọi cách trở về với chủ. Cuộc phiêu lưu vào chốn hoang dã, gặp gỡ kết bạn với các sinh vật trong rừng, cũng như lăn lóc sống trên vỉa hè bắt đầu từ đâ Thông minh, tình nghĩa, hết mực trung thành với người nuôi dưỡng mình, chú chó Bella đã kể lại một câu chuyện vô cùng cảm động về người bạn bốn chân đáng yêu này của con người.
Sách cùng tác giả với series Mục đích sống của một chú chó vô cùng nổi tiếng, có phim do chính tác giả chuyển thể kịch bản - một loạt phim đã lấy đi không ít nước mắt của khán giả trên toàn thế giới.",Sách tiếng Việt/Sách kỹ năng sống/Sách tư duy - Kỹ năng sống,707
137941328,sách về nhà,,141075,161219,NONE,0,0,,https://tiki.vn/sach-nxb-tre-ve-nha-p137941328.html?spid=137941346,https://salt.tikicdn.com/cache/280x280/ts/product/ce/a8/d7/8ed5191242141952f20800c56a8c13ea.jpg,"Bella có hình dáng giống một chú chó lai pitbull, được sinh ra trong ngôi nhà hoang, lớn lên cùng bầy mèo và may mắn được một chàng trai tử tế mang về nuôi dưỡng. Nhưng thị trấn này lại có những quy định ngặt nghèo về nuôi chó pitbull, và chủ nhân của Bella phải gởi tạm chú chó của mình đi nơi khác trong lúc sắp xếp một nơi ở mới. Nhưng Bella không thể chờ được, và quyết chí tìm mọi cách trở về với chủ. Cuộc phiêu lưu vào chốn hoang dã, gặp gỡ kết bạn với các sinh vật trong rừng, cũng như lăn lóc sống trên vỉa hè bắt đầu từ đâ Thông minh, tình nghĩa, hết mực trung thành với người nuôi dưỡng mình, chú chó Bella đã kể lại một câu chuyện vô cùng cảm động về người bạn bốn chân đáng yêu này của con người.
Sách cùng tác giả với series Mục đích sống của một chú chó vô cùng nổi tiếng, có phim do chính tác giả chuyển thể kịch bản - một loạt phim đã lấy đi không ít nước mắt của khán giả trên toàn thế giới.",Sách tiếng Việt/Sách kỹ năng sống/Sách tư duy - Kỹ năng sống,669
225342427,sách vĩ đại do lựa chọn,,66800,111899,OFFICIAL_STORE,0,0,,https://tiki.vn/sach-toi-di-hoc-_first-news-p225342427.html?spid=277357736,https://salt.tikicdn.com/cache/280x280/ts/product/6a/67/ef/bff32802d7fccd32a72aff8371750298.jpg,"Sách Tôi Đi Học
Tôi Đi Học  - Tự truyện đầu tiên của Nhà giáo Ưu tú Nguyễn Ngọc Ký - đã trở thành cuốn sách nâng đỡ tinh thần cho nhiều thế hệ bạn đọc những lúc gặp khó khăn, nghịch cảnh trong cuộc sống. Không đơn thuần là một cuốn tự truyện, Tôi đi học đã trở thành tác phẩm văn học và là cuốn sách mang ý nghĩa xã hội sâu sắc, tác động mạnh mẽ tới nhận thức, suy nghĩ của hàng triệu bạn đọc cả nước.",Sách tiếng Việt/Sách kỹ năng sống/Sách kỹ năng mềm,924
208174356,sách vĩ đại do lựa chọn,,160300,7247,OFFICIAL_STORE,0,0,2,https://tiki.vn/sach-doc-vi-nguoi-la-alphabooks-ban-quyen-p208174356.html?spid=276559157,https://salt.tikicdn.com/cache/280x280/ts/product/5b/05/0e/f34b0dc68884e1e78eb9dd01526f2748.png,"Đọc vị người lạ là một cuộc phiêu lưu trí tuệ kinh điển đậm chất Gladwell, một hành trình đầy thử thách và đa chiều xuyên qua lịch sử, tâm lí và các vụ xì căng đan mà ta từng gặp trên báo chí. Trong đó, Malcolm Gladwell xem xét lại vụ lừa đảo thế kỉ của Bernie Madoff, phiên toà của Amanda Knox, cuộc tự tử của Sylvia Plath, bê bối lạm dụng tình dục trẻ em của Jerry Sandusky ở Đại học Penn State, và cái chết của Sandra Bland - để từ đó ném thẳng những hiểu biết của chúng ta đối với những câu chuyện này và cả những câu chuyện khác vào vòng xoáy ngờ vực.
Có một điều gì đó rất sai, Gladwell lập luận, với những công cụ và những chiến lược mà chúng ta sử dụng để đánh giá về những người chúng ta không biết. Và bởi vì chúng ta không biết cách trò chuyện với những người lạ, chúng ta mời gọi các mâu thuẫn và hiểu lầm theo những cách gây tác động sâu sắc đến đời sống của chúng ta và của thế giới. Trong cuốn sách đầu tiên của mình kể từ sau cuốn sách bán chạy số 1 David & Goliath, Malcolm Gladwell lại viết tiếp một cuốn sách hướng dẫn nghẹt thở trong những thời đại hỗn mang.
Malcolm Gladwell Là tác giả của năm cuốn sách bán chạy nhất theo Tạp chí The New York Times: Điểm bùng phát, Trong chớp mắt, Những kẻ xuất chúng, Chú chó nhìn thấy gì, và David và Goliath.
Ông là người dẫn chương trình của chương trình podcast Revisionist History và là cây viết cơ hữu của tạp chí The New Yorker.
Ông được bình chọn là một trong 100 người có tầm ảnh hưởng nhất theo tạp chí Time và là một trong những tư tưởng gia hàng đầu thế giới của tạp chí Foreign Policy. Trước đó, ông là phóng viên của Washington Post, chuyên viết về mảng kinh doanh và khoa học, sau đó đảm nhận vị trí trưởng văn phòng của toà báo này ở Thành phố New York. Ông tốt nghiệp trường Trinity College, Đại học Toronto, chuyên ngành lịch sử. Gladwell sinh ra ở nước Anh và lớn lên ở vùng ngoại ô Ontario. Hiện tại ông sống ở New York.
Sách - Đọc vị người lạ",Sách tiếng Việt/Sách kỹ năng sống/Sách tư duy - Kỹ năng sống,838
7833005,sách vì sao bạn ế?,SARA ECKEL,61700,1,OFFICIAL_STORE,3.6,6,236,https://tiki.vn/sach-vi-sao-ban-e-p7833005.html?spid=7833006,https://salt.tikicdn.com/cache/280x280/ts/product/4d/3a/6c/6e45eb8bed569d5b95e93c5dd4077c3f.jpg,"Cuốn sách là một “bản tuyên ngôn” đầy khí thế đáp trả lại cả thế giới – nơi luôn gắn giá trị người phụ nữ với tình trạng hôn nhân. Từ kinh nghiệm sống của mình, qua các bài phỏng vấn những người độc thân khác, cùng các bài nghiên cứu Tâm lý học và Xã hội học, tác giả Sara Eckel – một phụ nữ sống độc thân trong gần 40 năm, đã đúc rút ra rằng: Mối quan hệ tình cảm chỉ là do may mắn.
Cô lật tẩy những lời buộc tội sai trái mà những người xung quanh đổ lên đầu phụ nữ độc thân: Họ không tìm được một nửa của đời mình vì họ quá độc lập, quá tự ti, quá kén chọn, quá già,… Cô chứng minh những lời buộc tội đó là sai, khuyến khích những phụ nữ độc thân luôn có lòng trắc ẩn với bản thân, không dao động trước những lời bàn tán xung quanh mình, chỉ cần là chính mình và sống hạnh phúc.
“Cô đơn không phải một chứng bệnh… Cô đơn cũng giống như cảm giác đói khát – nó là phản ứng tự nhiên của con người với ý nghĩa đơn giản báo hiệu người đó cần được nuôi dưỡng. ”
“Chìa khoá cho hạnh phúc hôn nhân không phải là tìm được người ‘bình thường’ mà là người tâm đầu ý hợp với mình.”
“Hạnh phúc vẫn song hành với tôi suốt thời gian đó. Vấn đề là tôi đã quá kén chọn loại hạnh phúc mình muốn đến nỗi thường xuyên phá hỏng những điều tốt đẹp.”
“Chỉ khi nào dừng lại việc phân tích tính cách mình, ngừng lật đi lật lại những mối quan hệ trước đó, thì khi ấy bạn mới giải phóng được tâm trí mình. Khi không để những lời nói bên ngoài khiến mình sợ hãi – ‘Trói chặt anh chàng đó đi!’ ‘Cậu làm sao trẻ lại được nữa!’ ‘Cậu nghĩ mình là ai?’ – bước đầu bạn sẽ hiểu được ai và điều gì hợp với mình.",Sách tiếng Việt/Sách kỹ năng sống/Sách tư duy - Kỹ năng sống,173
74855023,sách vì sao bạn ế?,NGUYỄN NGỌC KÝ,60800,2918,OFFICIAL_STORE,4.8,17,103,https://tiki.vn/sach-toi-di-hoc-tai-ban-2019-p74855023.html?spid=85185305,https://salt.tikicdn.com/cache/280x280/ts/product/6a/67/ef/bff32802d7fccd32a72aff8371750298.jpg,"Tôi Đi Học (Tái Bản) - Tự truyện đầu tiên của Nhà giáo Ưu tú Nguyễn Ngọc Ký - đã trở thành cuốn sách nâng đỡ tinh thần cho nhiều thế hệ bạn đọc những lúc gặp khó khăn, nghịch cảnh trong cuộc sống. Không đơn thuần là một cuốn tự truyện, Tôi đi học đã trở thành tác phẩm văn học và là cuốn sách mang ý nghĩa xã hội sâu sắc, tác động mạnh mẽ tới nhận thức, suy nghĩ của hàng triệu bạn đọc cả nước.",Sách tiếng Việt/Sách kỹ năng sống/Sách kỹ năng mềm,393
74173570,sách vươn đến sự hoàn thiện,,84400,1,OFFICIAL_STORE,4.8,16,72,https://tiki.vn/sach-vuon-den-su-hoan-thien-tai-ban-p74173570.html?spid=74173571,https://salt.tikicdn.com/cache/280x280/ts/product/96/ce/cb/5cd110f961f1887cf2bb552b0e746d41.jpg,"Trong cuộc sống chúng ta ai cũng có một uớc mơ cho một ngày mai thật đẹp, dù bình dị hay phi thường. Những ước mơ đáng quý, đáng trân trọng đó luôn là niềm hy vọng, là nguồn động lực và niềm tin lớn nhất cho mỗi người để sống, để cảm nhận và hướng đến ngày mai. Có ba điều chính yếu tạo nên một cuộc sống viên mãn, đó là niềm đam mê cháy bỏng, nỗ lực hết mình và mục đích cuối cùng. Thực tế đã chứng minh rằng không ai có thể duy trì được động lực của mình trong một thời gian dài mà không hiểu rõ ba khái niệm trên. Zig Ziglar, tác giả của cuốn sách Better Than Good - Vươn Đến Sự Hoàn Thiện cũng cho rằng không ai thụ hưởng một cuộc sống viên mãn mà không cần đến một động lực nào.
Dẫu trải qua bao đổi thay trên đường đời, Zig Ziglar vẫn luôn kiên định với điều mà ông gọi là sứ mệnh của mình: giúp đỡ người khác thực hiện ước mơ và theo đuổi mục đích sống tốt đẹp. Và Better Than Good được viết ra từ kinh nghiệm của hơn 50 năm bán hàng, làm diễn giả, tác giả và đẳng cấp thế giới của ông, sẽ giúp bạn biết cách chế ngự nỗi sợ hãi, quẳng đi nỗi lo âu và tâm lý thất bại để vươn đến một cuộc sống viên mãn, cả về vật chất và tinh thần, sức khoẻ và tâm hồn…
Cuốn sách giúp chúng ta biết cách kết nối ba yếu tố đam mê cháy bỏng, nỗ lực hết mình và mục đích tối thượng lại với nhau. Dù là trong các hoạt động thể thao, kinh doanh, nghiên cứu khoa học, y học, giáo dục, phục vụ cộng đồng, thì không có người nào làm việc hết sức mình mà lại không mảy may có một chút đam mê. Trên bước đường vươn đến cuộc sống viên mãn, rất có thể bạn sẽ gặp thất bại, sẽ nản lòng thoái chí, bị lợi dụng, bị bạn bè chơi khăm, bị vắt kiệt cả tiền tài lẫn sức lực… Dường như lúc nào cũng có những nguyên nhân rất thuyết phục khiến chúng ta phải chùn bước và muốn buông bỏ. Những lúc như vậy, nếu không có niềm đam mê thực sự, có thể bạn sẽ bỏ cuộc nửa chừng.
Đó chính là lý do tại sao niềm đam mê lại là điều tiên quyết cần có trong ba yếu tố kể trên.
Tiếp đến là sự nỗ lực hết mình. Điều này phụ thuộc rất nhiều vào niềm đam mê, tính kiên nhẫn, lòng quyết tâm và thái độ sẵn sàng làm việc cho đến khi bạn có thể vận hành mọi cỗ máy một cách trơn tru, như ý. Nỗ lực hết mình thực sự chịu ảnh hưởng từ những yếu tố như thể chất, tinh thần, công việc và gia đình của bạn.
Yếu tố thứ ba - mục đích - chính là chìa khoá mở ra một cuộc sống viên mãn. Đây là một vấn đề không hề đơn giản chút nào. Do những rào cản từ phía gia đình, xã hội hay do khả năng tài chính hạn hẹp, có thể sẽ rất khó khăn nếu bạn muốn chuyển hướng và bắt tay vào thực hiện những điều mình hằng ấp ủ, mong muốn. Vâng, đúng là khó khăn thật đấy… nhưng đó không phải là việc bất khả thi. Và một điều chắc chắn rằng, nếu bạn thực sự đam mê một điều gì đó - và nếu bạn xem đó là sứ mệnh mà bạn phải hoàn thành - thì bạn sẽ làm được.
Với phần nội dung bàn luận sâu về mục đích - từ định nghĩa cho đến cách thức xác định mục đích. Và, mục đích có thể thay đổi cuộc đời chúng ta như thế nào? Phần III của quyển sách này - Mục đích của cuộc sống viên mãn - bạn sẽ khám phá ra những điều thú vị và độc đáo mà rất ít người quan tâm. Từ những chân giá trị và tầm quan trọng của việc xác định mục đích tối thượng của cuộc sống mà tác giả đã nhìn nhận được, ông chia sẻ với bạn đọc những ý niệm về nhân sinh, về cuộc đời. Từ đó, mỗi người có thể sống trọn vẹn với niềm đam mê, để nỗ lực hết mình và đạt được những gì mà bạn cho là mục đích của cuộc đời.",Sách tiếng Việt/Sách kỹ năng sống/Sách kỹ năng mềm,388
275398032,sách vươn đến sự hoàn thiện,,108000,326683,NONE,0,0,,https://tiki.vn/sach-vuon-den-su-hoan-thien-first-news-p275398032.html?spid=277612804,https://salt.tikicdn.com/cache/280x280/ts/product/f4/e8/08/5c8a78607337b55df24f7872350c0088.jpg,"VƯƠN ĐẾN SỰ HOÀN THIỆN
Trong cuộc sống chúng ta ai cũng có một uớc mơ cho một ngày mai thật đẹp, dù bình dị hay phi thường. Những ước mơ đáng quý, đáng trân trọng đó luôn là niềm hy vọng, là nguồn động lực và niềm tin lớn nhất cho mỗi người để sống, để cảm nhận và hướng đến ngày mai. Có ba điều chính yếu tạo nên một cuộc sống viên mãn, đó là niềm đam mê cháy bỏng, nỗ lực hết mình và mục đích cuối cùng. Thực tế đã chứng minh rằng không ai có thể duy trì được động lực của mình trong một thời gian dài mà không hiểu rõ ba khái niệm trên. Zig Ziglar, tác giả của cuốn sách Better Than Good - Vươn Đến Sự Hoàn Thiện cũng cho rằng không ai thụ hưởng một cuộc sống viên mãn mà không cần đến một động lực nào.
Dẫu trải qua bao đổi thay trên đường đời, Zig Ziglar vẫn luôn kiên định với điều mà ông gọi là sứ mệnh của mình: giúp đỡ người khác thực hiện ước mơ và theo đuổi mục đích sống tốt đẹp. Và Better Than Good được viết ra từ kinh nghiệm của hơn 50 năm bán hàng, làm diễn giả, tác giả và đẳng cấp thế giới của ông, sẽ giúp bạn biết cách chế ngự nỗi sợ hãi, quẳng đi nỗi lo âu và tâm lý thất bại để vươn đến một cuộc sống viên mãn, cả về vật chất và tinh thần, sức khoẻ và tâm hồn…
Cuốn sách giúp chúng ta biết cách kết nối ba yếu tố đam mê cháy bỏng, nỗ lực hết mình và mục đích tối thượng lại với nhau. Dù là trong các hoạt động thể thao, kinh doanh, nghiên cứu khoa học, y học, giáo dục, phục vụ cộng đồng, thì không có người nào làm việc hết sức mình mà lại không mảy may có một chút đam mê. Trên bước đường vươn đến cuộc sống viên mãn, rất có thể bạn sẽ gặp thất bại, sẽ nản lòng thoái chí, bị lợi dụng, bị bạn bè chơi khăm, bị vắt kiệt cả tiền tài lẫn sức lực… Dường như lúc nào cũng có những nguyên nhân rất thuyết phục khiến chúng ta phải chùn bước và muốn buông bỏ. Những lúc như vậy, nếu không có niềm đam mê thực sự, có thể bạn sẽ bỏ cuộc nửa chừng.
Đó chính là lý do tại sao niềm đam mê lại là điều tiên quyết cần có trong ba yếu tố kể trên.
Tiếp đến là sự nỗ lực hết mình. Điều này phụ thuộc rất nhiều vào niềm đam mê, tính kiên nhẫn, lòng quyết tâm và thái độ sẵn sàng làm việc cho đến khi bạn có thể vận hành mọi cỗ máy một cách trơn tru, như ý. Nỗ lực hết mình thực sự chịu ảnh hưởng từ những yếu tố như thể chất, tinh thần, công việc và gia đình của bạn.
Yếu tố thứ ba - mục đích - chính là chìa khoá mở ra một cuộc sống viên mãn. Đây là một vấn đề không hề đơn giản chút nào. Do những rào cản từ phía gia đình, xã hội hay do khả năng tài chính hạn hẹp, có thể sẽ rất khó khăn nếu bạn muốn chuyển hướng và bắt tay vào thực hiện những điều mình hằng ấp ủ, mong muốn. Vâng, đúng là khó khăn thật đấy… nhưng đó không phải là việc bất khả thi. Và một điều chắc chắn rằng, nếu bạn thực sự đam mê một điều gì đó - và nếu bạn xem đó là sứ mệnh mà bạn phải hoàn thành - thì bạn sẽ làm được.
Với phần nội dung bàn luận sâu về mục đích - từ định nghĩa cho đến cách thức xác định mục đích. Và, mục đích có thể thay đổi cuộc đời chúng ta như thế nào? Phần III của quyển sách này - Mục đích của cuộc sống viên mãn - bạn sẽ khám phá ra những điều thú vị và độc đáo mà rất ít người quan tâm. Từ những chân giá trị và tầm quan trọng của việc xác định mục đích tối thượng của cuộc sống mà tác giả đã nhìn nhận được, ông chia sẻ với bạn đọc những ý niệm về nhân sinh, về cuộc đời. Từ đó, mỗi người có thể sống trọn vẹn với niềm đam mê, để nỗ lực hết mình và đạt được những gì mà bạn cho là mục đích của cuộc đời.",Sách tiếng Việt/Sách kỹ năng sống/Sách tư duy - Kỹ năng sống,1251
22367144,sách vượt qua bản ngã,MIKE ROHDE,179000,126688,NONE,0,2,,https://tiki.vn/sach-sketchnote-thuc-hanh-tang-kem-bookmark-tiki-p22367144.html?spid=263271797,https://salt.tikicdn.com/cache/280x280/ts/product/e3/c2/e2/b4589b04c90a3b614d332ffb602e3fab.jpg,"Nếu muốn bắt đầu tìm hiểu về kỹ thuật sketchnote, đây là cuốn sách hướng dẫn tốt nhất dành cho bạn.
Sketchnote lý thuyết minh hoạ đầy đủ về câu chuyện sketchnote – tại sao và cách nào bạn có thể sử dụng chúng để nắm bắt tư duy của mình một cách trực quan, ghi nhớ thông tin rõ ràng hơn và chia sẻ những gì bạn ghi chép cho những người khác. Cuốn sách cũng giải thích các kỹ thuật sketchnote cho việc ghi chú trực quan theo tốc độ ghi chép của bạn cũng như trong thời gian diễn ra sự kiện. Tác giả Mike Rohde cũng cho bạn thấy cách kết hợp các kỹ thuật này vào quá trình ghi chép – bất kể khả năng nghệ thuật của bạn ra sao – để giúp bạn xử lý thông tin mà bạn đang nghe tốt hơn và biến quá trình ghi chép vốn nhàm chán trở nên thú vị.
Mike Rohde là một nhà thiết kế giao diện và trải nghiệm, làm việc cho Gomoll Research + Design. Ông có niềm đam mê với các giải pháp thiết kế đơn giản và hữu dụng, điều đó đã truyền cảm hứng cho ông phát triển các bản sketchnote – một nghệ thuật giúp “phiên dịch” những ý tưởng đơn giản và phức tạp thành những thông tin dễ nhớ. Ông từng tạo ra các bản sketchnote trực tiếp cho các sự kiện lớn như SXSW, World Domination Summit",Sách tiếng Việt/Sách kỹ năng sống/Sách tư duy - Kỹ năng sống,245
36085778,sách vượt qua bản ngã,"RENEE BARON, ELIZABETH WAGELE",76900,1,OFFICIAL_STORE,4.7,95,838,https://tiki.vn/sach-doc-vi-tinh-cach-p36085778.html?spid=36085779,https://salt.tikicdn.com/cache/280x280/ts/product/1c/01/5e/cd2a364730544df990cd4cfe76083df5.jpg,"Đọc vị tính cách là một cuốn sách giúp bạn dễ dàng tìm hiểu, phân loại tính cách không chỉ cho chính mình mà còn cả cho người khác, áp dụng được cả cho chuyên gia lẫn người mới bắt đầu. Các hướng dẫn dí dỏm, hài hước, bài tập trực quan phong phú nhằm kiểm tra tính cách chắc chắn sẽ đem đến cho bạn những trải nghiệm thú vị và vui nhộn.
Có 9 kiểu tính cách cơ bản được nhắc đến:
Người cầu toàn: Người cầu toàn được thúc đẩy bởi nhu cầu sống một cuộc đời đúng đắn, luôn muốn cải thiện bản thân mình và những người khác, ít khi nóng giận.
Người giúp đỡ: Người giúp đỡ được thúc đẩy bởi nhu cầu được yêu thương và hiểu rõ giá trị, thích thể hiện những cảm nhận tốt đẹp của mình với người khác cũng như không muốn bị coi là hay đòi hỏi.
Người cầu tiến: Người cầu tiến được thúc đẩy bởi nhu cầu đạt được năng suất cao để vươn tới thành công, ghét sự thất bại.
Người lãng mạn: Người lãng mạn có mong muốn hiểu và được hiểu để tìm thấy ý nghĩa của cuộc sống và không muốn bị coi là tầm thường.
Người quan sát: Người quan sát là kiểu người muốn biết rành rẽ mọi điều, không phụ thuộc và ghét bị làm phiền, tránh rơi vào tình thế không tìm được câu trả lời và trông giống như kẻ ngốc.
Người đa nghi: Người đa nghi thích được khen ngợi, quan tâm và không muốn bị coi là kẻ nổi loạn.
Người phiêu lưu: Người phiêu lưu có nhu cầu được hạnh phúc và thường lên kế hoạch về những điều vui vẻ, muốn đóng góp cho thế giới, ghét phải chịu đựng và đau khổ.
Người quyết đoán: Người quyết đoán thích sống độc lập và mạnh mẽ, tác động tới thế giới và không muốn trở nên yếu đuối.
Người ôn hoà: Người ôn hoà được thúc đẩy bởi nhu cầu giữ cho không khí luôn hoà bình, hoà hợp với người khác và tránh xảy ra xung đột.
Được mệnh danh là “Bí quyết chinh phục mọi mục tiêu” (theo Susan Cain), cuốn sách này sẽ giúp bạn:
Nắm bắt cặn kẽ tâm lý của đối tượng mà bạn quan tâm.
Giúp bạn định hướng công việc phù hợp với tính cách
Cha mẹ có thể hiểu hơn về tính cách con cái, từ đó có phương pháp giáo dục và quản lý phù hợp.",Sách tiếng Việt/Sách kỹ năng sống/Sách tư duy - Kỹ năng sống,297
