product_id,product_name,authors,price,seller_id,seller_type,rating_average,review_count,order_count,url,image,description,type_book,product_index
12416734,"sách đọc sách, điểm sách",NGUYỄN NGỌC SƠN,40000,1,OFFICIAL_STORE,4.5,16,206.0,https://tiki.vn/doc-sach-diem-sach-p12416734.html?spid=12416735,https://salt.tikicdn.com/cache/280x280/ts/product/49/85/9d/acb55141fd5ee83e606cdea42d8f93c3.jpg,"Đọc sách - đó là bạn đang trải nghiệm. Điểm sách - đó là bạn đang đúc kết trải nghiệm của mình. Người thì dùng nó để lưu giữ những cảm xúc bên trong, cũng có có người dùng nó để biểu đạt ra bên ngoài, khuyến khích người khác tìm đọc và rút tỉa những bài học khôn ngoan cho riêng mình
Làm thể nào để đọc cho dễ hiểu và viết cho thật hay?
Review là điểm sách hay giới thiệu sách?
Đặt tiêu đề thế nào cho cuốn hút?
Các bí quyết để viết một bài review hấp dẫn. Tất cả câu hỏi trên sẽ được trình bày một cách rõ ràng và chi tiết trong Đọc sách - Điểm sách.",Sách tiếng Việt/Sách kỹ năng sống/Sách tư duy - Kỹ năng sống,63
10752430,sách thay đổi,"CHIP HEATH, DAN HEATH",84000,1,OFFICIAL_STORE,4.5,19,370.0,https://tiki.vn/sach-thay-doi-p10752430.html?spid=10752431,https://salt.tikicdn.com/cache/280x280/ts/product/23/ff/dc/b80980c2b7223acaf5a03602cb985d05.jpg,"THAY ĐỔI bàn về cách thức thực hiện sự thay đổi, khi sức ỳ và những thói quen đã trở nên thâm căn cố đế. Toàn bộ “triết lý” của cuốn sách tập trung vào 3 ý chính:
- Định hướng cho Người Quản Tượng: tác động đến lý trí bằng cách tìm kiếm gương sáng, chỉ rõ mục tiêu.
- Động viên Con Voi: tác động đến cảm xúc.
- Tạo dựng Con Đường: phá vỡ môi trường cũ, điều chỉnh môi trường, quy tụ đồng minh để tạo điều kiện cho thay đổi diễn ra.
Cuốn sách đưa ra những ví dụ sinh động - có cả những ví dụ liên quan đến Việt Nam - để minh hoạ cho ý tưởng. Ngoài ra còn có những bài thực hành để ứng dụng các ý này vào trường hợp thực tế. Sách dễ đọc, dễ hiểu và dễ ứng dụng vào thực tế.",Sách tiếng Việt/Sách kỹ năng sống/Sách tư duy - Kỹ năng sống,56
273386447,sách lẽ sống,TARA SWART,54400,1,OFFICIAL_STORE,5.0,8,80.0,https://tiki.vn/sach-le-song-p273386447.html?spid=273386451,https://salt.tikicdn.com/cache/280x280/ts/product/dd/fc/a1/dc4cf95ae2348980d08949cdeeb8b2ba.jpg,"- Việc tin yêu cuộc sống không chỉ có ý nghĩa mà còn khả thi trong mọi hoàn cảnh -
Nhà thần kinh học, bác sĩ tâm thần người Áo Viktor Frankl đang ở đỉnh cao trong cả sự
nghiệp và hạnh phúc cá nhân khi mồi lửa của chiến tranh thế giới thứ hai tàn phá quê hương
ông. Viktor Frankl đã mất tất cả trong ba năm bị giam cầm, hành hạ trong các trại tập trung
của Đức quốc xã. Những trải nghiệm kinh hoàng của trại tập trung và những đau thương, mất
mát không những không quật ngã được Viktor Frankl, mà còn trở thành nguồn động lực giúp
ông cho ra đời một trong những học thuyết và liệu pháp quan trọng, ý nghĩa nhất của tâm lý
học: “Liệu pháp ý nghĩa – Logotherapy”.
Sau khi rời khỏi tập trung, tác giả cuốn sách “Đi tìm lẽ sống” đã cống hiến toàn bộ thời gian
và trí lực cho công tác bệnh viện, viết sách, giáo dục cho người trưởng thành, tổ chức các
buổi diễn thuyết xoay quanh chủ đề ý nghĩa cuộc sống.
Cuốn sách “Lẽ sống” tập hợp ba bài giảng của Viktor Frankl vào năm 1946, tập trung vào
những phần quan trọng nhất và có giá trị phổ quát nhất trong chuỗi bài diễn thuyết của ông,
cô đọng toàn bộ tư tưởng mà vị bác sĩ, nhà trị liệu lừng danh này đã trình bày trong các ấn
phẩm về sau. Có thể nói, đặt cạnh những tên tuổi lẫy lừng như Sigmund Freud hay Alfred
Adler, cái tên Viktor Frankl từ lâu đã là trở thành biểu tượng của sức sống và niềm tin.
Lẽ sống chia thành ba phần chính, xoay quanh ý nghĩa cuộc đời trong những hoàn cảnh khác
nhau, xét theo nhiều khía cạnh.
Ở phần thứ nhất “Luận về ý nghĩa và giá trị cuộc đời” xoay quanh vấn đề tự sát và ý nghĩa
cuộc sống trong những hoàn cảnh mà giá trị sự sống đã bị triệt tiêu, về tính độc nhất và tính
cá nhân của mỗi người. Chính tính độc nhất và tính cá nhân của con người tạo ra giá trị cho
họ, một giá trị liên quan tới cộng đồng và không bao giờ đánh mất ý nghĩa dẫu mọi thứ khác
đã bị tước đi. Từ đó, Frankl đi đến kết luận rằng chúng ta sống là để bị tra vấn, để trả lời câu
hỏi cuộc đời, rằng mỗi người phải có trách nhiệm với sự tồn tại của chính mình, rằng cuộc
sống là nhiệm vụ được giao phó cho chúng ta trong từng khoảnh khắc – nhiệm vụ càng khó
khăn thì cuộc sống càng thêm ý nghĩa, và nếu cuộc sống có ý nghĩa thì đau khổ cũng có ý
Trong các tác phẩm viết và cả những bài diễn thuyết của mình, Frank không ngừng động viên
chúng ta quay về tìm gặp chính mình khi mà số phận đã tước đi của ta mọi thứ không thiết
yếu. Khi “tiền bạc, quyền bính, danh vọng… trở thành những thứ bấp bênh” hoặc bị tước
đoạt hoàn toàn, khi cuộc sống không còn cho ta lựa chọn nào khác, ta buộc phải quay về với
chính mình. Frankl luôn tin tưởng một cách sâu sắc rằng mỗi con người đều được thôi thúc
bởi khao khát tìm ra ý nghĩa cuộc sống, và ông tin rằng về với chính mình là bước đầu tiên
trên con đường đi tìm ý nghĩa ấy.
Còn trong “Luận về ý nghĩa và giá trị cuộc đời” tác giả tập trung tìm kiếm ý nghĩa cuộc đời
trong hoàn cảnh bệnh tật, đau khổ và cái chết. Frankl cũng dành một dung lượng lớn để bàn
về thẩm quyền của bác sĩ đối với sinh mệnh của bệnh nhân, về giá trị của sinh mệnh, lấy đó
làm luận điểm bổ sung cho kết luận của phần trước về giá trị con người, “trong đó con người,
với tư cách là một cá thể độc nhất luôn hướng về chính mình, vẫn có thể đạt được giá trị và ý
nghĩa cuộc đời: đó là thông qua con đường yêu thương, hoặc tốt hơn là được yêu thương”.
Cuối cùng, Frankl đi đến kết luận rằng ý nghĩa cuộc đời là có tính tuyệt đối và bất biến.
“Thí nghiệm quyết định” là phần nói về những trải nghiệm trong trại tập trung, về tác động
của số phận, về quá trình tư tưởng của tác giả để đi đến những kết luận về ý nghĩa cuộc đời
và hình thành Liệu pháp ý nghĩa. Từ quan sát và chiêm nghiệm về trải nghiệm của người tù,
Frankl điểm qua các quá trình tâm lý của con người khi đối diện với hoàn cảnh bị triệt tiêu
nhân phẩm và cái chết chực chờ, từ đó ông đi đến kết luận rằng con người vốn sở hữu thứ tự
do bất biến, bất diệt, không thể tước đoạt bởi hoàn cảnh, rằng người ta chỉ thật sự sụp đổ khi
đánh mất điểm tựa nội tại của mình.
Cũng trong quan sát này, Frankl đặt liệu pháp tâm lý của mình vào một thí nghiệm quyết
định, có thể chứng minh liệu pháp này là đúng và loại trừ được mọi lập luận phản bác. Cay
đắng nhưng cũng tài tình thay, chính tình cảnh tù đày lại cho Frankl đầy đủ điều kiện để xây
dựng, khảo sát và chứng minh cho liệu pháp của mình. Con người đi qua hầu hết mọi đau khổ
của đời người ấy, đủ sức thông thấu ý nghĩa của đau khổ, tính độc nhất và cá nhân của đau
khổ, mạnh mẽ kết luận rằng việc tin yêu cuộc sống không chỉ có ý nghĩa trong mọi hoàn cảnh
mà còn khả thi trong mọi hoàn cảnh.
Mục đích của cuốn sách này là gửi gắm đến quý độc giả thông điệp rằng con người – mặc
cho những thử thách cam go và cái chết, mặc cho nỗi đau khổ từ bệnh tật thể chất hay tinh
thần, mặc cho sự tàn nhẫn của số phận trong trại tập trung – vẫn có thể tin yêu cuộc sống, dẫu
có thế nào.
Viktor E. Frankl (1905-1997) là Giáo sư Thần kinh học và Tâm thần học tại Đại học
Vienna. Trong 25 năm, ông là người đứng đầu Phòng khám thần kinh Vienna. ""Liệu pháp
thứ ba ở Vienna"". 40 cuốn sách của Frankl được dịch ra 54 thứ tiếng, trong đó cuốn sách ""Đi
tìm lẽ sống"" của ông đã bán được hàng triệu bản và được xếp vào danh sách ""mười cuốn sách
có ảnh hưởng nhất ở Mỹ"".",Sách tiếng Việt/Sách kỹ năng sống/Sách kỹ năng mềm,172
10118596,sách hacker lược sử,STEVEN LEVY,259000,295057,NONE,0.0,58,,https://tiki.vn/sach-hacker-luoc-su-p10118596.html?spid=207290554,https://salt.tikicdn.com/cache/280x280/ts/product/a9/23/d7/7d8612e8ba7e475a5cbab2c6cae7dcc6.jpg,"Cuốn sách nói về những nhân vật, cỗ máy, sự kiện định hình cho văn hoá và đạo đức hacker từ những hacker đời đầu ở đại học MIT.
Câu chuyện hấp dẫn bắt đầu từ các phòng thí nghiệm nghiên cứu máy tính đầu tiên đến các máy tính gia đình.
Tập hợp tài liệu cập nhật từ các tin tặc nổi tiếng như Bill Gates, Mark Zuckerberg, Richard Stallman…
Những sự thật về cuộc sống và con đường trở thành “tin tặc” của những con người đã thay đổi lịch sử phát triển của ngành Công nghệ.
Cuốn  sách của Steven Levy ghi lại những chiến công của các tin tặc thời kỳ đầu trong cuộc cách mạng máy tính - những kẻ mê máy tính thông minh và lập dị từ cuối những năm 1950 đến đầu thập niên 1980, dám mạo hiểm, bẻ cong quy tắc và đẩy thế giới vào một hướng đi hoàn toàn mới.",Sách tiếng Việt/Sách kỹ năng sống/Sách tư duy - Kỹ năng sống,50
3858595,sách không giới hạn,JOHN C. MAXWELL,143000,7247,OFFICIAL_STORE,0.0,38,12.0,https://tiki.vn/sach-khong-gioi-han-p3858595.html?spid=70715172,https://salt.tikicdn.com/cache/280x280/ts/product/c0/21/cb/da52d53e76aa0f1ed0a4c0012ee08a71.jpg,Không Giới Hạn,Sách tiếng Việt/Sách kỹ năng sống/Sách tư duy - Kỹ năng sống,37
3653513,sách định vị bản thân,ANH TUAN LE,99000,82087,NONE,0.0,40,3.0,https://tiki.vn/sach-dinh-vi-ban-than-p3653513.html?spid=88942825,https://salt.tikicdn.com/cache/280x280/ts/product/26/e0/94/076afbdef2f0755f560e30d55b3a555b.jpg,"Định Vị Bản Thân
Cuốn sách là cẩm nang hướng dẫn các bước xây dựng thương hiệu cá nhân trên mạng xã hội nói riêng cũng như các nguyên lý xây dựng thương hiệu cá nhân nói chung, thông qua những trải nghiệm thực tế của tác giả trong quá trình tự xây dựng thương hiệu cá nhân cho bản thân từ con số 0.
Qua những hướng dẫn hết sức cụ thể, thực tế, kết hợp với hệ thống bài tập xuyên suốt để người đọc có thể vừa đọc vừa thực hành xây dựng thương hiệu cá nhân cho riêng mình, cuốn sách là bí kíp hữu ích cho các bạn trẻ đang muốn xây dựng thương hiệu cá nhân, khẳng định hình ảnh, vị trí của mình trong bất cứ ngành nghề, lĩnh vực nào.
Sách bao gồm 3 chương: Tôi là ai và đây là đâu? (giới thiệu về tác giả và bối cảnh xây dựng thương hiệu cá nhân hiện tại trên mạng xã hội), “Lên đồ” (các bước chuẩn bị để xây dựng thương hiệu cá nhân), Hành động, thực thi (các bước hành động để xây dựng thương hiệu cá nhân).
“Đừng theo đuổi mục tiêu của người khác, hãy theo đuổi mục tiêu của chính mình. Khi nghĩ về tương lai, đừng nghĩ về công việc bạn sẽ làm có tên là gì, hãy nghĩ xem bạn đang theo đuổi giá trị gì, điều gì làm bạn vui, điều gì bạn có thể làm để đóng góp cho xã hội.”
“Mỗi người sẽ có một hướng đi khác nhau trong sự nghiệp. Dù bạn chọn con đường nào, tôi mong bạn sẽ luôn vui và hạnh phúc với quyết định đó.”
“Thương hiệu cá nhân thật ra không bắt đầu từ đâu xa xôi cả, nó bắt đầu từ những gì mà chúng ta thích làm mỗi ngày.”
“Nếu bạn đọc quyết định đọc cuốn sách này và muốn làm thương hiệu cá nhân giống như tôi, tip duy nhất tôi có đó là luôn thành thật và luôn là chính mình.”",Sách tiếng Việt/Sách kỹ năng sống/Sách tư duy - Kỹ năng sống,33
2014917,sách 28,JEONG YOU- JEONG,128000,326534,NONE,0.0,34,2.0,https://tiki.vn/sach-28-p2014917.html?spid=251585722,https://salt.tikicdn.com/cache/280x280/ts/product/5f/b8/de/74e8fada45b479bc75916999553372d4.jpg,"""Chuyện sống còn, ấy không phải là vấn đề có thể lựa chọn. Đó là bản năng. Bản năng của tất cả mọi tạo vật có sinh mệnh. Đó chính là đặc tính nghiệt ngã và cũng là nỗi buồn của sự sống.""
Khởi nguồn từ cái chết bất thường sau khi bị chó cắn của một người đàn ông làm nghề phối giống chó, đột ngột bùng phát căn bênh ""Mắt Đỏ"" với những triệu chứng kỳ lại: tròng mắt sưng đỏ, toàn thân đầy vết máu tụ, khiến Hwa Yang bỗng chốc từ một thành phố yên bình ven thủ đô Seoul biến thành một ốc đảo giữa lòng thảm hoạ. Bị chính phủ phong toả kìm kẹp, phải giành giật tìm mọi kế sinh tồn, giãy giụa chống chọi với bênh tật, với chính quyền, với nhau và với chính mình là hàng triệu người dân Hwa Yang cùng hàng nghìn những sự-sống-khác-con-người ở Hwa Yang.
Tất cả diễn ra trong 28 ngày. Đủ dàu cho những bản tin hờ hững lướt qua cuộc sống yên bình bên ngoài Hwa Yang. Nhưng quá dài để một thành phố bị càn quét bởi bệnh tật lây lan, nhân tính suy đồi và mưu toan chính trị.
Quy mô, tàn khốc, đôi lúc đẩy giới hạn chịu đựng của người đọc lên tới cực điểm với 28, Jeong You-Jeong khẳng định ngòi bút uy lực của mình khi không ngừng tiến sâu khám phá những góc khuất khó lường ở con người.",Sách tiếng Việt/Sách kỹ năng sống/Sách tư duy - Kỹ năng sống,28
12138654,sách kế hoạch bí ngô,MIKE MICHALOWICZ,110500,1,OFFICIAL_STORE,4.8,117,1038.0,https://tiki.vn/sach-ke-hoach-bi-ngo-p12138654.html?spid=12138655,https://salt.tikicdn.com/cache/280x280/ts/product/ac/92/4f/a717cf0730ea41a1b884476582d3d97d.png,"Kế hoạch Bí ngô là cuốn sách “hoàn hảo” dành cho:
Những cá nhân đang dành trọn tâm huyết để gây dựng một doanh nghiệp thành công rực rỡ;
Những doanh nhân đang kiệt quệ vì giấc mơ kinh doanh đã biến thành cơn ác mộng trong đời thực;
Những doanh nhân đang cần tới một hệ phương pháp đã được kiểm chứng để vượt qua những gập ghềnh gian khó và bước tiếp trên con đường dẫn đến thành công;
Và bất cứ ai mong muốn đóng góp điều gì đó thật sự ý nghĩa cho thế giới này.
Bằng cách thực hiện theo từng bước của Kế hoạch Bí ngô, bạn sẽ gây dựng được một doanh nghiệp có khả năng thổi bay đối thủ, thu hút khách hàng mạnh mẽ như nam châm và chắc chắn sẽ biến ước mơ của bạn thành hiện thực.
""Trong cuốn sách này, tôi sẽ tiết lộ cho bạn cách áp dụng phương pháp mà các nông dân đã dùng để trồng những quả bí ngô khổng lồ của họ – tôi đã nghĩ ra cái tên độc nhất vô nhị cho hệ phương pháp này: “Kế hoạch Bí ngô”. Chính nhờ nó mà tới sinh nhật thứ 30 của mình, tôi đã gây dựng được hai doanh nghiệp trị giá hàng triệu đô-la, trở thành nhân vật đáng gờm trong giới doanh nghiệp hàng đầu, rồi chính tôi lại quay ra giúp họ phát triển rực rỡ. Tôi sẽ không chỉ kể cho bạn câu chuyện thành công của tôi và của họ, mà quan trọng nhất, tôi cũng sẽ dạy cho bạn cách áp dụng những ý tưởng và bài học ấy vào lĩnh vực kinh doanh của chính bạn. """,Sách tiếng Việt/Sách kỹ năng sống/Sách tư duy - Kỹ năng sống,60
170298025,sách túi khôn của guy,GUY KAWASAKI,115000,1,OFFICIAL_STORE,5.0,11,78.0,https://tiki.vn/sach-tui-khon-cua-guy-p170298025.html?spid=170298026,https://salt.tikicdn.com/cache/280x280/ts/product/20/57/6a/23a78da3a73d432e32947448f883e504.jpg,"Guy Kawasaki, biểu tượng của Thung lũng Silicon và tác giả sách bán chạy nhất, chia sẻ những câu chuyện không tưởng về cuộc đời ông và những bài học chúng ta có thể rút ra từ những câu chuyện đó. Guy Kawasaki vốn là một “lão làng” trong thế giới công nghệ kể từ khi bước vào đội ngũ Macintosh sơ khai của Apple vào những năm 1980. Ông được nể trọng vì “túi khôn” trong khởi sự doanh nghiệp, đầu tư mạo hiểm, tiếp thị và “truyền giáo” trong kinh doanh–đây là những thứ ông đã chia sẻ trong những sách bán chạy của mình như The Art of the Start(Khởi thuật) và Enchantment (Sự mê hoặc). Nhưng trước khi có tất cả những điều ấy, Guy chỉ là một cậu bé con nhà bình thường ở Hawaii, một hậu duệ của những di dân Nhật Bản, yêu môn bóng bầu dục và chỉ được điểm C+ trong môn tiếng Anh hồi lớp Chín. Túi khôn của Guy là cuốn sách riêng tư nhất nói về hành trình đáng ngạc nhiên của ông. Đây không phải là một tự truyện kiểu truyền thống mà chỉ là một chuỗi các câu chuyện nhỏ. Guy gọi đùa nó là Miso Soup for the Soul (Xúp miso cho Tâm hồn) do những câu chuyện này (giống như những câu chuyện trong loạt Chicken Soup for the Soul) phản ánh các kinh nghiệm đa dạng đã khai sáng và mang cảm hứng cho ông. Thí dụ, bạn sẽ đi theo Guy khi ông:
Nhận được công việc đầu tiên trong ngành kim hoàn–hoá ra lại là một môi trường huấn luyện tốt đến ngạc nhiên cho thế giới công nghệ.
Hạ thấp một đối tác tiềm năng ngay trước mặt CEO của công ty ấy, do Steve Jobs “gài” một cách mưu mẹo.
Phá hỏng sự nghiệp của chính mình tại Apple chỉ bằng câu nói, “Được thôi, Steve. Tôi cũng không tin ông” khi Jobs đòi lại bản xem thử của chiến dịch quảng cáo Think Differently (Nghĩ khác).
Tự đánh giá tầm quan trọng của mình sau khi bị bốn cô gái trẻ nhầm với Jackie Chan.
Học lướt ván vào tuổi 62–từ đó nghiệm ra ta có thể khám phá một đam mê mới vào bất kỳ tuổi nào, nhưng càng trẻ thì càng dễ hơn! Trong sách này, Guy nói về mọi thứ, từ các giá trị đạo đức tới kỹ năng kinh doanh tới làm cha mẹ. Như ông viết, “tôi hy vọng những câu chuyện của mình giúp bạn sống một cuộc đời có ý nghĩa hơn, vui vẻ và làm được nhiều việc hơn. Nếu Túi khôn của Guy thành công trong việc này, thì đó mới là câu chuyện hay nhất trong mọi câu chuyện”.",Sách tiếng Việt/Sách kỹ năng sống/Sách kỹ năng mềm,151
195801687,sách đường đến nhân cách,DAVID BROOKS,163000,1,OFFICIAL_STORE,4.8,16,193.0,https://tiki.vn/sach-duong-den-nhan-cach-p195801687.html?spid=195801689,https://salt.tikicdn.com/cache/280x280/ts/product/f6/bf/1f/47298efb5c73f7746d3a269ef9a390c4.jpg,"Chúng ta sống trong một xã hội luôn khuyến khích chúng ta phải nghĩ về cách có cơ nghiệp lớn nhưng lại không màng đến việc nhiều người trong chúng ta mờ mịt về cách thức trau dồi nội tâm. Cuộc cạnh tranh để thành công và giành được sự ngưỡng mộ quá khốc liệt làm chúng ta kiệt sức. Thị trường tiêu thụ khuyến khích chúng ta sống bằng phép tính toán tiện dụng, để thoả mãn những ham muốn và không còn nhìn ra những trả giá về mặt đạo đức bị đánh cược trong những quyết định hàng ngày. Tiếng ồn từ những trao đổi nhanh và hời hợt khiến chúng ta càng khó nghe thấy những âm thanh trầm lặng hơn phát ra từ tầng sâu. Chúng ta sống trong nền văn hoá dạy cho chúng ta tự lăng xê và quảng bá bản thân, và luyện nhuần nhuyễn những kỹ năng cần thiết cho sự thành công. Trong khi đó sự khiêm tốn, khả năng thông cảm và biết tự chất vấn bản thân một cách trung thực — những yếu tố cần thiết để xây dựng nhân cách lại ít được khuyến khích. Nếu bạn chỉ là người có tham vọng, cầu tiến trong công việc, muốn xây dựng, sáng tạo, sản xuất và khám phá mọi thứ, muốn có địa vị cao và nhiều chiến thắng, thì bạn sẽ trở thành con vật tinh ranh, một sinh vật mánh khoé, tự bảo tồn, lão luyện trong cuộc chơi và biến mọi thứ thành một trò chơi. Nếu đó là tất cả những gì bạn có thì bạn sẽ dành rất nhiều thời gian trau dồi kỹ năng chuyên nghiệp, nhưng bạn lại thiếu ý niệm rõ ràng về những nguồn ý nghĩa trong cuộc sống. Bạn thiếu các tiêu chí bên trong để có những cam kết không lay chuyển được. Bạn chưa bao giờ phát triển sự bền lòng, sự chính trực để có thể chịu được sự không tán thành từ số đông hoặc chịu được đòn búa rìu nào. Bạn thấy mình làm những thứ người khác tán thưởng, mặc cho những thứ này có thích hợp với bạn hay không. Bạn dại dột đánh giá người khác bằng những khả năng thay vì giá trị của họ. Bạn không có chiến lược xây dựng nhân cách, và vì vậy không những cuộc sống nội tâm mà cả cuộc sống bên ngoài của bạn sẽ dần tan rã. Cuốn sách này nói về cách một số người trau dồi được nhân cách thật mạnh mẽ, về cách tư duy mà nhiều người qua nhiều thế kỷ đã áp dụng để đặt sắt thép vào cốt lõi con người họ và để nuôi dưỡng một trái tim sáng suốt.",Sách tiếng Việt/Sách kỹ năng sống/Sách tư duy - Kỹ năng sống,164
21435644,sách cú nhảy để đời,STEVE HARVEY,68000,1,OFFICIAL_STORE,3.9,9,281.0,https://tiki.vn/sach-cu-nhay-de-doi-p21435644.html?spid=21435645,https://salt.tikicdn.com/cache/280x280/ts/product/05/d1/98/6165061ec08eb2cebf3a0e9bf8f62815.jpg,"“Nếu bạn muốn cất cánh bay xa, cách duy nhất là bạn phải nhảy. Bạn phải mang món quà của mình, vốn đang được gói ghém trong ba-lô trên vai, nhảy khỏi vách núi và kéo dây dù. Nếu bạn không bao giờ sử dụng món quà ấy, bạn sẽ mãi chỉ là một kẻ đi làm. Mỗi ngày của bạn cứ lặp đi lặp lại như được lập trình. Và may mắn thì bạn sẽ kiếm đủ tiền để chi trả những hoá đơn. Đó có phải mà cuộc đời mà bạn muốn sống không? Nếu mỗi ngày thức dậy, bạn phải làm một công việc mà mình ghét thì đó không phải là sống. Bạn chỉ đang tồn tại thôi. Đến một lúc nào đó, bạn phải thấy thế nào mới là sống. Và cách duy nhất để biết điều ấy là… nhảy.”",Sách tiếng Việt/Sách kỹ năng sống/Sách tư duy - Kỹ năng sống,74
15180358,sách bí mật the secret,RHONDA BYRNE,258000,97533,NONE,5.0,290,14.0,https://tiki.vn/sach-bi-mat-the-secret-bia-cung-tang-kem-1-bookmark-nhu-hinh-p15180358.html?spid=202597228,https://salt.tikicdn.com/cache/280x280/ts/product/d5/60/b5/a69b2ecee4c05551578e7d2cf060c515.png,"Liệu Luật hấp dẫn có thực sự là một bí mật? Bạn có thể nghĩ rằng nó chỉ là một thứ huyền bí vớ vẩn, nhưng trong sách Kinh thánh cũng có một câu nói rất kinh điển, “Người có ước mơ, luôn nhận được nhiều hơn”. Đó chính là tự cảm nhận sự đầy đủ ngay từ đầu, thì bạn sẽ hấp dẫn nhiều sự đầy đủ hơn nữa.
Nếu bạn luôn cảm thấy thiếu thì bạn luôn nhận được tác động tương tự. Tại sao điều này xảy ra luôn là một điều huyền bí? Nhưng nếu bạn có tin hay không đi nữa thì Luật hấp dẫn của Rhonda luôn tồn tại.
Sách bìa cứng - In màu",Sách tiếng Việt/Sách kỹ năng sống/Sách tư duy - Kỹ năng sống,69
274927641,sách nghệ thuật kể chuyện bằng hình ảnh,JULIAN HOXTER,124600,1,OFFICIAL_STORE,5.0,14,290.0,https://tiki.vn/sach-nghe-thuat-ke-chuyen-bang-hinh-anh-p274927641.html?spid=274927642,https://salt.tikicdn.com/cache/280x280/ts/product/21/71/cf/c8f5033375d7799103b9110fa4160688.png,"Một người biên kịch giỏi là người biết thổi sức sống vào các nhân vật của một bộ phim. Chúng ta rất khó để tìm được một nguồn tài liệu dạy những kiến thức cơ bản về viết kịch bản, đồng thời cho phép bạn tự do phát triển khả năng sáng tạo. Vì kịch bản là mắt xích quan trọng nhất trong cỗ máy sáng tạo của ngành sản xuất phim, vậy nhưng biên kịch lại thường phải chật vật trong việc tạo nên nội dung, thổi hồn vào nhân vật trong tác phẩm của mình. Mặc dù vậy, nhu cầu giải trí của xã hội ngày càng tăng và hiện tại bây giờ là thời điểm đầy thú vị để trở thành biên kịch.
Được viết bởi tác giả JULIAN HOXTER - một biên kịch và giáo viên dạy viết kịch bản trong hơn 20 năm, cuốn sách “Nghệ thuật kể chuyện bằng hình ảnh” đúc kết những kinh nghiệm về việc sản xuất các tác phẩm độc lập, sản xuất phim tài liệu, viết và biên tập các nghiên cứu học thuật trong suốt quá trình giảng dạy của tác giả tại trường điện ảnh - Đại học Bang San Francisco.
Nếu bạn đang mong muốn trở thành một nhà biên kịch tài ba, và mong muốn viết nên những tác bom tấn hoặc có ấp ủ tham vọng trở thành cái tên quen thuộc tại các giải thưởng độc lập thì cuốn sách này sẽ là một công cụ hỗ trợ giúp bạn làm được điều đó. “Nghệ thuật kể chuyện bằng hình ảnh” chắt lọc kỹ kể chuyện thành 12 yếu tố chính, từ phát triển câu chuyện đến sửa đổi và viết lại, cùng với rất nhiều cảm hứng để tự tin, sáng tạo, cũng như giúp bạn hiểu thêm về những gì các biên kịch chuyên nghiệp đang làm.
Cuốn sách còn đưa bạn khám phá ngành công nghiệp điện ảnh Hollywood: cách thức nó phát triển, hậu trường của những bộ phim mang tính biểu tượng cùng với những bộ phim thử nghiệm của các biên kịch sáng tạo đã vượt qua các quy tắc và mở con đường cho riêng mình lên màn ảnh vàng. Khi bước sang phần thú vị hơn—viết—chúng ta có các quy tắc đã được thử và cho thấy hiệu quả. Mỗi chương đều có kèm theo một bài tập sáng tạo để giúp bạn hiểu sâu hơn về điều gì khiến một kịch bản trở nên sống động.
Quy tắc 1: Nắm rõ các nguyên lý
Quy tắc 2: Hiểu cấu trúc câu chuyện
Quy tắc 3: Phát triển câu chuyện của bạn
Quy tắc 4: Tạo ra nhân vật để cổ vũ
Quy tắc 5: Khai thác nguyên mẫu
Quy tắc 6: Cách viết logline
Quy tắc 7: Hình thành khung kịch bản
Quy tắc 8: Kể câu chuyện bằng hình ảnh
Quy tắc 9: Định hình sequence
Quy tắc 10: Đối thoại có mục đích
Quy tắc 11: Cứ viết xong bản nháp đi đã
Quy tắc 12: Sửa, sửa và sửa
Giáo sư Điện ảnh chính thức và Điều phối viên Viết kịch bản cho Trường Điện ảnh Đại học bang San Francisco. Ông cũng tư vấn cho nhiều bộ phim độc lập và phim truyện. Các kịch bản của ông đã giành chiến thắng trong 12 cuộc thi dành cho biên kịch.",Sách tiếng Việt/Sách kỹ năng sống/Sách kỹ năng mềm,175
67694211,sách món quà cuộc sống,DR. BERNIE S. SIEGEL,39300,1,OFFICIAL_STORE,5.0,32,111.0,https://tiki.vn/sach-mon-qua-cuoc-song-p67694211.html?spid=67694212,https://salt.tikicdn.com/cache/280x280/ts/product/3c/83/14/16cf596a510e135d0657cc514e4df76f.jpg,"MÓN QUÀ CUỘC SỐNG
Nếu bạn được tặng một vật đắt tiền như chiếc xe hơi hay trang sức gắn đá quý, bạn sẽ chăm chút món đồ đó như thế nào? Câu trả lời rất rõ ràng là bạn sẽ trân trọng và bảo quản món đồ thật cẩn thận. Vậy nếu cuộc đời của bạn cũng là một món quà, bạn nghĩ mình có đang quan tâm chăm sóc cuộc đời mình nhiều hơn của cải vật chất mình sở hữu không?
Cuộc đời cũng giống như một hạt giống mà chính bạn là người gieo trồng và chăm bón cho hạt giống đó bằng những lời nói và hành động hàng ngày của mình. Nếu bạn biết cách trân trọng những điều mình đang có, luôn học hỏi và yêu thương, hạt giống sẽ phát triển thành cái cây khoẻ mạnh mang lại hoa tươi trái ngọt cho đời và trở thành món quà quý giá “có một không hai”.
Đó chính là một trong các thông điệp nhẹ nhàng và ý nghĩa từ quyển sách “Món Quà Cuộc Sống” của tác giả Bernie S.Siegel (tái bản từ quyển “Quà Tặng Cuộc Sống”). Quyển sách gồm các câu chuyện đời thường và những khoảnh khắc giản dị mà bác sĩ Bernie quan sát được trong cuộc sống.
Đúng như ý nghĩa của tựa gốc tiếng Anh của quyển sách, “365 Prescriptions for the Soul: Daily Messages of Inspiration, Hope, and Love”, mỗi ngày khi đọc “Món Quà Cuộc Sống”, bạn sẽ nhận được một thông điệp chứa đựng niềm hy vọng và tình yêu thương giúp chữa lành thể chất và tâm hồn mình.
Mỗi ngày, bạn có thể nhận được một thông điệp mới mẻ, một thông điệp cần được chiêm nghiệm, hay một thông điệp mà bạn muốn chia sẻ với những người thân yêu như câu chuyện vợ và con gái của bác sĩ Bernie tinh tế sử dụng biểu tượng X và O (lần lượt tượng trưng cho hình ảnh nụ hôn và cái ôm) để nói rằng họ rất yêu ông. Câu chuyện nói lên một điều rằng tất cả chúng ta đều được nuôi dưỡng từ những mối quan hệ, tình yêu, niềm vui và những cảm xúc tốt đẹp khác. Vì vậy, hãy học cách trao gửi yêu thương và truyền đi những điều tích cực.
Bernie S.Siegel không chỉ là nhà văn có nhiều tác phẩm bán chạy mà còn nổi tiếng là vị bác sĩ luôn luôn động viên bệnh nhân sống và tin vào cuộc sống. Thông qua “Món Quà Cuộc Sống”, ông muốn lan toả những hạt giống yêu thương đến mọi người. Hy vọng quyển sách này sẽ truyền cảm hứng để bạn chăm bón cho khu vườn của mình ngày một xanh tươi.",Sách tiếng Việt/Sách kỹ năng sống/Sách kỹ năng mềm,117
578262,sách nghĩ khác,MICHAEL HEPPELL,68000,1,OFFICIAL_STORE,4.8,39,1227.0,https://tiki.vn/sach-nghi-khac-p578262.html?spid=578263,https://salt.tikicdn.com/cache/280x280/media/catalog/product/i/m/img_20170914_0011.u3059.d20170914.t122621.905184.jpg,"Nghĩ Khác có thể mang đến cho bạn một công cụ đơn giản để giúp bạn có cái nhìn tươi sáng hơn về mọi thứ. Bất kể hoàn cảnh có tệ hại, có rối loạn, có làm bạn điên tiết đến đâu, lối tư duy được tác giả giới thiệu trong cuốn sách sẽ giúp bạn có được sức mạnh để gánh vác và cải thiện hoàn cảnh của mình. Cuốn sách chính là một nguồn phong phú những kỹ thuật để bạn làm điều đó – trong gia đình, trong quan hệ xã hội, trong công việc, trong tư duy, và có thể nói rằng trong mọi lĩnh vực của cuộc sống.
Có một cách suy nghĩ, hành động và làm việc đơn giản mà một khi học được sẽ chắc chắn giúp bạn giành được điều tốt nhất mọi tình huống. Nó có tên là Nghĩ Khác.",Sách tiếng Việt/Sách kỹ năng sống/Sách tư duy - Kỹ năng sống,11
20555379,sách hình vẽ thông minh,DAN ROAM,135000,1,OFFICIAL_STORE,5.0,28,245.0,https://tiki.vn/sach-hinh-ve-thong-minh-tai-ban-p20555379.html?spid=20555380,https://salt.tikicdn.com/cache/280x280/ts/product/d2/4b/3c/a422412ad005774f95f4a3fe4ecf6ccd.jpg,"Với Chỉ cần mẩu khăn giấy, Dan Roam đã thật sự mang đến cho độc giả một cách quan sát mới mẻ đối với thế giới. Ông chứng minh rằng tư duy bằng hình ảnh có thể giúp bất cứ ai phát triển ý tưởng, giải quyết vấn đề theo những cách thức mang tính đột phá, và truyền đạt hiểu biết của mình thật hiệu quả. Còn với Hình vẽ thông minh, phương pháp tư duy bằng hình ảnh sẽ được Dan đi sâu vào hướng dẫn chi tiết thông qua hàng loạt bài tập và ví dụ minh hoạ vui nhộn như thương vụ giữa Microsoft và Yahoo!
Từng bước của quá trình xem xét vấn đề, hình dung giải pháp mới và phối hợp mọi người cùng tham gia đều hiện lên rất sinh động và dễ hiểu, khiến chúng ta có thể yên tâm bỏ qua máy tính và những bài Powerpoint rắc rối. Thứ bạn cần chỉ là một mẩu giấy giản đơn, hoặc một tấm bảng trắng, và vài cây bút, để đương đầu với MỌI VẤN ĐỀ!",Sách tiếng Việt/Sách kỹ năng sống/Sách tư duy - Kỹ năng sống,70
8845822,sách nghệ thuật ẩn mình,KEVIN MITNICK,210490,7247,OFFICIAL_STORE,5.0,93,13.0,https://tiki.vn/sach-nghe-thuat-an-minh-p8845822.html?spid=59563724,https://salt.tikicdn.com/cache/280x280/ts/product/47/4b/45/6386ab1926fd23aad2b93d8f83429769.jpg,"Trong cuốn sách này, Kevin Mitnick, hacker nổi tiếng nhất thế giới, sẽ hướng dẫn các biện pháp dễ thực hiện (và ít tốn kém) giúp bạn – trên cương vị một cá nhân bình thường và một người tiêu dùng – có thể giấu các thông tin nhận dạng cá nhân của mình trong kỷ nguyên của Dữ liệu Lớn, vốn không thiếu những scandal quy mô quốc tế về những vụ vi phạm dữ liệu người dùng thường xuyên xuất hiện trên các mặt báo. Mitnick bàn đến nhiều phương tiện mà chúng ta sử dụng hằng ngày – từ điện thoại, email, cho đến tin nhắn,… – chỉ ra những lỗ hổng mà người khác có thể lợi dụng để giành quyền kiểm soát các dữ liệu của chúng ta, đồng thời đưa ra những giải pháp phòng chống cụ thể và hữu hiệu mà bất kỳ ai cũng có thể thực hiện để tự bảo vệ mình.
Nhưng có lẽ một trong những giá trị quan trọng nhất của cuốn sách là qua đó, tác giả đã giải ảo niềm tin thơ ngây của đại đa số chúng ta rằng những hoạt động của mình trên mạng là đàng hoàng và lành mạnh nên có thể công khai, rằng chỉ những người có ý đồ xấu mới phải tìm cách che giấu các dữ liệu cá nhân. Hay nói như Mikko Hypponen, nhà nghiên cứu trưởng của hãng bảo mật F-Secure, thì: “Có thể bạn không có gì phải giấu diếm. Nhưng bạn có rất nhiều thứ phải bảo vệ đấy.”
“Hacker bị săn lùng gắt gao nhất của FBI.” – Wired
“Hacker nổi tiếng nhất thế giới kiêm người hùng trong nền văn hoá mạng […] vừa viết cuốn cẩm nang về an ninh hệ thống dựa trên chính những kinh nghiệm của mình. Đây là tài liệu phải đọc đối với các chuyên gia IT, nhưng đồng thời còn dành cho cả công chúng nói chung, giới hàn lâm, và các doanh nghiệp.” – Library Journal
“Còn ai khác xứng đáng hơn Mitnick – hacker bị truy nã quốc tế rồi trở thành cố vấn an ninh cho các doanh nghiệp Fortune 500 – trong vai trò người thầy hướng dẫn bạn cách giữ an toàn cho dữ liệu trước những cuộc tấn công lừa đảo, sâu máy tính, và những tổ chức gián điệp mạng như Fancy Bears?” – Esquire
“[Nghệ thuật ẩn mình] là lời cảnh tỉnh, nhắc nhở chúng ta rằng các dữ liệu thô – từ email, ô tô, mạng wifi ở nhà – khiến chúng ta dễ dàng trở thành nạn nhân như thế nào.” - New York Times Book Review
Kevin David Mitnick (sinh năm 1963) là một cố vấn an ninh máy tính, tác giả, và trước đó là hacker lão luyện người Mỹ, từng khiến các nhà điều tra phải đau đầu, rốt cuộc ngồi tù 5 năm vì nhiều tội án liên quan đến máy tính như chiếm đoạt quyền truy cập thiết bị trái phép, nghe trộm các hoạt động liên lạc qua điện thoại và máy tính, truy cập trái phép vào hệ thống máy tính liên bang.
Hiện nay, ông quản lý hãng tư vấn an ninh Mitnick Security Consulting chuyên cung cấp dịch vụ kiểm thử mức độ an ninh và xác định các lỗ hổng an ninh tiềm tàng cho các tổ chức. Ngoài ra, ông còn là Hacker trưởng của KnowBe4, hãng đào tạo nâng cao nhận thức về an ninh, và là thành viên hội đồng cố vấn của Zimperium, hãng phát triển hệ thống ngăn chặn xâm nhập trên các thiết bị di động.",Sách tiếng Việt/Sách kỹ năng sống/Sách tư duy - Kỹ năng sống,46
599037,sách óc sáng suốt,THU GIANG - NGUYỄN DUY CẦN,62000,124753,NONE,0.0,324,5.0,https://tiki.vn/sach-oc-sang-suot-p599037.html?spid=273563873,https://salt.tikicdn.com/cache/280x280/ts/product/25/83/47/024815b3ebf1a6aa9aea31a7aa4d4a21.jpg,"Óc sáng suốt là một trong những tác phẩm tiêu biểu của học giả Thu Giang - Nguyễn Duy Cần. Thông qua cuốn sách này, tác giả hướng dẫn cho người đọc những phương pháp để rèn luyện cho mình một bộ óc minh mẫn và sáng suốt, tư duy có hiệu quả để thành công trong công việc và cuộc sống. Cuốn sách này xuất bản lần đầu tiên cách đây hơn nửa thế kỷ (1952), dù đã trải qua một thời gian rất dài nhưng giá trị tư tưởng của sách vẫn phù hợp và có thể áp dụng trong đời sống hiện nay. Trân trọng giới thiệu cùng độc giả.",Sách tiếng Việt/Sách kỹ năng sống/Sách tư duy - Kỹ năng sống,12
10118602,sách yêu không tổn thương,NGHỊ QUẾ,51100,1,OFFICIAL_STORE,4.8,22,287.0,https://tiki.vn/sach-yeu-khong-ton-thuong-p10118602.html?spid=10118603,https://salt.tikicdn.com/cache/280x280/ts/product/c3/3a/75/f8e855c785a1cbbd4481de19d432959d.jpg,"Con người ai lại không khao khát có được một tình yêu đích thực và trọn vẹn. Thế nhưng những bi kịch tan vỡ, những tổn thương, những khác biệt không thể hoà giải vẫn luôn là câu chuyện diễn ra thường ngày.
Để hạnh phúc bền chặt trong tình yêu là một nghệ thuật. Bằng việc trang bị hiểu biết, hiểu và yêu bản thân, bạn hoàn toàn có thể vượt lên những xáo động đơn thuần để làm chủ cảm xúc. Làm chủ cảm xúc để không ảo tưởng, không phiền luỵ và quan trọng là để Yêu không tổn thương.
- “Một người biết cách “yêu không tổn thương” là người có đủ bản lĩnh để dẫn dắt tình yêu của mình đi đúng hướng. Nghĩa là người đó có thể vượt lên trên những xáo động của hormone cảm xúc để tỉnh táo xây dựng một mối quan hệ có sự thấu hiểu, chân thành, tin tưởng.”
- “Mỗi vết thương tình cảm, đừng để chúng trở thành vết sẹo nhăn nhó, xấu xí. Hãy biến chúng thành những nấc thang để bạn bước gần hơn nữa đến tình yêu đích thực. Tình yêu đích thực không phải là món quà may mắn từ thần Cupid. Tình yêu đích thực dành cho những người xứng đáng.”
- “Để có thể vượt qua những tổn thương trong tình yêu, chiếc chìa khoá vạn năng chính là tri thức. Đừng tin vào những lời ma mị rằng cảm xúc sẽ dẫn đường, linh cảm và cảm nhận là tất cả. Chỉ có một lý trí được trang bị đầy đủ tri thức đúng đắn mới có đủ sáng suốt, mạnh mẽ để yêu không tổn thương, hay nói cách khác, yêu một cách hạnh phúc.”",Sách tiếng Việt/Sách kỹ năng sống/Sách tư duy - Kỹ năng sống,52
30757177,sách bản chất của người,HAN KANG,90300,1,OFFICIAL_STORE,4.7,166,1694.0,https://tiki.vn/sach-ban-chat-cua-nguoi-p30757177.html?spid=30757179,https://salt.tikicdn.com/cache/280x280/ts/product/34/1d/23/02fa952e90202cbd39c9582bad73f4ee.jpg,"“Bây giờ, tôi xin được hỏi anh.
Như vậy, có phải con người là một sinh vật tàn nhẫn từ trong bản chất? Hay đó chỉ là những trải nghiệm phổ biến của chúng ta? Có phải chúng ta chỉ đang sống trong ảo tưởng về phẩm giá con người, còn thực ra bất cứ lúc nào, chúng ta cũng có thể biến thành một thứ chẳng là gì cả, thành sâu bọ, thành thú vật, thành một đống mủ dịch lẫn lộn? Bỉ sỉ nhục, bị bôi nhọ, bị tàn sát, phải chăng đó là bản chất của con người đã được chứng minh trong lịch sử?
Tôi đang chiến đấu. Ngày nào tôi cũng một mình chiến đấu. Tôi chiến đấu với nỗi nhục nhã vì mình đã sống sót, và vì mình vẫn còn đang sống tiếp. Tôi chiến đấu với sự thật rằng mình cũng là con người. Tôi chiến đấu với ý nghĩ rằng chỉ có cái chết mới là con đường duy nhất có thể kéo tôi thoát khỏi sự thật đó. Cùng là con người với nhau, anh có thể cho tôi một câu trả lời không?”
Bản chất của người, với sự kiện lịch sử Phong trào dân chủ Gwangju (1980) làm bối cảnh chính, được đánh giá là một trong những tiểu thuyết xuất sắc và giàu sức lay động nhất của Han Kang, được chính tác giả thừa nhận là “tác phẩm mà tôi không thể trốn tránh, không thể không viết, nếu không viết, không vượt qua, có lẽ tôi sẽ không thể đi tiếp đến bất cứ đâu.”",Sách tiếng Việt/Sách kỹ năng sống/Sách tư duy - Kỹ năng sống,82
44017483,sách bí mật của người kể chuyện,CARMINE GALLO,139300,7247,OFFICIAL_STORE,4.6,123,74.0,https://tiki.vn/sach-bi-mat-cua-nguoi-ke-chuyen-p44017483.html?spid=58511360,https://salt.tikicdn.com/cache/280x280/ts/product/d5/30/86/eb646191af03b146271e414a775a7715.png,"Kể chuyện là một nghệ thuật, và người kể chuyện là một nghệ sĩ. Nghệ thuật kể chuyện có thể thay đổi cuộc đời của chúng ta.
Làm thế nào một người bán áo phông có thể trở thành một nhà sản xuất chương trình hàng đầu? Làm thế nào người con trai nhút nhát của một mục sư vượt qua được nỗi sợ nói trước đám đông để thuyết trình và bán hết vé tại sân vận động? Làm thế nào các phong trào nổi tiếng trên thế giới như “thử thách xô đá” được mọi người hướng ứng, bao gồm cả những người nổi tiếng như Bill Gates hay Mark Zurketberg.
Họ đã kể những câu chuyện tuyệt vời. Trong Bí mật của người kể chuyện, Carmille Gallo tiết lộ những chìa khoá để kể những câu chuyện đầy mạnh mẽ, truyền cảm hứng, xây dựng thương hiệu, khơi dậy các phong trào và thay đổi cuộc sống.
Như tỷ phú Richard Branson đã nói: “Nghệ thuật kể chuyện có thể được sử dụng để thúc đẩy sự thay đổi.”
“Tôi tin rằng khó khăn của bạn chính là lợi thế của bạn. Carmine Gallo đã chia sẻ triết lý này. Trong Bí mật của người kể chuyện, anh ấy cho thấy cách chúng ta vượt qua thử thách là cách những câu chuyện tuyệt vời và các thành công vang dội được tạo ra.” – Darren Hardy, cựu CEO của tạp  chí Success",Sách tiếng Việt/Sách kỹ năng sống/Sách tư duy - Kỹ năng sống,95
73593776,sách để tâm không bận,RYUNOSUKE KOIKE,45900,1,OFFICIAL_STORE,5.0,116,606.0,https://tiki.vn/sach-de-tam-khong-ban-p73593776.html?spid=73593777,https://salt.tikicdn.com/cache/280x280/ts/product/2f/66/28/ab1d9afa188de90abdf981d39218910a.jpg,"Nếu bận tâm, trọng lực sẽ dồn vào vai, khiến chúng ta căng thẳng.
Nếu không bận tâm, trọng lực sẽ được giải toả, chúng ta quay về một bản thân tự do tự tại như vốn dĩ.
Nếu bận tâm, những “người”, “vật”, và “hiện tượng” không đáp ứng được bận tâm ấy, tất thảy đều trở thành “kẻ địch”. Mỗi khi chạm trán kẻ địch, căng thẳng nảy sinh.
Nếu không bận tâm, “kẻ địch” trên nhân gian tiêu biến. Tâm hồn trong trẻo và an yên.
Nếu bận tâm, chúng ta sẽ bị bó buộc bởi suy nghĩ phục tùng, cả sở thích và tư duy đều bị đồng nhất hoá, đóng lại cánh cửa phát kiến khả năng mới.
Nếu không bận tâm, chúng ta không còn bị bó buộc, song hành cùng cảm giác tự do nhẹ bẫng nơi tâm khảm, mở ra cánh cửa tâm hồn hướng đến đổi thay chói loà. Được rồi. Vậy thì, cho đến bây giờ, các bạn đã bước đi trên con đường nào trong hai con đường trên? Sau khi đọc xong cuốn sách này, liệu rằng các bạn sẽ muốn tiến bước trên con đường nào?
Khi tranh cãi, có lúc bạn khăng khăng ý kiến của bản thân, chỉ bận tâm đến điều mình đang khẳng định, để rồi sau đó nhìn lại, bạn hối hận mình đã phá hỏng một mối quan hệ thân hữu chỉ vì sự việc vặt vãnh ấy.
Dù là hành động gì đi nữa, tất cả đều chỉ là suy nghĩ ở hiện tại, sau này, khi thay đổi sở thích hay suy nghĩ, lúc đó bạn sẽ tự nhủ: “Tại sao mình lại thích cái đó nữa không biết?”
Nếu bạn phục tùng theo một chủ trương nào đó thì liệu rằng điều gì sẽ xảy ra? Đúng vậy, bạn sẽ “vui vẻ” khi tiếp xúc với người hay vật phù hợp với mối bận tâm của bản thân, và “khó chịu” khi tiếp xúc với người hay vật không phù hợp với mối bận tâm của mình. Cứ như thế, tâm hồn bị bóp méo.
Chẳng hạn, nếu bạn phục tùng phong cách sinh hoạt “thuận tự nhiên”, theo đuổi kiệt cùng sản phẩm nông nghiệp hữu cơ hay tái sử dụng, từ đó tâm hồn bạn cảm thấy “kỳ cục”, “sai trái” khi nhìn thấy phong cách sinh hoạt coi tính tiện lợi và giá thành rẻ là trên hết của người hiện đại, thì kết cục, bạn sẽ chỉ muốn nói lời càm ràm chỉ trích.
Tình trạng này xuất phát từ lý do rất đơn giản. Nếu tiếp xúc với hiện tượng đi ngược lại mối bận tâm, cả cơ thể sẽ cảm nhận sự khó chịu, rồi bị nó chi phối, từ đó nảy sinh ra suy nghĩ phủ định hay hành động và ngôn từ phê phán.
Việc coi tư tưởng nguyện cầu hoà bình và yêu thương động vật là “thiện” cũng tương tự. Mỗi khi đối đầu với hiện thực vẫn còn chiến tranh và nghèo đói, bạn sinh ra cảm giác khó chịu nơi cơ thể vì nó đi ngược lại mối bận tâm hướng đến “hoà bình” của bản thân. Chính vì sự khó chịu đó, bạn tức giận, gào thét, chỉ trích, công kích. Nói tóm lại, bạn biến hoá thành tư duy mang tính bạo lực, không còn hoà bình.
Quả thực, nếu nhìn, nghe, tiếp xúc với sự việc đồng nhất với mối bận tâm của bản thân, bạn sẽ cảm thấy “vui vẻ”, “thoải mái”. Nhưng thật đáng buồn, khoảng 90% hiện tượng trên thế gian này đều được tạo thành từ những sự việc đi ngược lại mối bận tâm của chúng ta.
Khi bận tâm ngày càng mạnh, mỗi khi tiếp xúc với mọi người xung quanh hay sự việc trên nhân gian, số lần và cường độ nếm trải cảm giác “khó chịu” nơi cơ thể càng có xu hướng khuếch đại.
Vậy mà, cho đến tận bây giờ, thế gian vẫn tồn tại lời khuyên: “Hãy bận tâm hơn nữa.”
Tuy nhiên, thử nghĩ sâu xa hơn, khi ai đó bắt đầu nỗ lực giải thích về những mối bận tâm của người đó, chúng ta thường chán ghét, điều này chẳng phải vốn dĩ do ta ngờ ngợ hiểu rằng bận tâm thực chất chỉ là vị kỷ một cách phiền phức hay sao?
Tôi thấy rằng, trong xã hội hiện đại, tính lưu động ngày càng cao, cá nhân này có thể dễ dàng thay đổi bằng cá nhân khác. Chính vì thế việc chứng tỏ mình khác biệt bằng cách bận tâm đến một vấn đề đặc thù nào đó, gào thét: “Tôi không dễ dàng bị thay thế”, đang là trào lưu.
Con đường mang tên Phật đạo lại hoàn toàn đi ngược lại trào lưu này. Phật đạo chỉ ra, càng khi buông lơi và vứt bỏ “bận tậm” thì con người mới càng hạnh phúc và đủ đầy.
Vậy thì rốt cuộc, bận tâm nghĩa là gì? Thực ra, bất kỳ mối bận tâm nào cũng vậy, việc lưu lại trong ký ức tâm trạng “thoải mái” sau khi cảm nhận “vui vẻ, hạnh phúc”, từ đó bị cuốn theo ước vọng muốn lặp lại “vui vẻ, hạnh phúc” kia, làm sinh ra bận tâm.
Nếu thấy “vui vẻ, hạnh phúc”, ước muốn lặp lại cảm giác đó sẽ sinh sôi, từ đó lựa chọn lối suy nghĩ, ý kiến, phong cách sinh hoạt để hiện thực hoá ước vọng của bản thân.
Nếu nhìn từ tâm thế Phật giáo, bận tâm đòi hỏi quá nhiều “thích thú”, giới hạn mạch suy nghĩ cảm nhận “thích thú”, khiến con người tiếp nhận những việc khác là “không hạnh phúc”, thậm chí là nguồn cơn của cảm giác “khó chịu.
Điều nhân loại chúng ta bận tâm nhất, thứ ta muốn tóm lấy bên trong “thích thú”, chính là: “Muốn trở thành bản thân lý tưởng, cảm giác trọn vẹn”. Nói cách khác là bận tâm đến bản ngã. Thế là, mỗi khi xảy ra sự việc khiến ta không thể là một bản thân đúng như lý tưởng, chúng ta có cảm giác “khó chịu” và khổ sở.
Tôi nguyện cầu cuốn sách này có thể trở thành sợi dây dẫn đường, giúp bạn thoát khỏi con ngõ cụt, để tận thưởng tâm hồn an nhiên không còn bận tâm trước sự đời biến hoá.
Để bạn nhẹ nhàng và thư thái: “Việc đó sao cũng được”.
Trích đoạn sách:
Không bận tâm về việc khiến ta hạnh phúc
Có nhiều sợi dây ràng buộc và cưỡng ép tâm hồn của chúng ta, cướp đi tự do của chúng ta, trong đó, một đại diện tiêu biểu chính là “việc khiến ta hạnh phúc”.
Tại sao lại là “việc khiến ta hạnh phúc”? Nếu tôi thay đổi cách nói thành “vinh quang của quá khứ”, có lẽ bạn sẽ cảm nhận rõ hơn.
Chẳng hạn, tháng trước, công việc quá thuận buồm xuôi gió. Hoặc là, bản thân từng rất nổi tiếng với người khác giới. Thành tích học tập của con rất tốt cho đến năm ngoái. Hay khoảng một năm đầu tiên khi hẹn hò với người yêu, người yêu coi bạn là sự tồn tại đáng để thương yêu nhất thế gian, được trân trọng hết mực. Bạn hạnh phúc vì những điều như vậy.
Những niềm hạnh phúc đa dạng như thế sinh sôi khi bản thân bị kích thích: “Mình được yêu thương đến nhường này, mình đúng là một sự tồn tại đẹp đẽ”.
Đức Phật đã giáo hoá, có lẽ tất cả sinh vật sống trên thế gian đều yêu thích bản thân nhất, không có ngoại lệ. Vì thế, chính khi cảm giác được cái tôi tài năng hay hấp dẫn thì mình sẽ thấm đẫm niềm vui sướng cấp cao nhất.
Bên trong trí óc lúc ấy, vật chất khoái cảm khiến tế bào thần kinh hưng phấn quá độ đang được bài tiết. Nhờ hiệu quả của vật chất ấy, chúng ta hạnh phúc trong nhất thời. Nhưng không may, hiệu quả của vật chất khoái cảm chẳng thể vượt quá một giờ, cuối cùng, niềm hạnh phúc dần tiêu biến, chỉ đơn giản là biến chuyển thành ký ức.
Tuy nhiên, bằng cách này, niềm vui được cất giữ bằng “ký ức” ràng buộc tâm hồn dưới tên gọi “vinh quang của quá khứ”.
Xu hướng chung là chúng ta thường dịu dàng hết mức có thể với đối tượng yêu đương khi mới hẹn hò, phải không nhỉ?
Một lý do là, khi chưa biết rõ, đối phương vẫn là một sự tồn tại chưa minh tường, ta có thể soi chiếu lý tưởng của bản thân lên đối phương, từ đó dễ ôm lấy ảo tưởng tuyệt vời, dễ đắm chìm vào cảm xúc “Yêu lắm!”, đúng không? Thứ hai, vì chưa thể cảm giác an tâm trọn vẹn rằng “Đã trở thành người của mình” nên muốn hành xử khéo léo để không bị ghét. Xu hướng này dễ phát triển theo hướng ngày càng mạnh lên.
Thế là, nếu thử nhìn từ một bản thân nguyên sơ vốn có, ta có thể biểu đạt tình cảm và sự dịu dàng vượt quá khung giới hạn của bản thân.
Khi có cuộc gọi bày tỏ tâm tình: “Em muốn gặp anh”, dẫu phải huỷ dự định cá nhân, bạn vẫn đến gặp dù mất ba tiếng đồng hồ. Nếu là vì người bạn trai mình yêu thương, dẫu phải bận rộn chuẩn bị từ ngày hôm trước, bạn cũng dành ra khoảng thời gian tỉ mỉ để làm cơm hộp.
Bạn mỉm cười: “Em chừa lịch trống vào cuối tuần vì anh đấy”, để nếu bạn trai mời thì có thể hẹn hò ngay lập tức. Hoặc là bạn mang suy nghĩ: “Mình phải tiếp nhận người con gái này”, từ đó đón nhận những lời tâm sự không có điểm dừng, gắng gồng dốc toàn tâm ý lắng nghe cô ấy.
Bạn hoàn thành được trong bình thản những việc bình thường vốn không làm được. Về điểm này, có thể nói mối quan hệ yêu đương thực sự đã mở rộng khả năng của con người.
Tuy nhiên, nếu thử phân tích một cách khách quan nguồn năng lượng khi mới yêu, thì ta thấy năng lượng này bắt nguồn từ hai nguồn gốc: một là ảo tưởng dành cho đối phương chưa biết rõ và hai là muốn sở hữu trọn vẹn đối phương dù hiện tại chưa thể nắm bắt hoàn toàn.
Thế là, dần dà, thật không may, khi đã thấu hiểu lẫn nhau bằng cả tâm hồn và cơ thể, hoặc khi mối quan hệ giữa hai người đã ổn định trong tình trạng thuận lợi, hai yếu tố này buộc phải dần tiêu biến.
Kết quả là, rõ ràng trước đó có thể phát huy năng lượng tình yêu cuồng nhiệt đến mức bản thân còn không ngờ tới, nhưng khi ngày một quen thuộc và gần gũi hơn, năng lượng ấy suy tàn. Việc này ít nhiều sẽ xảy ra.
Với công việc kinh doanh, nếu bị chi phối bởi niềm hạnh phúc khi đạt thành tích tăng doanh thu đỉnh điểm của năm ngoái, bạn sẽ không thể tìm thấy hạnh phúc tăng doanh thu mức bình thường của năm nay, từ đó ngập ngụa trong bực tức. Kết cục, có lẽ bạn muốn nghỉ việc.
Hoặc là, trong quá trình nuôi dạy con cái, bạn bị chi phối bởi cảm giác mãn nguyện khi trước đó con của mình thực là một đứa trẻ ngoan, để rồi lúc con đột ngột bước vào thời kỳ khủng hoảng nổi loạn, bạn đánh mất sự bao dung nơi tâm hồn vốn luôn dõi theo và cư xử dịu dàng với đứa trẻ, bạn muốn xung đột với con bằng cơn tức giận: “Vì nó mà giá trị của mình bị hạ thấp”.
Nếu có thể hiểu rõ đạo lý này, bạn sẽ hiểu, khi sinh ra cảm giác hạnh phúc, hãy trân trọng chỉ khoảnh khắc đó thôi. Quan trọng là tuyệt đối không để nhuốm màu lên tâm hồn, hãy tiếp nhận với tư thế sau khi đã tận hưởng thì tương lai sẽ quên đi.
Nếu có cách nhìn như vậy thì bạn sẽ thấy hành động ghi vào nhật ký những ký ức vui vẻ để trân trọng đến suốt cuộc đời, đọc đi đọc lại, hay chụp ảnh, dán vào album, đăng tải lên website, sẽ chỉ khiến tâm hồn đeo bám hạnh phúc của quá khứ. Có thể nói đây là bóng ma độc địa khiến ta nhọc lòng về cuộc đời.
Nếu nhìn xa hơn, hành vi tự luyến bản ngã khi chìm vào tự mãn của “cái tôi từng cao cao tại thượng trong quá khứ” chính là đang chuẩn bị trói buộc chính mình. Nếu nói về con đường đi theo phương cách Phật đạo dành cho sự trói buộc này thì tất thảy nằm gọn trong một câu nói: “Chư hành vô thường”.
Nói cách khác là: “Phải, bây giờ, mình đang rất hạnh phúc. Nhưng mà tác dụng thần kinh khoái lạc này tuyệt nhiên sẽ ngay lập tức biến mất, sẽ nhanh chóng chìm vào quá khứ. Mình không nên bận lòng, cũng không muốn nhuốm sắc màu ấy lên tâm hồn”.
Toàn bộ năng lượng nơi tâm hồn đều “vô thường”, tức là không cố định mà liên tục thay đổi. Hãy luôn khắc ghi thành kim chỉ nam rằng dẫu cơn sóng hạnh phúc xô vào bến bờ tâm hồn mạnh bao nhiêu đi nữa thì cứ để cho niềm vui ấy trôi qua trong khi vừa thì thầm trong tâm khảm: “À, cái này rồi cũng sẽ qua thôi, chư hành vô thường mà”.
Không phải ta cự tuyệt hay phủ định niềm vui ấy, chỉ là ta tận hưởng trọn vẹn khoảnh khắc đó, không phục tùng. Để nhắc nhở mình, bạn có thể thì thầm những câu nói sau:
“Hạnh phúc này rồi cũng sẽ trôi về quá khứ”, “Cái này rồi cũng sẽ biến mất thôi”, “Cái này, cũng chỉ có ở hiện tại”, Hoặc chỉ đơn giản tâm niệm “Chư hành vô thường, chư hành vô thường” ngay chính khoảnh khắc tận hưởng niềm vui.
Bằng cách này, bạn có thể ngăn chặn cảm giác hạnh phúc nhuốm màu trái tim, tránh việc hạ độc tâm hồn để rồi lại ao ước được tận hưởng hết lần này đến lần khác hạnh phúc trong hiện thực. Trên đây là lời gợi ý về cách gắn kết khéo léo giúp bạn cân bằng cảm giác hạnh phúc nơi tâm hồn.",Sách tiếng Việt/Sách kỹ năng sống/Sách kỹ năng mềm,123
3957065,sách sự đầy của cái không,TRỊNH XUÂN THUẬN,126000,295057,NONE,0.0,72,1.0,https://tiki.vn/sach-su-day-cua-cai-khong-p3957065.html?spid=274074978,https://salt.tikicdn.com/cache/280x280/ts/product/0b/ca/fc/8b46c708a594bcb9e6144cecbcb47d3d.jpg,"Sự Đầy Của Cái Không
Chúng ta đứng giữa hai cái vô hạn, vô cùng bé và vô cùng lớn, hai cột mốc hiểu biết đã thách thức con người xuyên suốt chiều dài lịch sử. Và cũng như vô hạn, cái không không ngừng xuất hiện dưới nhiều hình thức trong các lĩnh vực khác nhau của tư tưởng con người. Sự sợ hãi cái hư vô, hay chân không, thể hiện rất rõ trong tư tưởng phương Tây, mà rõ nét nhất là việc số 0, biểu hiện của cái không trong toán học, đã ra đời ở phương Đông bất chấp những tiến bộ lớn lao trong toán học phương Tây. Con người sợ chân không, tự nhiên sợ chân không, vậy chân không thật sự là gì? Nó có thật sự trống rỗng? Không gian trong vũ trụ có phải là chân không? Làm thế nào mà vũ trụ lại chuyển từ không tồn tại thành tồn tại, từ hư vô thành một cái gì đó? Vai trò của chân không trong sự ra đời của vũ trụ là gì?
Trong cuốn Sự đầy của cái không, tác giả Trịnh Xuân Thuận đưa độc giả đi qua lịch sử phát triển của khoa học và triết học về chân không, từ thuyết tương đối đến lý thuyết lượng tử, từ khái niệm chân không trong Đạo giáo đến các mặt đối lập bổ sung cho nhau trong Phật giáo. Đây là cuốn sách dành cho tất cả những ai muốn hiểu hơn về nguồn gốc vũ trụ, và do đó hiểu hơn về nguồn gốc của chính loài người, những sinh vật có ý thức để đặt câu hỏi về cõi hư vô đã sinh ra vũ trụ này.",Sách tiếng Việt/Sách kỹ năng sống/Sách tư duy - Kỹ năng sống,38
165030731,sách vượt qua chuyện sao hỏa - sao kim,JOHN GRAY,121000,1,OFFICIAL_STORE,5.0,24,213.0,https://tiki.vn/sach-vuot-qua-chuyen-sao-hoa-sao-kim-p165030731.html?spid=165030732,https://salt.tikicdn.com/cache/280x280/ts/product/48/de/fa/4188e29025594a9ede6b0c969634c3cf.jpg,"Làm thế nào để giữ được tình yêu đích thực trong thế giới căng thẳng và phức tạp này?
John Gray, người đã gây tiếng vang khắp thế giới qua việc sáng tạo ra cách đặt tên cho những khác biệt giới tính của đàn ông và phụ nữ bằng thuật ngữ thiên văn là Sao Hoả và Sao Kim từ cách đây gần 30 năm trong tác phẩm của mình, sẽ trả lời câu hỏi đó. Ông đã trở lại và mở ra một vũ trụ hoàn toàn mới chứa đựng những lời khuyên hữu ích về mối quan hệ lứa đôi của thời hiện đại qua tác phẩm ""Vượt qua chuyện Sao Hoả, Sao Kim"". Lý giải của ông về tình yêu và sự gắn kết trong thế kỷ 21 sẽ có tác động vô cùng tích cực đến đời sống của bạn. Mọi cặp đôi, dù theo truyền thống hay hiện đại, đều sẽ tìm thấy những gì mình cần từ cuốn sách này.",Sách tiếng Việt/Sách kỹ năng sống/Sách tư duy - Kỹ năng sống,150
95497508,sách muôn kiếp nhân sinh tập 2 tặng bookmark vadata,NGUYÊN PHONG,259960,259784,OFFICIAL_STORE,0.0,444,5.0,https://tiki.vn/sach-muon-kiep-nhan-sinh-tap-2-tang-bookmark-vadata-p95497508.html?spid=253128995,https://salt.tikicdn.com/cache/280x280/ts/product/f2/ad/27/f1b98cb6ba7ebe3868d1dec642c916b3.jpeg,"CUỐN SÁCH CỦA NHỮNG CÁNH BƯỚM RUNG ĐỘNG
Khởi duyên cuốn sách Muôn Kiếp Nhân Sinh là cuộc điện thoại lúc đêm khuya từ Việt Nam qua Mỹ vào cuối năm 2016. Khi cảm nhận thế giới xung quanh còn quá nhiều áp bức, bất công và điều ác đang diễn ra, tôi đã đề nghị tác giả Nguyên Phong viết một cuốn sách về Nhân quả để cảnh báo và thức tỉnh con người (tác phẩm Hành Trình về Phương Đông do ông viết phóng tác gần năm mươi năm trước đã làm nhiều thế hệ người Việt Nam thay đổi tâm thức và được yêu thích cho đến giờ).
Lúc đó, tác giả Nguyên Phong đã kể tôi nghe về câu chuyện nhân quả và tiền kiếp đặc biệt kỳ lạ của Thomas - một doanh nhân thành đạt ở New York và cũng là người bạn tâm giao mà ông đã từng gặp ở Đại học Đài Bắc năm 2008. Sau cuộc điện thoại đêm khuya đó, ông đã lẳng lặng bay đến New York gặp Thomas và đề nghị được viết những câu chuyện lạ thường của Thomas thành sách.
Và bất ngờ - Thomas đã đồng ý.
Muôn Kiếp Nhân Sinh đã ra đời một cách kỳ lạ như cuốn sách của nhân duyên và có một sứ mệnh đặc biệt. Tôi và nhiều độc giả Việt Nam đã thực sự lay động và đồng cảm sâu sắc với những lời chia sẻ tâm huyết của Thomas ở những trang sách cuối tập 1: “Tôi mong chúng ta - những cánh bướm bé nhỏ rung động mong manh - cũng có thể tạo nên những trận cuồng phong mãnh liệt để thức tỉnh mọi người”.
Tiếp nối các kiếp sống kỳ lạ của Thomas ở nền văn minh Atlantis và Ai Cập hùng mạnh ở tập 1, Muôn Kiếp Nhân Sinh tập 2 là cuộc hành trình vô tiền khoáng hậu tiếp theo của Thomas trên chuyến tàu xuyên thời gian - không gian trải dài từ nước Mỹ đương đại, ngược về vùng sa mạc Lưỡng Hà Assyria cho đến Hy Lạp, Ba Tư, Ấn Độ cổ đại qua những cuộc chinh phạt của Alexander Đại đế. Những ký ức về chiến binh kiêu hùng Achilles trong trận công thành Troy huyền thoại và sự thức tỉnh bất ngờ của vị đại đế bất bại khi chinh phục quốc gia huyền bí đã vẽ nên bức tranh kỳ vĩ về thân phận con người luôn phải xoay vần không ngừng trong bão tố Nhân quả của tham vọng, chiến tranh, hận thù và tình yêu trong suốt chiều dài lịch sử thế giới.
Không chỉ là những bài học sâu sắc về Nhân quả của Thomas, Muôn Kiếp Nhân Sinh tập 2 còn vén bức màn bí ẩn và khám phá hành trình bất tận của những linh hồn qua các tầng cõi, trạm trung chuyển trong muôn vàn kiếp số Tất cả được đúc kết, xâu chuỗi lại một cách logic bằng góc nhìn hài hoà giữa tâm linh, khoa học, triết học và lịch sử các nền văn minh từ Đông sang Tây, từ cổ đại đến hiện đại.
Thông qua những cuộc trò chuyện đầy tính minh triết, tác phẩm Muôn Kiếp Nhân Sinh tập 2 cũng đưa ra cách chuyển hoá nghiệp quả, đồng thời cảnh báo về những hiểm hoạ, biến động lớn trong tương lai của nhân loại cũng như gửi gắm những thông điệp chữa lành. Đây sẽ là khởi đầu một kỷ nguyên mới với cuộc cách mạng chuyển đổi tâm thức và cũng là con đường minh triết nhất để thức tỉnh, cứu mỗi người, cứu lấy sự sống trái đất đang bên bờ của những khủng hoảng, hiểm hoạ khó lường.
Các nhà hiền triết đã chỉ rõ quá trình thức tỉnh bắt đầu từ chính mỗi người. Và đó sẽ không phải là hành trình vô vọng nếu chúng ta cùng thật sự ý thức được ý nghĩa sống và sứ mệnh của mình. Tương lai chúng ta có trở nên tốt đẹp hơn hay không là do năng lượng từ chính những suy nghĩ, hành động của chúng ta ngày hôm nay.
Khi tâm huyết viết Muôn Kiếp Nhân Sinh, tác giả Nguyên Phong mong muốn truyền tải những thông điệp thức tỉnh cùng những lời cảnh báo đầy trách nhiệm với một trái tim giàu lòng trắc ẩn, yêu thương để mọi người cùng nhận thức, chuyển đổi - như những cánh bướm rung động mãnh liệt lan toả đến với nhiều người. Bởi tận cùng của những rung động lan toả đó sẽ tạo ra sự chuyển đổi tâm thức để tạo nên một tương lai tốt đẹp hơn cho mỗi người và cho nhân loại.
Ngoài ra không còn bất kỳ lý do nào khác.
Bôn ba muôn nẻo nhân sinh.
Không ai mang theo được thứ gì khi rời xa thế giới này - trừ công và tội.
Chính bạn mới có thể chuyển hoá được nghiệp quả của mình - không phải bất kỳ một ai khác.
Nhân quả đừng đợi thấy mới tin. Nhân quả là bảng chỉ đường, giúp con người tìm về thiện lương. - Nguyễn Văn Phước
Sáng lập First News - Trí Việt
Muôn Kiếp Nhân Sinh (Phần 2)
Tiếp nối các kiếp sống kỳ lạ của Thomas ở nền văn minh Atlantis và Ai Cập, Muôn Kiếp Nhân Sinh tập 2 là cuộc hành trình khám phá trên chuyến tàu xuyên thời gian - không gian trải dài từ nước Mỹ đương đại, ngược về vùng sa mạc Assyria, đến Hy Lạp, Ba Tư, Ấn Độ cổ đại qua những cuộc chinh phạt của Alexander Đại đế, ký ức về Achilles kiêu hùng và sự thức tỉnh bất ngờ từ ngai vàng Vua của Á châ Trong cơn lốc xoáy nhân quả của tham vọng, chiến tranh, hận thù và tình yêu, bức tranh kỳ vĩ về thân phận con người hiện lên sống động với biên độ kiến thức rộng mở không giới hạn.
Cuốn sách vén bức màn bí ẩn về hành trình bất tận của những linh hồn qua muôn vàn kiếp sống, sự thức tỉnh từ cõi chết để tìm ra con đường chuyển hoá nghiệp quả bằng cuộc cách mạng chuyển đổi tâm thức - Con đường minh triết có thể cứu lấy thế giới đang đứng trước những biến động và hiếm hoạ khôn lường. Tất cả được đúc kết, xâu chuỗi một cách logic với góc nhìn tổng thể giữa khoa học và tâm linh, triết học và lịch sử các nền văn minh từ Đông sang Tây, từ cổ đại đến hiện đại.
Song song với vai trò một nhà khoa học, Nguyên Phong còn là dịch giả nổi tiếng của loạt sách về văn hoá và tâm linh phương Đông, chuyển thể từ nhiều tác phẩm của các học giả phương Tây sau quá trình tìm hiểu và khám phá các giá trị tinh thần từ phương Đông. Trong số đó, có thể kể: Hành Trình về phương Đông, Ngọc sáng trong hoa sen, Bên rặng Tuyết sơn, Hoa sen trên tuyết, Huyền thuật và đạo sĩ Tây Tạng, Minh Triết trong đời sống, Đường mây qua xứ tuyết…
Đam mê thiền học, nghiên cứu sâu sắc các vấn đề tâm linh dưới góc nhìn của khoa học, những tác phẩm của ông, phần lớn là phóng tác, giúp người đọc tiếp cận các tác phẩm gốc thuận lợi hơn, lý giải được những vấn đề còn nhiều ẩn số bằng cái nhìn minh triết.",Sách tiếng Việt/Sách kỹ năng sống/Sách kỹ năng mềm,135
75948573,sách những quy tắc tư duy,RICHARD TEMPLAR,93825,1,OFFICIAL_STORE,4.8,39,142.0,https://tiki.vn/sach-nhung-quy-tac-tu-duy-p75948573.html?spid=75948575,https://salt.tikicdn.com/cache/280x280/ts/product/d5/26/dd/d00cf77e800bb054981629e0163fe575.jpg,"Một vài cách tư duy thông minh sẽ giúp bạn cảm thấy hạnh phúc hơn, bền bỉ hơn, trong khi những cách khác sẽ giúp bạn lập kế hoạch hiệu quả hơn và đưa ra những quyết định sang suốt hơn.
Tư duy dựa trên quy tắc sẽ cải thiện sự sang tạo, kỹ năng giải quyết vấn đề, khả năng phân tích, đánh giá và phê phán của bạn.
Tư duy thông minh hơn sẽ có ảnh hưởng tích cực lên mọi mặt đời sống của bạn, dù là tại nhà, ở chỗ làm hay trong các mối quan hệ.
Xét từ góc độ nào đó, cuốn sách này không đề cập tới cách suy nghĩ. Nhiều quy tắc chỉ đơn thuần là chỉ dẫn để loại bỏ những rào cản đã và đang ngăn cản khả năng tư duy thấu đáo của bạn.",Sách tiếng Việt/Sách kỹ năng sống/Sách tư duy - Kỹ năng sống,126
3717003,sách thiết kế slide theo phong cách thiền,GARR REYNOLDS,167800,1,OFFICIAL_STORE,4.8,22,336.0,https://tiki.vn/sach-thiet-ke-slide-theo-phong-cach-thien-p3717003.html?spid=3725169,https://salt.tikicdn.com/cache/280x280/ts/product/b0/0f/ce/e1f78c0ce7f665aeaf7bb7b87806a15c.jpg,"Thiết Kế Slide Theo Phong Cách Thiền
Cuốn sách này hướng dẫn bạn cách kể chuyện hay hơn; cung cấp cho bạn các công cụ thiết kế để thuyết trình tự tin hơn. Dù là nhà nghiên cứu hay kỹ sư, hoạt động trong lĩnh vực kinh doanh hay giáo dục, bạn đều có thể áp dụng những bí quyết trong cuốn sách này để khoác một tấm áo mới tinh cho các bài thuyết trình của mình.
Garr Reynolds là tác giả sách bán chạy nhất kiêm nhà thiết kế slide và thuyết trình hàng đầu với những khách hàng gồm nhiều tổ chức thuộc nhóm Fortune 500. Là tác giả, nhà thiết kế kiêm nhạc sĩ, hiện anh đang là Phó Giáo sư về Quản lý tại Đại học Kansai Gaidai, Nhật Bản. Garr cũng từng là ngườ đào tạo tổ chức cho Sumitomo Electric và là Giám đốc Quan hệ Nhóm Người dùng Toàn cầu tại Apple.",Sách tiếng Việt/Sách kỹ năng sống/Sách tư duy - Kỹ năng sống,35
7954373,sách trưởng thành lấy đi điều gì,GARI,77900,1,OFFICIAL_STORE,4.8,80,1909.0,https://tiki.vn/sach-truong-thanh-lay-di-dieu-gi-p7954373.html?spid=7777197,https://salt.tikicdn.com/cache/280x280/ts/product/ce/7a/fd/0b9061c45c424fa32e6bc61cb66435e9.jpg,"“Nếu đã chọn sống một cuộc sống đích thực, hãy sống hết bằng cả trái tim, dẫu có phải đánh đổi niềm vui bằng nước mắt, bằng nỗi đau để trưởng thành.”",Sách tiếng Việt/Sách kỹ năng sống/Sách tư duy - Kỹ năng sống,41
77733318,sách một mình tìm một nửa,ĐẶNG HOÀNG NGÂN,120000,1,OFFICIAL_STORE,4.8,66,382.0,https://tiki.vn/sach-mot-minh-tim-mot-nua-p77733318.html?spid=77733319,https://salt.tikicdn.com/cache/280x280/ts/product/78/2e/e5/6f9526164052ed68a0bff2ef6dc2d93f.jpg,"Một Mình Tìm Một Nửa - Tâm lý học về độc thân và tình yêu
“Một mình có đáng sợ không?
Câu trả lời là có nếu người được hỏi là cha mẹ của một bạn trẻ đến tuổi dựng vợ gả chồng nhưng vẫn chưa dắt ai về ra mắt. Họ sẽ biểu đạt một loạt ước mong con mình “yên bề gia thất”, “lấy vợ rồi tu chí làm ăn”, “lấy chồng cho có người che chở”,…
Nếu người được hỏi là bác hàng xóm, họ hàng nhiều năm không gặp, người quen xã hội,… nói chung là những người chẳng biết bạn trẻ độc thân mấy, thì chao ôi, câu trả lời khả năng rất cao là CÓ, chữ CÓ to béo, kèm theo nhiều lời khuyên nhân sinh như “đến tuổi sống có trách nhiệm với người khác rồi đấy nhé”, “đừng sống vì bản thân nữa, lập gia đình rồi sinh cháu đi cho ông bà có niềm vui tuổi già”, “kén chọn vừa thôi, biết đủ mới là hạnh phúc”,…
Còn với chính những người độc thân, mọi câu trả lời có hoặc không chỉ là bề nổi của tảng băng chìm.”
Cuốn sách này sẽ đồng hành cùng tất cả chúng ta - những người còn độc thân, đang phân vân trước ngã rẽ tình cảm, hoặc đã ở trong một mối quan hệ đôi lứa - trên hành trình hiểu về tình yêu và hiểu về chính mình. Vì hạnh phúc không chỉ có một dáng vẻ duy nhất.",Sách tiếng Việt/Sách kỹ năng sống/Sách tư duy - Kỹ năng sống,131
10638278,sách tại sao lí thuyết dây?,JOSEPH CONLON,116000,1,OFFICIAL_STORE,4.7,37,422.0,https://tiki.vn/sach-tai-sao-li-thuyet-day-p10638278.html?spid=10638279,https://salt.tikicdn.com/cache/280x280/ts/product/50/f1/62/50cedc49e38c5a6af7cf64bf739d9fee.jpg,"Tại Sao Lí Thuyết Dây?
Lí thuyết dây là nỗi ám ảnh, là niềm cảm hứng và sự đam mê của rất nhiều nhà vật lí đương đại. Rất nhiều kì vọng đã được đặt vào nó. Người ta mong nó giúp giải quyết vấn đề năng lượng cao, người ta mong giải thích được lực mạnh, người ta mong nó vượt lên trên cả thuyết lượng tử hấp dẫn, lên trên cả Mô hình Chuẩn trong vật lý… Nói theo tác giả Oseph Conlon (Giáo sư vật lí lí thuyết tại trường Đại học Oxford - tác giả cuốn Tạo ra ánh sáng từ vũ trụ tối), lí thuyết dây chính là “con thú săn mồi ngồi trên đỉnh tháp của ‘chuỗi thực phẩm’ vật lí”.
Một cuốn sách rất cần cho mọi giảng viên, giáo viên và sinh viên vật lí vì nó không chỉ giới thiệu về lí quyết dây mà còn cung cấp bức tranh tổng hợp về cảnh quan và hiện trạng của vật lí hiện đại. Không quá đào sâu vào chuyên môn (có rất ít công thức rắc rối trong cuốn sách), cuốn sách được viết với sự duyên dáng và hóm hỉnh. Bạn thậm chí sẽ hiểu ra cách các nhà vật lí co nén các chiều dư để tìm sự chứng minh. Bạn thậm chí hình dung được những thang độ cực lớn và cực bé. Bạn thậm chí thú vị trước các ẩn dụ, những khái niệm Latin như sub aeternitatis (dưới góc độ vĩnh hằng), lebensraum (không gian sinh tồn), götterdammerung (hoàng hôn của các vị thần), modus operandi (nguyên lí vận hành)…
Không dừng ở lí thuyết dây, cuốn sách còn nêu ra những vấn đề hết sức con người trong ngành vật lí: cảnh quan bất vị nhân, vấn đề sùng bái cá nhân, các vấn đề lợi ích trong ngành vật lí Và ta thấy trong sách cả hình bóng của nhà vật lý người Việt Đàm Thanh Sơn…",Sách tiếng Việt/Sách kỹ năng sống/Sách tư duy - Kỹ năng sống,54
222655553,sách xã hội tỉnh táo,ERICH FROMM,182100,1,OFFICIAL_STORE,4.8,13,128.0,https://tiki.vn/sach-xa-hoi-tinh-tao-p222655553.html?spid=222655554,https://salt.tikicdn.com/cache/280x280/ts/product/45/0c/a6/2768dffb494883549aa18de4943f2d28.jpg,"Không chỉ một bệnh nhân ở nhà thương điên tin chắc rằng mọi người đều điên, chỉ riêng anh ta tỉnh. Còn chúng ta thì sao?
Ai cũng cho rằng chúng ta, những người sống ở phương Tây thế kỷ 20, đều vô cùng tỉnh táo. Ngay cả khi thực tế là rất nhiều người trong chúng ta mắc các chứng tâm thần ít nhiều nghiêm trọng cũng chẳng khiến ai nghi ngờ về tiêu chuẩn sức khoẻ tâm thần chung. Liệu chúng ta có thể chắc rằng mình đang không tự lừa mình dối người?
15 năm sau cuộc điều tra về ý nghĩa của tự do với con người hiện đại trong tác phẩm “Trốn thoát tự do”, nhà phân tâm học nổi tiếng người Đức Erich Fromm sẽ tiếp tục đưa ra khám phá quan trọng về những căn bệnh sâu xa của xã hội hiện đại trong cuốn sách “Xã hội tỉnh táo” của mình.
Ở tác phẩm này, Erich Fromm tiến xa hơn và đặt ra câu hỏi: “Liệu một xã hội có thể bị bệnh?” Ông cho thấy rằng điều đó có thể xảy ra, lập luận rằng văn hoá phương Tây đang đắm chìm trong “bệnh lý của sự bình thường”, ảnh hưởng đến sức khoẻ tâm thần của các cá nhân.
Trong “Xã hội tỉnh táo”, Fromm phê bình và phân tích tâm lý xã hội tư bản công nghiệp hiện đại và những công dân nhất định bị tha hoá của nó. Nhưng hơn thế, ông cũng đưa ra những gợi ý để vận hành một xã hội lành mạnh, tỉnh táo — ý tưởng rằng “tiến bộ chỉ có thể xảy ra khi đồng thời thay đổi các lĩnh vực kinh tế, xã hội-chính trị và văn hoá; nếu chỉ giới hạn tiến bộ trong một lĩnh vực tức là huỷ hoại tiến bộ ở mọi lĩnh vực”.
Bởi vậy, sâu xa hơn một “bản cáo trạng”, đây là cuốn sách “dũng cảm với mục tiêu đạo đức cao cả”, hướng về tình yêu và tự do của con người chúng ta.
ĐÁNH GIÁ/NHẬN XÉT CỦA CHUYÊN GIA
1, “Một đóng góp xuất sắc cho bộ sưu tập ngày càng nhiều những phản ánh tâm lý xã hội về thời hiện đại.”
- The Washington Post
2, “Người ta bị mê hoặc từ trang này sang trang khác bởi tính sắc bén của phân tích, tính cụ thể của cách trình bày và vẻ đẹp của phong cách.”
- Paul Tillich
3, “Một cuốn sách dũng cảm với mục tiêu đạo đức cao cả một bản cáo trạng không khoan nhượng đối với xã hội đương thời.”
- Guide to Psychiatric and Psychological Literature
4, “Tư tưởng của Fromm xứng đáng nhận được sự chú ý quan trọng của tất cả những người quan tâm đến thân phận con người và tương lai của nhân loại.”
- The Washington Post
TRÍCH ĐOẠN HAY
1. Ai cũng cho rằng chúng ta, những người sống ở phương Tây thế kỷ 20, đều vô cùng tỉnh táo. Ngay cả khi thực tế là rất nhiều người trong chúng ta mắc các chứng tâm thần ít nhiều nghiêm trọng cũng chẳng khiến ai nghi ngờ về tiêu chuẩn sức khoẻ tâm thần chung. Chúng ta chắc chắn rằng đưa ra các phương pháp vệ sinh tinh thần tốt hơn sẽ càng thêm cải thiện tình trạng sức khoẻ tâm thần, và chúng ta xem các rối loạn tâm thần hoàn toàn là các sự cố cá nhân, có thể với chút ngạc nhiên khi những sự cố này lại xảy ra quá nhiều ở một nền văn hoá được cho là rất tỉnh táo. (p. 15)
2. Chúng ta đã giảm giờ làm trung bình xuống còn một nửa so với một trăm năm trước. Thời gian rảnh rỗi của chúng ta ngày nay nhiều hơn mức tổ tiên ông cha ta dám mơ ước. Nhưng điều gì đã xảy ra? Chúng ta không biết cách sử dụng số thời gian rảnh mới giành được; chúng ta cố gắng giết số thời gian đó rồi mừng rỡ khi một ngày nữa đã trôi qua. (tr. 18)
3. Thế nhưng rất nhiều bác sĩ tâm thần và nhà tâm lý học từ chối nghĩ về quan điểm: xã hội nói chung có thể đang thiếu sự tỉnh táo. Họ cho rằng vấn đề sức khoẻ tâm thần trong xã hội chỉ là một số cá nhân “không thích ứng được” chứ không phải do chính nền văn hoá không thể tự điều chỉnh. Cuốn sách này bàn tới vấn đề thứ hai; không phải bệnh lý cá nhân, mà là bệnh lý của tính bình thường, đặc biệt với bệnh lý của xã hội phương Tây đương đại. (tr. 19)
4. … [T]uyên bố rằng con người có thể sống trong bất kỳ hoàn cảnh nào chỉ đúng một nửa; phải bổ sung thêm một tuyên bố khác: nếu sống trong những hoàn cảnh trái với bản chất của mình cũng như những yêu cầu cơ bản cho sự phát triển và sự lành mạnh của con người, anh ta không thể không phản kháng; chắc hẳn anh ta sẽ sa đoạ và lụi tàn, hoặc sẽ tạo ra những điều kiện phù hợp hơn với các nhu cầu của mình. (tr. 37)
5. Sự tồn tại của động vật là một sự hài hoà giữa con vật và tự nhiên; tất nhiên, không theo nghĩa các điều kiện tự nhiên thường không đe doạ động vật và không ép nó phải chiến đấu quyết liệt để tồn tại, mà theo nghĩa động vật được tự nhiên trang bị để đương đầu với chính những hoàn cảnh nó gặp phải, giống như hạt giống của cây được tự nhiên phú cho khả năng tận dụng các điều kiện đất đai, khí hậu, , nhờ thế thích nghi trong quá trình tiến hoá. (tr.41)
6. Thực tế, người mất trí là người không thể thiết lập bất kỳ mối liên kết nào, và bị cầm tù, ngay cả khi anh ta không ở đằng sau chấn song sắt nào. Con người buộc phải đoàn kết, liên kết với người khác, đây là một nhu cầu cấp thiết, và sự tỉnh táo của con người phụ thuộc vào việc nhu cầu này được đáp ứng. Nhu cầu này đứng đằng sau tất cả hiện tượng cấu thành mọi mối quan hệ mật thiết của con người, mọi đam mê được gọi là tình yêu theo nghĩa rộng nhất của từ này.
7. Chỉ có duy nhất một đam mê thoả mãn nhu cầu hợp nhất bản thân với thế giới, cùng lúc có được với cảm giác toàn vẹn và tính cá nhân, đó chính là tình yêu. Tình yêu là kết hợp với một người, hay một thứ, bên ngoài mình, với điều kiện giữ được sự riêng biệt và toàn vẹn của chính bản thân người đó.
8. Người lớn có các phương tiện để tự lực cánh sinh, để tự chăm sóc, chịu trách nhiệm với bản thân và với cả người khác, trong khi đứa trẻ thì chưa có khả năng làm tất thảy điều này. Nhưng xét tới chuyện cuộc sống ngày càng phức tạp, kiến thức của chúng ta thì chắp vá, quãng đời trưởng thành chứa nhiều điều ngẫu nhiên, những sai lầm không thể tránh khỏi, tình cảnh của người lớn không có gì khác biệt với đứa trẻ như thường được giả định. Người lớn nào cũng cần giúp đỡ, hơi ấm, sự bảo vệ theo nhiều cách khác nhau, thế nhưng ở nhiều chỗ lại tương tự với nhu cầu của trẻ nhỏ. Liệu có đáng ngạc nhiên khi phát hiện ra người lớn bình thường khao khát sâu kín có được sự an toàn và có nguồn cội mà mối quan hệ với người mẹ từng cho anh ta? Phải chăng không thể mong đợi anh ta từ bỏ khao khát mãnh liệt ấy, trừ phi anh ta tìm cách khác để bám rễ?
9. Cá nhân có khoẻ mạnh hay không, trước hết không phải là vấn đề của cá nhân, mà phụ thuộc vào cấu trúc của xã hội của anh ta. Một xã hội tỉnh táo sẽ thúc đẩy các năng lực yêu thương đồng loại, làm việc sáng tạo của con người, phát triển lý trí và tính khách quan, có ý thức về bản thân dựa trên thể nghiệm chính các năng lực sản sinh của mình. Một xã hội không lành mạnh sẽ tạo ra sự thù địch lẫn nhau, sự hồ nghi, biến con người thành một công cụ cho người khác sử dụng hay bóc lột, lấy đi ý thức về cái tôi của anh ta, trừ phi anh ta phục tùng người khác hoặc trở thành một người máy. Xã hội có thể có cả hai chức năng; nó có thể thúc đẩy sự phát triển lành mạnh của con người, và cũng có thể cản trở nó; thực tế hầu hết xã hội thực hiện cả hai, và câu hỏi đặt ra chỉ là ảnh hưởng tích cực và tiêu cực của chúng được thực hiện tới mức nào và theo các hướng nào. (tr.113)
10. Giả sử con người với đúng nghĩa con người, và mối quan hệ của con người với thế giới là một mối quan hệ con người, thì bạn chỉ có thể trao tình yêu lấy tình yêu, đổi tín nhiệm lấy tín nhiệm, Nếu muốn thưởng thức nghệ thuật, bạn phải trau dồi tính nghệ thuật của mình; nếu muốn bản thân tạo được ảnh hưởng với người khác, bạn phải là một người thực sự có ảnh hưởng kích thích và khích lệ người khác. Mỗi một mối quan hệ của bạn với con người và với tự nhiên phải là một biểu hiện cụ thể của cuộc sống độc đáo thực tế của bạn, tương xứng với đối tượng của ý chí bạn. (p. 197)
11. Chúng ta có thể hạnh phúc hay bất hạnh, đạt được một số mục tiêu, và không đạt được những mục tiêu khác; tuy nhiên không có sự cân bằng hợp lý nào có thể cho thấy liệu cuộc sống này có đáng sống hay không. Có lẽ từ quan điểm của sự cân bằng, cuộc sống không hề đáng sống. Cuộc sống nhất định kết thúc bằng cái chết; rất nhiều hy vọng của chúng ta không thành hiện thực; nó bao hàm đau khổ và nỗ lực; từ quan điểm của sự cân bằng, dường như cuộc sống sẽ ý nghĩa hơn khi không được sinh ra, hoặc chết đi khi còn sơ sinh. Mặt khác, ai có thể nói liệu một khoảnh khắc hạnh phúc của tình yêu, hoặc niềm vui khi được hít thở hay đi dạo trong một buổi sáng chan hoà ánh nắng và ngửi mùi không khí trong lành, không hề đáng với tất cả những đau khổ và nỗ lực mà cuộc sống mang lại? Cuộc sống là một món quà và thách thức độc đáo, không phải để đong đếm theo bất cứ thứ gì, và không thể trả lời hợp lý cho câu hỏi liệu cuộc sống có “đáng sống”, bởi vì câu hỏi ấy chẳng mang ý nghĩa gì. (tr.223)
12. Uy quyền trong giữa thế kỷ 20 đã thay đổi đặc tính của mình; nó không phải uy quyền công khai, mà là uy quyền vô danh, vô hình, xa lạ. Không ai đưa ra yêu cầu, không phải một con người, hay một ý tưởng, hay một quy tắc đạo đức. Nhưng chúng ta đều tuân phục nhiều như hoặc nhiều hơn những người ở trong xã hội chuyên quyền thái quá sẽ tuân phục. Thật vậy, không ai là uy quyền ngoại trừ “Nó”. Nó là gì? Lợi nhuận, các nhu cầu kinh tế, thị trường, lẽ thường, công luận, điều “một thứ” làm, nghĩ, cảm nhận. Các luật lệ của uy quyền ẩn danh cũng vô hình giống như các quy luật thị trường – và cũng như không thể bác bỏ. Ai có thể tấn công một thứ vô hình? Ai có thể nổi dậy chống lại Không Ai Cả? (tr.227)\
13. Cuộc sống, xét về các khía cạnh tinh thần và tâm linh, nhất định sẽ bất an và bấp bênh. Chỉ có một điều chắc chắn là chúng ta được sinh ra và chúng ta sẽ chết đi; chỉ có sự an toàn tuyệt đối khi hoàn toàn phục tùng các quyền lực được xem là mạnh mẽ và bền bỉ, đồng thời giải phóng con người khỏi sự bắt buộc phải đưa ra quyết định, mạo hiểm và có trách nhiệm. Con người tự do nhất định sẽ bất an; con người biết suy nghĩ nhất định sẽ bất an. (tr. 290)
CÂU QUOTE HAY
1. Nhiệm vụ của “ngành khoa học con người” là cuối cùng rút ra một mô tả chính xác về những gì xứng đáng được gọi là bản chất con người. (tr. 28)
2. Tương tự như con người biến đổi thế giới xung quanh, anh ta cũng biến đổi bản thân trong quá trình lịch sử. Có thể nói, con người tự sáng tạo ra chính mình. (tr. 29)
3. Chuyện hàng triệu người có cùng những thói hư tật xấu không khiến những thói tật đó thành đúng đắn, họ có cùng những sai lầm không khiến những sai lầm đó thành lẽ phải, và hàng triệu người có cùng những dạng bệnh lý tâm thần không khiến những người này tỉnh táo. (tr. 31)
4. Sự tự nhận thức, lý trí và trí tưởng tượng phá vỡ “sự hài hoà” vốn biểu thị cho sự tồn tại của động vật. Sự xuất hiện của những thứ này đã khiến con người trở nên dị thường, trở thành điều kỳ dị trong vũ trụ.
5. Con người là động vật duy nhất có thể cảm thấy buồn chán, có thể cảm nhận mình bị đuổi khỏi Thiên Đàng. Con người là động vật duy nhất nhận thấy sự tồn tại của mình là một vấn đề phải giải quyết và không thể trốn thoát. Anh ta không thể quay lại trạng thái hoà hợp với tự nhiên ở giai đoạn tiền nhân loại; anh ta phải tiếp tục phát triển lý trí cho tới khi trở thành người làm chủ tự nhiên và chính bản thân.
6. Như vậy, sự ra đời, theo nghĩa thông thường của từ này, chỉ là sự khởi đầu của việc sinh ra theo nghĩa rộng hơn. Cả cuộc đời của một cá nhân chẳng là gì ngoài quá trình sinh ra chính mình; thực vậy, chúng ta sẽ được sinh ra trọn vẹn khi chúng ta chết đi – mặc dù số phận đáng buồn của phần lớn các cá nhân là chết trước khi được sinh ra.
7. Con người không thể sống trì trệ bởi các mâu thuẫn nội tại thúc đẩy anh ta tìm kiếm một trạng thái cân bằng, một trạng thái hài hoà mới thay cho sự hài hoà đã mất của con vật với tự nhiên.
8. Trong hành động yêu, tôi là một với Tất cả, nhưng tôi vẫn là chính tôi, một con người phàm tục, hữu hạn, riêng biệt, độc nhất.
9. Con người có thể được định nghĩa là loài động vật có thể xưng “Tôi”, có thể nhận thức được bản thân là một thực thể tách biệt.
10. Sự tiến hoá của loài người là kết quả của sự phát triển văn hoá, chứ không do sự thay đổi hữu cơ.
11. Các mối quan hệ giữa con người trong thời chúng ta chẳng có nhiều tình yêu hay hận thù. Đúng hơn là có sự thân thiện giả tạo, và một sự công bằng cực kỳ giả tạo, nhưng đằng sau bề ngoài đó là sự xa cách và hờ hững. (tr. 207)
12. Mọi người có thực sự hạnh phúc, có thoả mãn, một cách vô thức, như họ tin rằng mình đang như thế? (tr. 240)
13. Máy móc thay vì thế cho năng lượng con người, thì con người trở thành thứ thay thế cho máy móc. Có thể định nghĩa lao động của con người là thực hiện những hành vi mà máy móc chưa thể thực hiện được. (tr. 267)
Nhà phân tâm học người Đức, người nằm giữa giai đoạn chuyển tiếp từ Phân tâm học của Sigmund Freud đến Tân Freud, người đã kết hợp lý thuyết của Freud và học thuyết của Karl Marx để tạo một hướng đi riêng có nhiều đóng góp và ảnh hưởng trong lĩnh vực Phân tâm học xã hội.
Tác phẩm của Erich Fromm do Omega+ xuất bản:
Escape from Freedom [Trốn thoát tự do], 1941
The Sane Society [Xã hội tỉnh táo], 1955
The Art of Loving [Nghệ thuật yêu], 1956",Sách tiếng Việt/Sách kỹ năng sống/Sách tư duy - Kỹ năng sống,168
1353615,sách lòng trắc ẩn,DANI DIPIRRO,59100,53660,OFFICIAL_STORE,4.0,21,11.0,https://tiki.vn/sach-long-trac-an-p1353615.html?spid=45163899,https://salt.tikicdn.com/cache/280x280/ts/product/7c/23/d1/15654458f5800783054c1979d5c97464.jpg,"Lòng trắc ẩn không chỉ là sự đồng cảm hay lòng vị tha, mà là sự kết hợp đặc biệt của cả hai. Đó là khả năng chia sẻ và thấu hiểu cảm xúc của người khác, cùng với mong muốn thật lòng được xoa dịu những nỗi đau mà họ đang đối mặt.
Những nghiên cứu gần đây cho thấy lòng trắc ẩn mang lại nhiều lợi ích cho những ai thực hành nó. Ví dụ, những người vị tha thường ít căng thẳng, ít tức giận hơn và nhìn chung có một cuộc sống tinh thần khoẻ mạnh hơn. Thậm chí, họ còn có hệ miễn dịch dẻo dai hơn. Với sự đồng cảm và lòng bao dung, không chỉ chăm chăm vào những rắc rối của mình, những người vị tha nhìn thế giới qua lăng kính đầy cởi mở và tràn ngập cảm hứng.
Quyển sách này, với những câu nói về lòng trắc ẩn, động viên và khẳng định bản thân, sẽ giúp bạn sống một cuộc đời vui vẻ, tràn đầy tình yêu thương và có ý nghĩa hơn.",Sách tiếng Việt/Sách kỹ năng sống/Sách tư duy - Kỹ năng sống,20
10752047,sách làm ra làm chơi ra chơi,CAL NEWPORT,122000,111899,OFFICIAL_STORE,4.3,296,37.0,https://tiki.vn/sach-lam-ra-lam-choi-ra-choi-p10752047.html?spid=71786107,https://salt.tikicdn.com/cache/280x280/ts/product/5f/b4/5f/5291947c2e93f15558bac174cb8d987c.jpg,"Làm Ra Làm Chơi Ra Chơi
Đã bao giờ bạn ngồi xuống để làm việc và sau đó, không hề nhận ra mình lại kết thúc bằng việc dành một (vài) tiếng đồng hồ lướt Youtube, F.acebook, tin tức? Tất cả chúng ta đều đã từng làm vậy. Có vẻ như có quá nhiều thứ lôi kéo sự chú ý của chúng ta trong thời đại này, nên rất khó để thậm chí đạt đến trạng thái tinh thần giúp hoàn thành công việc một cách tốt nhất. Trong Làm ra làm chơi ra chơi, tác giả Cal Newport nhấn mạnh chủ đề “làm việc sâu” (deep work) đang ngày càng được chú trọng. Học cách làm thế nào để làm việc sâu – khả năng tập trung vào một nhiệm vụ khó nhằn mà không hề bị sao lãng – là chìa khoá để tạo ra những kết quả tốt hơn trong thời gian ngắn hơn. Cuốn sách đưa ra hai mục tiêu, được chia làm hai phần. Phần 1 nhằm thuyết phục bạn rằng giả thiết về làm việc sâu là đúng. Phần 2 giới thiệu đến bạn một số cách để tận dụng làm việc sâu bằng cách rèn luyện não bộ và chuyển đổi thói quen làm việc sang hướng đặt làm việc sâu ở trung tâm sự nghiệp.
Newport không hề đưa ra những lời khuyên xáo rỗng, mang tính lý thuyết hay giáo điều. Ông đề nghị chúng ta nên học cách làm quen với sự hời hợt và từ bỏ các công cụ truyền thông xã hội như F.acebook, I.nstagram, (Thậm chí, nếu bạn không muốn làm vậy thì lỹ lẽ của ông cũng rất đáng đọc). Nếu bạn đã từng dành một ngày làm việc trong tình trạng bị sao lãng bởi đám email và thông báo hiện lên liên tục rồi băn khoăn bạn đã làm gì cả ngày thì đây chính là cuốn sách dành cho bạn.",Sách tiếng Việt/Sách kỹ năng sống/Sách tư duy - Kỹ năng sống,55
2782217,sách bí mật sáng chế của honda,KOBAYASHI SABURO,87780,1,OFFICIAL_STORE,5.0,11,266.0,https://tiki.vn/sach-bi-mat-sang-che-cua-honda-p2782217.html?spid=2790511,https://salt.tikicdn.com/cache/280x280/ts/product/c3/bf/29/e2bc9967e9e43d1dcb248616ec7f21af.jpg,"Bí Mật Sáng Chế Của Honda
Với kinh nghiệm 16 năm làm việc liên tiếp tại Trung tâm Nghiên cứu Kỹ thuật Honda, Kobayashi Saburo đã chia sẻ với bạn đọc con đường hiện thực hoá sản phẩm túi khí của mình, từ khi là ý tưởng cho tới khi được thương mại hoá vào năm 1987.
Honda đã đề xướng và duy trì triết lý và văn hoá riêng để tạo ra một môi trường thúc đẩy sáng tạo như: “Ba niềm vui”, “Tôn trọng con người”, “Waigaya” Giống như khái niệm “waigaya” mà bạn đọc sẽ tìm hiểu qua từng trang sách, được coi là “con đường suy nghĩ dấn thân”, thì sáng tạo cũng vậy, một con đường dấn thân mà nếu không có tâm huyết và ý chí, người ta không thể vượt qua những kẻ ngáng đường, qua quãng thời gian dài làm người ta thoái chí cùng một tỉ lệ thành công thấp tới mức nản lòng, để đi tới tận cùng.
Bạn đọc sẽ được tiếp cận những khái niệm mới mẻ mà đúng hơn là hệ giá trị mới của Honda, trong đó đặt con người làm trung tâm cùng với trách nhiệm của doanh nghiệp trước trăn trở, công ty xe ô tô có thể cống hiến điều gì cho xã hội? Và quan điểm thú vị bất ngờ, coi sáng chế giống như tình yêu, phải vượt qua được lý luận thông thường để nâng lên một tầm mức mới, vượt xa cải tiến thường lệ, đem lại giá trị vượt trội, tiến vào một thế giới mà ta chưa từng biết đến.",Sách tiếng Việt/Sách kỹ năng sống/Sách tư duy - Kỹ năng sống,31
48035329,sách năm kẻ trộm hạnh phúc,JOHN IZZO,70000,1,OFFICIAL_STORE,4.5,20,246.0,https://tiki.vn/sach-nam-ke-trom-hanh-phuc-p48035329.html?spid=48035330,https://salt.tikicdn.com/cache/280x280/ts/product/ba/33/bc/2d810f7193fca2d71d0eb9d27f678e23.jpg,"Năm Kẻ Trộm Hạnh Phúc
Đừng truy cầu hạnh phúc; Chỉ cần dọn đường cho hạnh phúc!
John Izzo lập luận rằng hạnh phúc là trạng thái tự nhiên của chúng ta. Nhưng hạnh phúc bị đánh cắp bởi những kiểu tư duy âm ỉ mà ông miêu tả là những kẻ trộm: kiểm soát, kiêu ngạo, thèm muốn, tiêu dùng, và nhàn hạ. Ông phát hiện những tên trộm này khi tìm kiếm nguồn hạnh phúc đích thực trong kỳ nghỉ phép dài một năm, đi Đường hành hương Camino de Santiago ở Tây Ban Nha và sống trên vùng núi Andes của Peru. Cuốn sách sâu sắc và truyền cảm hứng này miêu tả lớp vỏ nguỵ trang của những tên trộm đó, những công cụ chúng sử dụng để đột nhập vào tâm chúng ta, và cách bắt giữ chúng một lần và mãi mãi. Izzo cho thấy cũng những tên trộm hạnh phúc cá nhân này đang huỷ hoại xã hội như thế nào. Cuốn sách sẽ giúp tất cả chúng ta phát hiện, triển khai, và bảo vệ hạnh phúc vốn là bản chất thật của chúng ta đồng thời tạo ra một thế giới mà tất cả chúng ta đều muốn sống trong đó.",Sách tiếng Việt/Sách kỹ năng sống/Sách tư duy - Kỹ năng sống,99
76732671,sách be kind - hãy có lòng tốt,"ĐỨC ĐẠT-LAI LẠT-MA, NORIYUKI UEDA",30600,1,OFFICIAL_STORE,4.8,35,217.0,https://tiki.vn/sach-be-kind-hay-co-long-tot-p76732671.html?spid=76732675,https://salt.tikicdn.com/cache/280x280/ts/product/7c/ba/ba/c52850ce21acfdb202158dc68355a5fb.jpg,"Đức Đạt-lai Lạt-ma tự mô tả mình là một tu sĩ đơn giản. Điểm đặc trưng trong lời dạy của Ngài ở những chuyến đi hoằng pháp khắp nơi trên thế giới là tình yêu thương nồng ấm. Với sự hài hước, hóm hỉnh nhưng giản dị, Ngài chia sẻ, trả lời câu hỏi về các chủ đề vĩ mô của nhân loại liên quan đến cuộc sống, cái chết, niềm vui, bệnh tật, đau khổ, sự bám chấp, giận dữ, tình yêu thương, nhưng chung quy lại Ngài chỉ đơn giản nói với chúng ta rằng: Hãy có lòng tốt!
Bản chất căn bản mà tất cả chúng ta đều có chính là lòng tốt, được viện dẫn trong câu trích của Đức Đạt-lai Lạt-ma mà thường được lặp đi lặp lại trên các phương tiện truyền thông xã hội đến nỗi cụm từ này đã trở thành một trào lưu sống phổ biến, theo đúng nghĩa của nó: “Tín ngưỡng của tôi rất đơn giản. Không cần đền chùa. Không cần triết lý phức tạp. Tâm thức của bạn, trái tim của bạn chính là một ngôi chùa. Triết lý sống của bạn chính là có một lòng tốt đơn thuần.”
Tất cả chúng ta đều muốn được đối xử tử tế. Khi chúng ta đối xử tốt với người khác, chúng ta cảm thấy mãn nguyện, trong khoảnh khắc ân sủng đó, chúng ta cảm thấy nhẹ nhàng và thoát khỏi những áp lực mà chúng ta phải đối mặt hàng ngày.
Chúng ta cảm thấy hài lòng. Lòng tốt có thể chỉ là một nụ cười, một cử chỉ thân thiện, một hành động hào phóng, một việc làm từ thiện, một khoảnh khắc quan tâm đến nhu cầu của người khác hơn là của chính mình.
Cho dù chúng ta có thể gọi chúng là sự thiện chí, tình cảm, sự quan tâm hay dịu dàng, thì những việc làm tử tế như trên có nguồn gốc và phát triển từ tình yêu thương.
Trong tập sách này, Đức Đạt-lai Lạt ma chia sẻ với chúng ta về tình yêu thương. Ngài trình bày một con đường cho và nhận, đồng thời chỉ bày cho chúng ta một phương cách thực hành hướng về tình yêu thương và lòng tốt.
Trong cuốn sách nhỏ này, Đức Đạt-lai Lạt-ma khuyên chúng ta, rằng: “Hãy có lòng tốt!”
Hãy thể hiện lòng tốt bất cứ khi nào có thể.
Và chúng ta luôn có thể làm một người tốt.
Trích đoạn sách:
Tình yêu thương, hay còn gọi là lòng trắc ẩn, là điều tuyệt vời và quý giá nhất. Khi chúng ta nói về tình yêu thương, điều đáng khích lệ ở đây là bản chất căn bản của con người chính là tình yêu thương và sự dịu dàng.
Đôi khi tôi tranh luận với những người bạn, những người tin rằng bản chất của con người là tiêu cực và hiếu chiến. Tôi lập luận rằng nếu bạn nghiên cứu về cấu trúc cơ thể con người, bạn sẽ thấy rằng chúng ta giống với những loài động vật có vú mà có cách sống nhẹ nhàng và yên bình hơn các loài khác.
Đôi khi tôi nửa đùa nửa thật rằng đôi bàn tay của chúng ta được sinh ra để ôm chứ không phải để đánh nhau. Nếu đôi bàn tay của chúng ta được sinh ra dành cho việc đánh nhau thì không cần những ngón tay xinh đẹp để làm gì.
Ví dụ, nếu mở rộng các ngón tay thì các võ sĩ đấm bốc không thể đấm mạnh, vì vậy họ buộc phải nắm chặt các ngón tay lại thì mới tạo thành nắm đấm
Do vậy điều này có nghĩa, cấu trúc vật lý sinh học căn bản của chúng ta đã tạo ra tình yêu thương và sự dịu dàng theo một cách rất tự nhiên.
Nếu chúng ta nhìn vào các mối quan hệ, chúng ta sẽ thấy quan hệ bạn đời, hôn nhân, và sinh con có vai trò rất quan trọng. Hôn nhân không nên dựa trên tình yêu mù quáng hay một loại tình yêu điên cuồng cực độ, nó nên dựa trên sự hiểu biết lẫn nhau và sự thấu hiểu rằng hai người phù hợp để sống cùng nhau.
“BẢN CHẤT CĂN BẢN CỦA CON NGƯỜI LÀ TÌNH YÊU THƯƠNG VÀ SỰ DỊU DÀNG.”
Hôn nhân không phải chỉ là cảm giác thoả mãn tạm thời, mà còn là một dạng ý thức trách nhiệm nào đó.
Tình yêu chân thành chính là nền tảng của hôn nhân.
Việc thụ thai đúng đắn một đứa trẻ được hình thành trong kiểu thái độ đạo đức hoặc tinh thần đó. Theo một số nhà khoa học, khi đứa trẻ còn ở trong bụng mẹ, sự bình an của người mẹ có tác động tích cực lên đứa trẻ dù chưa được sinh ra.
Nếu tinh thần của người mẹ tiêu cực – ví dụ cô ấy mệt mỏi hay tức giận – thì khi đó rất có hại cho sự phát triển lành mạnh của thai nhi.
Một nhà khoa học đã nói với tôi rằng vài tuần đầu tiên sau khi sinh là giai đoạn quan trọng nhất. Trong suốt giai đoạn đó, não đứa trẻ đang được mở rộng.
Trong giai đoạn này, sự đụng chạm của người mẹ, hoặc là sự xúc chạm của một ai đó vào đứa trẻ giống như một người mẹ, là điều vô cùng quan trọng.
Điều này cho thấy thậm chí khi một đứa trẻ có thể chưa nhận biết được ai với ai, nhưng bằng cách nào đó trẻ đã cần tình cảm và sự quan tâm của người khác. Nếu không có điều này, thì rất có hại cho việc phát triển lành mạnh của não trẻ.
Sau khi sinh, hành động đầu tiên của người mẹ là bồng trẻ trên tay và cho con bú sữa. Nếu người mẹ thiếu tình cảm hoặc cảm xúc với con thì sữa sẽ không chảy ra.
Nếu người mẹ cho con ăn với sự dịu dàng, bất chấp những đau đớn mà mình đang phải trải qua, thì sữa sẽ tuôn ra một cách tự nhiên.
Tình yêu thương này giống như một viên ngọc quý.
Thêm nữa, về phía đứa trẻ, nếu bé thiếu đi cảm giác gần gũi mẹ, bé sẽ không bú. Điều này cho thấy tình cảm mẫu tử tuyệt vời này cần đến từ cả hai phía.",Sách tiếng Việt/Sách kỹ năng sống/Sách kỹ năng mềm,129
191148802,sách tâm lý học giao tiếp,"EMILY ALISON, LAURENCE ALISON",120015,1,OFFICIAL_STORE,4.7,19,218.0,https://tiki.vn/sach-tam-ly-hoc-giao-tiep-p191148802.html?spid=191148803,https://salt.tikicdn.com/cache/280x280/ts/product/9c/56/21/5dc7d3016f2a4b8b5eacda2efa34e6b6.jpg,"Trong cuộc sống thường ngày, chúng ta luôn phải đối diện với những kẻ khó nhằn: Là người hàng xóm khó tính khi ta đưa ra đề nghị cùng làm lại hàng rào; là vị sếp kiệm lời khi ta đưa ra đề nghị tăng lương; là người chồng hay ghen khi ta bị bắt gặp ra ngoài cùng một người bạn khác giới… Đó là khi chúng ta phải tìm cách né tránh những xung đột và điều hướng các hoạt động giao tiếp sao cho có thể đạt được những gì chúng ta muốn.
Trong cuốn sách “Tâm lý học giao tiếp” tiết lộ rằng mọi tương tác hay giao tiếp đều tuân theo bốn kiểu hành vi: Kiểm soát (sư tử), Khiêm nhường (chuột), Đối đầu (Khủng long) và Hợp tác (Khỉ). Ngay sau khi hiểu rõ phong cách và mục tiêu giao tiếp của riêng bạn, bạn có thể định hình bất kỳ cuộc trò chuyện nào theo ý muốn và tìm ra cách tạo dựng các mối quan hệ tức thì. Đồng thời còn chứa đầy những câu chuyện, lời khuyên thực tế và những ví dụ hấp dẫn, giúp bạn có thể định hình bất cứ cuộc trò chuyện nào theo ý muốn và tiến gần hơn đến bí mật thực sự: cách xây dựng mối quan hệ.
Emily Alison là cố vấn hành vi kiêm giám sát viên lâm sàng cho các tổ chức làm việc liên quan đến bạo lực gia đình. Bà là trợ lý nghiên cứu của Đại học Liverpool.
Laurence Alison là giáo sư Tâm lý học của Đại học Liverpool. Ông đã xuất bản hơn 200 ấn phẩm nổi tiếng toàn cầu gồm 10 cuốn sách viết về các sự cố nghiêm trọng và hồ sơ tội phạm, góp phần không nhỏ vào việc cải thiện các quyết định mang tính rủi ro cao, bảo vệ trẻ em và hiệu quả về mặt đạo đức trên toàn cầu.
Laurence và Emily Alison là hai nhà lãnh đạo thế giới trong lĩnh vực tâm lý học pháp y, tư vấn và đào tạo cho các cơ quan cảnh sát, an ninh, FBI và CIA về cách đối phó với những kẻ tình nghi cực kỳ nguy hiểm. Sau 30 năm làm việc – với hơn 2000 giờ thẩm vấn các nghi phạm khủng bố – họ đã phát triển được một mô hình giao tiếp liên nhân vô cùng đột phá.
Lời khen tặng:
“Laurence Alison là một trong những người hùng học thuật của tôi. Anh ấy đã làm được điều mà mọi nhà văn đều khao khát làm được. Anh ấy đơn giản hoá mọi khó khăn mà không làm mất đi sự nghiêm khắc của anh ấy. Đây là một cuốn sách đáng đọc.”
- Malcolm Gladwell -
“Vợ chồng họ đang âm thầm cách mạng hoá công tác nghiên cứu và thực hành thẩm vấn Những phát hiện của họ làm thay đổi cách người ta thực thi pháp luật và cách các cơ quan an ninh tiếp cận những hoạt động tình báo.”
– The Guardian -",Sách tiếng Việt/Sách kỹ năng sống/Sách kỹ năng mềm,161
36855316,sách bình thản làm mẹ,PAULINE LOH,54000,1,OFFICIAL_STORE,4.7,28,187.0,https://tiki.vn/sach-binh-than-lam-me-p36855316.html?spid=36855317,https://salt.tikicdn.com/cache/280x280/ts/product/67/a2/3e/5dfb870037e5adbe9d7c528dca1fad74.jpg,"Người mẹ vất vả biết bao! Giữa bộn bề lo toan, với người chồng quay cuồng trong công việc và mấy đứa con ngỗ nghịch, đôi khi người mẹ không khỏi cảm thấy bất lực, cô đơn.
Quyển sách này sẽ là bạn của người mẹ. Mang theo lời của nhiều danh nhân tự cổ chí kim, của những vị hoàng đế, tổng thống, nhà văn, nghệ sĩ - tất cả là những người con - quyển sách này sẽ nhắn nhủ người mẹ rằng: “Bạn làm tốt lắm!”
Những việc người mẹ làm, dù bé nhỏ hay vĩ đại, cũng đang góp phần thay đổi thế giới! Hãy mở quyển sách này ra để ăn mừng người mẹ, để được sưởi ấm trong tình mẹ con, và được tiếp thêm sức mạnh mà Bình thản làm mẹ.",Sách tiếng Việt/Sách kỹ năng sống/Sách tư duy - Kỹ năng sống,90
76105908,sách tình yêu thương gia đình,"JACK CANFIELD, MARK VICTOR HANSEN",46400,1,OFFICIAL_STORE,4.7,16,179.0,https://tiki.vn/sach-tinh-yeu-thuong-gia-dinh-tai-ban-p76105908.html?spid=76105909,https://salt.tikicdn.com/cache/280x280/ts/product/dc/56/46/843e334d4f91e90977dc639a53f3f456.jpg,"Gia đình là nguồn động viên tinh thần và là nhân tố không thể thiếu trong cuộc sống hạnh phúc của mỗi người chúng ta. Đó là nơi cuộc sống của ta bắt đầu, nơi tình yêu không bao giờ kết thúc, nơi mọi lỗi lầm được thứ tha và là nơi bình yên mà ta luôn mong muốn tìm về mỗi khi vấp ngã trên đường đời.
Hai tiếng “gia đình” luôn gợi lên trong chúng ta nhiều cảm xúc khó tả và những ký ức ấm áp. Khi nhớ về gia đình, ta nhớ về những kỷ niệm vui buồn thời thơ ấu và những bài học cuộc sống giúp ta trưởng thành. Chúng ta cũng không bao giờ quên vòng tay yêu thương của mẹ, cái ôm động viên của cha và những cuộc trò chuyện đầy tiếng cười với các anh chị em trong nhà. Đôi khi ta xem gia đình là điều hiển nhiên và bỏ mặc mái ấm của mình để tìm kiếm hạnh phúc ở một nơi xa xôi nào đó, để rồi khi vấp ngã và thất bại, ta mới nhận ra rằng gia đình là nơi duy nhất dành cho ta tình yêu thương vô điều kiện.
Tình yêu thương gia đình là quyển sách tập hợp những câu chuyện ý nghĩa và cảm động về tình cảm gia đình. Bạn có thể bắt gặp hình ảnh của chính mình cũng như của người thân trong những câu chuyện đó. Bên cạnh đó, bạn sẽ thấu hiểu rằng dù có chuyện gì xảy ra thì tình yêu thương của gia đình là thứ tình cảm duy nhất tồn tại mãi mãi, để từ đó, bạn biết trân trọng hơn tình cảm của những người thân yêu đã và đang dành cho mình.",Sách tiếng Việt/Sách kỹ năng sống/Sách kỹ năng mềm,127
73207098,sách làm chủ - mastery,ROBERT GREENE,163000,1,OFFICIAL_STORE,4.8,460,3329.0,https://tiki.vn/sach-lam-chu-mastery-p73207098.html?spid=73549953,https://salt.tikicdn.com/cache/280x280/ts/product/ad/b8/e3/868c63084d35f9cae18e20f5d1370b3d.jpg,"Làm Chủ - Mastery.
Trong một thế giới mà tài năng hiếm khi đủ, sự kiên trì, nhận thức sâu và luyện tập có chủ đích mới là chìa khoá dẫn bạn trở thành bậc thầy. Nhưng làm thế nào để đi từ bình thường đến xuất sắc một cách hiệu quả?
Trong Mastery (2012), Robert Greene khám phá hành trình của các thiên tài như Darwin, Leonardo da Vinci, Mozart, Freddie Roach... để rút ra con đường thành công dành cho bất kỳ ai không dựa trên tài năng bẩm sinh, mà là nhờ giao tiếp với ngọn lửa bên trong, qua ba giai đoạn rõ rệt: học việc, sáng tạo tích cực, và thành thục thật sự (mastery)
Khi đọc cuốn sách này, bạn sẽ học được cách:
Học có phương pháp: bắt đầu bằng quan sát sâu, thực hành chú tâm đến từng chi tiết, rồi từ đó tiến đến sáng tạo riêng và tự do đột phá.
Biến say mê thành nguồn lực không giới hạn, vượt qua áp lực, chỉ trích và chống chọi với số đông để gặt hái kết quả vượt ngoài mong đợi.
Hiểu rõ: trở thành bậc thầy là một hành trình dài, không đường tắt, nhưng nếu bạn biết cách đi năm, thậm chí mười năm, sẽ trở nên đầy cảm hứng và giá trị.
Cuốn sách hướng dẫn cách học hỏi ở cấp độ cao hơn bằng những chiến lược sáng tạo, linh hoạt, giúp làm chủ bản thân, vượt qua chỉ trích, khai thác trực giác và phát triển tư duy thích ứng. Làm chủ đồng nghĩa luôn đổi mới, bởi nếu ngừng lại, trí tuệ và sáng tạo sẽ suy thoái; sức mạnh này chỉ tồn tại khi được nuôi dưỡng liên tục.
Robert Greene (sinh năm 1959) là tác giả người Mỹ nổi tiếng với các tác phẩm về chiến lược, quyền lực và tâm lý con người. Ông học tại Đại học California, Berkeley và Đại học Wisconsin–Madison, từng làm nhiều nghề trong lĩnh vực viết lách, báo chí và điện ảnh trước khi trở thành nhà văn. Greene nổi tiếng nhờ cuốn 48 Nguyên Tắc Chủ Chốt Của Quyền Lực, được xem như “cẩm nang” về quyền lực, gây nhiều tranh cãi nhưng có ảnh hưởng lớn trong giới kinh doanh, chính trị và nghệ thuật. Các tác phẩm khác gồm 33 Chiến Lược Của Chiến Tranh, Nguyên lý Thường nhật: 366 Suy ngẫm về Quyền lực, Quyến rũ, Làm chủ, Chiến lược, và Bản chất con người, Nghệ Thuật Quyến Rũ, Làm Chủ - Mastery.
Xem thêm các tác phẩm khác của tác giả tại đây.
Cuốn sách này dành cho ai?
Bạn muốn khai phá tiềm năng thực sự của mình, chứ không chỉ thực hiện những việc “hợp lý”.
Bạn đang theo đuổi sự hoàn thiện bền bỉ, không chỉ muốn nhanh mà còn muốn sâu.
Bạn hiểu rằng kiến thức không đủ, cần có trải nghiệm và sáng tạo cá nhân để tạo nên đẳng cấp.
Bạn cần một kim chỉ nam rõ ràng cho hành trình dài hơi, không lạc lối giữa muôn vàn lời khuyên mù mờ.
Đừng để tài năng ngủ yên, hãy đánh thức nó bằng con đường làm chủ.",Sách tiếng Việt/Sách kỹ năng sống/Sách tư duy - Kỹ năng sống,121
54002545,sách muôn màu lập luận,NGUYỄN ĐỨC DÂN,89000,1,OFFICIAL_STORE,4.8,58,505.0,https://tiki.vn/sach-muon-mau-lap-luan-p54002545.html?spid=54002546,https://salt.tikicdn.com/cache/280x280/ts/product/01/28/de/6030e8ae389e53a2ed26e14e0e4878c1.jpg,,Sách tiếng Việt/Sách kỹ năng sống/Sách tư duy - Kỹ năng sống,109
191782162,sách trên đường băng,TONY BUỔI SÁNG,80000,1,OFFICIAL_STORE,5.0,167,2373.0,https://tiki.vn/sach-tren-duong-bang-tony-buoi-sang-p191782162.html?spid=191782164,https://salt.tikicdn.com/cache/280x280/ts/product/4f/b9/1d/893bb69e55ff6eaf9cea80deb6982f22.jpg,TRÊN ĐƯỜNG BĂNG là cuốn sách tập hợp những bài viết truyền cảm hứng và hướng dẫn kỹ năng cho các bạn trẻ khi chuẩn bị bước vào đời.,Sách tiếng Việt/Sách kỹ năng sống/Sách tư duy - Kỹ năng sống,162
1353613,sách sống trọn vẹn từng khoảnh khắc,DANI DIPIRRO,52000,1,OFFICIAL_STORE,4.8,11,227.0,https://tiki.vn/sach-song-tron-ven-tung-khoanh-khac-p1353613.html?spid=1114598,https://salt.tikicdn.com/cache/280x280/ts/product/7c/99/3b/8d5b2a55107413240632f1e5d45aa1b3.jpg,"Sống trọn vẹn từng khoảnh khắc có nghĩa là sống ở hiện tại, tập trung nhận thức của bạn vào những thứ đang diễn ra ngay lúc này. Khi sống ở hiện tại, bạn không còn đắm chìm trong quá khứ hay lo lắng cho tương lai. Thay vào đó, bạn bận rộn với cuộc đời của chính mình, luyện tập sự chấp nhận ở mức độ sâu có thể dẫn đến sự cải thiện về thể chất và làm cho tinh thần thanh thản hơn. Ví dụ, những nghiên cứu về thiền định cho thấy sống với từng khoảnh khắc có thể mang đến sức mạnh lớn lao.
Nhưng đắm mình vào hiện tại không dễ chút nào: ngày nay, cuộc sống chuyển động quá nhanh, cùng với sự tiến bộ của công nghệ đã ít nhiều gây ra sự phân tán. Quyển sách này được thiết kế để giúp bạn tập trung vào nghệ thuật sống trọn vẹn từng khoảnh khắc bằng những câu danh ngôn truyền cảm hứng, các quan điểm và hoạt động chỉ ra cách sống với hiện tại, mặc dù việc đó tưởng chừng như đầy thách thức. Đọc quyển sách này, bạn sẽ được truyền cảm hứng để sống trọn vẹn từng khoảnh khắc tuyệt vời nhất trong đời.",Sách tiếng Việt/Sách kỹ năng sống/Sách tư duy - Kỹ năng sống,19
75630581,sách loonshots: từ lạc loài đến lẫy lừng,SAFI BAHCALL,133500,1,OFFICIAL_STORE,5.0,37,256.0,https://tiki.vn/sach-loonshots-tu-lac-loai-den-lay-lung-p75630581.html?spid=75630582,https://salt.tikicdn.com/cache/280x280/ts/product/3b/78/a4/e6efdb94df97ca6f700d1e024aba6efc.jpg,"Trong cuốn sách này, tác giả sẽ cho bạn thấy khoa học về sự chuyển pha đã gợi ra một cách tư duy mới mẻ, đáng kinh ngạc về thế giới xung quanh chúng ta- Về những bí ẩn của hành vi đám đông. Bạn sẽ thấy tại sao những nhóm tài năng lại giết chết các sang kiến tuyệt vời, tại sao khi rơi vào tình cảnh ngàn cân treo sợi tóc, trí tuệ đám đông lại biến thành bạo ngược đám đông, và tại sao đáp án cho những câu hỏi này lại có thể được tìm thấy trong một ly nước.
1. Những đột phá quan trọng nhất xuất phát từ những “ cú đòn gàn”, tức những ý tưởng thiên hạ bỏ bê, và những người chủ xưởng bị coi là “ gàn dở”.
2. Cần tới những nhóm rất lớn để chuyển đổi những đột phá đó thành các công nghệ giúp chúng ta giành phần thắng trong chiến tranh, tạo ra những sản phẩm cứu được mạng người, hoặc những chiến lược đủ sức biến đổi các ngành nghề, lĩnh vực.
3. Áp dụng khoa học về sự chuyển pha vào hành vi của các đội ngũ, doanh nghiệp hoặc bất cứ nhóm chuyên trách nào cũng mang lại các nguyên tắc thực tiễn, giúp nuôi dưỡng những cú đòn gàn một cách nhanh chóng và hiệu quả hơn.",Sách tiếng Việt/Sách kỹ năng sống/Sách tư duy - Kỹ năng sống,125
8855456,sách để thân tâm an lạc,PGS.TS NGUYỄN HỮU ĐỨC,54000,1,OFFICIAL_STORE,5.0,9,166.0,https://tiki.vn/sach-de-than-tam-an-lac-p8855456.html?spid=8855457,https://salt.tikicdn.com/cache/280x280/ts/product/cf/22/a4/1f2b7f0653a3ac8975a78d4a5db31260.jpg,"Tổ chức Y tế Thế giới đã đưa ra định nghĩa về sức khoẻ: “Sức khoẻ không chỉ là không bệnh tật mà là trạng thái hoàn toàn sảng khoái về thể chất, tinh thần và xã hội”. Định nghĩa này cho thấy thân và tâm của con người dính liền với nhau như hình với bóng, và có sức khoẻ có nghĩa “thân tâm an lạc”.
Trong cuộc sống, ta đều thấy rất rõ là khi thân có an thì tâm mới lạc. Ngược lại, khi tâm cứ mãi lo âu phiền muộn, không chóng thì chầy thân sẽ lâm vào bệnh hoạn. Chính tâm ta có lạc, dù cuộc sống trĩu nặng ưu phiền mà tâm vẫn an nhiên thì thân vẫn an để sống khoẻ. Cũng vì thế, ngày nay người ta rất chú trọng đến yếu tố tâm lý - tinh thần của con người. Quyển sách này là tập hợp các bài viết của PGS. TS. Nguyễn Hữu Đức với các chủ đề liên quan đến yếu tố tâm lý - tinh thần của con người nhằm đạt đến sức khoẻ toàn diện. Đây là chủ đề rất rộng nhưng thực chất xoay quanh “cái tôi” của mỗi con người. ""Cái tôi"" thường được cảm nhận là cần thiết vì nó chỉ những gì là sự tồn tại của chính mình, khẳng định mình là có mặt trên đời này. Nhưng ""cái tôi"" cũng là kẻ khôn ngoan, ma mãnh, gian trá và là vật xấu ác, là lực phá hoại mối quan hệ giữa cá nhân và tập thể, xã hội. Từ “cái tôi” của người thầy thuốc mà nảy sinh “lương y như từ mẫu”. Từ “cái tôi” của con người mà có “buông bỏ”, “lời nói yêu”, “niềm tin có thể chữa được bệnh”, “hỷ xả cho người, từ bi cho mình”…",Sách tiếng Việt/Sách kỹ năng sống/Sách tư duy - Kỹ năng sống,47
47438231,sách câu cá trên trời,STEVE SIMS,59800,1,OFFICIAL_STORE,4.8,28,174.0,https://tiki.vn/sach-cau-ca-tren-troi-p47438231.html?spid=47438232,https://salt.tikicdn.com/cache/280x280/ts/product/0d/3b/ff/6c8ced3ba44f9ae4013624457a656322.jpg,"Cách biến những điều không thể thành có thể!
Công việc của Steve Sims là hiện thực hoá những điều không tưởng. Dù bạn muốn tổ chức đám cưới tại Vatican, đi tham quan xác tàu Titanic hay trở thành James Bond, ông đều có thể thực hiện nó cho bạn.
Trong cuốn sách này, Steve Sims sẽ tiết lộ những bí mật đã tạo nên thành công của mình, cách ông đã biến những điều tưởng chừng không thể thành hiện thực. Chúng bao gồm:
Đừng tin những điều mà người ta kể cho bạn.
Hãy ích kỷ nếu bắt buộc phải như vậy.
Luôn hỏi tại sao ba lần.
…và thêm nhiều bí mật khác nữa.
“Steve Sims đã định nghĩa lại cho chúng ta thấy thế nào là được sống thật với bản thân.” - Elton John",Sách tiếng Việt/Sách kỹ năng sống/Sách tư duy - Kỹ năng sống,98
14524625,sách dặn với mai kia…,TÔN THẤT NGUYỄN THIÊM,61000,1,OFFICIAL_STORE,5.0,26,398.0,https://tiki.vn/sach-dan-voi-mai-kia-p14524625.html?spid=14524626,https://salt.tikicdn.com/cache/280x280/ts/product/b3/02/71/071b0d93cd65bdc11ed0a1ea603d7d2e.jpg,"Dặn với mai kia… có thể được xem là đoạn cuối nối dài của bộ ba Ngộ… Về… Cội…
Với trọng bệnh, cùng mấy lần tưởng đã đi luôn, tác giả nhận chân ra biết bao tuyệt diệu của sự sống và ở ngưỡng cửa cái chết, nay còn một số điều được chiêm nghiệm, chưa nói trong bộ ba vừa nêu, tác giả thố lộ trong tập này.",Sách tiếng Việt/Sách kỹ năng sống/Sách tư duy - Kỹ năng sống,68
23930107,"sách suy nghĩ lớn , hành động nhỏ",JASON JENNINGS,107000,7247,OFFICIAL_STORE,4.0,15,4.0,https://tiki.vn/sach-suy-nghi-lon-hanh-dong-nho-p23930107.html?spid=70772177,https://salt.tikicdn.com/cache/280x280/ts/product/a6/df/86/6c240059504762ec429025c57a44d991.jpg,"Mọi người thường cho rằng có 3 cách để gia tăng lợi nhuận của một công ty, đó là cắt giảm biên chế và chi phí, thu nhỏ quy mô quy mô doanh nghiệp hay làm lại sổ sách kế toán. Nhưng vẫn còn một cách khác tốt hơn – một cách đã được 9 công ty có mức tăng lợi nhuận khó tin và được điều hành tốt áp dụng.
Jason Jenning và đội ngũ nghiên cứu đã sàng lọc 100 nghìn công ty trên khắp nước Mỹ để tìm ra 9 công ty tuy hiếm khi xuất hiện trên truyền thông nhưng lại có mức tăng doanh thu và lợi nhuận hằng năm lên đến 10% hoặc hơn. Họ đã phỏng vấn các nhà lãnh đạo, công nhân và khách hàng của những “siêu sao” thầm lặng này và tìm ra được bí mật ẩn sâu đằng sau đó.
Hoá ra, tất cả các công ty này đều có một điểm chung. Văn hoá của họ đều dựa trên một khái niệm đơn giản đến vô cùng: Suy nghĩ lớn nhưng hành động nhỏ. Cả 9 công ty đều nghĩ đến những ý tưởng lớn lao về việc giải quyết các nhu cầu của khách hàng, cho ra mắt những sản phẩm tốt hơn và tạo ra giá trị. Họ không bao giờ dừng đổi mới như các công ty khởi nghiệp – mà vẫn luôn khiêm tốn, đối xử bình đẳng với nhân viên và dạy cho các quản lý phải biết cách để đôi tay mình lấm bẩn.
Mặc cho nền kinh tế thế giới suy thoái, 9 công ty kia vẫn không ngừng phát triển. Họ chính là minh chứng cho việc bất kể quy mô hay ngành nghề kinh doanh, các công ty chỉ cần có được hướng tiếp cận đúng đắn là có thể gặt hái được thành công giống như họ.",Sách tiếng Việt/Sách kỹ năng sống/Sách tư duy - Kỹ năng sống,79
560565,sách tại sao lại chần chừ?,TEO AIK CHER,28000,326534,NONE,0.0,29,,https://tiki.vn/sach-tai-sao-lai-chan-chu-tai-ban-p560565.html?spid=277722387,https://salt.tikicdn.com/cache/280x280/media/catalog/product/t/a/tai_sao_chan_chu.u547.d20161128.t082228.740393.jpg,"Tại Sao Lại Chần Chừ?
""Tại sao lại chần chừ"" là một cuốn sách thực tế và hấp dẫn, có thể giúp các bạn trẻ loại bỏ hoàn toàn ""căn bệnh"" chần chừ. Với văn phong nhẹ nhàng và nhiều hình ảnh minh hoạ dí dỏm, cuốn sách này sẽ giúp bạn kháp phá ra những lý do khiến các bạn trẻ chần chừ cũng như vì sao họ lại cư xử theo thói quen thông thường ấy. Bên cạnh đó, cuốn sách cũng sẽ tập trung giải quyết vấn đề mang tên ""Chần chừ"" thông qua những chiến thuật đã được kiểm chứng.
Hãy bắt đầu con đường dẫn đến thành công của bạn bằng việc đọc cuốn sách đầy cảm hứng này!",Sách tiếng Việt/Sách kỹ năng sống/Sách kỹ năng mềm,9
59047889,sách mở cửa trái tim,AJAHN BRAHM,80400,1,OFFICIAL_STORE,4.8,49,381.0,https://tiki.vn/sach-mo-cua-trai-tim-tai-ban-2020-p59047889.html?spid=59047890,https://salt.tikicdn.com/cache/280x280/media/catalog/producttmp/89/90/ff/0f65d1ee07efc1458353da3cfff252d0.jpg,"Mở Cửa Trái Tim
Mở cửa trái tim mang đến những câu chuyện thông thái xoay quanh chủ đề: Sự hoàn hảo và tội lỗi, Tình yêu và sự gắn bó, Sợ hãi và đau khổ, Nóng giận và tha thứ, Hạnh phúc tự tạo, Những vấn đề then chốt và các giải pháp trắc ẩn, Sự khôn ngoan và tĩnh lặng nội tâm, Tâm trí và thực tế, Các giá trị và đời sống tinh thần, Tự do và khiêm tốn, Chịu đựng và cho qua.
Vì cuộc sống là một chuỗi những câu chuyện nên trong suốt nhiều năm, sư Ajahn đã dùng những câu chuyện mình được nghe, thấy và cảm nhận vào trong việc giảng dạy để giúp mọi người viết tiếp những điều thật đẹp trong câu chuyện của họ. Đó cũng là lý do mà quyển sách này ra đời và được độc giả từ khắp nơi đón nhận.
Nếu bạn yêu thích cách những thông điệp cuộc sống được truyền tải nhẹ nhàng thông qua các câu chuyện ngắn như trong tuyển tập Hạt giống tâm hồn thì Mở cửa trái tim của sư trụ trì Ajahn Brahm hẳn là một lựa chọn khác mà bạn nên xem xét.
“Cuộc sống vốn là một chuỗi những câu chuyện đan xen chứ không phải là một hệ thống những khái niệm. Những ý tưởng chỉ là sự khái quát và lúc nào cũng xa rời thực tế; trong khi một câu chuyện, với những tầng nghĩa và tình tiết phong phú của nó, lại tỏ ra gần gũi hơn với đời thường. Đó là lý do vì sao chúng ta dễ dàng kể lại những câu chuyện hơn là các lý thuyết trừu tượng. Và chúng ta luôn thích những câu chuyện hay.
Cầu mong cho những câu chuyện đời đơn giản trong quyển sách này sẽ tiếp tục giúp cho ai đó cảm thấy nhẹ nhàng hơn, bớt đau khổ hơn nhờ một góc nhìn khác.”
- Ajahn Brahm",Sách tiếng Việt/Sách kỹ năng sống/Sách kỹ năng mềm,116
3750479,sách sức khỏe trong tay bạn,TRẦN BÍCH HÀ,80750,161219,NONE,0.0,83,,https://tiki.vn/sach-suc-khoe-trong-tay-ban-p3750479.html?spid=133864518,https://salt.tikicdn.com/cache/280x280/ts/product/7e/c4/be/e0943fbd66556d9668900e4b511ac802.jpg,"Sức Khoẻ Trong Tay Bạn
Một cuốn sách với rất nhiều phương pháp chăm sóc sức khoẻ, phòng chữa bệnh theo cách tự nhiên, mà tác giả cuốn sách đã tự mình tìm tòi, trải nghiệm, áp dụng cho bản thân, gia đình, bạn bè trong suốt hơn 15 năm qua.
“Nhưng thông điệp quan trọng nhất của cuốn sách này có lẽ không phải là những công thức hay phương pháp cụ thể, bởi mỗi phương pháp có thể có tác dụng tốt với một số người, nhưng chưa chắc đã phù hợp với người khác. Điều thu nhận quý giá từ những trang sách của tác giả là niềm tin vào khả năng của mỗi con người làm chủ sức khoẻ của mình. Nếu ta có lòng tin và quyết tâm tìm tòi thì những bệnh mãn tính sẽ được chế ngự ở mức độ này hay mức độ khác. Ưu điểm tuyệt đối của những biện pháp tự nhiên là nếu không lạm dụng thì chúng không gây hại thêm cho cơ thể bạn. Nếu muốn cải thiện tình trạng sức khoẻ của mình, bạn hãy lên đường thử nghiệm y học thay thế. Cuốn sách sẽ khơi gợi ý tưởng và tạo động lực, hãy dùng nó như hướng dẫn khởi hành. Nhưng để đến đích hay không hoàn toàn phụ thuộc vào độ kiên trì của ý chí và sức dẻo dai của đôi chân bạn. Và như tôi vẫn thường làm – nếu băn khoăn hay thắc mắc, hãy hỏi tác giả Trần Bích Hà.” (trích lời anh Nguyễn Hải, Chủ tịch HĐQT Công ty Du lịch TransViet).",Sách tiếng Việt/Sách kỹ năng sống/Sách kỹ năng mềm,36
48873333,sách nghệ thuật diễn thuyết để thành công,JERRY WEISSMAN,128600,1,OFFICIAL_STORE,4.7,27,273.0,https://tiki.vn/sach-nghe-thuat-dien-thuyet-de-thanh-cong-p48873333.html?spid=48873334,https://salt.tikicdn.com/cache/280x280/ts/product/f7/af/fb/0959eafc1210adc27ad558b2c0a4a9a0.jpg,"Diễn thuyết không chỉ là kỹ năng trình bày trước đám đông mà còn là một môn nghệ thuật đầy quyền năng. Với cuốn sách Nghệ thuật diễn thuyết để thành công, tác giả Jerry Weissman, chuyên gia tư vấn thuyết trình số 1 thế giới, cho thấy cách kết nối và thuyết phục những khán giả khó tính nhất. Cuốn sách bao gồm 12 chương giới thiệu một cách có hệ thống triết lý của Weissman về diễn thuyết và đưa ra giải pháp cho năm lỗi cơ bản thường gặp trong các bài thuyết trình. Các chương bao gồm tất cả những chủ đề quan trọng liên quan đến phát triển thuyết trình như: hiểu và kết nối với khán giả, lên ý tưởng, tổ chức tài liệu, sử dụng các phương tiện trực quan, phát triển biểu đồ, số liệu và tuỳ biến. Với nhiều ví dụ thực tế, các kinh nghiệm hữu ích từ bản thân, tác giả cho độc giả cái nhìn hoàn toàn mới về diễn thuyết, đó là nghệ thuật mà ở đó, diễn giả là trung tâm, là người thổi hồn vào câu chuyện thông qua những công cụ trình chiếu hiện đại.",Sách tiếng Việt/Sách kỹ năng sống/Sách tư duy - Kỹ năng sống,102
177117491,sách về quê lập nghiệp,TUẤN TRẦN,151000,97533,NONE,0.0,16,1.0,https://tiki.vn/sach-ve-que-lap-nghiep-p177117491.html?spid=178836712,https://salt.tikicdn.com/cache/280x280/ts/product/fa/77/af/0632d4139595b1a45e9c9dc234f67953.jpg,"VỀ QUÊ LẬP NGHIỆP
BÍ QUYẾT LẬP NGHIỆP THÀNH CÔNG LÀ GÌ?
""Bỏ phố về quê"" đang là trào lưu mạnh mẽ với các bạn trẻ xa quê lên thành phố học tập và làm việc. Họ trở về vì nhiều lý do, từ đơn giản như gần gia đình, tránh xa khói bụi thành thị, đến đầy hoài bão tuổi trẻ như phát triển quê hương. Dù bất cứ lý do gì, thì đó cũng là những lý do chính đáng và đáng tôn trọng như nhau.
Tuy nhiên, nhiều bạn trẻ đã có ước mơ, mục đích, thậm chí là vốn nhưng họ lại chưa dám làm. Đơn giản vì họ chưa tìm thấy mô hình khởi nghiệp phù hợp cho bản thân. Các bạn trẻ đọc hết cuốn sách này đến cuốn sách khác, đọc đi đọc lại cuộc đời của các tỷ phú, người thành công, chỉ để tìm một mô hình thành công cho mình. Nhưng không, không có một mô hình nào sẽ giúp cho họ thành công 100% và Về quê lập nghiệp - cuốn sách phát triển bản thân sẽ cho bạn thấy điều đó.
Bí quyết thành công của Về quê lập nghiệp
Với Về quê khởi nghiệp, tác giả Tuấn Trần sẽ cho bạn thấy để thành công, bạn cần 1 sự kiên trì bền bỉ. Ngoài ra, bạn cần phải hiểu biết thị trường (đầu ra), có khả năng tụ họp một đội làm việc gắn bó với nhau trong một thời gian dài, khả năng tiếp cận khách hàng, lắng tai nghe từ họ những chỉ trích tích cực hay tiêu cực, khả năng thuyết phục ngân hàng hoặc nhà đầu tư/tài trợ (cho dù người này là cha mẹ hay gia đình). Và đến khi có được hết tất cả những thứ này rồi, bạn lại vẫn cần thêm sự uyển chuyển và khả năng theo dõi gu của thị trường và theo đó mà thích ứng. Rồi nếu tất cả vẫn trôi chảy thuận lợi thì lại còn thêm khả năng quản lý công ty và quản trị nhân viên.
Cuối cùng, tác giả sẽ đem tới cho bạn bằng chứng rằng muốn lập nghiệp thành công cần đủ mọi thứ nói trên và không cần bắt chước bất cứ một mô hình nào. Bạn hãy cứ đi theo đam mê hay bất cứ một ý tưởng lập nghiệp nào. Bạn cứ tiến từ từ, bạn hãy cứ bắt đầu bằng một công cuộc nho nhỏ, đúng với sức mình vào thời điểm đó, bạn hãy cứ giải quyết từng vấn đề một khi nó xuất hiện. Bạn cũng có thể vui vẻ khi công việc kinh doanh ở bên bờ vực thẳm, vì bạn đã chấp nhận giả định từ trước rằng mọi sự có thể sập và phá sản. Rồi bạn vẫn cứ kiên trì tạo hệ sinh thái của việc kinh doanh, một hệ sinh thái gồm khách hàng, người cung cấp, ngân hàng, luật sư, rồi chính cả gia đình của bạn. Hãy cứ đọc và chiêm nghiệm những gì doanh nhân Tuấn Trần trải qua và thành công với Tuấn Minh Sport.
Học gì từ Về quê lập nghiệp
Đây không phải là một cuốn sách kỹ năng lý thuyết suông, mà là những câu chuyện về những trải nghiệm, những suy ngẫm của tác giả về hành trình lập nghiệp của mình. Đó là một hành trình làm việc không ngừng nghỉ, kiên trì học hỏi, luôn đứng dậy khi vấp ngã. Đó là một hành trình đầy gian nan nhưng rồi cũng sẽ vượt qua với ý chí can trường - một trong những yếu tố quyết định sự thành công. Hành trình này không phải được trải đầy hoa hồng nhiều tỷ phú thế giới. Mà là sự kiên trì hơn 30 năm, từ một cậu bé 10 tuổi đã đu theo ba làm lơ xe trong Cậu bé lơ xe ngày ấy, mười mấy tuổi đã phải sống tự lập, biết làm nông, thợ sửa xe đạp cho nhà chủ ở trọ trong Cú đánh cược đầu đời, từ những câu chuyện thuở bé để hình thành nên tính cách mạnh mẽ, rắn rỏi trong Chuẩn bị cho chiến tranh, đến lòng tự trọng trong Bẫy “cúi đầu”, Tất cả sẽ rất thật, rất gần gũi với bạn, và thậm chí bạn sẽ thấy được hình ảnh của mình trong đây.
Đôi lời của tác giả - doanh nhân Tuấn Trần
Có lẽ bạn sẽ nghĩ, thật là kỳ lạ khi có ai đó lại kể những câu chuyện nhỏ bé ấy trong một cuốn sách về lập nghiệp. Có lẽ bạn đang mong chờ tôi chia sẻ một mô hình, một ý tưởng, một con đường khởi nghiệp nào đó. Nhưng tôi đã không làm thế, vì tôi tin rằng không thể đóng gói con đường thành công thành công thức, vì mỗi một con đường sẽ dẫn tới một đích đến duy nhất. Do đó, cuốn sách sẽ không nói về công thức thành công. Cuốn sách này là trải nghiệm của tôi và những gì tôi đúc kết được sau nửa đời người lăn lộn, bôn ba trên thương trường. Tôi tin rằng thành công sẽ đến với chúng ta theo những cách rất khác nhau, nên khi tôi kể câu chuyện của mình, bạn cũng sẽ nhìn lại và kể được câu chuyện của chính bạn.
Hãy đọc và chiêm nghiệm Về quê lập nghiệp bạn nhé!",Sách tiếng Việt/Sách kỹ năng sống/Sách hướng nghiệp,156
56753902,sách minh đạo nhân sinh,PROFESSOR MICHAEL PUETT - CHRISTINE GROSS-LOH,118400,2918,OFFICIAL_STORE,4.8,87,45.0,https://tiki.vn/sach-minh-dao-nhan-sinh-p56753902.html?spid=57400396,https://salt.tikicdn.com/cache/280x280/ts/product/f0/a6/8a/faa71e66c61bb7b0885e54fa00c738cc.jpg,"Minh Đạo Nhân Sinh - Bí quyết sống hạnh phúc của các hiền giả Trung Hoa
Trong những triết lý ấy có cái gì mà gây tác động to lớn đến vậy với những người nghiên cứu chúng? Không tư tưởng nào trong số đó bảo bạn ""chấp nhận và trân trọng bản thân"", ""tìm ra chính mình"", hay phải làm theo một loạt chỉ dẫn để đạt được mục tiêu cụ thể. Trên thực tế đó, chúng chính là thứ đối chọi với kiểu tư duy đó. Chúng không cụ thể, không ra lệnh, cũng không đao to búa lớn. Thay vào đó, chúng thay đổi từ nền tảng theo những cách không thể đoán định hay hình dung ra từ trước.
""Cuốn sách này không chỉ thay đổi cuộc đời bạn, nó còn thay đổi cách bạn nhìn nhận lịch sử và thế giới nữa. Từ cách nhìn mới mẻ diệu kỳ về Khổng Tử cho đến cách hiểu sâu sắc chính những gì những bâc hiền giả vĩ đại nói với chúng ta, Minh Đạo Nhân Sinh là ví dụ cho tất cả những gì chúng ta sẽ có được khi có cách nhìn cởi mở cấp tiến với triết học Trung Hoa. Hãy đọc và biến đổi."" - Gish Jen, tác giả của Tiger Writting và The Love Wife
""Cuốn sách này khai mở trí óc của chúng ta."" - The Huffington Post",Sách tiếng Việt/Sách kỹ năng sống/Sách kỹ năng mềm,113
36857503,sách điềm tĩnh làm cha,KELVIN ANG,52000,1,OFFICIAL_STORE,4.8,31,216.0,https://tiki.vn/sach-diem-tinh-lam-cha-p36857503.html?spid=36857504,https://salt.tikicdn.com/cache/280x280/ts/product/ca/57/37/d3e856d735297e64b27514e838163c1a.jpg,"Người mẹ vất vả biết bao! Giữa bộn bề lo toan, với người chồng quay cuồng trong công việc và mấy đứa con ngỗ nghịch, đôi khi người mẹ không khỏi cảm thấy bất lực, cô đơn.
Quyển sách này sẽ là bạn của người mẹ. Mang theo lời của nhiều danh nhân tự cổ chí kim, của những vị hoàng đế, tổng thống, nhà văn, nghệ sĩ - tất cả là những người con - quyển sách này sẽ nhắn nhủ người mẹ rằng: “Bạn làm tốt lắm!”",Sách tiếng Việt/Sách kỹ năng sống/Sách tư duy - Kỹ năng sống,91
3672853,"sách dám ước mơ, biết thực hiện",JOHN C. MAXWELL,107000,7247,OFFICIAL_STORE,0.0,32,8.0,https://tiki.vn/sach-dam-uoc-mo-biet-thuc-hien-p3672853.html?spid=70662726,https://salt.tikicdn.com/cache/280x280/ts/product/14/01/34/4a06d4686a7c8b06c8b4f48cb3c552d5.jpg,"Dám Ước Mơ, Biết Thực Hiện
10 CÂU HỎI GIÚP BẠN HIỂU RÕ VÀ BIẾN ƯỚC MƠ CỦA BẠN THÀNH HIỆN THỰC
1. Câu hỏi về Quyền sở hữu: Ước mơ đó có thật sự là ước mơ của chính tôi không?
2. Câu hỏi về Tính rõ ràng: Tôi có nhìn thấy rõ ràng ước mơ của mình không?
3. Câu hỏi về Tính thực tế: Tôi có đang dựa vào những nhân tố trong tầm kiểm soát của mình để đạt được ước mơ không?
4. Câu hỏi về Niềm đam mê: Ước mơ của tôi có cuốn hút tôi theo đuổi nó hay không?
5. Câu hỏi về Đường đi nước bước: Tôi đã có một chiến lược để đạt được ước mơ của mình chưa?
6. Câu hỏi về Con người: Tôi đã tính đến tất cả những người mà tôi cần để thực hiện ước mơ của mình chưa?
7. Câu hỏi về Cái giá phải trả: Tôi có sẵn sàng trả giá cho ước mơ của mình không?
8. Câu hỏi về Tính kiên định: Tôi có đang tiến gần đến ước mơ của mình không?
9. Câu hỏi về Sự mãn nguyện: Việc phấn đấu để đạt được ước mơ có làm tôi hài lòng không?
10. Câu hỏi về Ý nghĩa và tầm quan trọng: Ước mơ của tôi có mang lại lợi ích cho những người khác không?",Sách tiếng Việt/Sách kỹ năng sống/Sách tư duy - Kỹ năng sống,34
272877866,sách phương pháp học tập siêu tốc,"MIKE HERNAKI, BOBBI DEPORTER",104600,1,OFFICIAL_STORE,4.8,22,55.0,https://tiki.vn/sach-phuong-phap-hoc-tap-sieu-toc-p272877866.html?spid=272877869,https://salt.tikicdn.com/cache/280x280/ts/product/b2/fc/b7/d86a531e2de0edda81b76ae9837e9343.jpg,"Phương Pháp Học Tập Siêu Tốc
Đã bao giờ bạn cảm thấy chán nản vì việc học hành quá vất vả và cực nhọc chưa? Phương pháp học tập siêu tốc sẽ là một cứu cánh giúp bạn thấy phấn chấn, vui tươi và say mê công việc học tập. Cuốn sách không những bổ ích đối với học sinh, sinh viên, mà còn phù hợp với người học ở mọi lứa tuổi. Với những mẹo nhỏ, những gợi ý và những kỹ thuật đặc biệt, sách giúp bạn tiết kiệm thời gian, tăng cường khả năng lĩnh hội và ghi nhớ, đồng thời biến việc học thành một quá trình thú vị, hấp dẫn và bổ ích. Đọc sách sẽ khiến bạn thay đổi quan điểm và cách nhìn nhận về chính bản thân mình và về việc học tập. Bạn sẽ phát hiện ra khả năng học tập tiềm tàng trong mình, để rồi sẽ thấy việc học thật dễ dàng và hứng thú.
Sách được trình bày một cách đặc biệt, bên trái là những trang kín chữ như những cuốn sách khác, còn bên phải là những hình vẽ, sơ đồ, ký hiệu, v.v…
Đầu và cuối mỗi chương đều có những trang đặc biệt. Đầu chương nêu tóm tắt những lợi ích bạn sẽ có được khi đọc nội dung và cuối chương là phần kiểm tra giúp bạn kiểm nghiệm xem đã học được những gì. Có một số nội dung được tác giả nhắc lại nhiều lần dưới hình thức khác nhau. Các kỹ thuật đưa ra rất phù hợp với phương thức làm việc của não bộ, giúp bạn học với kết quả tốt nhất. Những kỹ thuật này đã được thử nghiệm, đánh giá trong nhiều năm và rất có hiệu quả trong thực tế. Bạn hãy đọc với tâm hồn cởi mở, gạt sang bên những ý nghĩ như: cuốn sách này như thế nào và nói về điều gì. Cũng không nên để ý việc bạn đã học nhanh đến mức nào và học được những gì. Hãy làm cho chính bạn phải ngạc nhiên về khả năng của mình. Và hãy vui với mỗi bước đi trên con đường học tập của bạn.",Sách tiếng Việt/Sách kỹ năng sống/Sách tư duy - Kỹ năng sống,171
12416731,sách sức mạnh của từng khoảnh khắc,CHIP HEATH & DAN HEATH,114000,1,OFFICIAL_STORE,5.0,27,624.0,https://tiki.vn/sach-suc-manh-cua-tung-khoanh-khac-p12416731.html?spid=12416732,https://salt.tikicdn.com/cache/280x280/ts/product/19/0b/0d/0bda2583aa0a82ca6dfe2b8c9c9a0ef0.jpg,"Tất cả những thứ bạn đang gìn giữ, về bản chất, đều là tàn dư những khoảnh khắc bước ngoặt trong đời bạn. Bạn cảm thấy như thế nào khi hồi tưởng lại những thứ chứa trong chiếc rương báu của mình? Sẽ ra sao nếu bạn có thể mang lại chính cảm giác đó cho con cái, học sinh, đồng nghiệp, và khách hàng của mình?
Mỗi khoảnh khắc đều có ý nghĩa. Và chúng ta sẽ bỏ lỡ một cơ hội hết sức lớn lao khi phó thác khoảnh khắc cho may rủi! Giáo viên có thể truyền cảm hứng, nhân viên điều dưỡng có thể xoa dịu nỗi đau, công chức nhà nước có thể mang lại niềm vui, chính trị gia có thể đưa mọi người lại gần nhau, và các quản lý có thể thúc đẩy nhân viên phát triển. Tất cả những gì cần có là đôi chút tri thức và tầm nhìn xa.
Đây là một cuốn sách viết về sức mạnh của những khoảnh khắc và sự thông thái của việc định hình nên những khoảnh khắc đáng nhớ trong đời.
Chip Heath và Dan Heath là tác giả của loạt sách: TẠO THÔNG ĐIỆP KẾT DÍNH, THAY ĐỔI, QUYẾT ĐOÁN.",Sách tiếng Việt/Sách kỹ năng sống/Sách tư duy - Kỹ năng sống,62
477566,sách đạo - con đường không lối,OSHO,88000,97533,NONE,5.0,37,3.0,https://tiki.vn/sach-dao-con-duong-khong-loi-p477566.html?spid=72104875,https://salt.tikicdn.com/cache/280x280/media/catalog/product/i/m/img232_12.jpg,"Đạo - Con Đường Không Lối
Đạo - Con Đường Không Lối được ghi lại từ bài nói chuyện của Osho về 5 câu chuyện ngụ  ngôn trong cuốn Liệt tử (hay Liệt Ngự Khấu, một nhân vật Đạo gia sống vào thế kỉ 4 TCN). Trong phần trình bày của mình, tác giả Osho thổi vào đó những diễn giải mới mẻ của đương đại. Qua đó ông muốn người nghe khám phá sự đối lập thực sự giữa lý trí - phi lý trí, giữa tính dương - tính âm, giữa sự tuân thủ luật lệ - sự tự nhiên nhi nhiên.
Cuốn sách gồm 5 chương, cùng 1 phần Hỏi - đáp. Trong phần hỏi - đáp, với việc trả lời những thắc mắc của người  nghe, tác giả muốn chỉ ra cách áp dụng sự uyên nguyên của triết lý Đạo giáo vào cuộc sống hàng ngày.
Chương Một -  Ai mới là người hạnh phúc? lý giải làm sao mà nỗi khổ sở lại được khởi phát từ sự tồn tại của cái tôi, của bản ngã.
Chương Hai - Người biết cách tự an ủi chỉ ra một sự thâm sâu hơn trong cách nhìn nhận những niềm hân hoan luôn lồ lộ ra bên ngoài của con người.
Chương Ba - Không hối tiếc lại nói về sự khác biệt giữa trí tuệ có được từ sự gom góp từ bên ngoài, đối sánh với cái biết khởi sinh từ bên trong.
Chương Bốn - Sống thì không có nghỉ ngơi là một cuộc đối thoại giữa học trò với thầy mình, qua đó sẽ hiển lộ cho chúng ta thấy những giới hạn của mọi ngành triết học lẫn hệ quả bấp bênh khi người ta sống chỉ vì mong cầu một kết quả trong tương lai.
Chương Năm - Tốt nhất là tĩnh lặng, tốt nhất là trống rỗng luận bàn về hai con đường đến được với thượng đế tối cao. Đó là con đường khẳng định của Kitô giáo, Do Thái giáo và Hồi giáo; và con đường phủ định (hay con đường huyền môn) của Phật và Lão Tử.",Sách tiếng Việt/Sách kỹ năng sống/Sách kỹ năng mềm,7
73497218,sách cuốn sách best seller của malcolm gladwell: david & goliathì,,120100,9988,NONE,5.0,14,49.0,https://tiki.vn/cuon-sach-best-seller-cua-malcolm-gladwell-david-goliathi-sach-ky-nang-song-ky-nang-tu-duy-p73497218.html?spid=73497219,https://salt.tikicdn.com/cache/280x280/ts/product/96/b1/c4/d96aac2ed8391a61da97158864e2347d.jpg,"Trong cuốn David và Goliath, tác giả Malcolm Gladwell lật ngược cách chúng ta nghĩ về những trở ngại và những khó khăn, đưa ra một cách lý giải mới về sự phân biệt đối xử, hay đối mặt với sự tàn tật, mồ côi, điều kiện học tập hạn chế hay đang phải chịu đựng bất lợi nào đó.
Gladwell bắt đầu với một câu chuyện có thật về những điều đã xảy ra giữa anh chàng khổng lồ to xác và cậu bé chăn cừu từ 3000 năm về trước. Từ câu chuyện này, tác phẩm nghiên cứu những vấn đề Bắc Ailen đang gặp phải, tư duy của các nhà nghiên cứu về ung thư, các nhà lãnh đạo, hậu quả của tội phạm và giá cả tăng cao, và động lực của các lớp học thành công và thất bại. Tất cả cho thấy những điều được cho là tốt đẹp và quan trọng đều xuất phát từ khó khăn và nghịch cảnh.
Nối tiếp những cuốn sách đình đám của mình, với cuốn sách này, tác giả sẽ giúp độc giả định hình lại cách nhìn nhận các vấn đề xung quanh.
Malcolm Gladwell Là tác giả của năm cuốn sách bán chạy nhất theo Tạp chí The New York Times: Điểm bùng phát, Trong chớp mắt, Những kẻ xuất chúng, Chú chó nhìn thấy gì, và David và Goliath.
Ông là người dẫn chương trình của chương trình podcast Revisionist History và là cây viết cơ hữu của tạp chí The New Yorker.
Ông được bình chọn là một trong 100 người có tầm ảnh hưởng nhất theo tạp chí Time và là một trong những tư tưởng gia hàng đầu thế giới của tạp chí Foreign Policy. Trước đó, ông là phóng viên của Washington Post, chuyên viết về mảng kinh doanh và khoa học, sau đó đảm nhận vị trí trưởng văn phòng của toà báo này ở Thành phố New York. Ông tốt nghiệp trường Trinity College, Đại học Toronto, chuyên ngành lịch sử.
Gladwell sinh ra ở nước Anh và lớn lên ở vùng ngoại ô Ontario. Hiện tại ông sống ở New York.",Sách tiếng Việt/Sách kỹ năng sống/Sách tư duy - Kỹ năng sống,122
2069357,sách cuộc dịch chuyển đại dương xanh,"W. CHAN KIM, RENEE MAUBORGNE",109200,1,OFFICIAL_STORE,4.7,70,2148.0,https://tiki.vn/sach-cuoc-dich-chuyen-dai-duong-xanh-p2069357.html?spid=2069359,https://salt.tikicdn.com/cache/280x280/ts/product/c8/82/16/02c136a390909f349b247a08c223ae9a.jpg,"Cuộc Dịch Chuyển Đại Dương Xanh
Nếu Chiến lược đại dương xanh đã gợi cho các nhà quản trị hướng đi sáng tạo, đổi mới cho sự phát triển thì Cuộc dịch chuyển đại dương xanh sẽ giúp họ cụ thể hoá trong từng ngành, từng lĩnh vực khác nhau. Trên con tàu chuyển dịch đại dương, đoàn thuỷ thủ phải đặt hết con tim và khối óc cùng với những công cụ tạo lập thị trường mới để lèo lái con thuyền từ đại dương đỏ sang đến đại dương xanh. Cần phải có lộ trình thay đổi nhận thức, chuyển hoá thành hành động và đồng tâm hiệp lực của mọi tổ chức để thực hiện thành công chuyển dịch đại dương xanh.",Sách tiếng Việt/Sách kỹ năng sống/Sách tư duy - Kỹ năng sống,29
9994836,sách yêu thôi sao phải cưới,NHIỀU TÁC GIẢ,53000,1,OFFICIAL_STORE,3.9,9,69.0,https://tiki.vn/sach-yeu-thoi-sao-phai-cuoi-p9994836.html?spid=9994837,https://salt.tikicdn.com/cache/280x280/ts/product/65/36/36/df78b52dafbf69f9ae5d03f5ea7a064a.jpg,"Yêu Thôi Sao Phải Cưới
Yêu thôi, sao phải cưới? là tuyển tập truyện ngắn về tình yêu theo tinh thần chung là yêu vì yêu, không quan trọng chuyện cưới xin.
Các câu chuyện trong tuyển tập được chia thành 3 phần:
Chương 1: Chuyện yêu đơn phương.
Chương 2: Chuyện tình yêu thời thanh xuân, dang dở, đầy nuối tiếc, chỉ có thể yêu, không thể ở bên nhau lâu dài, nhưng luôn trân trọng tình yêu đã có.
Chương 3: Chuyện tình yêu đẹp, hai người đến với nhau vì yêu, vì thương, ở bên nhau trọn đời, không cần một đám cưới hay đăng ký kết hôn theo thủ tục.
Bất giác, tôi mường tượng về một mùa hoa vỡ của tuổi mười lăm, mười sáu. Mùa hoa vỡ trong trí nhớ của tôi là khoảnh khắc tôi đón nhận những rung rinh của yêu thương đầu đời trên cánh hoa mong manh hồng thắm. Chúng đẹp kỳ lạ. Những bông hoa bé li ti, tách ra thành hình trái tim vỡ. Tôi trẻ tuổi, ngắm chúng qua một đôi mắt non xanh, chiêm ngưỡng chúng với một thứ cảm giác thuần khiết. Kể cả khi nghe những giai điệu buồn hiu hắt và thuộc nằm lòng câu chuyện huyền thoại, tôi vẫn yêu chúng bằng một tình yêu hồn nhiên và ngốc nghếch như thế.
Trích Mùa hoa vỡ gót thời gian | Trần Băng Khuê",Sách tiếng Việt/Sách kỹ năng sống/Sách tư duy - Kỹ năng sống,48
175798778,sách dạy học không theo lối mòn,"BARBARA OAKLEY, BETH ROGOWSKY, TERRENCE J.SEJNOWSKI",131200,1,OFFICIAL_STORE,5.0,28,419.0,https://tiki.vn/sach-day-hoc-khong-theo-loi-mon-p175798778.html?spid=175798779,https://salt.tikicdn.com/cache/280x280/ts/product/d0/a9/d1/4953689f01b0416e5160be6ff4273580.jpg,"Các nhà khoa học thần kinh và khoa học nhận thức đã đạt được những bước tiến to lớn trong việc hiểu về não bộ và cách con người học tập, nhưng rất ít kiến thức trong đó được áp dụng vào cách giảng dạy của giáo viên. Uncommon sense teaching áp dụng những nghiên cứu này cho lớp học dành cho giáo viên, phụ huynh và bất kỳ ai quan tâm đến việc cải thiện giáo dục. Các chủ đề bao gồm:
• Giúp học sinh có động lực và tham gia tích cực vào bài học đặc biệt là với việc học trực tuyến
• Giúp học sinh ghi nhớ thông tin lâu dài, để không lập tức quên đi sau khi kiểm tra
• Cung cấp cách giảng dạy hoà nhập trong các lớp học đa dạng với học sinh ở nhiều trình độ khác nhau.
Dựa trên những kết quả nghiên cứu cũng như kinh nghiệm hàng chục năm của các tác giả trong giảng dạy, Uncommon Sense Teaching trang bị cho người đọc những công cụ để nâng cao khả năng giảng dạy của mình, bất kể là những chuyên gia dày dặn kinh nghiệm hay những bậc cha mẹ đang cố gắng hỗ trợ thêm cho việc giáo dục con cái.
Barbara Ann Oakley
Barbara Ann Oakley là một giáo sư kỹ thuật tại Đại học Oakland và Đại học McMaster, người sở hữu các khoá học trực tuyến về học tập MOOC phổ biến nhất trên thế giới. Bà tham gia vào nhiều lĩnh vực nghiên cứu, từ giáo dục STEM đến thực hành học tập.
Oakley đồng sáng tạo và giảng dạy khoá học trực tuyến mở Học cách học. Bà là tác giả của các cuốn sách Học cách học và A Mind for Number.
Oakley cũng có nhiều bài báo op-ed về việc học trên The Wall Street Journal và The New York Times.
Beth Rogowsky có bằng tiến sĩ về Lãnh đạo Giáo dục (Đại học Wilkes, 2010); bằng Thạc sĩ về Giảng dạy (Marygrove College, 2004); Thạc sĩ về Công nghệ Giảng dạy (Đại học Bloomsburg, 2000); và Cử nhân Khoa học Giáo dục (Đại học Bloomsburg, 1996).
Beth đã hoàn thành ba năm đào tạo sau tiến sĩ tại Trung tâm Khoa học Thần kinh Phân tử và Hành vi tại Đại học Rutgers. Rogowsky có hiểu biết sâu sắc về hai thế giới rất khác nhau – giáo dục thông thường ở bậc phổ thông và đại học cũng như nghiên cứu chuyên sâu về khoa học thần kinh.
Bà đã có nhiều bài đăng trên Journal of Educational Psychology, Frontiers in Psychology, và International Journal of Play. Time Magazine và Washington Post cũng đã đăng bài về công trình của bà.
Sejnowski đã đi tiên phong trong việc học các thuật toán cho mạng lưới thần kinh vào những năm 1980. Ông cũng là nhà tiên phong trong khoa học thần kinh tính toán.",Sách tiếng Việt/Sách kỹ năng sống/Sách tư duy - Kỹ năng sống,155
10118600,sách thương lượng không nhân nhượng,"BRUCE PATTON, ROGER FISHER, WILLIAM URY",100200,1,OFFICIAL_STORE,4.5,36,476.0,https://tiki.vn/sach-thuong-luong-khong-nhan-nhuong-p10118600.html?spid=10118601,https://salt.tikicdn.com/cache/280x280/ts/product/5e/16/82/4770fb3e85e38248c8c984090d839c3f.jpg,"Kể từ khi xuất bản lần đầu cách đây gần 30 năm, Thương lượng không nhân nhượng đã giúp hàng triệu người học cách thương lượng tốt hơn. Một trong những văn bản kinh doanh chính của thời hiện đại, nó dựa trên công việc của Dự án Đàm phán Harvard, một nhóm giao dịch với tất cả các cấp độ đàm phán và giải quyết xung đột.
Thương lượng không nhân nhượng một chiến lược – đã được chứng minh – để đạt được các thoả thuận, có thể chấp nhận lẫn nhau trong mọi loại xung đột. Được cập nhật và sửa đổi kỹ lưỡng, cuốn sách cung cấp cho độc giả một phương pháp đàm phán phổ biến, để đàm phán các tranh chấp cá nhân và chuyên nghiệp mà không bị tức giận hoặc yếu thế.
Roger Fisher là giảng viên môn Đàm phán tại khoa Luật, Đại học Harvard, được phong danh hiệu Giáo sư Danh dự ngành Luật của thành phố Williston và là Giám đốc Dự án Hoạch định Chiến lược Đàm phán của Harvard.
Ông đã dành 40 năm cống hiến cho sự nghiệp nghiên cứu, viết sách và giảng dạy về đàm phán.
Ông là người đã phát triển khái niệm đàm phán dựa trên mối quan tâm hàng đầu và là nhân vật lẫy lừng, góp rất nhiều công sức vào công cuộc giải quyết các mối bất đồng, từ những vụ tranh chấp thương mại cho tới những cuộc xung đột chính trị trên trường quốc tế.
William Ury là tác giả người Mỹ, học giả, nhân chủng học và chuyên gia đàm phán. Ông đồng sáng lập Chương trình Đàm phán Harvard. Ngoài ra, ông đã giúp tìm ra mạng lưới đàm phán quốc tế với cựu Tổng thống Jimmy Carter.
Ông là đồng tác giả của Thương lượng không nhân nhượng với Roger Fisher, đưa ra phương pháp đàm phán nguyên tắc và thiết lập ý tưởng thay thế tốt nhất cho thoả thuận thương lượng (BATNA) trong lý thuyết thương lượng.",Sách tiếng Việt/Sách kỹ năng sống/Sách tư duy - Kỹ năng sống,51
173515946,sách tư duy như một kẻ lập dị,"STEVEN D.LEVITT, STEPHEN J DUBNER",79800,1,OFFICIAL_STORE,4.7,25,313.0,https://tiki.vn/sach-tu-duy-nhu-mot-ke-lap-di-p173515946.html?spid=173515948,https://salt.tikicdn.com/cache/280x280/ts/product/f0/00/98/f7bde4d69e87c3f24203492fd558e07d.jpg,"Mọi người thường có xu hướng suy nghĩ và hành động theo đám đông, do vậy với những vấn đề quan trọng, chúng ta thường phải hỏi xin lời khuyên từ bạn bè, đồng nghiệp và người thân. Điều này đương nhiên không có hại trong ngắn hạn. Thế nhưng về lâu về dài việc hỏi ý kiến những người xung quanh sẽ dẫn bạn đi theo lối mòn đã mở sẵn, một tư duy kém đổi mới mà nếu tự suy ngẫm, theo một hướng khác hơn, đột phá hơn, lập dị hơn, bạn sẽ mở ra một hướng giải quyết thông minh hơn và khôn ngoan hơn.
Trong cuốn sách Tư duy như một kẻ lập dị, Steve D.Levitt & Steph J.Dubner, đồng tác giả của hai cuốn sách vô cùng lý thú pha chút hóm hỉnh Kinh tế học hài hước và Siêu kinh tế học hài hước, sẽ một lần nữa dùng lối văn phong phá cách của mình để “mở khoá tư duy” của độc giả. Xin nhắc lại đây không phải là một cuốn sách hài hước, đơn giản chỉ là để giải trí, mà ngoài những yếu tố, những ví dụ vui nhộn, hai tác giả này còn muốn người đọc có được một thái độ tích cực hơn với những gì bất ngờ xảy đến, hãy luôn thoát khỏi lối mòn và trang bị cho mình những cách giải thích đơn giản nhất có thể.",Sách tiếng Việt/Sách kỹ năng sống/Sách tư duy - Kỹ năng sống,153
200780115,sách kinh tế học cho thanh thiếu niên,"LARA BRYAN, ANDY PRENTICE",132000,111899,OFFICIAL_STORE,0.0,29,,https://tiki.vn/sach-kinh-te-hoc-cho-thanh-thieu-nien-p200780115.html?spid=210163698,https://salt.tikicdn.com/cache/280x280/ts/product/ca/23/f0/1f4b15a1da00d5b3890629180c170710.jpg,"Tất cả những gì con người làm ra, từ làm một cây kem đến thực hiện một cuộc phẫu thuật, đều phụ thuộc vào việc trao đổi sự hiểu biết, hàng hoá, dịch vụ và các ý tưởng. Và cần có một nơi để mọi người gặp gỡ và trao đổi tất cả mọi thứ, đó chính là thị trường.
Không phải lúc nào ta cũng có được tất cả những gì mình muốn. Vậy chúng ta có thể làm thể nào với những gì mình có? Kinh tế học là hiểu về các lựa chọn mà chúng ta đưa ra để giải quyết vẫn đề này, từ việc quyết định dùng thời gian của mình như thế nào tới việc sản xuất mặt hàng gì để bán, tới cả việc chính phủ lựa chọn cách thức nào để quản lý đất nước.",Sách tiếng Việt/Sách kỹ năng sống/Sách tư duy - Kỹ năng sống,167
48905222,sách những đứa trẻ chín ép,DAVID ELKIND,121660,1,OFFICIAL_STORE,5.0,45,782.0,https://tiki.vn/sach-nhung-dua-tre-chin-ep-p48905222.html?spid=48905223,https://salt.tikicdn.com/cache/280x280/ts/product/f2/16/b3/7cacca73cf75c1a935734b681f1c45e9.jpg,"Chúng ta đang sống trong một xã hội hối thúc và bị hối thúc. Chúng ta luôn đặt ra mục tiêu: làm nhanh hơn, khẩn trương hơn. Siêu thị giúp chúng ta đi chợ trong chốc lát. Các cửa hàng ăn nhanh giải quyết việc ăn uống chóng vánh. Cao tốc giúp chúng ta rút ngắn thời gian di chuyển, vận chuyển. Và cuộc cách mạng đương đại trong xử lý thông tin cho chúng ta nguồn thông tin nhanh hơn, chính xác hơn, giải quyết khối lượng công việc ngày càng chất cao như núi. Thậm chí đến việc nghỉ ngơi giải trí của chúng ta cũng bị hối thúc với các phương tiện tự động như máy đặt con ki, máy ném bóng, du thuyền siêu tốc… Chúng ta sống trong một xã hội bị quy định bởi giờ giấc, tiến độ. Vậy nên, món quà thực dụng mà chúng ta thường tặng con cái là gì: Một chiếc đồng hồ.
Việc hối thúc trẻ đang trở thành lối sống được xã hội chấp nhận, thậm chí coi trọng. Sự hối thúc đi kèm với sự thiếu kiên nhẫn. Vì sao? Vì việc hối thúc phản ánh các giá trị văn hoá, ví dụ như văn hoá đúng giờ, và viện đến các giá trị đó người ta sẽ biện hộ cho việc hối thúc trẻ.
Chúng ta hối thúc các con bởi chúng ta hối thúc chính mình. Nhưng điều đó sẽ khiến suy nghĩ, cảm thức của trẻ về niềm tin, lòng tốt, sự an toàn và nhân từ khoan dung của thế giới này bị tổn hại.",Sách tiếng Việt/Sách kỹ năng sống/Sách tư duy - Kỹ năng sống,104
12647239,sách chữa lành đứa trẻ bên trong bạn,CHARLES WHITFIELD,81000,101957,OFFICIAL_STORE,4.7,583,300.0,https://tiki.vn/sach-chua-lanh-dua-tre-ben-trong-ban-p12647239.html?spid=49385154,https://salt.tikicdn.com/cache/280x280/ts/product/23/f0/51/9b632419ed8cf712f724457d62767d6c.jpg,"Cuốn sách này là quá trình khám phá và phục hồi dành cho những người trưởng thành gặp tổn thương từ gia đình.
Khái niệm “Đứa trẻ nội tâm” trở thành một phần của nền văn minh nhân loại từ cách đây ít nhất 2000 năm. Carl Jung gọi khái niệm này là “Đứa trẻ thần thánh” (Divine Child), còn Emmet Fox gọi là “Đứa trẻ kì diệu” (Wonder Child).
Hai nhà tâm lý trị liệu Alice Miller và Donald Winnicott đã đề cập đến nó như là “chân ngã” (cái Tôi đích thực) của chúng ta. Nhiều chuyên gia khác trong lĩnh vực nghiên cứu chứng nghiện rượu và chất kích thích khác gọi nó là “Đứa trẻ nội tâm” (Inner Child).
Thuật ngữ Đứa trẻ nội tâm dùng để nói về phần tâm hồn vô cùng sôi nổi, tràn đầy sức sống, sáng tạo và mãn nguyện trong sâu thẳm mỗi người; đây chính là Đứa trẻ nội tâm – là Chân Ngã – là con người thực sự của chúng ta.
Những chấn thương tâm lý xuất hiện lặp đi lặp lại sẽ làm gián đoạn quá trình phát triển lành mạnh của một đứa trẻ, điều này sẽ khiến phản xạ “chiến đấu, chạy trốn hoặc tê liệt” của trẻ trở nên mất kiểm soát.
Những căn bệnh còn được gọi là “rối loạn chấn thương phổ quát” này thể hiện mối liên hệ mật thiết với quá khứ tuổi thơ phải trải qua những tổn thương liên tiếp. Hơn nữa, trái ngược với những kiến thức tâm thần học hiện đại, có rất ít bằng chứng cho thấy nguyên nhân của những chứng bệnh này xuất phát từ một rối loạn chuyển hoá gen trong tính chất hoá học của bộ não.
Thực tế được ghi nhận qua các nghiên cứu về sự bất thường của não bộ cho thấy chính những sự bất thường này dường như mới là cơ chế gây ra sự rối loạn, với những tổn thương liên tiếp trong thời thơ ấu và giai đoạn sau đó là nguyên nhân cho cả rối loạn tâm thầm và cơ chế gây ra nó.
Phần đông các gia đình trên khắp thế giới đều chưa thể hiện được vai trò của mình trong việc cung cấp và hỗ trợ các nhu cầu lành mạnh của con trẻ. Hậu quả là quá trình phát triển thần kinh cùng tâm lý bình thường và lành mạnh của trẻ từ sơ sinh cho tới giai đoạn trưởng thành bị gián đoạn nghiêm trọng.
Để có thể tồn tại, bản ngã thực sự của đứa trẻ – (Cái Tôi đích thực hay Đứa trẻ nội tâm) – thứ đã bị tổn thương nghiêm trọng phải lẩn trốn vào sâu bên trong khu vực vô thức của tâm trí. Thứ xuất hiện bên ngoài là một bản ngã hay tiềm thức giả mạo và nó đang cố gắng giành quyền kiểm soát cuộc đời của chúng ta, nhưng không thể thành công đơn giản bởi vì nó chỉ là một cơ chế phòng vệ để tránh không bị tổn thương và nó hoàn toàn không có thật. Động lực của cái tôi giả mạo này chủ yếu dựa trên nhu cầu phải luôn là người làm đúng và kiểm soát được mọi thứ.
Cách gọi tên chính xác những gì đã xảy ra với chúng ta cũng như những yếu tố tạo nên đời sống nội tâm của mình khi các sự kiện đó xuất hiện, bao gồm những cảm xúc phong phú mà chúng ta có và học cách cho phép bản thân trải qua những nỗi đau cảm xúc thay vì tránh né nó.
Một trong số những nguyên tắc quan trọng nhất của việc chữa lành được gói gọn như sau “one day at a time”, tức là khi chúng ta làm gì thì hoàn toàn chú tâm vào việc mình làm mà không cần phải suy nghĩ hay lo lắng đến những việc khác, bởi vì suy nghĩ hay lo lắng cũng vô ích và không cần thiết.
Dù quá trình chữa lành có kéo dài bao lâu, chỉ cần áp dụng lời khuyên này, thì quan điểm của chúng ta có thể thay đổi ngay lập tức: giúp cho cuộc hành trình chữa lành tổn thương không chỉ dễ chịu hơn mà còn đầy ý nghĩa, để chúng ta luôn sống trọn vẹn và hết mình với khoảnh khắc hiện tại.
Với từng chút kiên nhẫn, khi cho phép mình được trải nghiệm lại những nỗi đau từng bị đè nén và được quyền đau khổ, chúng ta có thể dần dần giải phóng bản thân khỏi những mâu thuẫn nội tâm chưa được giải quyết suốt bao nhiêu năm qua, đồng thời cũng khám phá ra rằng: tương lai sẽ luôn là một điểm đến còn chưa được xác định. Cuộc sống của chúng ta thuộc về hiện tại, là nơi mà cuối cùng chúng ta luôn có thể tìm thấy sự yên bình.",Sách tiếng Việt/Sách kỹ năng sống/Sách kỹ năng mềm,64
72642585,sách qtctg. về hưu không ưu tư,"CLIVE WHICHELOW, MIKE HASKINS",48000,1,OFFICIAL_STORE,5.0,8,67.0,https://tiki.vn/sach-qtctg-ve-huu-khong-uu-tu-p72642585.html?spid=72642586,https://salt.tikicdn.com/cache/280x280/ts/product/68/2c/4c/8efb35f74156f8663e1f032b2a648597.jpg,"Sau bao năm tháng quay cuồng công việc, đột nhiên bạn tự do! Chắc chắn phải có chút bất an rồi – lần đầu tiên mà. Không còn bị sai bảo làm này làm nọ – à, trừ cái người là một nửa của bạn ra, tất nhiên. Không phải dậy từ sớm tinh mơ ba chân bốn cẳng đi làm – mặc dù ở tuổi này có lẽ bạn cũng phải dậy lúc tờ mờ để đi vệ sinh. Không còn làm lụng cực nhọc tiền công rẻ mạt – ờ, không còn lương nữa…
Nhưng sẽ ổn thôi, vì giờ đây bạn có thể làm chuyện gì mình muốn – miễn hợp lý.",Sách tiếng Việt/Sách kỹ năng sống/Sách kỹ năng mềm,119
4476279,sách trang tử nam hoa kinh,THU GIANG - NGUYỄN DUY CẦN,89100,53660,OFFICIAL_STORE,5.0,58,43.0,https://tiki.vn/sach-trang-tu-nam-hoa-kinh-tap-1-p4476279.html?spid=32220042,https://salt.tikicdn.com/cache/280x280/ts/product/7b/e8/08/104d2f0281a2e5548a3f3dc57481f7f4.jpg,"Cuốn sách nghiên cứu về triết học của Trang Tử, trình bày học thuyết và nêu những điểm chủ chốt cấu thành nên triết học Trang Tử.",Sách tiếng Việt/Sách kỹ năng sống/Sách tư duy - Kỹ năng sống,40
51420872,sách tiểu luận về dân bắc kỳ,GUSTAVE DUMOUTIER,140200,1,OFFICIAL_STORE,4.6,71,556.0,https://tiki.vn/sach-tieu-luan-ve-dan-bac-ky-p51420872.html?spid=51420873,https://salt.tikicdn.com/cache/280x280/ts/product/7b/44/a4/c837f02d7cc0ebdf2cc7ea860ea9d03b.jpg,"Gustave Dumoutier là nhà Việt Nam học người Pháp thuộc thế hệ đầu, đến Hà Nội vào tháng 4 năm 1886 theo lời đề nghị của Tổng trú sứ Paul Bert, qua đời tại Hải Phòng tháng 8 năm 1904, ông đã có những đóng góp quan trọng cho ngành Học chính Bắc kỳ trong một khoảng thời gian rất dài.
Gustave Dumoutier cũng tập trung nghiên cứu về khảo cổ, dân tộc học, tôn giáo, dân gian, văn hoá Việt Nam. Đầu thế kỷ XX, ông là học giả tiên phong thực hiện các nghiên cứu về văn hoá dân gian Việt Nam nhằm góp phần tìm hiểu sâu sắc và tường tận xứ thuộc địa mà người Pháp vừa bình định xong. Sự nghiệp trước tác của ông rất đồ sộ, một trong những tác phẩm nổi tiếng và quan trọng nhất chính là Essais sur les Tonkinois – Tiểu luận về dân Bắc Kỳ.
Tiểu luận về dân Bắc Kỳ đăng lần đầu trên Tạp chí Đông Dương từ 15-3-1907 đến 15-2-1908 dưới dạng các bài viết/ tiểu luận. Vào những ngày sắp mất, trong nỗi cô đơn buồn tẻ tại Đồ Sơn Hải Phòng), Dumoutier tự tay tập hợp và sắp xếp các bài viết của mình, bố cục các nội dung thành tập di cảo. Năm 1908, Tiểu luận về dân Bắc Kỳ lần đầu được ấn hành tại Nhà in Viễn Đông.
Nội dung của cuốn sách gồm sáu chủ đề lớn liên quan tới tổ chức xã hội, văn hoá, phong tục, tập quán và nếp sống thường nhật của người dân Bắc kỳ cuối thế kỷ thứ XIX: 1) Xã hội: tổ chức làng xã An Nam, việc xét xử, việc quân…; 2) Gia đình: sinh con, cưới hỏi, tang ma…; 3) Trò giải trí và nghề nghiệp: ca kỹ và đào kép, các nghề, chơi bài lá, đưa đò, sơn và dầu sơn, phu trạm…; 4) Thực phẩm: tục ăn đất, cỗ (cúng, làng, đám ma, mừng thọ), nước chấm, tín ngưỡng dân gian liên quan đến bữa ăn…; 5) Y học: thầy lang, hiệu thuốc; 6) Mê tín: phù thuỷ và bói toán, hậu vận, cốt tướng, diện tướ Những chủ đề được trình bày tương đối cụ thể theo quan sát, ghi chép và diễn giải của tác giả. Qua đây, độc giả phần nào hình dung được những nét văn hoá, phong tục tập quán, lối sống của người dân Bắc kỳ cuối thế kỷ XIX.
Tiểu luận về dân Bắc Kỳ là sự bổ khuyết cần thiết cho công trình nghiên cứu vốn nổi tiếng về tổ chức hành chính và xã hội Việt Nam của Éliacin Luro, người lập ra Trường Tham biện Hậu bổ Sài Gòn năm 1873; là tài liệu tham khảo của hai học giả Nguyễn Văn Huyên và Đào Duy Anh, khá nhiều tranh ảnh minh hoạ trong Việt Nam văn hoá sử cương được Đào Duy Anh lấy từ công trình này.
Trong Connaissance du Vietnam (Hiểu biết về Việt Nam), hai học giả Pierre Huard và Maurice Durand đã sử dụng một số lượng lớn tranh minh hoạ từ Tiểu luận về dân Bắc Kỳ. Henri Oger thừa nhận có kế thừa Éliacin Luro, L. Cadière và Gustave D.
Điểm sơ qua một số công trình nghiên cứu văn hoá-tinh thần Việt Nam quan trọng nhất của các vị học giả nổi tiếng trên, chúng ta thấy tập hợp những nghiên cứu về văn hoá - xã hội Tiểu luận về dân Bắc Kỳ của Gustave Dumoutier chiếm một vị trí đặc biệt quan trọng.",Sách tiếng Việt/Sách kỹ năng sống/Sách tư duy - Kỹ năng sống,108
48541755,sách đông phương triết học cương yếu,LÝ MINH TUẤN,192000,1,OFFICIAL_STORE,4.7,67,503.0,https://tiki.vn/sach-dong-phuong-triet-hoc-cuong-yeu-p48541755.html?spid=48541756,https://salt.tikicdn.com/cache/280x280/ts/product/82/13/d0/c592005f1e13c79bf6a86774fbc20656.jpg,Đông Phương Triết Học Cương Yếu,Sách tiếng Việt/Sách kỹ năng sống/Sách tư duy - Kỹ năng sống,101
100958464,sách hỏi đáp từ trái tim,THICH NHẤT HẠNH,115700,1,OFFICIAL_STORE,5.0,114,1093.0,https://tiki.vn/sach-hoi-dap-tu-trai-tim-tai-ban-p100958464.html?spid=100958466,https://salt.tikicdn.com/cache/280x280/ts/product/b3/e5/57/ae36107af6bd28fb6ae62b565b74853f.jpg,"“Khi mới bắt đầu thực tập chánh niệm, quý vị thường có cả ngàn câu hỏi. Nhưng trước khi tìm người khác để xin giải đáp thì hãy ngồi xuống với câu hỏi của mình. Quý vị sẽ ngạc nhiên khi khám phá ra rằng nhờ nhìn sâu và ôm ấp câu hỏi mà quý vị có thể tự trả lời hầu hết các câu hỏi của mình. Chúng ta có thói quen luôn hướng ngoại, nghĩ rằng chúng ta có thể tiếp nhận tuệ giác hay từ bi từ một người khác, từ Bụt, từ lời dạy của Bụt (Pháp) hay từ Tăng thân. Nhưng mà quý vị là Bụt, quý vị là Pháp, quý vị là Tăng.
Mục đích của cuốn sách này không phải để giảng dạy đạo Bụt. Chất chứa kiến thức về đạo Bụt không giúp ta trả lời được những câu hỏi khẩn thiết. Chúng ta phải học những gì có thể giúp chuyển hoá khổ đau của chính chúng ta, tháo gỡ những tình huống ngặt nghèo của chính chúng ta.
Một vị đạo sư nếu là một vị đạo sư đích thực thì những lời giảng dạy của người phải giúp ta tiếp xúc với sự sống và giúp ta cởi bỏ thành kiến, ý tưởng cũng như tập khí. Mục đích của một vị đạo sư đích thực là giúp đệ tử của mình chuyển hoá. Một câu hỏi hay là một câu hỏi có thể giúp ích cho rất nhiều người. Chúng ta nên đặt những câu hỏi từ tận đáy lòng mình, những câu hỏi liên quan đến hạnh phúc, khổ đau, sự chuyển hoá và sự thực tập. Một câu hỏi hay không cần phải dài dòng. Thiền sư Lâm Tế là một thiền sư nổi tiếng ở Trung Quốc của thế kỷ thứ chín. Ông ta nổi tiếng vì những cuộc thi ề n chiến giữa thầy và trò. Một thiền sinh thường đứng lên hỏi một câu hỏi để xem thử mức hiểu biết của mình đã chín muồi hay chưa. Thiền sư Lâm Tế thường bắt đầu bằng câu: “Nào, có vị nào xuất trận thì ra đây”. Trong trận chiến ấy thiền sinh đôi khi thắng, đôi khi bại. Trong cuốn sách này những vị nêu lên câu hỏi không cần phải xuất trận. Trong một trận chiến sẽ có người thắng kẻ thua. Trái lại, tôi cố gắng nhìn sâu vào từng câu hỏi và từng người hỏi với tâm từ bi, như chính tôi là người đã nêu lên câu hỏi ấy. Điều này không có nghĩa là những câu trả lời sẽ nói lên được những gì mình muốn nghe. Chúng ta có xu hướng tránh né một mũi tiêm hay một viên thuốc đắng mặc dầu ta biết mũi tiêm hay viên thuốc đắng ấy giúp ta lành bệnh. Cũng thế, chúng ta thường tránh né những câu trả lời gợi lên những kinh nghiệm khổ đau của đời mình.
Đôi khi những câu trả lời trong nhà Thiền giống như những rào cản giúp chặn đứng dòng suy luận của thiền sinh. Suy luận không phải là chứng ngộ. Chứng ngộ nhanh hơn chớp nhoáng. Ở đâu có suy luận là ở đó có thất bại.
Đôi khi vị đạo sư phải trả lời theo cách mà thiền sư Lâm Tế gọi là đoạt cảnh. Nghĩa là khi một thiền sinh nêu lên một câu hỏi, nếu vị đạo sư dành hết thì giờ giải thích thì có khi chẳng giúp ích gì và vị thiền sinh vẫn còn bị kẹt trong suy luận và kiến chấp của mình. Thay vào đó, vị đạo sư gạt bỏ câu hỏi, bởi vì câu hỏi ấy rất có thể nêu lên một trở ngại không thật. Tôi thường đoạt cảnh để đưa câu hỏi về lại với thiền sinh.
Tôi hy vọng rằng nhờ những câu hỏi trong cuốn sách này mà hành giả có thể tìm được phương thuốc chữa trị rất cần thiết. Lời dạy của Bụt thường được gọi là viên âm. Nghĩa là lời dạy tròn đầy, phù hợp với mọi chúng sanh. Viên âm cũng có nghĩa là lời dạy thích hợp cho người nghe, có liên hệ trực tiếp với hoàn cảnh hiện thực của người nghe. Tham vấn là một cơ hội giúp ta thực tập khả năng lắng nghe với lòng rộng mở, sẵn sàng đón nhận trong trạng thái tĩnh lặng an nhiên. Lắng nghe như thế thì chắc chắn ta sẽ nhận được phương thuốc mà ta đang cần”.",Sách tiếng Việt/Sách kỹ năng sống/Sách kỹ năng mềm,137
36085781,sách buổi sáng diệu kỳ dành cho doanh nhân,"HAL ELROD, HONORÉE CORDER, CAMERON HEROLD",91000,7247,OFFICIAL_STORE,5.0,52,23.0,https://tiki.vn/sach-buoi-sang-dieu-ky-danh-cho-doanh-nhan-p36085781.html?spid=70737474,https://salt.tikicdn.com/cache/280x280/ts/product/60/a7/07/5e7c8cf49398f6ec89aa607fbaeaf184.jpg,"Cuốn sách cung cấp các kỹ năng, bài thực hành vào buổi sáng cho các doanh nhân, giúp họ thay đổi tư duy, phát triển cá nhân và nâng tầm doanh nghiệp, đồng thời giúp họ đạt được thành công ở tất cả các lĩnh vực trong cuộc sống.
Tương tự như kết cấu của cuốn Buổi sáng diệu kỳ dành cho cá nhân và 3 cuốn còn lại trong bộ Buổi sáng diệu kỳ, cuốn sách này cũng được trình bày từ khái quát đến cụ thể.
Đầu tiên là khái niệm “Buổi sáng diệu kỳ” (The Miracle Morning) do Hal Elrod khởi xướng – một buổi sáng giúp mọi người hứng khởi, tràn đầy năng lượng, sự tự tin và chuẩn bị tâm thế để đón chào ngày mới và sẵn sàng trước mọi thử thách. Trong Buổi sáng diệu kỳ, tác giả giới thiệu 6 bài thực hành – Life S.A.V.E.R.S – giúp chúng ta có thể cải thiện bản thân, thay đổi cuộc sống và phát triển sự nghiệp rực rỡ. Life S.A.V.E.R.S bao gồm:
Silence – Sự im lặng
Affirmations – Lời khẳng định
Visualization – Sự hình dung
Exercises – Tập thể dục
Reading – Đọc sách
Scribing – Vạch dấu
Những bài thực hành này đã được hàng trăm nghìn người trên thế giới áp dụng vào mỗi buổi sáng, để lột xác, đổi đời và thành công trong cuộc sống.
Hơn thế nữa, cuốn sách còn đưa ra các nguyên tắc và kỹ năng nâng tầm doanh nhân để từ đó giúp các doanh nhân phát triển doanh nghiệp.
3 kỹ năng nâng tầm doanh nhân là: Tự lãnh đạo, Kiến tạo năng lượng và Tập trung cao độ.
3 nguyên tắc nâng tầm doanh nhân là: Xây dựng tầm nhìn sống động, Trao quyền mọi việc, Bổ nhiệm COO hỗ trợ mình.
Cuối cùng, các tác giả còn bật mí bí quyết thành công kinh doanh của mình. Đó là Phương trình kỳ diệu và Công thức thành công cho doanh nhân.
Với những lời chia sẻ đầy chân tình và chân thành từ các tác giả thành công, cuốn sách này là cuốn cẩm nang hữu ích giúp các doanh nhân thành công trong cuộc sống cá nhân và thành đạt trong sự nghiệp.",Sách tiếng Việt/Sách kỹ năng sống/Sách tư duy - Kỹ năng sống,88
184629951,sách bộ sách gieo trồng hạnh phúc,THÍCH NHẤT HẠNH,303620,126688,NONE,0.0,9,,https://tiki.vn/bo-sach-gieo-trong-hanh-phuc-4-cuon-p184629951.html?spid=195874388,https://salt.tikicdn.com/cache/280x280/ts/product/a3/61/2f/e499b3fa08e536826806ba4e56356fa8.jpg,"Cuộc sống quanh ta đầy màu nhiệm, còn chánh niệm là trái tim của thiền tập và nguồn năng lượng xuyên suốt không thể thay đổi. Một người sống trong chánh niệm, tâm an, sẽ khiến những người xung quanh vui vẻ, an nhiên và thậm chí thay đổi cả xã hội.
Trong số những điều chúng ta cần phải thực tập thì nghỉ ngơi được xem là bước đầu tiên và con đường ngắn nhất là thả lỏng, không gượng ép. Sống là để không uổng phí một đời, sống trọn vẹn từng giây phút, thanh thản từng hành động. Bước đi một cách thoải mái, an lạc, đi như không đi sẽ không thấy mệt mỏi. Sự cố gượng là không cần thiết nếu ta hiểu được rằng mỗi bước đi là mỗi bước được tiếp xúc với cuộc đời và sự màu nhiệm vô tận.
Thiền sư Thích Nhất Hạnh đã để lại cho chúng ta những tác phẩm hay nhất về chánh niệm, về việc thực tập giúp tâm hồn được lắng lại và sống trọn vẹn trong giây phút hiện tại. Trong đó “Hạnh phúc cầm tay”, “Gieo trồng hạnh phúc”, “Tĩnh lặng”, “Muốn an được an” là những tác phẩm giúp ta thực tập chánh niệm để tìm thấy nguồn năng lượng tỉnh thức, đưa bản thân về với phút giây hiện tại và tiếp xúc sâu sắc nhất sự sống hằng ngày. Hãy luôn luôn an trú trong giây phút hiện tại, bây giờ và ở đây.
Công ty CP Sách Thái Hà trân trọng giới thiệu!",Sách tiếng Việt/Sách kỹ năng sống/Sách kỹ năng mềm,158
173515993,sách bạn có thể đàm phán bất cứ điều gì,HERB COHEN,106700,1,OFFICIAL_STORE,5.0,35,491.0,https://tiki.vn/sach-ban-co-the-dam-phan-bat-cu-dieu-gi-p173515993.html?spid=173515994,https://salt.tikicdn.com/cache/280x280/ts/product/8f/a7/b6/7065adf91acf17ad972eb1450dab00c0.jpg,"Thế giới là một bàn đàm phán khổng lồ, và muốn hay không, bạn là một người tham dự. Bạn, với tư cách một cá nhân, sẽ có lúc mâu thuẩn với người khác: các thành viên trong gia đình, nhân viên bán hàng, đối thủ cạnh tranh, hoặc các thực thể với những cái tên đầy oai vệ như “Giới quyền uy” hoặc “cơ cấu quyền lực”. Cách bạn xử lý những mâu thuẫn này có thể quyết định không chỉ sự phát đạt của bạn, mà cả việc bạn có thể có được một cuộc sống đầy đủ, thú vị và thoải mái hay không.
Đàm phán là một lĩnh vực kiến thức và sự nỗ lực chú trọng vào việc làm hài lòng những người mà bạn muốn nhận từ họ (một hoặc nhiều) thứ gì đó. Chỉ đơn giản như vậy. Hầu như tất cả mọi thứ đều có thể thoả thuận được, nhưng làm thế nào để bước ra từ mỗi cuộc đàm phán trong tư thế của người đạt được mục tiêu?
Herb Cohen là một nhà đàm phán chuyên nghiệp trong hơn 40 năm, là cố vấn cho các tổng thống Jimmy Carter, Ronald Reagan về chống khủng bố, và là cố vấn cho các thương gia, tập đoàn và cơ quan chính phủ hàng đầu. Hoa kỳ như Bộ Ngoại giao, FIB, CIA, Bộ tư Pháp, Nhà Trắng…. Ngoài ra, ông còn tham gia giảng dạy tại các trường đại học hàng đầu Hoa Kỳ như Đại học Harvard, Đại học Michigan, viện Brookings, Học viện FBI.
Trong cuốn sách Bạn có thể đám phám bất cứ điều gì, Herb Cohen chia sẻ với chúng ta kinh nghiệm của 40 năm tham gia và kết thúc thành công hàng nghìn cuộc đàm phán lớn nhỏ. Cuốn sách không chỉ trình bày những yếu tố căn bản trong đàm phán và các kiểu đàm phán chủ yếu, mà còn đưa ra những ví dụ minh hoạ thú vị và thiết thực cho những hoàn cảnh khác nhau, đề xuất những giải pháp xử lý mềm dẻo, tế nhị nhưng hiệu quả mỗi tình huống hay xung đột, dù là trong gia đình (Khi trẻ con khóc đòi quà…), trong cuộc sống hàng ngày (Khi vợ bạn im lặ), trong công việc (Khi xin tăng lương….) hay môi trường kinh doanh (Khi khai thuế lợi tức, khi mua đất…). Vì thế, Bạn có thể đàm phán bất cứ điều gì đã trở thành một trong những cuốn sách bán chạy nhất tại Mỹ hơn 9 tháng liền, và đã được dịch ra trên 20 thứ tiếng.",Sách tiếng Việt/Sách kỹ năng sống/Sách tư duy - Kỹ năng sống,154
42177986,sách những điều nhỏ bé vĩ đại,JODI PICOULT,178000,1,OFFICIAL_STORE,4.8,46,330.0,https://tiki.vn/sach-nhung-dieu-nho-be-vi-dai-p42177986.html?spid=42177987,https://salt.tikicdn.com/cache/280x280/ts/product/00/ce/27/113dfca584d769280334c27d9b973d6c.jpg,"Những Điều Nhỏ Bé Vĩ Đại
Ruth, một y tá hộ sinh lành nghề bị gạt ra khỏi công việc vì cha đứa bé yêu cầu không để y tá người Mỹ gốc Phi chăm sóc con mình. Đứa bé chẳng may mất sau đó, và Ruth bị kiện ra toà vì tội giết người.
Để chứng minh mình vô tội, để tiếng nói của người Mỹ gốc Phi được cất lên công bằng, Ruth phải trải qua một chặng đường rất khó khăn, nhưng cô không cô đơn. Bên cạnh cô là nữ luật sư, chị gái, con trai và những người bạn không ngờ khác…
Tác phẩm Những điều nhỏ bé vĩ đại của Jodi Picoult là một câu chuyện sâu sắc về vấn đề kỳ thị chủng tộc, sự lựa chọn, nỗi lo sợ và niềm hy vọng. Tiểu thuyết được sáng tác dựa trên một chuyện có thật ở Mỹ, gợi mở nhiều vấn đề để độc giả tự rút ra kết luận về cách chúng ta nhìn nhận bản thân và người khác trong thế giới đa dạng này.
Jodi Picoult là tác giả có sách bán chạy nhất theo bình chọn của New York Times. Bà đã xuất bản 25 tiểu thuyết, bao gồm Siêu Thoát, Luật nhà, Nơi chốn lưu đày, và các tác phẩm khác.",Sách tiếng Việt/Sách kỹ năng sống/Sách tư duy - Kỹ năng sống,93
50668886,"sách thiện, ác và smart phone",ĐẶNG HOÀNG GIANG,139900,7247,OFFICIAL_STORE,0.0,458,17.0,https://tiki.vn/sach-thien-ac-va-smart-phone-tai-ban-p50668886.html?spid=176811054,https://salt.tikicdn.com/cache/280x280/ts/product/27/2c/13/ac783421e373dd168cd8ad653d571cf4.png,"Có lẽ chúng ta đang chứng kiến sự phục sinh đáng kinh ngạc của hiện tượng làm nhục công cộng, khi trong thời đại của Internet, chưa bao giờ con người lại bị lăng nhục nhanh, nhiều và dễ dàng đến thế! Những câu chuyện thời sự nóng bỏng trong Thiện, Ác và Smartphone của Đặng Hoàng Giang đã phác hoạ sắc nét bức chân dung của văn hoá làm nhục thời mạng xã hội, với toàn bộ sự xấu xí và sức phá huỷ của nó. Cùng những phân tích thấu đáo buộc chúng ta phải đối diện chính bản thân mình, và giật mình nhận ra đôi khi bản thân cũng đang góp phần tạo ra bức tranh chung đó…
Không dừng lại ở đó, tác giả tìm ra con đường thoát bằng sức mạnh của sự điềm tĩnh, vững vàng và trắc ẩn. Để ý thức rằng đằng sau những avatar ảo là con người thật, rằng mỗi nút like có thể là một ngọn roi góp vào cuộc hành hình tập thể. Để phê bình mà không mạt sát, lên án nhưng không lăng nhục. Để trong khi thượng tôn pháp luật vẫn trân trọng nhân phẩm con người. Để thấu cảm, khoan dung và tha thứ. Để hướng tới một xã hội của công lý, phục hồi và hàn gắn, thay vì của trừng phạt tàn khốc.
Giàu chất thời sự nhưng mang ý nghĩa vững bền, chạm tới từng góc khuất trong tâm can mỗi người nhưng đồng thời bao quát cả xã hội, cuốn sách mang tính xây dựng và tinh thần nhân văn sâu sắc.
Hãy đặt smartphone xuống và đọc cuốn sách này!",Sách tiếng Việt/Sách kỹ năng sống/Sách tư duy - Kỹ năng sống,107
273690134,sách tâm lý học toàn thư. lịch sử tâm lý học,NHIỀU TÁC GIẢ,140000,1,OFFICIAL_STORE,4.8,4,110.0,https://tiki.vn/sach-tam-ly-hoc-toan-thu-lich-su-tam-ly-hoc-p273690134.html?spid=273690135,https://salt.tikicdn.com/cache/280x280/ts/product/e5/30/f5/7537c8879aaaecc026e209c4927917a7.jpg,"Tâm lý học chỉ trở thành một ngành khoa học riêng biệt từ khi Wilhelm Wundt thành lập phòng thí nghiệm đầu tiên ở Leipzig, Đức vào năm 1879. Trước thế kỷ 19, tâm lý học được xem là một phần quan trọng của triết học, và các triết gia thời xưa, tiêu biểu như Plato và Aristotle xem tâm trí ngày nay là “linh hồn”. Thời đó, những người có hành động kỳ dị bị coi là ngoài lề xã hội bình thường bị nhốt vào nhà thương điên và thường xuyên nhận được những lối điều trị phi nhân tính. Nhờ vào ngành khoa học tâm thần học khi đó, bệnh nhân được đối xử một cách nhân văn và được quan tâm đến sức khoẻ tinh thần hơn.
Từ đó đến nay, đã có nhiều lý thuyết được đưa ra và các phương pháp nghiên cứu được sử dụng trong lịch sử tâm lý học, những nỗ lực của các nhà tâm lý học không chỉ đưa tâm lý học thành môn khoa học độc lập, mà còn hỗ trợ các bệnh nhân đang gặp phải các rối loạn tinh thần thông qua các phương pháp được đề xuất dựa trên các lý thuyết đó. Lịch sử Tâm lý học là cuốn sách thuộc bộ Tâm lý học toàn thư sẽ mang đến bức tranh toàn cảnh những giai đoạn hình thành và nội dung chi tiết của những trường phái trong suốt lịch sử ngành tâm lý học:
• Tâm lý học là gì?
• Những tư tưởng Hy Lạp cổ đại
• Tâm lý học thuở ban đầu
• Tự nhiên và nuôi dưỡng
• Sự khởi đầu của tâm lý học khoa học
• Thuyết chức năng
• Tâm lý học Gestalt
• Phân tâm học
• Hiện tượng học và thuyết nhân văn
• Thuyết hành vi
• Tâm lý học thần kinh
• Kỹ thuật chụp hình não
• Tâm lý học nhận thức
• Mô phỏng máy tính
• Tâm lý học tiến hoá
• Những lý thuyết về tâm trí từ các quốc gia ngoài phương Tây
• Tâm lý học đa văn hoá
• Phương pháp nghiên cứu",Sách tiếng Việt/Sách kỹ năng sống/Sách tư duy - Kỹ năng sống,173
40933971,sách một đời thương thuyết,PHAN VĂN TRƯỜNG,104000,1,OFFICIAL_STORE,5.0,498,3661.0,https://tiki.vn/sach-mot-doi-thuong-thuyet-tai-ban-p40933971.html?spid=40933972,https://salt.tikicdn.com/cache/280x280/ts/product/c5/b8/0a/958ac21973f1c377017645a784b5a316.jpg,"Hơn 40 năm kinh nghiệm trong nghề và cả nghiệp thương thuyết, Giáo sư Phan Văn Trường, Cố vấn thương mại quốc tế của chính phủ Pháp, có lẽ đã cố gắng thể hiện gần trọn vẹn trong cuốn sách này. Được viết từ trải nghiệm của một người thường xuyên “xông pha trận mạc” đàm phán, thật khó có thể tìm được cuốn sách nào khác về đề tài này mang tính thực tế cao hơn Một đời thương thuyết. Trong đó không có những bài lý thuyết theo lớp lang chuẩn mực, nhưng độc giả sẽ được “sống” thực sự trong từng bối cảnh đàm phán như đang diễn ra trước mắt. Và độc giả sẽ đọc cuốn sách này chẳng khác gì đang đọc một tập truyện ngắn đầy những tình tiết thú vị.",Sách tiếng Việt/Sách kỹ năng sống/Sách tư duy - Kỹ năng sống,92
8835167,sách tư duy đúng cách - tư duy chiến thuật,CHARLES PHILLIPS,36000,53660,OFFICIAL_STORE,5.0,51,20.0,https://tiki.vn/sach-tu-duy-dung-cach-tu-duy-chien-thuat-tai-ban-p8835167.html?spid=22648121,https://salt.tikicdn.com/cache/280x280/ts/product/ea/6a/f3/828c5a8cc6ea0e524dfabd76cac43a51.jpg,"Tư Duy Đúng Cách là bộ sách kiến thức bách khoa được trình bày theo bố cục chặt chẽ, gồm những câu đố khơi gợi trí thông minh kèm theo từng lời gợi ý hữu dụng, với ba mức độ từ dễ đến khó. Qua đó, người đọc sẽ vô cùng ngạc nhiên khi thấy khả năng suy luận thực tiễn, cũng như óc phán đoán, sáng tạo của mình đã cải thiện đáng kể. Đồng thời nhận ra không khó để có được những tư duy khoa học sáng suốt nếu biết cách rèn luyện trí não đúng phương pháp.
Tư duy chiến thuật là một trong những tựa sách thuộc bộ sách Tư Duy Đúng Cách cung cấp những hướng dẫn thực tiễn quý giá về lối tư duy chiến lược và tài tình thông qua các câu đố thông minh cùng thử thách sáng tạo. Nhờ đó, độc giả có thể nâng cao tư duy phân tích, khả năng ứng phó nhưng vẫn giữ được tập trung để đạt mục tiêu cao nhất.
Tư Duy Đúng Cách là bộ sách kiến thức bách khoa được trình bày theo bố cục chặt chẽ, gồm những câu đố khơi gợi trí thông minh kèm theo từng lời gợi ý hữu dụng, với ba mức độ từ dễ đến khó. Qua đó, người đọc sẽ vô cùng ngạc nhiên khi thấy khả năng suy luận thực tiễn, cũng như óc phán đoán, sáng tạo của mình đã cải thiện đáng kể. Đồng thời nhận ra không khó để có được những tư duy khoa học sáng suốt nếu biết cách rèn luyện trí não đúng phương pháp.
Tư duy chiến thuật là một trong những tựa sách thuộc bộ sách Tư Duy Đúng Cách cung cấp những hướng dẫn thực tiễn quý giá về lối tư duy chiến lược và tài tình thông qua các câu đố thông minh cùng thử thách sáng tạo. Nhờ đó, độc giả có thể nâng cao tư duy phân tích, khả năng ứng phó nhưng vẫn giữ được tập trung để đạt mục tiêu cao nhất.",Sách tiếng Việt/Sách kỹ năng sống/Sách tư duy - Kỹ năng sống,43
1527519,sách trộm lấy cơ may từ vận rủi,RYAN HOLIDAY,89000,97533,NONE,0.0,20,4.0,https://tiki.vn/sach-trom-lay-co-may-tu-van-rui-tai-ban-2018-p1527519.html?spid=274770615,https://salt.tikicdn.com/cache/280x280/ts/product/e0/76/76/c826a5e971ac474f3c79037efc4a978f.jpg,"Trộm Lấy Cơ May Từ Vận Rủi (Tái Bản 2018)
Đây không phải là cuốn sách nói về sự tích cực mơ hồ. Đây không phải là cuốn sách khuyên bạn phủ nhận thực tế rằng mọi thứ đang tồi tệ hay kiềm chế việc đáp trả khi bị người khác làm cho khốn đốn. Trong cuốn sách này sẽ không có các câu nói truyền thống hay những thành ngữ đáng yêu nhưng vô dụng.
Đây cũng không phải là một nghiên cứu mang tính học thuật hay lịch sử về triết học khắc kỷ . Đã có rất nhiều công trình về triết học khắc kỷ, phần lớn do những nhà tư tưởng vĩ đại nhất viết ra. Lặp lại những điều họ đã viết là không cần thiết – các bạn có thể tìm đọc bản gốc.Không có công trình triết học nào dễ đọc hơn chúng. Chúng dường như được viết ra vào năm ngoái chứ không phải ở thiên niên kỷ trước.
Nhưng tôi đã cố gắng để sưu tầm, thấu hiểu và bây giờ xuất bản những bài học và bí quyết của họ. Các triết gia cổ đại không quan tâm nhiều về quyền tác giả và tính sáng tạo – tất cả tác giả đã cố gắng để dịch và diễn giải sự thông thái của những bộ óc vĩ đại, được thể hiện trong sách, nhật ký, các bài hát, bài thơ và câu chuyện. Tất cả những kiến thức này đã được chắt lọc thông qua kinh nghiệm của nhân loại trong hàng ngàn năm.
Cuốn sách này sẽ chia sẻ với các bạn sự thông thái tập thể của họ, nhằm giúp bạn đạt được mục tiêu cụ thể và ngày càng cấp bách của mình: vượt qua các trở ngại. Trở ngại về tinh thần.Trở ngại về vật chất.Trở ngại về tình cảm.Và mọi trở ngại bạn đang bận tâm.
Chúng ta đối mặt với nó hàng ngày và toàn xã hội đều bị nó làm cho tê liệt. Nếu tất cả những gì cuốn sách này có thể làm là giúp cho việc đối mặt và tháo gỡ những chướng ngại này trở nên dễ dàng hơn chút ít, như vậy là đủ rồi. Nhưng tôi có mục tiêu cao hơn. Tôi muốn chỉ cho bạn cách biến trở ngại thành lợi thế.
Vì vậy, đây sẽ là cuốn sách nói đến thực tế trần trụi và những câu chuyện trong lịch sử về sự kiên trì không mệt mỏi và tài năng không thể đánh bại. Nó dạy bạn cách thoát khỏi bế tắc, khỏi sự tồi tệ và cách tự giải phóng, cách biến những tình huống tiêu cực chúng ta gặp phải trong cuộc sống thành những điều tích cực, hoặc ít nhất là nắm lấy bất cứ lợi ích nào từ chúng – cách lấy trộm vận may từ vận rủi.
Không chỉ là: làm thế nào để tôi nghĩ rằng điều đó không tệ đến thế? Không, cuốn sách này sẽ khiến bạn thấy điều đó nhất định là một điều tốt – một cơ hội để có một vị trí mới, để tiến lên và đi về hướng tốt hơn. Không phải là “hãy tích cực” mà là học cách không ngừng sáng tạo và nắm được cơ hội.
Không phải là: Điều này không đến nỗi tệ, mà là: Tôi có thể biến điều này thành điều tốt.
Bởi vì chúng ta có thể làm được. Trong thực tế, nó đã và đang xảy ra hàng ngày. Đó sẽ là quyền lực mà chúng ta sẽ giải mã trong cuốn sách này.",Sách tiếng Việt/Sách kỹ năng sống/Sách tư duy - Kỹ năng sống,22
48895048,sách khéo léo đối nhân được lòng thiên hạ,BRIAN DIXON,139000,53179,NONE,0.0,19,,https://tiki.vn/sach-kheo-leo-doi-nhan-duoc-long-thien-ha-p48895048.html?spid=210953017,https://salt.tikicdn.com/cache/280x280/ts/product/62/5f/0d/c5d10d2e7f82ed645edfdbdb89447348.jpg,"Khéo Léo Đối Nhân Được Lòng Thiên Hạ
Nếu bạn đã sẵn sàng thất bại, yêu công việc của mình, và biến ước mơ thành hiện thực, nhà doanh nghiệp và huấn luyện viên kinh doanh Brian Dixon có một thông điệp cho bạn: “Khéo léo đối nhân, được lòng thiên hạ.”
Sau khi thất bại trong nhiều mối quan hệ và dự án, Brian Dixon quyết tâm khám phá bí quyết để hạnh phúc trong công việc mà sống một cuộc đời có ý nghĩa. Trong Khéo léo đối nhân, được lòng thiên hạ, Brian trao cho bạn chiếc chìa khoá quan trọng nhất để hạnh phúc trong các mối quan hệ của bạn và mở cánh cửa đến mục tiêu, đam mê, và lợi nhuận.
Sự thật là, bạn không tự mình đạt được ước mơ. Bạn cần những người xung quanh. Và họ cũng cần bạn. Khéo léo đối nhân, được lòng thiên hạ là cuốn sách hướng dẫn đầy đủ để giúp bạn tận dụng nguồn tài nguyên quan trọng nhất để thành công trong kinh doanh và cuộc sống: các mối quan hệ.
Hãy cùng tác giả Brian khám phá tư duy đặt con người lên hàng đầu, bao gồm:
- Chìa khoá cốt lõi để mở rộng mạng lưới mạnh mẽ của bạn (mà không trở nên giả tạo)
- Phương pháp 10 bước để tạo ra tuyên bố sứ mệnh cá nhân của bạn
- Tại sao gia đình thực ra sẽ giúp bạn thành công, và làm sao để nhìn nhận con cái bạn như một di sản thay vì gánh nặng
- Phương pháp phản trực giác để tăng thu nhập của bạn (mà không phải bỏ việc)
- Những bí quyết để biến đội ngũ làm việc hời hợt của bạn trở thành đội nhóm trong mơ
- Cách nhanh nhất, an toàn nhất để chinh phục với những người khó ưa trong cuộc đời bạn
- Thêm vào đó, bạn sẽ học được những phương pháp luyện tập hàng ngày để thay đổi hoàn toàn tư duy của bạn.
Cuốn sách“Khéo léo đối nhân, được lòng thiên hạ” là một kế hoạch chi tiết theo từng bước để giúp bạn yêu công việc và quyết liệt theo đuổi đam mê. Với vô số những nguyên tắc chiến lược, những bí quyết thực tế, và những ví dụ sinh động, bạn sẽ nhận được sự trợ giúp đắc lực của mọi người xung quanh để tự tin và thành công.
Bạn đã mệt mỏi vì phải vật lộn? Và đã sẵn sàng hành động ngay bây giờ? Hãy bắt đầu mở cánh cửa đến sự thịnh vượng ngay hôm nay.",Sách tiếng Việt/Sách kỹ năng sống/Sách kỹ năng mềm,103
72646195,sách 500 câu chuyện đđ: quẳng gánh lo đi,"NGUYỄN HẠNH, TRẦN THỊ THANH NGUYÊN",26000,1,OFFICIAL_STORE,4.8,13,50.0,https://tiki.vn/sach-500-cau-chuyen-dd-quang-ganh-lo-di-p72646195.html?spid=72646196,https://salt.tikicdn.com/cache/280x280/ts/product/00/a6/a6/3b20307ec12910aaaa3b9b016a5c0d87.jpg,"Mỗi người chúng ta muốn quẳng gánh lo đi không gì hay bằng biết sống trong hiện tại, sống trong giây phút hiện tại và hành động thì sẽ giảm đi những lo sợ vẩn vơ cho tương lai. Tương lai được xây bằng hiện tại thì sống cho hiện tại là cách lo cho tương lai hữu hiệu nhất. Sống trong hiện tại là cách đơn giản để đối trị những mối lo cuộc sống trĩu nặng với bao muộn phiền bủa vây. Hãy trở nên nhẹ nhàng thư thái, bình tĩnh làm tốt công việc hiện thời là những giá trị mỗi người cần trang bị, không có gì ích lợi bằng khơi gợi những điều tốt đẹp đó trong lòng mỗi độc giả trẻ, từ khi tâm hồn con non nớt.",Sách tiếng Việt/Sách kỹ năng sống/Sách kỹ năng mềm,120
101782486,"sách deep work - làm ra làm, chơi ra chơi",CAL NEWPORT,103000,1,OFFICIAL_STORE,4.7,327,3701.0,https://tiki.vn/sach-deep-work-lam-ra-lam-choi-ra-choi-tai-ban-p101782486.html?spid=101782488,https://salt.tikicdn.com/cache/280x280/ts/product/34/73/6b/2582628bf067160b459d9b3f425050a9.jpg,"Đã bao giờ bạn ngồi xuống để làm việc và sau đó, không hề nhận ra mình lại kết thúc bằng việc dành một (vài) tiếng đồng hồ lướt Youtube, Facebook, tin tức? Tất cả chúng ta đều đã từng làm vậy. Có vẻ như có quá nhiều thứ lôi kéo sự chú ý của chúng ta trong thời đại này, nên rất khó để thậm chí đạt đến trạng thái tinh thần giúp hoàn thành công việc một cách tốt nhất. Trong Làm ra làm chơi ra chơi, tác giả Cal Newport nhấn mạnh chủ đề “làm việc sâu” (deep work) đang ngày càng được chú trọng. Học cách làm thế nào để làm việc sâu – khả năng tập trung vào một nhiệm vụ khó nhằn mà không hề bị sao lãng – là chìa khoá để tạo ra những kết quả tốt hơn trong thời gian ngắn hơn.
Deep Work:là khả năng tập trung cao độ vào một nhiệm vụ khó trong thời gian dài mà không bị xao nhãng. Theo Cal Newport, trong thời đại công nghệ số tràn ngập thông báo và phiền nhiễu, làm việc sâu là kỹ năng quý giá nhưng ngày càng hiếm – và ai sở hữu nó sẽ đạt được thành công vượt trội.
Cuốn sách đưa ra hai mục tiêu, được chia làm hai phần:
- Phần 1 nhằm thuyết phục bạn rằng giả thiết về làm việc sâu là đúng.
- Phần 2 giới thiệu đến bạn một số cách để tận dụng làm việc sâu bằng cách rèn luyện não bộ và chuyển đổi thói quen làm việc sang hướng đặt làm việc sâu ở trung tâm sự nghiệp.
- Bốn quy tắc xây dựng thói quen làm việc sâu
1.Làm việc sâu như một thói quen hằng ngày
2.Chấp nhận nhàm chán để tăng khả năng chịu đựng
3.Cắt giảm tối đa mạng xã hội không cần thiết
4.Đo lường và lên kế hoạch cho thời gian làm việc
Sau khi đọc Deep Work, bạn sẽ:
- Hiểu sự khác biệt giữa làm việc sâu và làm việc nông.
- Nhận ra tầm quan trọng của sự tập trung trong thời đại số.
- Ý thức rõ hơn về cách sử dụng thời gian hiệu quả.
- Rèn được các kỹ năng:Tập trung cao độ và tránh xao nhãng,quản lý thời gian và môi trường làm việc,xây dựng hệ thống làm việc sâu,tư duy sâu sắc, kỷ luật và nhất quán hơn.
Newport không hề đưa ra những lời khuyên xáo rỗng, mang tính lý thuyết hay giáo điều. Ông đề nghị chúng ta nên học cách làm quen với sự hời hợt và từ bỏ các công cụ truyền thông xã hội như Facebook, Instagram, (Thậm chí, nếu bạn không muốn làm vậy thì lỹ lẽ của ông cũng rất đáng đọc). Nếu bạn đã từng dành một ngày làm việc trong tình trạng bị sao lãng bởi đám email và thông báo hiện lên liên tục rồi băn khoăn bạn đã làm gì cả ngày thì đây chính là cuốn sách dành cho bạn.
Nhận xét của các tác giả và biên tập viên về tác phẩm Deep Work của Cal Newport :
“Làm chủ một trong những kỹ năng hiếm hoi trong nền kinh tế hiện nay và đạt được những kết quả đột phá với cuốn sách ‘thú vị’ này từ một tác giả ‘xuất chúng’” Daniel H. Pink (tác giả Drive, When).
“Là sự pha trộn giữa phê phán văn hoá đa kết nối và đưa ra những thực hành thiết thực; Cal Newport là một tiếng nói rõ ràng giữa biển tin tức ồn ào” .
-New York Times Book Review.
“DEEP WORK thực hiện hai nhiệm vụ đáng kể: cung cấp hàng loạt thực hành cụ thể cho người tham vọng mà không dựa vào những câu sáo rỗng; đồng thời chống lại lối tư duy doanh nghiệp lệ thuộc kết nối liên tục, mà không trở thành kẻ khó tính khó chịu”-Wall Street Journal.
“Làm việc sâu là ứng dụng cực kỳ giá trị cho nền kinh tế tri thức: chính nhờ tập trung mãnh liệt bạn mới có thể thành thạo một lĩnh vực khó khăn hoặc giải quyết vấn đề khó” -The Economist (London).
“Cal Newport là một giọng nói rõ ràng giữa biển ồn: ông mang đến khoa học và đam mê một cách cân bằng”-Seth Godin (tác giả This is Marketing, The Practice).
“Cal Newport đưa ra bộ công cụ thực tế và sâu sắc nhất mà tôi từng thấy để giành lại năng lực tinh thần của mình” .-Matthew B. Crawford (tác giả The World Beyond Your Head).",Sách tiếng Việt/Sách kỹ năng sống/Sách tư duy - Kỹ năng sống,138
11255050,sách tư duy đúng cách - tư duy logic,CHARLES PHILLIPS,33300,1,OFFICIAL_STORE,4.8,73,947.0,https://tiki.vn/sach-tu-duy-dung-cach-tu-duy-logic-tai-ban-p11255050.html?spid=11255051,https://salt.tikicdn.com/cache/280x280/ts/product/b8/2b/77/4b3be0e6484291523877bbb43e1e6727.jpg,"Tư Duy Đúng Cách là bộ sách kiến thức bách khoa được trình bày theo bố cục chặt chẽ, gồm những câu đố khơi gợi trí thông minh kèm theo từng lời gợi ý hữu dụng, với ba mức độ từ dễ đến khó. Qua đó, người đọc sẽ vô cùng ngạc nhiên khi thấy khả năng suy luận thực tiễn, cũng như óc phán đoán, sáng tạo của mình đã cải thiện đáng kể. Đồng thời nhận ra không khó để có được những tư duy khoa học sáng suốt nếu biết cách rèn luyện trí não đúng phương pháp.
Tư Duy Logic là một trong những tựa sách thuộc bộ sách Tư Duy Đúng Cách định hướng và gợi mở cho người đọc những phương pháp thực hiện lựa chọn đúng đắn, phân định được đâu là sự bế tắc và đâu là sự đúng đắn cần thiết giữa những lý luận hay tình huống thực tế thông qua các câu đố thông minh và thử thách sáng tạo. Từ đó độc giả sẽ học được cách suy nghĩ rõ ràng cũng như tự tin hơn về khả năng phán đoán độc lập của mình.",Sách tiếng Việt/Sách kỹ năng sống/Sách tư duy - Kỹ năng sống,59
276289479,sách cho đời nhẹ lên cao - giải mã sáu hormone hạnh phúc,DAVID J. P. PHILLIPS,115000,1,OFFICIAL_STORE,5.0,7,114.0,https://tiki.vn/sach-cho-doi-nhe-len-cao-giai-ma-sau-hormone-hanh-phuc-p276289479.html?spid=276289482,https://salt.tikicdn.com/cache/280x280/ts/product/34/fe/12/bee90a1acee41fce206aa0c1fd3b5976.jpg,"Cẩm nang mang tính cách mạng để tối ưu hoá bộ não của bạn và trở thành phiên bản tốt nhất của chính mình.
Cho đời nhẹ lên cao hướng dẫn cách sử dụng sáu hormone quan trọng được sản xuất tự nhiên trong cơ thể để tạo ra công thức độc đáo làm thay đổi cuộc sống của bạn.
Nếu bạn đang thấy khó tìm được động lực hoặc khó thưởng thức những niềm vui nhỏ nhặt trong cuộc sống, học cách cân bằng dopamine sẽ giúp bạn có động lực. Huy động oxytocin sẽ lấp đầy con người bạn bằng lòng trắc ẩn, độ lượng và cảm giác kết nối với thế giới xung quanh. Nếu bạn muốn thoát khỏi tâm trạng rối bời, hãy tập trung vào serotonin, loại hormone đóng vai trò nền tảng cho hạnh phúc và sự hoà hợp lâu dài.
Không dám chấp nhận đôi chút mạo hiểm ư? Cortisol được sản xuất với liều lượng nhỏ có thể giúp bạn thoát ra khỏi vùng an toàn của mình — và cảm thấy hào hứng làm điều đó. Khi đời chỉ trôi qua đều đều thì ai mà không cảm thấy hơi buồn chán. Hãy cười, cười nhiều hơn hoặc tập thể dục cho đổ mồ hôi và khiến endorphin tuôn chảy. Hoặc nếu bạn muốn bước vào một cuộc họp quan trọng trong thần thái tự tin cao độ thì testosterone chính là đồng minh. Chỉ cần cẩn thận đừng thúc đẩy hormone này khi cần đưa ra những quyết định quan trọng trong cuộc đời.
Cho đời nhẹ lên cao sẽ giúp bạn nắm bắt cơ chế sản sinh và điều tiết sáu hoá chất hạnh phúc, tức là sáu hormone then chốt quyết định chất lượng sống của con người.",Sách tiếng Việt/Sách kỹ năng sống/Sách tư duy - Kỹ năng sống,176
115897978,"sách yang sheng - dưỡng lành cơ thể, làm đẹp tâm hồn",KATIE BRINDLE,43900,1,OFFICIAL_STORE,5.0,18,178.0,https://tiki.vn/sach-yang-sheng-duong-lanh-co-the-lam-dep-tam-hon-p115897978.html?spid=115897979,https://salt.tikicdn.com/cache/280x280/ts/product/fc/75/1e/972d49fc678b37c5d1dfa01eb6a724fe.jpg,"Có thể bạn chưa từng nghe nói đến yang sheng nhưng đây là khái niệm quan trọng nhất trong y học cổ truyền Trung Quốc. Nghĩa hiển ngôn của nó là “nuôi dưỡng cuộc sống”. Cụ thể hơn, yang sheng giúp bạn cân bằng bản thân cho một cuộc sống lâu dài, mẫn tuệ và hạnh phúc.
Sống theo các nguyên lý của yang sheng sẽ giúp bạn cải thiện cuộc sống trên nhiều phương diện, từ giấc ngủ cho đến việc tiêu hoá, từ da dẻ cho đến mức năng lượng. Lẽ dĩ nhiên là yang sheng cũng có lợi cho tâm trạng của bạn. Đạt đến sự cân bằng sẽ đưa bạn đến gần hơn với trạng thái an nhiên tự tại trong mọi phút giây. Tất cả những ích lợi này, bạn có thể có được chỉ với một ít phút mỗi ngày.
Khi biến yang sheng thành một thói quen hằng ngày, bạn sẽ trở nên chủ động trong việc chăm sóc sức khoẻ của mình, thông qua những kỹ thuật hiệu quả nhất và đã được thời gian kiểm chứng. Một khi bạn bắt đầu cảm thấy sự thay đổi căn bản trong mức năng lượng của mình, cũng như sự bình an nội tâm và sự gia tăng những phúc lợi khi thực hành yang sheng, bạn sẽ ngày càng muốn thực hành nhiều hơn. Sức khoẻ nằm trong tay bạn, hãy yêu thương và chăm sóc cho cơ thể, tâm trí và tinh thần của bạn mỗi ngày.
Phần 1: Các nguyên lý mấu chốt
Các quan niệm của Đông y
Phần 2: Thực hành dưỡng sinh
2. Tiêu hoá
3. Giấc ngủ
4. Luyện tập
5. Cảm xúc
6. Tinh thần
7. Làn da
Phần 3: Tự chữa lành theo mùa
Danh mục tham khảo
Lời cảm ơn
TRÍCH ĐOẠN SÁCH:
Âm và dương
Âm và dương đại diện cho sự hài hoà và cân bằng. Vạn vật trong vũ trụ – bao gồm cả cơ thể và sức khoẻ của bạn – đều được tạo thành từ hai lực đối nghịch vốn luôn ở trạng thái thay đổi.
Âm mang tính nữ, dương mang tính nam. Âm thì thụ động và chậm, còn dương thì chủ động và nhanh.
Mặc dù đối nghịch nhau, nhưng âm và dương không thể tồn tại tách rời. Để có được sức khoẻ tối ưu, bạn cần cân bằng năng lượng âm và dương trong cơ thể cũng như trong cuộc sống.
Để đạt đến trạng thái cân bằng này, bạn cần phải tìm hiểu đâu là âm và đâu là dương trong con người mình. Rất nhiều sự mất cân bằng trong đời sống hiện đại đến từ việc thế giới ngày nay mang quá nhiều năng lượng dương: nhanh, hiếu thắng, chủ động. Vì vậy, một trong những nội dung chính xuyên suốt cuốn sách này là cách chăm sóc phần âm bên trong cũng như đón nhận nhiều hơn những năng lượng mang tính thụ động, nuôi dưỡng vào cuộc sống.
Bởi chính bản chất tự nhiên của con người, cuộc sống của chúng ta sẽ luôn tạo ra sự mất cân bằng. Các triệu chứng dù gây ra khó chịu nhưng lại không phải là vấn đề. Chúng là những tín hiệu cảnh báo rằng bạn đang mất cân bằng âm dương. Các triệu chứng càng tệ tức là bạn càng mất cân bằng.
Bạn không cần phải có những điều chỉnh lớn. Hãy bắt đầu từ những thay đổi nhỏ thông qua các kỹ thuật dưỡng sinh, ngay cả khi bạn chỉ thực hiện một phút mỗi lần. Hơn bao giờ hết, chúng ta cần những kỹ thuật này để tạo ra những khoảnh khắc bình tâm. Có thể xem mỗi kỹ thuật này là một công cụ giúp bạn nhanh chóng cân bằng lại năng lượng âm dương.
Âm dương là một trong những quy luật phổ quát áp dụng cho toàn bộ tự nhiên – bao gồm cả chúng ta. Vì chúng ta về cơ bản được kết nối với thiên nhiên, nên đồng bộ với thiên nhiên là cách tốt nhất để cân bằng âm dương của bạn. Đây là lý do dưỡng sinh quan niệm rằng sống hoà hợp với thiên nhiên là rất quan trọng.
Điều này nghe có vẻ khá lạ lẫm, nhưng một khi bắt đầu áp dụng lý thuyết vào thực tế, bạn sẽ nhanh chóng nhận thấy sự khác biệt.
Liệu pháp chải đầu
Tất cả các đường kinh lạc trên cơ thể đều có kết nối trực tiếp hoặc gián tiếp với một vị trí nào đó trên đầu hoặc hộp sọ, do đó, việc chải đầu – thường là bằng lược ngọc hoặc đá – sẽ giúp kích thích chúng. Việc này cũng làm tăng tuần hoàn, cung cấp nhiều dưỡng chất cho nang tóc, từ đó thúc đẩy sự phát triển của tóc. Hơn hết, nếu bạn thích cảm giác được chạm vào đầu hoặc tóc, mát-xa đầu còn được chứng minh là một phương pháp giúp giảm căng thẳng nhanh chóng.
Từ nhiều thế kỷ nay, người Trung Quốc đã biết rằng tắm với các nguyên liệu thơm và khoáng chất, kết hợp với các kỹ thuật thở sẽ giúp giảm căng thẳng rất hiệu quả. Chỉ mới gần đây khoa học mới bắt đầu hiểu được cách sưởi ấm thụ động – tức là làm nóng trong bồn tắm, dưới vòi hoa sen hoặc trong phòng tắm hơi – có thể làm giảm sưng viêm mạn tính, cải thiện tình trạng tim mạch và điều chỉnh mức đường huyết, từ đó cải thiện sức khoẻ.
Theo một trong những cách tắm truyền thống của Trung Quốc, bạn tắm xen kẽ giữa nước nóng và nước lạnh hai đến ba lần, tẩy tế bào chết khi lỗ chân lông mở ra do hơi nóng, sau đó dùng nước lạnh để đóng chúng lại (xem Nghi thức tắm khoáng, trang 82). Lưu ý: Tránh nhiệt độ quá cao nếu bạn đang không khoẻ, nhất là nếu bạn bị huyết áp cao hoặc thấp, có các vấn đề về da hoặc đang mang thai.
Khi tôi đề xuất việc tắm bồn, một số bệnh nhân nói rằng họ không có bồn tắm! Trên thực tế, bạn không cần đến bồn tắm mới thực hiện được kỹ thuật này. Người Trung Quốc đã có truyền thống và phương pháp thực hành ngâm chân của riêng họ, và tất cả những gì bạn cần là một cái chậu. Tôi thích ngâm chân – mặc dù đây là một kỹ thuật đơn giản và mộc mạc, nhưng cảm giác mà nó đem đến lại vô cùng xa xỉ.
Mỗi bàn chân có tới hơn 60 huyệt châm cứu, tương ứng với nhiều bộ phận và cơ quan của cơ thể. Đông y cho rằng khi bạn ngâm chân trong nước ấm, nhiệt độ cơ thể sẽ tăng lên một chút và từ đó làm khai thông những điểm tắc nghẽn trong các kinh mạch.",Sách tiếng Việt/Sách kỹ năng sống/Sách kỹ năng mềm,142
50586033,sách the magic phép màu,RHONDA BYRNE,200790,7247,OFFICIAL_STORE,0.0,144,2.0,https://tiki.vn/sach-the-magic-phep-mau-tai-ban-p50586033.html?spid=275270346,https://salt.tikicdn.com/cache/280x280/ts/product/b6/9a/3d/a8d5ef290d2f9073a706418a70d477fe.png,"Trong suốt hơn 20 thế kỷ qua, những lời dạy trong các văn bản linh thiêng cổ xưa đã khiến hầu hết mọi người hiểu nhầm. Chỉ có một số ít người trong lịch sử có thể nhận ra rằng nó thật ra là một câu đố, và một khi đã giải được ẩn ý trong câu đố ấy -  để vén bức màn bí mật - một thế giới hoàn toàn mới sẽ xuất hiện trước mắt bạn.
Trong quyển sách phép màu, Rhonda Byrne đã tiết lộ bí mật đầy quyền năng này cho cả thế giới. Và sau đó, với hành trình 28 ngày nhiệm màu, cô ấy hướng dẫn chúng ta phương pháp ứng dụng kiến thức này vào cuộc sống thường nhật.
Bất kể bạn là ai, bất kể bạn ở đâu, bất kể tình huống hiện tại của bạn là gì, phép màu sẽ thay đổi hoàn toàn cuộc sống của bạn!",Sách tiếng Việt/Sách kỹ năng sống/Sách tư duy - Kỹ năng sống,106
3344943,sách tại sao chúng ta không hạnh phúc?,PHI TUYẾT,79500,1,OFFICIAL_STORE,4.5,57,495.0,https://tiki.vn/sach-tai-sao-chung-ta-khong-hanh-phuc-p3344943.html?spid=3488555,https://salt.tikicdn.com/cache/280x280/ts/product/c5/ae/c1/4c7861d860c406517a745d91b56db9b5.jpg,"Tại Sao Chúng Ta Không Hạnh Phúc?
Cuốn sách nêu các quan điểm của tác giả Phí Tuyết, một cô gái 9X cực kì cá tính, về sự thật của cuộc đời để lý giải cho câu hỏi: Tại sao chúng ta không hạnh phúc? Sách gồm 6 chương với 43 bài viết. Cuốn sách là tổng quát những kiến thức mang tính khoa học về cuộc sống cùng những suy ngẫm, quan điểm khác lạ. Thông điệp của tác giả qua cuốn sách:
Biết được tại sao mình không hạnh phúc là bước đầu tiên để sống khác đi: Sống hạnh phúc hơn.Ta sẽ bắt gặp đâu đó câu chuyện của chính mình trong cuốn sách này, ví dụ như:
Nếu ví cuộc đời như một cuộc thi thì nó sẽ là thi tự luận chứ không phải trắc nghiệm. Không có đáp án đúng hay sai cho bài toán cuộc đời. Khi chúng ta có nhiều vật chất hơn thì chúng ta lại phải làm việc cực khổ hơn để mua sắm những vật chất ấy. Đồng nghĩa với việc chúng ta có ít thời gian hơn cho những thứ thật sự làm ta hạnh phúc.
Chúng ta có thể chia sẻ với nhau mọi thứ, đôi khi chỉ là những thứ nhỏ bé nhưng tuyệt đẹp như một ý tưởng, một nụ cười, niềm tin hay sự can đảm trong cuộc sống. Những thứ này khi bạn chia sẻ có thể không mang lại cho bạn lợi nhuận về vật chất nhưng lợi nhuận về tinh thần thì luôn luôn được đảm bảo.
Ta tìm mọi cách để đạt được thành công nhưng chính bản thân ta lại không hề biết thành công là gì. Chúng ta chỉ được biết thành công là gì qua lời người khác: Thành công là kiếm được nhiều tiền, làm chức vụ cao, có nhiều quyền lực, gia đình êm ấm, con cái thành đạt…
Cuộc đời lãng phí là một cuộc đời mà bạn chỉ sống theo ý người khác, chứ không phải ý mình.",Sách tiếng Việt/Sách kỹ năng sống/Sách tư duy - Kỹ năng sống,32
807719,sách phụ nữ hiện đại viết lại luật thành công,IVANKA TRUMP,91000,1,OFFICIAL_STORE,5.0,47,768.0,https://tiki.vn/sach-phu-nu-hien-dai-viet-lai-luat-thanh-cong-p807719.html?spid=807721,https://salt.tikicdn.com/cache/280x280/ts/product/ba/d0/ff/3777f38ce262a521ed60d660c7bd28bc.jpg,"Phụ Nữ Hiện Đại Viết Lại Luật Thành Công
Cuốn sách trang bị cho phụ nữ hiện đại những kỹ năng hiệu quả nhất về nắm bắt cơ hội, chuyển đổi nghề nghiệp, phương pháp đàm phán, lãnh đạo nhóm, khởi nghiệp, quản lý công việc và gia đình, đồng thời giúp thay đổi cuộc sống tốt hơn vì quyền lợi của phụ nữ.",Sách tiếng Việt/Sách kỹ năng sống/Sách tư duy - Kỹ năng sống,16
8835169,sách tư duy đúng cách - tư duy khách quan,CHARLES PHILLIPS,40000,97533,NONE,0.0,40,1.0,https://tiki.vn/sach-tu-duy-dung-cach-tu-duy-khach-quan-p8835169.html?spid=126103793,https://salt.tikicdn.com/cache/280x280/ts/product/86/b6/a9/a529a37c7cbe73873ad0fdc3cf6da65f.jpg,"Tư duy đúng cách là bộ sách kiến thức bách khoa được trình bày theo bố cục chặt chẽ, gồm những câu đố khơi gợi trí thông minh kèm theo từng lời gợi ý hữu dụng, với ba mức độ từ dễ đến khó. Qua đó, người đọc sẽ vô cùng ngạc nhiên khi thấy khả năng suy luận thực tiễn, cũng như óc phán đoán, sáng tạo của mình đã cải thiện đáng kể. Đồng thời nhận ra không khó để có được những tư duy khoa học sáng suốt nếu biết cách rèn luyện trí não đúng phương pháp.
Tư duy khách quan là một trong những tựa sách thuộc bộ sách Tư duy đúng cách thông qua các câu đố thông minh và thử thách sáng tạo, sách gợi mở cho người đọc phương pháp suy nghĩ đúng đắn, vượt qua những hạn chế ràng buộc để có cái nhìn khách quan khi phải đối diện với tình huống lựa chọn thực tế. Nhờ vậy, độc giả sẽ không còn phải thấy băn khoăn khi đưa ra quyết định nên làm theo cách của mình hay phải nghe theo lời người khác.",Sách tiếng Việt/Sách kỹ năng sống/Sách tư duy - Kỹ năng sống,44
442424,sách 55 cách để trở thành người giỏi giao tiếp,XACT GROUP,19200,1,OFFICIAL_STORE,4.7,44,3789.0,https://tiki.vn/sach-55-cach-de-tro-thanh-nguoi-gioi-giao-tiep-p442424.html?spid=148461,https://salt.tikicdn.com/cache/280x280/media/catalog/product/5/5/55-cach-de-tro-thanh-nguoi-gioi-giao-tiep-440.jpg,"55 Cách Để Trở Thành Người Giỏi Giao Tiếp
Lời nói đầu/Giới thiệu sách
Không thể phủ nhận rằng, có một số người được trời phú cho tài ăn nói. Họ có thể dễ dàng đem đến cho chúng ta những cuộc trò chuyện thú vị, mặc dù nội dung không có gì đáng nói. Thực tế, những người có thể nói tự nhiên trước mặt người khác thường được coi là khéo léo, thông minh và dễ gần; trong khi những người thích im lặng hơn lại thường bị hiểu lầm là kém thông minh.
Có thể nói rằng, nói chuyện không phải một nghệ thuật hay một tài năng. Nó đơn giản chỉ là sự diễn đạt những kiến thức bạn đã trau dồi được. Một số gợi ý trong cuốn sách nhỏ mà bạn đang cầm trên tay đây có thể giúp bạn nói tốt và gây được sự chú ý đối với mọi người. Khi bạn đã học cách để nói tốt, bạn sẽ thấy sự tự tin của mình cũng được tăng lên rất nhiều.
Cuốn sách này sẽ giới thiệu tới bạn 55 cách để nói tốt trong những tình huống khác nhau. Những gợi ý ở đây được mô tả thông qua các ví dụ cụ thể. Những câu hỏi thường gặp nhất về việc nói thế nào cho tốt đều được trả lời một cách rõ ràng và dễ hiểu.
Phương pháp thực hành cụ thể: Thay vì chỉ đưa ra lý thuyết, cuốn sách còn cung cấp những bài tập thực hành cụ thể giúp bạn rèn luyện các kỹ năng giao tiếp một cách hiệu quả.
Ví dụ minh hoạ sinh động: Các ví dụ minh hoạ trong sách giúp bạn hình dung rõ hơn về từng kỹ năng và cách áp dụng chúng vào các tình huống giao tiếp khác nhau.",Sách tiếng Việt/Sách kỹ năng sống/Sách kỹ năng mềm,6
75284565,sách bốn mùa cuộc sống – châm ngôn ngày mới,JIM ROHN,54000,161219,NONE,5.0,28,41.0,https://tiki.vn/sach-bon-mua-cuoc-song-cham-ngon-ngay-moi-tai-ban-p75284565.html?spid=132998332,https://salt.tikicdn.com/cache/280x280/ts/product/ef/86/14/25eb673e81ccb8c3038eaf16543a7fd1.jpg,"Jim Rohn được mệnh danh là diễn giả của những diễn giả, bậc thầy của nhiều diễn giả nổi tiếng trên thế giới. Châm ngôn ngày mới là tập hợp những câu nói của ông về tất cả những vấn đề trong cuộc sống, những vấn đề xung quanh chúng ta, công việc, tiền bạc, sự nghiệp và các mối quan hệ. Cuốn sách giống như một con thuyền chở đầy châu ngọc, mỗi một câu là một viên kim cương mà Jim Rohn đã đúc rút từ chính những trải nghiệm của mình.
Cuốn sách không dài, nhưng nó không phải để đọc vội. Bạn hãy đọc cuốn sách này mỗi ngày, vào mỗi sớm mai thức dậy, đọc một chút, nghiền ngẫm một vài phút và hãy vận dụng nó. Cứ như vậy, dần dần bạn sẽ được mài giũa để trở thành một viên kim cương lấp lánh!
“Thành công là một vài kỷ luật đơn giản được thực hành mỗi ngày”
Cuộc đời Jim Rohn là câu chuyện về thành công từ tay trắng. Sinh ra trong một gia đình nông dân, bỏ học đại học chỉ sau một năm, khánh kiệt năm 25 tuổi, nhưng nhờ gặp được một người thầy tốt, ông đã trở thành triệu phú ở tuổi 31. Ông được mời chia sẻ câu chuyện thành công của mình ở khắp nơi, từ trường cấp ba, đại học, cho đến các bữa tiệc rồi các buổi hội thảo. Dần dần, ông trở thành diễn giả có ảnh hưởng nhất thế giới.
Ông là thầy của Mark R. Hughes (nhà sáng lập Herbalife) và diễn giả Anthony Robbins, đồng thời có ảnh hưởng sâu sắc đến Brian Tracy, Jack Canfield, và T. Harv Eker.",Sách tiếng Việt/Sách kỹ năng sống/Sách kỹ năng mềm,124
194205620,sách người hướng nội trong thế giới hướng ngoại,INSOOK NAM,84000,1,OFFICIAL_STORE,4.8,62,743.0,https://tiki.vn/sach-nguoi-huong-noi-trong-the-gioi-huong-ngoai-p194205620.html?spid=194205621,https://salt.tikicdn.com/cache/280x280/ts/product/45/e2/26/528d8f28cb1d3c30779f15684a215c85.jpg,"Bạn đã từng lo lắng bất an vì là người hướng nội? Đã từng cảm thấy mệt mỏi vì phải cố tỏ ra hoạt bát và hướng ngoại? Đã từng cảm thấy kiệt sức hay lạc lối vì con người mà bạn thể hiện với thế giới ngoài kia và con người thật sự bên trong mình khác nhau quá đỗi?
Nếu vậy, đây chính là cuốn sách dành riêng cho bạn.
Ép buộc mọi người phải trở nên hướng ngoại là một hình thức bạo lực xã hội. Những người hướng nội cũng hoàn toàn có thể dùng phương pháp của mình - theo cách thức thật dịu dàng, thật tinh tế - để lay động lòng người và rung chuyển toàn thế giới.
Bản thân cũng là một người hướng nội điển hình và phải chật vật tìm cách sinh tồn trong một xã hội dường như chỉ dành riêng cho người hướng ngoại, tác giả Insook Nam đã viết nên cuốn Người hướng nội trong thế giới hướng ngoại từ những trải nghiệm cá nhân và đem đến cho tất cả những người hướng nội một kim chỉ nam để có thể vừa sống là chính mình vừa đồng thời hoà hợp cùng thế giới.
Bạn không cần phủ nhận sự nhạy cảm vốn có của bản thân, cũng chẳng cần ghen tị với những người hướng ngoại có vẻ ngoài hào nhoáng, hãy cứ giữ nguyên tốc độ, nhịp điệu và phương pháp giao tiếp của riêng mình. Có thể sẽ hơi chậm một chút, hơi vụng về một chút, hơi cô đơn một chút, thế nhưng bạn sẽ nhận ra, sống là chính mình đem lại sự tự do và niềm hạnh phúc bạn mà chưa từng mường tượng.
Người hướng nội trong thế giới hướng ngoại sẽ giúp bạn làm được điều đó.
Sinh năm 1974 tại Seoul. Tốt nghiệp khoa Vănhọc trường Đại học nữ Sookmyung.
Từ thời đại học cô đã tích cực hoạt động ở đa dạng các lĩnh vực như biên kịch phim, biên kịch truyền hình, phóng viên tự do.
Với Tuổi 20 quyết định hạnh phúc cả đời người phụ nữ, cô nhanh chóng trở thành một cây bút mạnh mẽ đáng tin cậy ở mảng sách kỹ năng, phát triển bản thân.",Sách tiếng Việt/Sách kỹ năng sống/Sách tư duy - Kỹ năng sống,163
139296420,sách làm chủ bình minh sống đời xuất chúng,ROBIN SHARMA,166500,26874,NONE,0.0,72,1.0,https://tiki.vn/sach-lam-chu-binh-minh-song-doi-xuat-chung-tai-ban-p139296420.html?spid=169819470,https://salt.tikicdn.com/cache/280x280/ts/product/7f/f9/46/d6740772054047ff1d85ddee8368c113.jpg,"""Làm chủ bình minh. Sống đời xuất chúng"" là câu chuyện lạ lùng - và đáng kinh ngạc - về hai con người bình thường mong muốn đạt được hiệu suất làm việc cao hơn, đạt được sự thịnh vượng và thanh thản trong thời đại và kỹ thuật số gây ra biết bao xao lãng, đầy những điều quá sức phức tạp. Hai con người này đã gặp một nhà tài phiệt quái dị và tuyệt vời.
Vị tỷ phú kỳ quặc nhưng tài giỏi này đưa họ vào một hành trình kỳ diệu đi khắp thế giới để giúp nâng cấp đáng kể công việc của họ, tìm lại sự hiệu quả trong hành động, và đánh thức lại niềm hạnh phúc trong họ, cùng với cảm giác có được tự do cá nhân.
Vừa là bản tuyên ngôn cho tài năng bậc thầy, vừa là bí kíp để đạt đến năng suất cấp thiên tài, vừa là người bạn đồng hành cho một cuộc đời sống đẹp, ""Làm chủ bình minh. Sống đời xuất chúng"" là một tác phẩm sẽ làm thay đổi cuộc sống của bạn. Mãi mãi.",Sách tiếng Việt/Sách kỹ năng sống/Sách tư duy - Kỹ năng sống,145
57791776,sách nghệ thuật giao tiếp để thành công nơi công sở,LEIL LOWNDES,99900,1,OFFICIAL_STORE,4.8,70,397.0,https://tiki.vn/sach-nghe-thuat-giao-tiep-de-thanh-cong-noi-cong-so-p57791776.html?spid=57791778,https://salt.tikicdn.com/cache/280x280/media/catalog/producttmp/b1/1b/36/1948845cd7edc43b22602576db88822c.jpg,"Mỗi người chúng ta đều phải đối mặt với những tình huống khó khăn trong giao tiếp mỗi ngày, cả trên mạng lẫn gặp gỡ trực tiếp – vị sếp xét nét, đồng nghiệp xấu tính, mưu kế chính trị nơi công sở cùng nhiều thứ khác nữa. Cuốn sách Nghệ Thuật Giao Tiếp Để Thành Công Nơi Công Sở ghi lại 72 thủ thuật có thể áp dụng ngay lập tức và có hiệu quả rõ rệt để giải quyết những vấn đề đó. Để thành công, bạn cần có trong mình những phẩm chất quan trọng sau:
Tự tin (Confidence): 10 cách để cấp trên và đồng nghiệp thấy bạn tự tin 100% và có thể đạt được bất cứ điều gì bạn muốn, đồng thời củng cố ấn tượng này trong toàn bộ mối quan hệ công việc của bạn
Quan tâm (Caring): 14 chiến lược để thể hiện sự quan tâm của bạn đến đồng nghiệp và công ty vì “mọi người không quan tâm đến việc bạn biết những gì cho đến khi họ biết bạn quan tâm ở mức độ nào”.
Rành mạch (Clarity): 12 kỹ thuật giúp bạn trình bày ý tưởng rõ ràng và đảm bảo mọi người bạn làm việc cùng đều hiểu ý tưởng ấy.
Uy tín (Credibility): 14 phương pháp để chiếm được lòng tin và sự tôn trọng của mọi người trong công ty của bạn và gây ấn tượng với người khác qua Internet.
Chung sống (Coexistence) (với những vị sếp thô lỗ và đám đồng nghiệp điên rồ): 21 chiến thuật để đương đầu với cơn ác mộng số một tại nơi làm việc và “toả sáng”.
+NHẬN XÉT CỦA ĐỘC GIẢ UY TÍN:
“Cuốn sách đầy thuyết phục và thực tế này sẽ chỉ cho bạn cách làm thế nào để tạo ảnh hưởng lên người khác, truyền đạt ý tưởng mạch lạc và đạt được mục đích của mình thông qua người khác nhanh hơn bao giờ hết.” — Brian Tracy
“Để tránh gặp thất bại trong công việc ngay từ khi bắt đầu sự nghiệp, ai cũng nên đọc cuốn sách này của Leil Lowndes. Kết cấu chặt chẽ, nghiên cứu thấu đáo và nội dung thực tiễn – đây là một cuốn sách vui nhộn, dễ đọc, dễ hiểu cùng các mẹo và lời khuyên mà ai cũng có thể và nên áp dụng ngay!” — Gregory Giangrande, phụ trách chuyên mục hướng nghiệp của New York Post
“Cuốn sách tuyệt vời và vô cùng thú vị này sẽ mách bạn cách vươn tới đỉnh cao mà không khiến bất kỳ ai trở thành địch thủ trên con đường tiến bước!” — Marshall Goldsmith, nằm trong danh sách “Những nhà tư tưởng lãnh đạo có tầm ảnh hưởng nhất thế giới“ của Thinkers50
+VỀ TÁC GIẢ:
Leil Lowndes hiện là một trong những chuyên gia giao tiếp được quốc tế công nhận. Bà được mời làm diễn giả tại các sự kiện ở nhiều thành phố lớn của Mỹ, cũng như các công ty và tập đoàn lớn. Bà cũng là tác giả của nhiều cuốn sách bán chạy như Nghệ Thuật Giao Tiếp Để Thành Công, How to make anyone fall in love with you (tạm dịch: Làm thế nào để khiến mọi người yêu quý bạn).",Sách tiếng Việt/Sách kỹ năng sống/Sách tư duy - Kỹ năng sống,115
117595293,sách tư duy phi thường: minh triết cho đời sống thường nhật,"JOHN LITTLE, LÝ TIỂU LONG",96000,1,OFFICIAL_STORE,5.0,42,249.0,https://tiki.vn/sach-tu-duy-phi-thuong-minh-triet-cho-doi-song-thuong-nhat-p117595293.html?spid=117595294,https://salt.tikicdn.com/cache/280x280/ts/product/ff/d1/55/08eb532f3cab0f4f86b173674ef62957.jpg,"Trong cuốn sách này là những “tư duy đột phá” được rút từ bao cuộc trò chuyện, phỏng vấn, trao đổi giữa Lý Tiểu Long chia sẻ với các nhà báo, bạn bè và đồng nghiệp.
Lý Tiểu Long sinh ra là để hoàn thành mục tiêu vĩ đại hơn những gì anh từng hình dung. Tinh thần Lý Tiểu Long luôn là nguồn cảm hứng mạnh mẽ thôi thúc những người trẻ chăm sóc và nuôi dưỡng cả cơ thể lẫn tâm trí mình để có thể phát huy những gì tốt đẹp nhất bên trong họ. Như nhiều người hâm mộ từng nói: “Đời tôi khác biệt nhờ có Lý Tiểu Long”.",Sách tiếng Việt/Sách kỹ năng sống/Sách tư duy - Kỹ năng sống,144
72165437,sách quà tặng của thời gian - lướt sóng - khủng hoảng trung niên,"MIKE HASKINS, CLIVE WHICHELOW",54000,1,OFFICIAL_STORE,4.2,5,39.0,https://tiki.vn/sach-qua-tang-cua-thoi-gian-luot-song-khung-hoang-trung-nien-p72165437.html?spid=72710151,https://salt.tikicdn.com/cache/280x280/ts/product/da/b7/98/9b1f5ce9e80d31b14a55070ab6a8e581.jpg,"Không còn trẻ như trước, không còn săn chắc được như mong muốn, và tương lai tuyệt vời thì đã ở lại phía sau lưng. Đừng lo; khủng hoảng trung niên thôi mà!
Bạn muốn chặn lại bóng câu qua cửa sổ, nhưng trong quá trình đó phải có chút phẩm giá, lịch lãm và vui vẻ xả láng. Nên, bước đầu tiên để sống sót qua khủng hoảng trung niên là thừa nhận. Đừng có chối bỏ nữa, thuận theo tự nhiên đi. Thực ra, nếu bạn chủ động thuận theo tự nhiên không chừng bạn có thể tiêu diệt cái cơn khủng hoảng này từ trong trứng nước.
Có lẽ đọc cuốn sách này sẽ giúp bạn đỡ lúng túng, đỡ mất mặt và đỡ điên rồ, nhưng cái chính là cứu bạn vượt thoát bản thân.",Sách tiếng Việt/Sách kỹ năng sống/Sách tư duy - Kỹ năng sống,118
26412712,sách tư duy biện luận - nghĩ hay hơn hay nghĩ,"ĐỖ THỊ DIỆU NGỌC, NGUYỄN HUY CƯỜNG",70500,1,OFFICIAL_STORE,4.7,108,974.0,https://tiki.vn/sach-tu-duy-bien-luan-nghi-hay-hon-hay-nghi-p26412712.html?spid=26412713,https://salt.tikicdn.com/cache/280x280/ts/product/89/4b/9e/8f9e07cb4156bfd916ddb732524edb93.jpg,"Chắc hẳn nhiều người khi thấy tiêu đề “Critical thinking” sẽ thắc mắc tại sao không phải là “Tư duy phản biện” mà là “Tư duy biện luận”? Xét về ngữ nghĩa, từ “phản biện” mang nghĩa xét lại, phản đối một quan điểm, một ý kiến nào đó. Còn khái niệm “biện luận” ở đây được dùng mang hàm nghĩa rộng hơn, có tính xây dựng và sáng tạo hơn, bao hàm các bước thu thập, phân tích, đánh giá dựa trên sự cân nhắc nhiều khả năng.
Những nội dung trình bày trong cuốn sách sẽ đưa bạn đi từ những khái niệm cơ bản nhất, khám phá dòng chảy tư duy từ cổ đại với tam đại triết gia Plato, Socrates, Aristotle đến hiện đại với “bậc thầy của tư duy sáng tạo” – Bono, sau đó tìm hiểu những yếu tố căn bản của lập luận và những lỗi nguỵ biện phổ biến. Và “tri thức chưa có sức mạnh chừng nào còn chưa được áp dụng” – Dale Carnegie, phần quan trọng của cuốn sách là hướng dẫn bạn phương pháp rèn luyện tư duy qua những tình huống đa dạng, sinh động trong đời sống. Phong cách viết gần gũi, sinh động, gợi mở, cuốn sách phù hợp với mọi đối tượng độc giả, đặc biệt học sinh, sinh viên.
“Quá trình hình thành kỹ năng tư duy biện luận cũng như ghép một bức tranh vậy. Nó phải được xây dựng từ những yếu tô căn bản cấu thành nên một lập luận – thành phần cốt lõi của quá trình tư duy. Nếu những yếu tố căn bản này không được kết hợp đúng và đủ, những kẽ hở sẽ xuất hiện tạo nên những lập luận sai lầm hoặc yếu kém. Bạn không thể xây một công trình đồ sộ, trong ngữ cảnh này là kỹ năng tư duy sắc bén, từ một nền móng thiếu vững chắc như vậy.”",Sách tiếng Việt/Sách kỹ năng sống/Sách tư duy - Kỹ năng sống,80
88797361,sách hbr trí tuệ xúc cảm – emotional intelligence,,811500,82087,NONE,4.5,124,3.0,https://tiki.vn/sach-hbr-tri-tue-xuc-cam-emotional-intelligence-bo-10-cuon-p88797361.html?spid=94736670,https://salt.tikicdn.com/cache/280x280/ts/product/c8/fa/29/9a40333da413a798a5553fdb4329ce0d.jpeg,"LÀM THẾ NÀO ĐỂ “PHẦN CON NGƯỜI” THĂNG HOA TRONG CÔNG VIỆC?
HBR Trí Tuệ Xúc Cảm – Emotional Intelligence là tập hợp những tri thức căn bản và thông tuệ về khía cạnh “con người” trong đời sống công việc. Từng cuốn sách sẽ cung cấp một loạt các kết quả nghiên cứu về ảnh hưởng của xúc cảm đến cuộc sống và công việc của chúng ta, đồng thời đưa ra các lời khuyên thực tiễn cho việc xoay xở trong các tình huống khó khăn và cư xử với những người khó chịu.
Thông qua các bài viết truyền cảm hứng; bộ sách nhấn mạnh vai trò của việc định hướng cảm xúc lành mạnh trong công việc; từ đó mang đến cái nhìn thực tiễn và nâng đỡ về những kỹ năng xã hội cần thiết; mà nhà chuyên môn giàu tham vọng nên có.
CÙNG KHÁM PHÁ NGAY NHỮNG NỘI DUNG HẤP DẪN CÓ TRONG TỪNG CUỐN SÁCH!!!
1. HBR Trí Tuệ Xúc Cảm | Hạnh Phúc:
Bản chất của Hạnh phúc là gì? Con người làm thế nào để đạt được nó trong đời sống công việc? Và liệu nó có xứng đáng để chúng ta theo đuổi?
Cuốn sách này đi tìm kiếm lời giải cho những câu hỏi đó thông qua nhiều nghiên cứu đo lường hạnh phúc; khuôn khổ hành vi cá nhân, phương pháp quản trị kiến tạo hạnh phúc ngay tại nơi làm việc; cùng lời cảnh báo về nguy cơ từ sự cường điệu hoá vai trò của hạnh phúc.
Một số trích dẫn tiêu biểu:
“Một trong những hiểu lầm về hạnh phúc; đó là hạnh phúc đồng nghĩa với việc lúc nào cũng phải vui vẻ;sung sướng và mãn nguyện với gương mặt tươi cười. Không phải như vậy – hạnh phúc và sống một cuộc đời phong phú; là mở lòng đón nhận những điều tốt đẹp cùng với những điều tồi tệ; và học cách nhìn nhận những điều tồi tệ theo một cách khác.”
“Việc chúng ta không kiểm soát được những cảm xúc tiêu cực cũng giống như bị miếng vải che mắt. Chủ yếu chúng ta chỉ tập trung – đôi khi là chỉ tập trung duy nhất – vào nguồn gốc của nỗi đau. Chúng ta cũng không xử lý thông tin, tư duy một cách sáng tạo hay ra các quyết định tốt”.
2. HBR Trí Tuệ Xúc Cảm | Tỉnh Thức:
Sự tỉnh thức mang lại rất nhiều lợi ích, giúp bạn sáng tạo và hiệu quả hơn, đạt được khả năng tự nhận thức sâu hơn, trở nên cuốn hút hơn, chưa kể sự bình an trong tâm trí.
Cuốn sách này sẽ từng bước hướng dẫn bạn xây dựng nhận thức về sự hiện hữu trong đời sống công việc thường nhật. nó cũng cung cấp những lý giải khoa học về sự tỉnh thức và tại sao nó mang lại kết quả, đồng thời đưa ra một số cảnh báo thể thể xem nhẹ về cạm bẫy của sự tỉnh thức.
Một số trích dẫn tiêu biểu:
“Tỉnh thức không phải là sống thật chậm. tỉnh thức là về việc bạn nâng cao sự tập trung và nhận thức cả trong công việc và cuộc sống. bạn loại bỏ phiền nhiễu và đi đúng hướng theo cả mục tiêu của cá nhân và tổ chức.”
“Sự chần chừ và hối tiếc có thể biến mất, bởi nếu bạn biết lý do tại sao mình đang làm việc gì đó, bạn sẽ không chỉ trích bản thân vì không làm việc khác. Nếu bạn hoàn toàn ý thức khi quyết định ưu tiên nhiệm vụ này, làm việc tại công ty này, tạo ra sản phẩm này hoặc theo đuổi chiến lược này, thì lý do gì để bạn phải hối hận chứ?”
3. HBR Trí Tuệ Xúc Cảm | Vượt Qua Nghịch Cảnh:
Làm thế nào mà một số người có thể gượng dậy mạnh mẽ sau những thất bại trong cuộc sống thường nhật, khủng hoảng sự nghiệp hay cả những sang chấn tâm lý nặng nề.
Cuốn sách này gợi mở những đặc điểm của mẫu người biết vượt qua nghịch cảnh, giúp bạn rèn luyện tâm trí để chống chọi trước vô vàn áp lực trong cuộc sống, đồng thời trình bày hướng tiếp cận giúp bạn khởi động lại nghề nghiệp một cách hiệu quả
Một số trích dẫn tiêu biểu:
“Động lực từ việc tạo ra ý nghĩa tốt đẹp trong lúc khủng hoảng chính là cách mà những người kiên cường xây dựng những cây cầu nối liền khó khăn hiện tại đến một tương lai tươi sáng hơn, tốt đẹp hơn”
“Quyết định đầu tiên bạn phải đối mặt để ứng phó với một thảm hoạ nghề nghiệp là câu hỏi liệu có nên đối mặt với tình huống đã khiến bạn suy sụp – bằng một cuộc chiến mệt mỏi, tốn kém và có lẽ đáng xấu hổ – hay cố gắng bỏ qua nó càng nhanh càng tốt, với hy vọng rằng sẽ không ai để ý hoặc nhớ lâu.”
4. HBR Trí Tuệ Xúc Cảm | Lãnh Đạo Đích Thực:
Việc là chính mình trong công việc có ý nghĩa gì? Là một nhà lãnh đạo, bạn làm thế nào để cân bằng giữa tính dễ bị tổn thương (vulnerability) và quyền hạn?
Cuốn sách này cung cấp lý giải về vai trò của phong cách lãnh đạo đích bằng trí tuệ xúc cảm. Bạn sẽ học được cách khám phá bản ngã của mình, biết khi nào những phản ứng cảm xúc là phù hợp, việc cư xử theo các chuẩn mực riêng có thể làm bạn bị tổn thương như thế nào, và khi nào thì phải cần giả bộ.
Một số trích dẫn tiêu biểu:
“Những nhà lãnh đạo thực thụ là những người cống hiến hết mình vì mục đích của bản thân, kiên định với những giá trị họ theo đuổi, dẫn dắt người khác với trái tim nhiệt huyết và trí tuệ tuyệt vời của mình. Họ cũng biết cách tạo dựng những mối quan hệ bền vững, có ý nghĩa và tự đặt ra cho bản thân “kỷ luật thép” để đạt được kết quả mong muốn. Họ biết rõ điểm mạnh, điểm yếu của chính mình.”
“Hành trình trở thành một nhà lãnh đạo đích thực khởi đầu từ việc thấu hiểu cuộc đời của chính bạn”
5. HBR Trí Tuệ Xúc Cảm | Thấu Cảm:
Thấu cảm được xem là phẩm chất quan trọng giúp cải thiện các mối quan hệ và thậm chí cả chất lượng phát triển sản phẩm. Tuy nhiên, việc hiểu được động cơ và cảm xúc của người khác lại chẳng dễ như nói “hãy đặt mình vào vị trí của họ”
Cuốn sách này giúp bạn hiểu thấu cảm là gì, vì sao nó quan trọng, làm thế nào để vượt qua những chướng ngại làm xói mòn năng lực thấu cảm, và biết cách kiểm soát thấu cảm quá đà.
Một số trích dẫn tiêu biểu:
“Biết lắng nghe không đơn thuần chỉ là biết giữ yên lặng khi người khác nói. Trái lại, một người được coi là biết lắng nghe khi họ có khả năng đặt ra những câu hỏi kích thích sự tìm tòi và thấu hiểu… Lắng nghe được xem là một hội thoại hai chiều thay vì tương tắc một chiều giữa “người nói và ngươi nghe””
“Thấu cảm là năng lực cho phép bạn “đọc vị” được mọi người. Ai đang ủng hộ ai? Ai đang có thái độ khiêu khích và ai đang thoai thac? Sự chống đối nằm ở đâu?”
6. HBR Trí Tuệ Xúc Cảm | Chuyên Tâm:
Sự chuyên tâm cũng có vai trò quan trọng chẳng kém gì năng suất. Nhờ sự tập trung hiệu quả, bạn sẽ dễ thành công trong công việc dẫn dắt người khác, tìm ra điều rõ ràng trong những thứ bất định, bên cạnh nâng cao cảm giác hài lòng trong công việc.
Có nhiều yếu tố thách thức khả năng duy trì sự tập trung: từ chuông điện thoại cho tới những tranh cãi tại văn phòng hay nỗi lo về cuộc sống thường nhật. Cuốn sách này sẽ diễn giải các tăng cường năng lực tập trung; điều phối sự chuyển tâm của nhóm làm việc, và phá vỡ vòng luẩn quẩn của sự sao nhãng.
Một số trích dẫn tiêu biểu:
“Nếu bạn cảm thấy thất bại, có hai điều sẽ giúp bạn tiến về phía trước; và cảm giác lấy lại được nhiều quyền kiểm soát hơn. Điều đầu tiên là chấp nhận việc mìnhđang ở mức độ nào và phải biết thương chính mình. Khi bạn thừa nhận với chính mình: “Tôi đang mắc kẹt. Điều này thật kinh khủng”; và để cho sự thừa nhận đó nằm trong nhận thức của bạn mà không chống cự hoặc sử dụng nó để trách móc bản thân; nó sẽ không còn khiến bạn trật đường ray nữa.”
“Cảm giác bị quá tải/kiệt sức có thể mang lại nhiều cảm xúc như: thất vọng, tức giận, lo lắng. Điều này làm ảnh hưởng đến hiệu quả làm việc của bạn. Vì vậy, bạn phải phá vỡ vòng luẩn quẩn này.”
7. HBR Trí Tuệ Xúc Cảm | Ứng Xử Với Người Khó Nhằn:
Điều quan trọng nhất khi ứng xử với người “khó nhằn” là cần kiểm soát được cảm xúc của họ và của chính bạn. Làm thế nào để duy trì được sự điềm tĩnh trong một cuộc đối thoại khó khăn hoặc trước những ý kiến công kích gián tiếp? Và liệu bạn có biết mình cũng không phải là người dễ làm việc cùng?
Cuốn sách dẫn chứng các nghiên cứu về phản ứng cảm xúc của con người trước những đồng nghiệp “đáng sợ”, đồng thời đưa ra lời khuyên về cách thức xây dựng năng lực thấu cảm và vượt lên nghịch cảnh để khiến các mối quan hệ trở nên hữu ích hơn.
Một số trích dẫn tiêu biểu:
“Giải quyết mâu thuẫn cũng giống như nấu ăn, chỉ đạt kết quả tốt nhất khi ở nhiệt độ phù hợp. Nếu quá nóng nảy, mâu thuẫn có thể bùng nổ, đốt cháy giao ước, khiến mối quan hệ tan vỡ trong sự tức giận hoặc thù ghét. Nếu quá lạnh nhạt, giao ước có thể bị đóng băng, không tiến triển tiếp được, hoặc mối quan hệ trở nên lạnh nhạt khi cảm xúc không được bộc lộ và những mối bận tâm không được giãi bày”
“Nhu cầu cảm xúc cơ bản của chúng ta là được trân trọng và thấy mình có giá trị. Khi cảm xúc đó không được đáp ứng, chúng ta cảm thấy bất ổn, mất cân bằng; thiếu an toàn và không hạnh phúc. Ở mức độ nghiêm trọng nhất, chúng ta thậm chí còn cảm thấy sự sống của mình bị đe doạ”.
8. HBR Trí Tuệ Xúc Cảm | Lắng Nghe Trong Tỉnh Thức:
Lắng nghe là kỹ năng quan trọng mà các nhà lãnh đạo và quản lý thường xem nhẹ. Bằng các học lắng nghe trong tỉnh thức; bạn có thể khiến cấp dưới trở nên gắn kết hơn; thúc đẩy những ý tưởng mới được khám phá và nghe thấy những thứ cần nghe hơn là điều mà bạn muốn nghe trong các cuộc thảo luận.
Cuốn sách này sẽ cho bạn biết người giỏi lắng nghe thường làm gì; làm sao để hiện diện một cách trọn vẹn trong các tình huống đối thoại khó khăn; lắng nghe bằng thấu cảm có thể giúp bạn học hỏi và trưởng thành như thế nào.
Một số trích dẫn tiêu biểu:
“Khi vai trò và tầm ảnh hưởng của bạn càng lớn thì kỹ năng lắng nghe cũng phải phát triển tương xứng”
“Những người lắng nghe giỏi luôn biết cách biến cuộc hội thoại thành một trải nghiệm tích cực cho đối phương;… khiến người khác cảm thấy được ủng hộ và tiếp thêm sự tự tin. Lắng nghe là biết tạo ra bầu không khí an toàn; mà trong đó các vấn đề và quan điểm được thảo luận một cách cởi mở.”
9. HBR Trí Tuệ Xúc Cảm | Quyền Lực Và Tác Động:
Hãy sử dụng quyền lực của bạn để mang lại ảnh hưởng và tác động tốt hơn.
Đi liền với chức vụ chính thức là quyền lực. Nhưng ít người nhận ra rằng quyền lực phi chính thức – thứ không đi cùng với chức vụ; cũng có tác động không kém. Bạn sử dụng quyền lực của mình thế nào để có ảnh hưởng tốt hơn?
Cuốn sách này lý giải quyền lực ảnh hưởng thế nào tới cảm xúc, hành vi; và cách chúng ta làm việc với người khác. Bạn sẽ được học các vận dụng năng lực tự ý thức; để kiểm soát quyền lực và kết nối với đúng người; từ đó kiến tạo giá trị, phản ứng trước những hành vi lạm quyền; và thiết lập ảnh hưởng lâu dài.
Một số trích dẫn tiêu biểu:
“Điều quyền lực nhất trong sự nghiệp và cuộc đời của một nhà lãnh đạo là để lại một di sản lớn lao; bởi lẽ điều đó có thể tạo ra những ảnh hưởng trong tương lai; ngay cả khi họ không còn tham gia tổ chức. Tối đa hoá tác động đến tổ chức và mọi người là điều hết sức quan trọng.”
“Các nhà lãnh đạo đích thực sẽ không tạo ra những nhân viên trung thành; họ sẽ tạo ra nhiều nhà lãnh đạo hơn”.
10. HBR Trí Tuệ Xúc Cảm | Gây Ảnh Hưởng Và Thuyết Phục:
Điều chỉnh cảm xúc là một phần quan trọng trong việc điều chỉnh tâm trí. Một số nghiên cứu cho thấy việc chế ngự cảm xúc có thể giúp bạn khẳng định bản thân và xác lập thẩm quyền lãnh đạo.
Cuốn sách này nhấn mạnh các nghiên cứu như vậy và chỉ cho bạn cách để đạt được điều đó. Nó cũng trình bày những khuôn khổ tham chiếu toàn diện giúp bạn phát triển năng lực gây ảnh hưởng; cùng các chiến thuật nhỏ; đơn giải mà bạn có thể áp dụng để thuyết phục người khách trong đời sống thường nhật.
Một số trích dẫn tiêu biểu:
“Thích là một động lực mạnh mẽ; nhưng việc thuyết phục không chỉ đơn giản là khiến mọi người có cảm tình với bạn; ý tưởng hoặc sản phẩm của bạn. Mọi người không chỉ cần thích bạn; mà còn phải cảm thấy gắn kết với những gì bạn muốn họ làm”
“Về cơ bản, lãnh đạo thành công liên quan đến việc tác động được đến người khác; và lòng tin là nền tảng của mọi khả năng bạn tác động được đến người khác”.
THÔNG TIN VỀ MỘT SỐ TÁC GIẢ NỔI BẬT CỦA BỘ SÁCH TRÍ TUỆ XÚC CẢM CỦA HBR ||  Emotional Intelligence
1. Daniel Goleman:
Giám đốc Hiệp hội Nghiên cứu Trí tuệ cảm xúc trong các tổ chức thuộc Đại học Rutgers. Tác giả của nhiều đầu sách bán chạy về trí tuệ cảm xúc và trí tuệ xã hội; phóng viên khoa học của New York Time; 2 lần được đề cử giải Pulitzer; và nhận được giải thưởng Thành tựu Trọn đời của Hội tâm lý học Hoa Kỳ.
2. Annie Mckee:
Giám đốc Chương trình Tiến sĩ dành cho CEO, Nghiên cứu sinh tại Đại học Pennsylvania; và là nhà sáng lập Học viện Lãnh đạo Teleos.
3. Ellen Langer:
Giáo sư tâm lý học tại Đại học Harvard; đã xuất bản hơn 200 bài báo và văn bản học thuật; được đăng trên The New York Times và là người sáng lập Viện Tỉnh thức Langer.
4. Daniel Gilbert:
Giáo sư tâm lý học tại Đại học Harvard. Đạt rất nhiều giải thưởng về nghiên cứu và giảng dạy; bao gồm giải thưởng “Xuất sắc về Khoa học” của Hiệp hội Tâm lý Hoa Kỳ; vì những cống hiến trọn đời cho ngành tâm lý học.
CẢI THIỆN TRÍ TUỆ XÚC CẢM VÀ ỨNG DỤNG CHÚNG ĐỂ NÂNG CAO CHẤT LƯỢNG CÔNG VIỆC VÀ CUỘC SỐNG HÀNG NGÀY!",Sách tiếng Việt/Sách kỹ năng sống/Sách tư duy - Kỹ năng sống,133
187824619,sách công dân toàn cầu - công dân vũ trụ,PHAN VĂN TRƯỜNG,73000,1,OFFICIAL_STORE,5.0,86,886.0,https://tiki.vn/sach-cong-dan-toan-cau-cong-dan-vu-tru-p187824619.html?spid=187824620,https://salt.tikicdn.com/cache/280x280/ts/product/4f/4d/a2/7e5ae237a01f35e6ef737c8d32a408ad.jpg,"Những ""công dân toàn cầu"" mang những nét đặc trưng nào? Họ có sinh hoạt, làm việc, và hành xử theo các chuẩn mực khác biệt của riêng một cộng đồng mang đẳng cấp cao? Liệu có những hình mẫu nào để chúng ta tham khảo, từ đó tự rèn cho mình phong thái của một ""công dân toàn cầu""? Và xa hơn nữa, một công dân của Vũ trụ? Bằng cách mô tả vừa rộng vừa sâu, vừa bao quát nhưng vẫn cung cấp nhiều ví dụ cụ thể, tác giả Phan Văn Trường mang đến một cách nhìn mới mẻ và sâu sắc về hình ảnh của những con người yêu thương đồng loại, trách nhiệm với địa cầu, và trân quý Vũ trụ mà chúng ta đang sống.",Sách tiếng Việt/Sách kỹ năng sống/Sách tư duy - Kỹ năng sống,159
13624088,sách nghĩ thiện để cuộc đời và công việc viên mãn,INAMORI KAZUO,69000,1,OFFICIAL_STORE,5.0,288,4812.0,https://tiki.vn/sach-nghi-thien-de-cuoc-doi-va-cong-viec-vien-man-p13624088.html?spid=13624089,https://salt.tikicdn.com/cache/280x280/ts/product/0d/30/92/e49d2293c601bb8db2164ee14f7a8f3e.jpg,"Nghĩ thiện - Để cuộc đời và công việc viên mãn gồm 10 chương với các những dòng tâm tình chân thành của tác giả dành cho bạn đọc. Những lời ruột gan này được đúc kết từ một đời người đã trải qua nhiều thăng trầm và rốt cuộc đạt được một kết quả viên mãn bất kỳ ai cũng ao ước. Bạn sẽ biết được những thất bại tác giả từng trải qua và học được cách đứng lên từ thất bại ra sao. Bạn sẽ biết thêm một vài đầu sách đáng đọc qua những trích dẫn mà tác giả tâm đắc. Bạn sẽ biết được khó khăn của một người lãnh đạo phải chịu trách nhiệm với cuộc sống của mấy trăm, thậm chí mấy ngàn nhân viên ra sao nhưng được tác giả giải quyết bằng một triết lý kinh doanh cũng như triết lý sống thế nào. Bạn cũng sẽ hiểu ra thành công chưa hẳn đã tốt mà thất bại không là kết thúc bởi cả hai đều là thử thách và cũng là quà tặng của ông Trời ban cho ta. Bạn sẽ hiểu rằng sống với trái tim trong sáng, lương thiện, có cách nghĩ chân chính, đúng đắn, bạn sẽ tìm thấy niềm vui khi được cống hiến trong công việc, tìm được lẽ sống trong đời.
Tiki sẽ liên tục cập nhật đến quý độc giả phiên bản in mới nhất.",Sách tiếng Việt/Sách kỹ năng sống/Sách tư duy - Kỹ năng sống,66
21391592,sách shinrin yoku - nghệ thuật tắm rừng của người nhật,QING LI,51000,1,OFFICIAL_STORE,5.0,99,972.0,https://tiki.vn/sach-shinrin-yoku-nghe-thuat-tam-rung-cua-nguoi-nhat-p21391592.html?spid=21391593,https://salt.tikicdn.com/cache/280x280/ts/product/eb/88/34/429c8317d761ecdfd7115cc8a671851c.jpg,"Từ hàng thiên niên kỷ trước, chúng ta đã biết việc hoà mình với thiên nhiên đem lại cảm giác dễ chịu đến nhường nào. Âm thanh của rừng, mùi thơm của cây, không khí mát lành, ánh nắng lấp ló qua tán lá ‒ tất cả đều mang lại cảm giác khoan khoái, giúp chúng ta giải toả lo âu căng thẳng, thư giãn và suy nghĩ thông suốt hơn. Khi hoà mình với thiên nhiên, chúng ta có thể điều hoà tâm trạng, hồi phục năng lượng, trở nên tỉnh táo và dồi dào sinh lực.
Đó là cảm giác của tác giả Qing Li khi ở giữa thiên nhiên. Ông nghĩ về thời thơ ấu của mình tại một ngôi làng nhỏ. Nhớ đến rừng dương xanh mướt mỗi độ xuân hè và sắc lá vàng rực trong những ngày thu. Ông hồi tưởng lại những lần cùng bạn bè chơi trốn tìm giữa cây rừng và bắt gặp những con thú, nào thỏ nào cáo, nào sóc nào chuột hamster. Làng ông có một rừng mơ đẹp vô ngần, trổ hoa sắc hồng suốt tháng Tư. Hương vị của những trái mơ mùa thu vẫn còn in đậm trong tâm trí tác giả.
Nhưng chính xác thì cái cảm giác không thể diễn tả bằng lời này là gì? Điều gì ẩn chứa đằng sau đó? Bằng cách nào thiên nhiên lại khiến chúng ta rung cảm đến vậy? Qing Li là người làm khoa học chứ không phải là nhà thơ. Thế nên, ông đã nghiên cứu khía cạnh khoa học của cảm giác này nhiều năm trời. Tác giả muốn biết tại sao chúng ta lại cảm thấy dễ chịu tới vậy khi ở giữa thiên nhiên. Sức mạnh bí ẩn nào của cây làm cho chúng ta khoẻ mạnh và hạnh phúc hơn nhiều đến thế? Tại sao chỉ cần đi bộ trong rừng là chúng ta đã cảm thấy bớt căng thẳng và được tiếp thêm năng lượng? Có người nghiên cứu rừng, số khác nghiên cứu y học. Tác giả nghiên cứu y học rừng để tìm hiểu toàn diện những phương pháp đi bộ trong rừng giúp cải thiện sức khoẻ.
Đã bao lâu rồi bạn không tản bộ trong một khu rừng đẹp sững sờ đến độ phải dừng chân thưởng ngoạn? Và cũng đã bao lâu rồi bạn không để ý đến những chồi xuân đang chớm nở hoặc ngắm thật gần những bông tuyết trên lá trong tiết đông? Tác giả băn khoăn, thay vì những điều ấy, không biết ngày hôm nay bạn đã dành bao nhiêu tiếng nhìn vào màn hình, bao nhiêu thời gian để lướt điện thoại. Ngồi trong văn phòng lắp đặt điều hoà, có thể bạn còn chẳng chú ý đến thời tiết để rồi bỏ lỡ tất thảy những thời khắc giao mùa. Bạn có nhận ra ngoài kia mùa xuân đã đến bên thềm không? Hay đất trời đã chuyển mình sang thu?
Công viên này có những cây bạch quả khổng lồ, cùng những cây anh đào và một vườn hoa đỗ quyên ba trăm năm tuổi với hàng ngàn chủng loại khác nhau. Hoa nở rộ vào tháng Tư và tháng Năm với những gam màu đỏ đậm, hồng và trắng. Tác giả rất thích ngắm hoa anh đào, và khi mùa hè qua đi, ông lại được thoả sức chiêm ngưỡng vô vàn sắc thái xanh đa dạng. Mùa thu, lá cây bạch quả chuyển sang màu vàng rực rỡ. Trưa nay trong lúc đi dạo, một cơn gió dịu mát thoảng qua khiến Qing Li chợt nhận ra, ừ nhỉ, cây bạch quả đã bắt đầu khoác lên mình tấm áo mùa thu rồi. Vào cuối tuần, ông ghé thăm những công viên cây xanh ở Tokyo và dành một vài tiếng ở đấy. Còn mỗi chiều thứ Hai, ông lại tổ chức đi dạo cùng sinh viên.
Thực ra, không chỉ đơn thuần là đi dạo. Họ thực hành một liệu pháp của Nhật có tên là tắm rừng, shinrin-yoku. Trong tiếng Nhật, shinrin có nghĩa là “rừng” còn yoku là “tắm”. Vậy shinrin-yoku có nghĩa là tắm trong môi trường rừng, hay đắm mình vào không gian rừng bằng mọi giác quan. Đây không phải là bài tập thể dục đi bộ hay chạy bộ đường dài. Chỉ đơn giản là đón nhận và kết nối với thiên nhiên bằng thị giác, thính giác, vị giác, khứu giác và xúc giác. Ở trong nhà, chúng ta thường chỉ sử dụng hai giác quan, mắt và tai. Ngoài trời là nơi chúng ta có thể hít ngửi mùi hoa, thưởng thức không khí trong lành, ngắm nhìn cây lá thay màu, lắng nghe tiếng chim hót và cảm nhận cái se lạnh mơn trớn trên làn da. Và khi các giác quan được mở ra, chúng ta bắt đầu kết nối với thế giới tự nhiên.",Sách tiếng Việt/Sách kỹ năng sống/Sách kỹ năng mềm,73
273822779,sách thưởng thức rượu vang như một chuyên gia,MARNIE OLD,271600,1,OFFICIAL_STORE,5.0,9,105.0,https://tiki.vn/sach-thuong-thuc-ruou-vang-nhu-mot-chuyen-gia-p273822779.html?spid=273822782,https://salt.tikicdn.com/cache/280x280/ts/product/70/2b/36/f4864663ca8700f9e4721ba1f4b42ea9.jpg,"NHỮNG HƯỚNG DẪN CƠ BẢN VỀ MỘT THỨC UỐNG ĐÃ TRỞ NÊN HẾT SỨC QUEN THUỘC TRÊN BÀN TIỆC CỦA NHIỀU NGƯỜI VIỆT NAM!
Không biệt ngữ, không phán xét và đầy ý nghĩa, Thưởng thức rượu vang như một chuyên gia là cuốn sách chứa đựng tất cả những thông tin cần biết để bạn có thể tận hưởng bất cứ chai rượu vang nào một cách hoàn hảo.
Cuốn sách sẽ cung cấp cho các bạn những kiến thức như:
Giải mã rượu vang: Học cách đọc hiểu thông tin trên nhãn mác các chai rượu vang, hiểu các đánh giá về rượu vang và vài ý tưởng hay giúp làm rõ loại đồ uống phức tạp nhất thế giới này!
Hướng dẫn thử nếm rượu vang: Thử nếm rượu vang theo cách của bạn ngay tại nhà, sau đó làm theo và đối chiếu với 12 hướng dẫn thử nếm được cung cấp trong cuốn sách. Từ đó, phân biệt các phong cách rượu vang chính trên thế giới.
Mẹo mực từ chuyên gia: Cùng tìm hiểu làm thế nào mà các chuyên gia rượu vang đưa ra được những phán đoán khá chuẩn về hương vị, cũng như khám phá những kỹ năng thực hành để chọn mua rượu tốt hơn, cũng như bí kíp để kết hợp rượu vang với các loại thực phẩm khác trong bữa ăn.",Sách tiếng Việt/Sách kỹ năng sống/Sách tư duy - Kỹ năng sống,174
10866305,sách tư duy pháp lý của luật sư,LUẬT SƯ NGUYỄN NGỌC BÍCH,196000,1,OFFICIAL_STORE,5.0,253,2334.0,https://tiki.vn/sach-tu-duy-phap-ly-cua-luat-su-tai-ban-p10866305.html?spid=10866306,https://salt.tikicdn.com/cache/280x280/ts/product/27/41/31/5ac4ba75a26c2f8d43a27ec9e0b9f8ff.jpg,"Quyển sách này là phiên bản mới của quyển Tài ba của luật sư xuất bản năm 2010 và tái bản hai lần sau đó. Đó là kết quả của những góp ý từ độc giả, của kinh nghiệm tác giả thu thập được qua các lớp học được tổ chức tại Đoàn Luật sư TP. Hồ Chí Minh cũng như sự tìm tòi và học hỏi của tác giả trong suốt 5 năm qua. Cũng như sách trước, quyển sách này được viết cho các luật sư mới bước chân vào nghề.
Nội dung quyển sách được chia làm 4 phần:
Phần một: Giới thiệu với bạn về tư duy pháp lý và đưa ra các điều kiện bạn phải có, hay phải thay đổi so với trước kia để có thể có tư duy pháp lý. Tốt nghiệp trường luật xong bạn chưa có khả năng tư duy pháp lý để làm luật sư; vì trường luật đào tạo bạn làm cán bộ pháp chế (tức là soạn luật để cho người khác áp dụng, và giám sát việc thực hiện luật). Bạn sẽ biết về điều này rõ hơn khi đọc Chương 2 của phần này.
Phần hai: Trình bày cách tư duy pháp lý; gồm phương pháp thực hiện; các vụ án để bạn… luyện chưởng và biết tính chất của các câu hỏi pháp lý.
Phần ba: Đưa ra một số vụ án để các bạn tập làm một mình hầu kiểm tra mức độ sử dụng tư duy pháp lý
Phần bốn: Một số bài đọc thêm để bạn mở rộng kiến thức.",Sách tiếng Việt/Sách kỹ năng sống/Sách tư duy - Kỹ năng sống,58
486536,sách hạt giống tâm hồn - tập 4 - từ những điều bình dị,.,68000,126688,NONE,0.0,35,,https://tiki.vn/sach-hat-giong-tam-hon-tap-4-tu-nhung-dieu-binh-di-p486536.html?spid=273511400,https://salt.tikicdn.com/cache/280x280/ts/product/80/ff/1f/ce6a6df15020ebf0b70fe756712ca4c6.jpg,"Hạt Giống Tâm Hồn - Tập 4 - Từ Những Điều Bình Dị
""Trong những lúc khó khăn nhất của cuộc sống, đừng cố gắng trở thành một người thành công hay hạnh phúc,  mà tốt hơn hãy trở thành một người có giá trị”.
Có khi nào chúng ta chợt cảm thấy không còn phương hướng để đi và cuộc sống dường như không còn ý nghĩa để sống, hay có lúc chúng ta mãi trăn trở về giá trị bản thân mình, bị tổn thương sâu sắc hay ngờ vực cả con đường ta đã chọn, sẽ đi mà tương lai mịt mù mây đen che phủ phía trước? Vâng! trong cuộc sống ai cũng sẽ có những lúc như vậy. Chúng ta mãi loay hoay vất vả, đau khổ, thất vọng hay có lúc chùn bước… để rồi đến khi vượt qua được, chúng ta mới nhận ra ân nhân của chúng ta không phải là những gì cao siêu mà chính là từ những điều rất bình dị – và chúng ta sẽ thầm cảm ơn những giá trị của những điều bình dị, chân tình và quí giá đó.
Hai tập ""Hạt Giống Tâm Hồn Từ Những Điều Bình Dị"" tiếp theo này gồm những câu chuyện có giá trị vĩnh hằng của cuộc sống, những câu chuyện chân tình, giản dị từ những con người bình dị đó sẽ giúp bạn cảm nhận, tìm lại được những giá trị của bản thân và ý nghĩa cuộc sống mà ta đã băng qua quá nhanh và vô tình lãng quên. Ý nghĩa sâu sắc từ những câu chuyện ngắn này sẽ như một bàn tay xoa dịu tâm hồn, tiếp thêm nguồn động viên và sức mạnh giúp chúng ta có thể vượt qua những trở ngại tinh thần, những khó khăn thử thách trong cuộc sống để khẳng định mình, theo đuổi ước mơ và vươn đến những điều tốt đẹp hơn.
Qua những sự kiện xúc động, bất ngờ với những ý tưởng hiện thực sâu sắc, các câu chuyện đều nhấn mạnh đến tinh thần vượt lên, tìm được cảm hứng cuộc sống và sức mạnh tinh thần. Bạn có thể nhận ra những vấn đề của chính mình, của những người xung để suy gẫm, chiêm nghiệm, khám phá và tìm ra lời giải cho cuộc sống của mình.",Sách tiếng Việt/Sách kỹ năng sống/Sách kỹ năng mềm,8
4070543,sách 10 nguyên tắc vàng để sống không hối tiếc,JOHN C.MAXWELL,143000,97533,NONE,0.0,16,,https://tiki.vn/sach-10-nguyen-tac-vang-de-song-khong-hoi-tiec-p4070543.html?spid=207252807,https://salt.tikicdn.com/cache/280x280/ts/product/d2/8b/45/dd92cda35a978eb412fd6be1306fa438.jpg,"10 Nguyên Tắc Vàng Để Sống Không Hối Tiếc
Sống không hối tiếc hay sống có ý nghĩa là một điều tưởng chừng như đơn giản nhưng có rất ít người làm được.
Có câu: Một chú bướm không bao giờ có thể trở lại hình hài của con ngài được nữa. Khi bạn bắt đầu sống có ý nghĩa hơn, bạn được nếm trải hương vị của sự khác biệt do chính mình tạo ra. Nhưng để tiến tới đích đến “ý nghĩa” đó, chúng ta cần sự nỗ lực hết mình và quan trọng hơn nữa là một hướng dẫn cụ thể.
Cuốn sách này của John C. Maxwell sẽ là một tấm bản đồ hành trình, dẫn bước độc giả trải qua một loạt các bước đơn giản, từ đó sống trọn vẹn hơn, hết mình hơn và hướng tới một cuộc sống có ý nghĩa hơn mỗi ngày.",Sách tiếng Việt/Sách kỹ năng sống/Sách tư duy - Kỹ năng sống,39
1699251,sách 15 nguyên tắc vàng về phát triển bản thân,JOHN C. MAXWELL,143000,145814,NONE,0.0,185,,https://tiki.vn/sach-15-nguyen-tac-vang-ve-phat-trien-ban-than-tai-ban-2018-tang-kem-bookmark-tiki-p22367384.html?spid=88962272,https://salt.tikicdn.com/cache/280x280/ts/product/bd/d5/f9/11166d20a629512956f819c80ca7906f.png,"Qua cuốn sách 15 Nguyên Tắc Vàng Về Phát Triển Bản Thân (Tái Bản 2018), John C. Maxwell dạy bạn đạt tới tiềm năng bằng các nguyên tắc như:
Nguyên tắc Gương soi: Bạn phải nhìn thấy giá trị của bản thân để tăng giá trị cho chính mình
Nguyên tắc Cẩn trọng: Bạn phải hiểu bản thân để tự phát triển
Nguyên tắc Tấm gương: Thật khó để tiến bộ nếu bạn không có ai để học hỏi
Nguyên tắc Dây chun: Bạn ngừng phát triển nếu mất sức căng giữa nơi bạn đang đứng và nơi bạn có thể tới
Nguyên tắc Đóng góp: Phát triển bản thân cho phép bạn phát triển những người khá
Đây là cuốn sách thứ 3 trong series Nguyên tắc của John C. Maxwell (sau 2 cuốn bán chạy là 21 nguyên tắc vàng của nghệ thuật lãnh đạo và 17 nguyên tắc vàng trong làm việc nhóm), sẽ giúp bạn trở thành một người học hỏi không mệt mỏi, với tiềm năng không ngừng tăng lên và không bao giờ bỏ cuộc.",Sách tiếng Việt/Sách kỹ năng sống/Sách tư duy - Kỹ năng sống,24
21927043,sách 6 chiếc mũ tư duy,EDWARD DE BONO,107100,126688,NONE,0.0,119,,https://tiki.vn/sach-6-chiec-mu-tu-duy-tang-kem-bookmark-tiki-p21927043.html?spid=275665743,https://salt.tikicdn.com/cache/280x280/ts/product/65/0e/45/9e6ace8c1b3176c70648834cbb14e471.jpg,"Lối suy nghĩ truyền thống của người phương Tây (và của con người nói chung) thuờng không khuyến khích họ có những suy nghĩ mang tính xây dựng. Và Phương pháp Sáu Chiếc Mũ Tư Duy (tư duy song song) ra đời là để thay đổi quan điểm lỗi thời đó.
Tư duy song song có nghĩa là vào cùng một thời điểm, tất cả mọi người đều nhìn nhận vấn đề từ cùng một hướng.
Phương pháp tư duy song song tập trung khai thác những ý tưởng và sáng kiến mà mỗi người có được trong từng phuơng hướng tư duy. Vì thế, mọi người phải cùng đội chiếc mũ màu đen vào một thời điểm được chỉ định, sau đó tất cả lại đội lên đầu chiếc mũ màu trắng vào một lúc khác. Chỉ như thế mới là tư duy song song, và chỉ có thế ta mới sử dụng được một cách hoàn toàn và đầy đủ kinh nghiệm cũng như sự thông minh của mỗi người.",Sách tiếng Việt/Sách kỹ năng sống/Sách tư duy - Kỹ năng sống,75
116396339,sách bản lĩnh lên,BEDROS KEUILIAN,102400,1,OFFICIAL_STORE,4.8,15,135.0,https://tiki.vn/sach-ban-linh-len-p116396339.html?spid=116396341,https://salt.tikicdn.com/cache/280x280/ts/product/35/2e/64/541f0cc9b0e34898b0e74fcb951f0461.jpg,"CẢNH BÁO TỪ TÁC GIẢ:
Những gì bạn sắp đọc và những bài học trong cuốn sách này có thể làm tổn thương cái tôi, xúc phạm lòng kiêu hãnh của bạn, và thậm chí khiến bạn nghi ngờ đạo đức nghề nghiệp của bản thân, bởi chúng thật sự sẽ tác động sâu sắc đến bạn.
Tôi không ở đây để vỗ về hay nói những điều bạn muốn nghe. Tôi sẽ nói những điều bạn cần nghe - để loại bỏ những thứ nhảm nhí ra khỏi con người bạn và bồi đắp tâm trí bạn bằng sự thật rằng bạn đã và đang trốn tránh việc trở thành một nhà lãnh đạo bẩm sinh.
Tôi ở đây để giúp bạn bắt đầu cuộc sống mà ở đó bạn có thể phát huy hết tiềm năng trong vai trò một doanh nhân và trong mọi lĩnh vực khác của cuộc sống.
Cho phép bản thân SỐNG THEO CÁCH RIÊNG của bạn.
Cho phép bản thân NGHĨ VÀ MƠ ƯỚC LỚN hơn.
Cho phép bản thân TỪ BỎ SỰ TẦM THƯỜNG trong mọi mặt
của cuộc sống.
Cho phép bản thân GIA TĂNG GIÁ TRỊ bản thân.
Cho phép bản thân YÊU CHÍNH MÌNH.
Cho phép bản thân BỎ NGOÀI TAI những lời bàn tán về bạn.
Cho phép bản thân bạn KHÔNG CHỈ THÀNH CÔNG mà XÂY DỰNG HẲN MỘT ĐẾ CHẾ.
Cho phép bản thân trở nên BẢN LĨNH!",Sách tiếng Việt/Sách kỹ năng sống/Sách tư duy - Kỹ năng sống,143
344235,sách bí mật của hạnh phúc,DAVID NIVEN,61000,97533,NONE,0.0,32,,https://tiki.vn/bi-mat-cua-hanh-phuc-sach-bo-tui-p344235.html?spid=274905665,https://salt.tikicdn.com/cache/280x280/media/catalog/product/b/i/bi_mat_cua_hanh_phuc_2.jpg,"Để được hạnh phúc không chỉ là trăn trở của mọi người chúng ta hiện nay mà còn từng là những suy tư, câu hỏi của nhiều thế hệ. Có phải là hạnh phúc luôn ở phía trước và khó nắm bắt - chúng ta chỉ có thể hướng đến mà thôi. Hay hạnh phúc thật gần gũi, ở ngay trong tâm chúng ta. Rằng chỉ có những người từng trải qua khổ đau mới có thể hiểu giá trị và cảm nhận trọn vẹn giá trị của niềm vui hạnh phúc. Và ai đó đã chiêm nghiệm sâu sắc rằng hạnh phúc không phải là cảm giác tới đích, mà chính trên từng chặng đường đi, hạnh phúc không chỉ là nụ cười, mà còn là giọt nước mắt chia sẻ trên bờ vai tin cậy.
Trong cuộc hành trình của cuộc sống, biết bao điều bất ngờ, biến cố buồn vui đón chờ ta. Và biết bao lần chúng ta phải đối diện với thất vọng, mất mát niềm tin, khổ đau và cả bất hạnh. Chúng ta nhận ra hạnh phúc không hề đơn giản. Và chúng ta đã từng trăn trở tìm cách để cảm nhận cuộc sống mình được hạnh phúc hơn.
“Bí Mật của Hạnh Phúc” thực sự là một cuốn sách mới mẻ và sâu sắc với những ý tưởng độc đáo có giá trị vĩnh hằng sẽ giúp bạn một cách nhìn, cách cảm nhận và tìm ra con đường đến Hạnh Phúc của chính mình. Cuốn sách sẽ cùng bạn chia sẻ những trải nghiệm chân thành, thực tế và hữu ích nhất cùng những câu chuyện sinh động để khám phá ra những khía cạnh của hạnh phúc. Những điều giản dị đó sẽ giúp chúng ta khám phá nội tâm, cách suy nghĩ, tư duy của chính mình, tìm ra được sự khác biệt giữa người hạnh phúc và không hạnh phúc để nghiệm ra hạnh phúc của mình.
Mời bạn đón đọc.",Sách tiếng Việt/Sách kỹ năng sống/Sách kỹ năng mềm,2
42240721,sách bộ sách tinh hoa đạo học đông phương,,1665000,295057,NONE,0.0,53,,https://tiki.vn/sach-bo-sach-tinh-hoa-dao-hoc-dong-phuong-4-cuon-nxb-tre-p275260582.html?spid=277039616,https://salt.tikicdn.com/cache/280x280/ts/product/87/c8/53/f4f02da7f206909acdb999b6b32d5f94.jpg,"Bộ sách trình bày những nguyên lý cơ bản của triết học phương Đông, nhưng kiến thức phải có khi đi vào nghiên cứu triết học phương Đông cũng như các ứng dụng triết Đông vào cuộc sống, ứng xử.
Bộ sách gồm 4 quyển sách bìa cứng, bụng sách mạ vàng:
Nhập môn Triết học, Tinh hoa đạo học, Văn minh Đông phương & Tây phương, Cái cười của Thánh nhân, Toàn chân triết luận, Thanh dạ văn chung
Lão Tử tinh hoa – Lão Tử Đạo Đức kinh
Trang Tử tinh hoa – Trang Tử Nam Hoa kinh
Phật học tinh hoa
Giá sản phẩm trên Tiki đã bao gồm thuế theo luật hiện hành. Bên cạnh đó, tuỳ vào loại sản phẩm, hình thức và địa chỉ giao hàng mà có thể phát sinh thêm chi phí khác như phí vận chuyển, phụ phí hàng cồng kềnh, thuế nhập khẩu (đối với đơn hàng giao từ nước ngoài có giá trị trên 1 triệu đồng)",Sách tiếng Việt/Sách kỹ năng sống/Sách tư duy - Kỹ năng sống,94
36085774,sách buổi sáng diệu kỳ,HAL ELROD,76900,1,OFFICIAL_STORE,5.0,49,567.0,https://tiki.vn/sach-buoi-sang-dieu-ky-p170708229.html?spid=170708230,https://salt.tikicdn.com/cache/280x280/ts/product/a5/45/92/1f430ced0033e926a30e34de3cc7c9fe.jpg,"Cách bạn thức dậy mỗi sáng và những thói quen buổi sáng của bạn (hoặc thiếu điều ấy) sẽ ảnh hưởng sâu sắc đến những cấp độ thành công của bạn trong từng phạm trù của cuộc sống.
Buổi sáng tập trung, hiệu quả và thành công sẽ tạo nên một ngày thành công, hiệu quả và tập trung cao độ – điều này tất nhiên sẽ tạo nên một cuộc sống thành đạt – và ngược lại.
Thay đổi cách thức tỉnh dậy vào mỗi buổi sáng, bạn sẽ có thể thay đổi mọi phạm trù trong cuộc sống, nhanh hơn bạn nghĩ rất nhiều.",Sách tiếng Việt/Sách kỹ năng sống/Sách tư duy - Kỹ năng sống,86
1954475,sách cách chinh phục toán và khoa học,BARBARA OAKLEY,130000,111899,OFFICIAL_STORE,0.0,215,2.0,https://tiki.vn/sach-cach-chinh-phuc-toan-va-khoa-hoc-p106362873.html?spid=270443991,https://salt.tikicdn.com/cache/280x280/ts/product/c8/02/dd/f6c9d9a4cf52c8bfb7f80e49a0130323.png,,Sách tiếng Việt/Sách kỹ năng sống/Sách tư duy - Kỹ năng sống,27
108130846,sách cái dũng của thánh nhân,"THU GIANG NGUYỄN DUY CẦN, THU GIANG NGUYỄN DUY CẦN",72000,189565,OFFICIAL_STORE,4.2,35,71.0,https://tiki.vn/sach-cai-dung-cua-thanh-nhan-tai-ban-2021-p108130846.html?spid=110700172,https://salt.tikicdn.com/cache/280x280/ts/product/14/0c/11/f4f38a29dbfe06f947ab072085da47f0.jpg,"Quan niệm cái “Dũng” của tác giả Thu Giang không phải là cái dũng cơ bắp, cái dũng sức mạnh hay cái dũng thấy chuyện bất bình giữa đường ra tay nghĩa hiệp. Cái dũng của thánh nhân đề cập ở đây là cái dũng về sự chiến thắng bản thân, chiến thắng sự nhỏ nhen ích kỷ để mong cầu một cái dũng thật sự mạnh mẽ xuất phát từ nội tâm, ái dũng siêu thoát khỏi những ràng buộc yếu hèn với thế giới vật chất. Cái dũng ở đây bàn đến cách ứng xử của con người trong xã hội và các phương pháp tu dưỡng để đạt đến một tinh thần điềm đạm, an nhiên trước mọi hoàn cảnh khó khăn sóng gió của cuộc đời.
Nội dung của nó không chỉ kể về những câu chuyện kể về sự dũng cảm của người xưa mà còn bàn phương pháp cụ thể để rèn luyện đến một tinh thần điềm đạm. Do đó, cuốn cẩm nang này cần được đem ứng dụng vào chính bản thân mỗi người và đời sống hàng ngày.",Sách tiếng Việt/Sách kỹ năng sống/Sách tư duy - Kỹ năng sống,141
10118594,sách cẩm nang scrum,,179100,295057,NONE,0.0,77,,https://tiki.vn/sach-cam-nang-scrum-alphabooks-ban-quyen-p208368658.html?spid=274853272,https://salt.tikicdn.com/cache/280x280/ts/product/ba/d2/d6/a1cbbe09a6038ff5b9ebe68a9e8b5621.jpg,"Scrum là một khung làm việc trong đó con người có thể xác định các vấn đề thích nghi phức hợp, trong khi vẫn giữ được năng suất và sáng tạo để chuyển giao các sản phẩm có giá trị cao nhất. Scrum có các tính chất: nhẹ nhàng dễ hiểu nhưng rất khó để tinh thông.
Cuốn sách này được viết ra dành cho những ai muốn tìm đến phương pháp tăng năng suất và sáng tạo hiệu quả khác biệt đặc biệt là dành cho những nhà phát triển và quản lý bước đầu sử dụng Scrum. vì thế nó được thiết kế tối ưu cho việc học và tra cứu. Một cuốn cẩm nang về Scrum đầy đủ nhất, khoa học nhất, dễ hiểu nhất trên thị trường hiện nay mà bạn có thể tìm thấy để áp dụng Scrum một cách hiệu quả.
Chương đầu tiên rất lý thuyết nhưng là nền tảng. Có thể là chương khó đọc nhất, nhưng lại quan trọng nhất vì nó giải thích cặn kẽ triết lý đứng đằng sau Scrum. Bạn không thể thực hành tốt Scrum mà không nắm rõ những nguyên lý Agile có tính dẫn đường nếu bạn nóng ruột muốn tìm hiểu Scrum thì có thể chỉ cần lướt qua chương 1, nhưng hãy quay trở lại sau khi đã đọc xong cả cuốn sách. Chương 2, 3, 4, 5 mô tả chi tiết khung Scrum và cách vận hành trong thực tiễn. Vì cuốn sách này hướng đến việc thực hành “đúng” Scrum. Chương 6 thảo luận về các tình huống sử dụng Scrum và những điều ghi nhớ khi lần đầu tiên đưa Scrum vào tổ chức. Các chương 7, 8, 9 có thể coi là phần mở rộng của cuốn sách nhằm cung cấp một bức tranh lớn hơn khi vận dụng Scrum., hiệu quả và thành công bền vững. Riêng chương 9 có đề cập nhiều kỹ thuật đặc thù agile mà nhiều lập trình viên thấy lạ lẫm và rất thích thú.
Trong sách, thỉnh thoảng có những ô “dừng và nghĩ” với một số câu hỏi hướng dẫn, như những nốt lặng trong các bản nhạc. Ngoài ra, các Danh mục Kiểm tra được đặt vào một số phần quan trọng cũng có thể giúp bạn trong việc tự đánh giá được mức độ đúng đắn và thành thục trong việc vận dụng Scrum trong nhóm của mình.",Sách tiếng Việt/Sách kỹ năng sống/Sách tư duy - Kỹ năng sống,49
76826976,sách cho đi là còn mãi,,68600,111899,OFFICIAL_STORE,0.0,49,,https://tiki.vn/sach-cho-di-la-con-mai-first-news-p92551647.html?spid=277528603,https://salt.tikicdn.com/cache/280x280/ts/product/ae/cd/9a/0fbe0c76aa2e944227e4853e933f1881.jpg,Cho Đi Là Còn Mãi (Tái Bản),Sách tiếng Việt/Sách kỹ năng sống/Sách kỹ năng mềm,130
57767468,sách cứ làm đi!,AUSTIN KLEON,70500,1,OFFICIAL_STORE,4.6,190,857.0,https://tiki.vn/sach-cu-lam-di-p57767468.html?spid=58502437,https://salt.tikicdn.com/cache/280x280/media/catalog/producttmp/8c/51/84/d64fda5a0dec7a24b15ee8361092c21d.jpg,"Cứ Làm Đi!
Thế giới thật điện cuồng. Sáng tạo nghệ thuật thì thật khó. Vậy làm sao để bạn không ngừng phát triển?Trong những cuốn sách trước – Steal Like An Artist (tạm dịch: Trộm cắp như một nghệ sĩ) và Nghệ thuật PR bản thân – Austin đã dạy độc giả cách vay mượn để trở nên sáng tạo và rồi chia sẻ thế nào để được tìm thấy. Trong Cứ làm đi!, Austin tiếp tục đưa ra 10 cách để duy trì sự sáng tạo, tập trung và chất riêng của bản thân mình:
Austin Kleon (sinh 1983):Nhà văn – nghệ sĩ người Mỹ, tác giả của loạt sách truyền cảm hứng như Steal Like an Artist, Show Your Work! và Keep Going. Ông thường xuyên diễn thuyết tại TEDx, Google, Pixar và được The Atlantic đánh giá là “một trong những người thú vị nhất trên Internet”.
Nội dung sách
Cuốn sách trình bày 10 chương ngắn, mỗi chương là một chìa khoá giúp bạn luôn có mặt và làm việc mỗi ngày, không để ngại ngần hay sự trì trệ chi phối:
Mỗi ngày như Groundhog Day – quay lại từ đầu và sống hết hôm nay.
Bạn được phép thay đổi ý kiến – sáng tạo cũng là hành trình phát triển.
“Quỷ dữ ghét khí trời trong lành” – dành thời gian ra ngoài để làm mới tâm trí.
Xây dựng “Bliss Station” – nơi/lúc bạn thăng hoa sáng tạo.
Dọn dẹp không chỉ làm sạch không gian mà còn kích hoạt sáng tạo .
“Quên danh từ, làm đi động từ” – biến đam mê thành hành động cụ thể .
Không lo bị robot hoá, hãy sáng tạo từng ngày – “bản chất nghệ thuật không phải là màu sắc, mà là những khoảnh khắc đen trắng lặp đi lặp lại” .
Hãy tử tế, “thế giới là một thị trấn nhỏ” – kết nối qua giá trị và lòng tốt.
Hãy “tẻ nhạt” – thiết lập thói quen ổn định để duy trì bền vững.
Sáng tạo là “phép trừ” – tập trung loại bỏ để làm đúng điều trọng tâm .
Sách mang đến điều gì cho người đọc?
Khung thực hành dễ làm theo — bước vào ngày mới, dọn dẹp, ra ngoài, làm việc.
Gợi mở tư duy sáng tạo trong hiện tại, không chờ “đúng thời điểm”.
Khích lệ hành động, không chỉ là ý tưởng — thay vì chỉ đọc, bạn “cứ làm đi”.
Gợi mở sức mạnh từ thói quen nhỏ hàng ngày — làm thường xuyên tạo nên khác biệt lớn.
Gắn kết nhân văn và cộng đồng, giảm căng thẳng khi phải “phải nổi bật”.
“Cứ Làm Đi!” là cuốn sách không thể thiếu nếu bạn:
Muốn duy trì sáng tạo mỗi ngày, dù áp lực hay chán nản.
Là người làm sáng tạo, học sinh, giáo viên, freelancer – cần động lực hàng ngày.
Cần một cuốn cẩm nang ngắn gọn, dễ đọc nhưng sâu sắc, để mở lại đam mê mỗi khi cảm thấy mất lửa.
Tìm cuốn sách khích lệ hành động thay vì chỉ lý thuyết suông.
Nhận xét về Keep Going:
“Bất kỳ ai đang sống một cuộc đời sáng tạo đều cần có cuốn sách tiếp thêm động lực này trên kệ sách của mình.” — BookPage
Nhận xét về Austin Kleon:
“Thiên tài.” — New York Magazine
“Chắc chắn là một trong những người thú vị nhất trên Internet.” — The Atlantic.
“Viết phần tiếp theo của một sê-ri thành công cực kỳ khó, đặc biệt với một cuốn sách vô cùng nổi tiếng như Steal Like An Artist (tạm dịch: Trộm cắp như một nghệ sĩ). Nhưng Austin không chỉ hoàn thành tốt nhiệm vụ ấy, mà thậm chí còn nghiền nát nó. Cuốn sách này rất tuyệt và vô cùng phù hợp vào lúc này, dù bạn là nghệ sĩ hay doanh nhân, là nhà làm phim hay bậc làm cha mẹ. Cứ làm đi! hàm ẩn rất nhiều chiến lược giúp bạn vượt qua vực sâu tuyệt vọng, hỗn loạn và mù mờ khi cuộc sống đang dần vụn vỡ quanh mình. Austin không hứa hẹn về những phương pháp diệu kỳ nhưng anh ấy biết nếu tất cả chúng ta ngồi lại và bắt tay làm việc – tạo nên những điều tốt đẹp, những điều tuyệt vời rồi sẽ tới. Tôi nghĩ anh ấy đã đúng và tôi thực sự yêu thích cuốn sách này.” — Ryan Holiday, tác giả Vượt qua bản ngã, Cách tạo ra sản phẩm trường tồn.",Sách tiếng Việt/Sách kỹ năng sống/Sách tư duy - Kỹ năng sống,114
199895788,sách dám bị ghét,"KISHIMI ICHIRO, KOGA FUMITAKE",96000,7734,TRUSTED_STORE,0.0,49,10.0,https://tiki.vn/sach-dam-bi-ghet-free-book-care-p199895788.html?spid=199895789,https://salt.tikicdn.com/cache/280x280/ts/product/c1/1a/a5/13a2a345ec2636f08388003db06079fc.jpg,"Sách - Dám Bị Ghét - Free Book Care
Sách được book care miễn phí
Bao bì thay đổi theo từng đợt nhập hàng
Sổ tay ngẫu nhiên ( 1 trong 4 hình )
Các mối quan hệ xã hội thật mệt mỏi.
Cuộc sống sao mà nhạt nhẽo và vô nghĩa.
Bản thân mình xấu xí và kém cỏi.
Quá khứ đầy buồn đau còn tương lai thì mờ mịt.
Yêu cầu của người khác thật khắc nghiệt và phi lý.
TẠI SAO BẠN CỨ PHẢI SỐNG THEO KHUÔN MẪU NGƯỜI KHÁC ĐẶT RA?
Dưới hình thức một cuộc đối thoại giữa Chàng thanh niên và Triết gia, cuốn sách trình bày một cách sinh động và hấp dẫn những nét chính trong tư tưởng của nhà tâm lý học Alfred Adler, người được mệnh danh là một trong “ba người khổng lồ của tâm lý học hiện đại”, sánh ngang với Freud và Jung. Khác với Freud cho rằng quá khứ và hoàn cảnh là động lực làm nên con người ta của hiện tại, Adler chủ trương “cuộc đời ta là do ta lựa chọn”, và tâm lý học Adler được gọi là “tâm lý học của lòng can đảm”.
Bạn bất hạnh không phải do quá khứ và hoàn cảnh, càng không phải do thiếu năng lực. Bạn chỉ thiếu “can đảm” mà thôi. Nói một cách khác, bạn không đủ “can đảm để dám hạnh phúc”. [] Bởi can đảm để dám hạnh phúc bao gồm cả “can đảm để dám bị ghét” nữa. [] Chỉ khi dám bị người khác ghét bỏ, chúng ta mới có được tự do, có được hạnh phúc.",Sách tiếng Việt/Sách kỹ năng sống/Sách tư duy - Kỹ năng sống,166
22172572,sách điểm bùng phát,MALCOLM GLADWELL,161000,97533,NONE,0.0,65,6.0,https://tiki.vn/sach-diem-bung-phat-tang-kem-bookmark-tiki-p22172572.html?spid=117005333,https://salt.tikicdn.com/cache/280x280/ts/product/b0/b6/45/40f23d3ac4578a4324b6f6dbd0b04698.jpg,"Điểm Bùng Phát là một khoảnh khắc kỳ ảo, khi một ý tưởng, một xu thế, hay một hành vi xã hội vượt qua ngưỡng nhất định – bùng phát và lan ra như ngọn lửa hoang dã. Giống như chỉ một người bị ốm cũng có thể làm khởi phát cả dịch cúm, một mục tiêu nhỏ bé nhưng chính xác hoàn toàn có thể trở thành nguyên nhân thúc đẩy một xu hướng thời trang, nhân rộng việc tiêu thụ của sản phẩm, hay làm hạ tỷ lệ phạm tội,
Trong cuốn sách kinh doanh được độc giả chào đón nồng nhiệt này, Malcolm Gladwell đã khám phá và khai mở cho chúng ta những hiểu biết sâu sắc về hiện tượng “điểm bùng phát”, nó sẽ làm thay đổi hoàn toàn nhận thức của tất cả mọi người trên khắp thế giới về việc tiêu thụ các sản phẩm và phổ biến các ý tưởng.
“Một khám phá tinh tế về cách thức lan tràn của những “đại dịch” xã hội, cho dù đó là những xu hướng thời trang, bệnh tật hay những kiểu hành vi xã hội như tội phạm, … Một trong những khía cạnh nổi bật nhất trong cuốn sách của Gladwell là cuốn sách đã tái khẳng định rằng: cho dù công nghệ hiện đại có tham gia vào cuộc sống của con người nhiều đến thế nào, thì con người vẫn luôn chịu ảnh hưởng sâu sắc của những hiện tượng xã hội và chính con người cũng gây ảnh hưởng lẫn nhau.”
Cuốn sách nằm trong Top 10 cuốn sách hay - New York Times bình chọn",Sách tiếng Việt/Sách kỹ năng sống/Sách tư duy - Kỹ năng sống,76
7986380,sách đừng để mục tiêu như diều không gió,S.J.SCOTT,89000,295057,NONE,0.0,20,,https://tiki.vn/sach-dung-de-muc-tieu-nhu-dieu-khong-gio-p177340644.html?spid=192583941,https://salt.tikicdn.com/cache/280x280/ts/product/07/9e/c0/d9e33fe8de4f67907577e4821bb41ece.jpg,"Chúng ta thường được khuyên rằng sống phải có mục tiêu. Nhưng đặt ra mục tiêu là một chuyện, lên kế hoạch hành động và đạt được mục tiêu lại là một chuyện khác.
Có không ít những mục tiêu mãi vẫn nằm nguyên trên giấy vì nhiều lý do:
Quá chung chung
Quá xa rời thực tế
Không có con số cụ thể cần đạt
Không phù hợp với bạn
Không có thời hạn hoàn thành
Nguyên tắc S.M.A.R.T: Specific – Rõ ràng, Measurable – Đo lường được, Attainable – Khả thi, Relevant – Phù hợp, Time-bound – Có thời hạn chính là công cụ để bạn thiết lập chính xác mục tiêu. S. J. Scott sẽ cụ thể nguyên tắc thành 10 bước để bạn biến mục tiêu đúng thành kế hoạch hành động khoa học và thực thi chúng mỗi ngày.
10 bước mà S. J. Scott đưa ra để tạo lập mục tiêu S.M.A.R.T là:
Bước 1: Mua một cuốn sổ mục tiêu
Bước 2: Tạo một danh sách các việc cần làm trong đời
Bước 3: Viết ra những mục tiêu của năm
Bước 4a: Tập trung vào việc lập các mục tiêu theo quý
Bước 4b: Tạo những mục tiêu hằng quý bằng cách thực hiện 5 hành động
Bước 5a: Chuyển những mục tiêu hằng quý thành những kế hoạch hành động
Bước 5b: Nghĩ nhanh các ý tưởng dự bằng cách sử dụng bản đồ tư duy
Bước 6a: Làm việc (hay “Các thói quen giúp bạn đạt được các mục tiêu như thế nào?”)
Bước 6b: Sử dung một bản nhận xét hằng tuần để tạo một lịch trình
Bước 6c: Đánh giá mức hoàn thành các mục tiêu của bạn
Bước 7: Vượt qua năm trở ngại để thiết lập mục tiêu S.M.A.R.T
Bước 8: Đánh giá các mục tiêu của bạn
Bước 9: Sử dụng tinh thần trách nhiệm để giữ động lực
Bước 10: Làm một bản định lượng mục tiêu hằng quý.
Mỗi bước đều có những ví dụ cụ thể thuộc bảy lĩnh vực mà chúng ta thường phải thiết lập mục tiêu như: Sức khoẻ, Các mối quan hệ, Nghề nghiệp, Tài chính, Thư giãn, nghỉ ngơi, Đời sống tâm linh và Cộng đồng.",Sách tiếng Việt/Sách kỹ năng sống/Sách tư duy - Kỹ năng sống,42
21054302,sách giới hạn cho con bạn,HENRY CLOUD - JOHN TOWNSEND,95200,295057,NONE,0.0,22,,https://tiki.vn/sach-gioi-han-cho-con-ban-tang-kem-bookmark-tiki-p22400993.html?spid=276605030,https://salt.tikicdn.com/cache/280x280/ts/product/4e/73/49/fa525caa26044c17b7a9458c1a65c4ad.jpg,"Ranh giới là “đường giới hạn” định nghĩa một người; nó định rõ điểm kết thúc của người này và điểm khởi đầu của người kia. Nếu biết rõ vị trí các ranh giới của một người, chúng ta có thể mong đợi họ biết cách kiểm soát bản thân. Chúng ta có thể đòi hỏi ở họ trách nhiệm đối với cảm xúc, hành vi và thái độ. Ví dụ, tất cả chúng ta đều từng thấy các cặp vợ chồng tranh cãi với nhau về việc “ai là người có lỗi”, mỗi người đều né tránh việc phải chịu trách nhiệm với người kia. Trong một mối quan hệ với ai đó, chúng ta có thể xác định những gì chúng ta mong đợi ở người kia, sau đó chúng ta có thể yêu cầu đối phương chịu trách nhiệm về phần mình. Khi mỗi người nắm quyền sở hữu một phần mối quan hệ, mối quan hệ sẽ bền vững, và tất cả chúng ta đều đạt được mục đích của mình
Một đứa trẻ cũng vậy. Nó cần phải biết mình có thể bắt đầu từ đâu, cần hoặc không cần phải chịu trách nhiệm về điều gì. Nếu biết mình phải tự chịu trách nhiệm về bản thân và cuộc sống của chính mình, nó sẽ tìm cách đáp ứng những yêu cầu đó và sống hoà hợp với mọi người trong cuộc sống.",Sách tiếng Việt/Sách kỹ năng sống/Sách tư duy - Kỹ năng sống,71
342428,sách hạnh phúc tại tâm,OSHO,91700,60209,NONE,0.0,204,,https://tiki.vn/sach-hanh-phuc-tai-tam-p342428.html?spid=192889241,https://salt.tikicdn.com/cache/280x280/media/catalog/product/h/a/hanh_phuc_1.jpg,"Hạnh Phúc Tại Tâm - quyển sách sẽ giúp bạn hiểu rằng hạnh phúc không ở đâu xa mà ở ngay bên trong con người bạn. Với những lý giải tinh tế của Osho sẽ giúp bạn đọc có những trải nghiệm thật thú vị khi đọc quyển sách này, hệt như bạn đang được nói chuyện với chính mình - một cách thông minh nhất.
Mời các bạn đón đọc!",Sách tiếng Việt/Sách kỹ năng sống/Sách kỹ năng mềm,1
170298038,sách harvard bốn rưỡi sáng,XIU-YING WEI,125000,295057,NONE,0.0,164,1.0,https://tiki.vn/sach-harvard-bon-ruoi-sang-tang-kem-bo-bookmark-love-book-p230010726.html?spid=274259987,https://salt.tikicdn.com/cache/280x280/ts/product/78/40/8b/56d3ee12f35f92be3c0127eace3993f1.png,"Harvard bốn rưỡi sáng sử dụng hình ảnh Harvard như một biểu tượng xuyên suốt, kể lại các câu chuyện có tính cách điệu về Harvard như một phương thức nhằm thu hút bạn đọc đến với cuốn sách, để từ đó chuyển tải những chỉ dẫn, khuyến khích, gợi ý cùng thông điệp vừa thực dụng vừa bay bổngtới các bạn trẻ đang ngồi trên ghế nhà trường và chuẩn bị bước vào đời. Có nhiềuthông điệp giá trị và hữu ích mà bạn sẽ học thu hoạch được từ cuốn sách như:
Nếu không chăm chỉ, thiên tài cũng trắng tay
Nhiệt tình là sức mạnh thay đổi vận mệnh
Biết tự kiểm soát bản thân để vững bước thành công
Tri thức là vốn quý mà không kẻ trộm nào lấy được
Đừng bao giờ lãng phí thời gian vào những việc vô bổ…
“Ai cũng là người cầm lái vận mệnh của chính mình. Và tự tin chính là la bàn chỉ hướng cho con thuyền của đời người. Người ta thành công hay không, hạnh phúc hay không, điều cốt yếu nhất là có tạo lập được niềm tin vững chắc hay không?”
---Harvard bốn rưỡi sáng",Sách tiếng Việt/Sách kỹ năng sống/Sách tư duy - Kỹ năng sống,152
54653530,sách hạt giống tâm hồn 5,,66800,111899,OFFICIAL_STORE,0.0,37,,https://tiki.vn/sach-hat-giong-tam-hon-5-p274729328.html?spid=277360685,https://salt.tikicdn.com/cache/280x280/ts/product/2e/3f/19/e6337067d499593551a36448f222740e.jpg,"Khi đến với cuộc sống này, bất kỳ ai trong chúng ta cũng mong muốn lớn lên có được một tương lai tươi đẹp. Chúng ta ấp ủ trong lòng nhiều hoài bão, ước mơ chinh phục, khám phá bao điều mới lạ trên thế giới. Chúng ta tin tưởng bản thân có thể vươn lên tự khẳng định mình. Thế nhưng thực tế là hành trình cuộc sống không phải lúc nào cũng diễn ra trên con đường bằng phẳng và sáng sủa.
Sẽ có những lúc bạn không thể tránh khỏi những thử thách, cạm bẫy khiến bạn phạm sai lầm, đối diện với nỗi đau và cả sự mất mát. Sau khi đạt được tấm bằng cử nhân và bước vào thế giới công sở, bạn phát hiện công việc mình đang làm không giống như những gì mình tưởng tượng khi theo học ngành nghề này và trở nên hoang mang, mất phương hướng. Bạn chán nản, mất lòng tin vào tình yêu vì mối quan hệ nồng nhiệt thuở ban đầu nay đã phai nhạt. Bạn tuyệt vọng vì bị căn bệnh ác tính cướp đi sức khoẻ và thậm chí ngăn cản bạn thực hiện ước mơ của mình.
Khi gặp nghịch cảnh hay những điều không như ý, bạn có thể tự hỏi: Ý nghĩa của cuộc sống này thật sự là gì?
“Ý nghĩa cuộc sống” là một khái niệm trừu tượng mà chưa từng có ai giải thích được đầy đủ và chính xác. Thế nhưng thú vị thay, câu trả lời vốn lại có sẵn trong mỗi chúng ta. Mỗi người chúng ta có cách cảm nhận và suy nghĩ rất riêng về cuộc sống. Nhiều người tin ý nghĩa cuộc sống được quyết định bởi mức độ thành công trong sự nghiệp. Một số người lại cho rằng cuộc sống có ý nghĩa khi mỗi ngày của họ luôn xảy ra những điều vui vẻ, thú vị chứ không trôi qua một cách vô vị và tẻ nhạt. Số khác thì tìm kiếm ý nghĩa cuộc sống trong việc lao động và giúp đỡ những người xung quanh. Cũng có những người yêu sự bình yên, không muốn cuộc sống của mình chỉ đơn thuần là chuỗi ngày chạy theo tiền tài danh vọng.
Nếu sống đủ chậm và sâu, bạn sẽ nghiệm ra rằng ý nghĩa cuộc sống không nằm ở những triết lý cao xa mà hiện diện ngay trong những điều hết sức bình dị và đời thường xung quanh chúng ta.
Quyển sách “Và Ý Nghĩa Cuộc Sống” tập hợp những câu chuyện nhỏ có giá trị vĩnh hằng. Mỗi câu chuyện truyền tải thông điệp gần gũi có thể gợi bạn nhớ lại những giá trị quan trọng đối với bản thân mà bạn đã vô tình lãng quên, từ đó có thể rút kết được ý nghĩa cuộc sống riêng cho mình. Thông qua những con người rất đỗi bình thường và những tình tiết gây xúc động, các câu chuyện trong quyển sách tựa như những lời nhắc nhở chân thành rằng bạn luôn có đủ sức mạnh vượt qua tất cả thử thách trong đời. Dù cho cuộc sống diễn ra như thế nào đi nữa, hãy luôn kiên cường, nuôi dưỡng tinh thần vượt lên nghịch cảnh và giữ vững niềm tin vào cuộc sống.
Khi đọc “Và Ý Nghĩa Cuộc Sống”, bạn có thể bắt gặp hình ảnh của chính mình cũng như của những người xung quanh qua từng câu chuyện, để từ đó bạn có dịp quan sát chính bạn từ một góc độ khác - góc độ của một người ngoài cuộc - và hiểu hơn về bản thân. Khi nhận ra nhân vật nào đó trong truyện cũng gặp phải những vấn đề giống mình hay giống người mà mình quen biết, bằng cách suy ngẫm, chiêm nghiệm xem nhân vật xử lý vấn đề như thế nào, bạn có thể tìm ra cách giải quyết phù hợp cho vấn đề của bạn, đồng thời thấu hiểu hơn những khó khăn mà người khác gặp phải để từ đó biết cảm thông và bao dung hơn.
Những câu chuyện ngắn trong quyển sách này tựa như những bàn tay: Có bàn tay sẽ vỗ nhẹ lưng bạn để động viên tinh thần bạn. Có bàn tay sẽ dịu dàng xoa tay bạn như thể muốn xoa dịu nỗi đau tâm hồn bạn. Có bàn tay sẽ chỉ lối cho bạn vượt qua những trở ngại, khó khăn thử thách trong cuộc sống. Những bàn tay sẽ khích lệ bạn tự tin khẳng định bản thân, theo đuổi ước mơ và vươn đến những điều tốt đẹp hơn.
Cuộc sống là một hành trình gồm nhiều sự kiện xảy ra, nhiều ngã rẽ bất ngờ và nhiều điều khác mà chúng ta không thể đoán trước. Để tìm được ý nghĩa trong hành trình của mình, bạn cần phải kiên trì, quan tâm chú ý đến ngay cả những điều nhỏ bé trên đường đi.
Quyển sách “Và Ý Nghĩa Cuộc Sống” đóng vai trò là người bạn đồng hành cùng bạn trên hành trình tìm kiếm ý nghĩa cuộc sống. Người bạn này sẽ không ngừng truyền động lực khuyến khích bạn dang tay giúp đỡ người khác, đưa tay ra đón nhận sự trợ giúp và mở rộng vòng tay đối với những ai cần được chia sẻ cảm xúc. Hy vọng rằng sau khi đọc quyển sách này, bạn sẽ rèn luyện được tinh thần lạc quan, niềm tin yêu cuộc sống và có được sự thanh thản trong tâm hồn.",Sách tiếng Việt/Sách kỹ năng sống/Sách kỹ năng mềm,111
48266442,sách hạt giống tâm hồn 9,,68000,97533,NONE,0.0,18,,https://tiki.vn/sach-hat-giong-tam-hon-9-p274729368.html?spid=275050001,https://salt.tikicdn.com/cache/280x280/ts/product/00/29/4e/df9c9a9435ee24e99d11e3c0bd02bcbc.jpg,"""Quả thực, tôi cảm thấy mình may mắn khi có cơ hội gặp gỡ những con người như thế trên mọi nẻo đời. Chính họ đã mang đến cho tôi niềm tin rằng ở bất cứ nơi đâu trên trái đất này vẫn luôn hiện diện những con người giàu lòng nhân hậu, không ngừng dấn thân, cống hiến cho đời. Họ chính là nguồn cảm hứng bất tận của tôi. Và tôi đang muốn truyền nguồn cảm hứng đó đến bạn qua tập sách này.Mà rất có thể, bạn cũng là một người trong số họ.""",Sách tiếng Việt/Sách kỹ năng sống/Sách kỹ năng mềm,100
403086,sách hãy sống cuộc đời như bạn muốn,PAM GROUT,89000,126688,NONE,0.0,131,,https://tiki.vn/sach-hay-song-cuoc-doi-nhu-ban-muon-tai-ban-2018-tang-kem-bookmark-tiki-p22401005.html?spid=194806095,https://salt.tikicdn.com/cache/280x280/ts/product/c7/32/b7/5f4df1814987d5d96beba20059a3d28a.jpg,"Hãy Sống Cuộc Đời Như Bạn Muốn (Tái Bản 2018)
Hãy sống cuộc đời như bạn muốn, cuốn sách kỹ năng của tác giả Pam Grout sẽ hướng dẫn bạn cách thay đổi thái độ, nắm bắt ý tưởng, và phát triển năng lực tiềm ẩn của bản thân để đạt đến tiềm năng thành công. Bằng cách nghĩ lớn, mơ lớn và đặt ra các câu hỏi lớn, mỗi người chúng ta chắc chắn sẽ tạo sự khác biệt trong cuộc sống của bản thân và những người xung quanh.
Chúng ta luôn luôn đặt ra cho bản thân câu hỏi rằng, làm thế nào để sống một cuộc sống như chúng ta mơ ước? Mà quên mất một thực tế rằng dù đau đáu về một cuộc sống như thế nhưng chúng ta vẫn đang quẩn quanh với những lịch trình hàng ngày, những việc làm nhàm chán đến mức gần như làm tê liệt ý chí vùng vẫy thoát ra khỏi nó. Chúng ta muốn sống khác nhưng vẫn dành quá nhiều thời gian xem tivi mỗi ngày, sa đà vào những bữa tiệc vui chơi quên ngày tháng, vẫn chấp nhận gắn bó với công việc mà mình không yêu thích, … Vâng, để có một cuộc sống như mơ ước, việc bạn chỉ khao khát, thèm muốn và làm một vài hành động đơn lẻ thôi không đủ, bởi để sống khác cần đến sự tổng hoà của rất nhiều yếu tố.
Hãy sống cuộc đời như bạn mong muốn sẽ cung cấp cho bạn rất nhiều thông tin đầy đủ và hoàn chỉnh từ những nguyên tắc để sống vĩ đại, những ví dụ điển hình về những con người sống vĩ đại rất gần gũi với chúng ta, từ những cô bé cậu bé tật nguyền hay Mozart và Picasso.
Mỗi chương trong cuốn sách tâm lý giáo dục này đều dành những câu hỏi và bài tập thực tế để độc giả có thể thực hành áp dụng nó vào chính cuộc sống của mỗi người! Hãy sống cuộc đời như bạn muốn là cuốn sách hay đáng đọc nếu bạn muốn có những thay đổi tích cực, tìm ra đam mê và theo đuổi đam mê của chính mình.
Sản phẩm được tặng kèm bookmark như hình đính kèm",Sách tiếng Việt/Sách kỹ năng sống/Sách tư duy - Kỹ năng sống,5
46107066,sách học cách học,"BARBARA OAKLEY, ALISTAIR MCCONVILLE, TERRENCE SEJNOWSKI",122000,7247,OFFICIAL_STORE,5.0,356,985.0,https://tiki.vn/sach-hoc-cach-hoc-p46107066.html?spid=60732014,https://salt.tikicdn.com/cache/280x280/ts/product/9a/82/e5/320cdbd59aebe8c3f3620120efeb3a9b.png,"Cách cho tâm trí lang thang để kích hoạt chế độ tập trung học tập;
Cách ra khỏi “tư duy lối mòn” để tư duy bứt phá;
Cách để biến một trí nhớ kém trở thành lợi thế tư duy;
Cách đơn giản nhưng đầy hiệu quả để đập tan sự trì hoãn, hãy dùng một quả cà chua (Pomodoro).
Đồng hành cùng khoá học nổi tiếng Học Cách Học, cuốn sách sẽ giúp bạn mở khoá não bộ, để việc học trở nên dễ dàng và thú vị.
“Chân thực và đầy thú vị về cách xây dựng kỹ năng quan trọng bậc nhất: học tập.” - Adam Grant, tác giả sách bán chạy của New York Times
“Những người trẻ được đặt nhiều hy vọng trong việc học nhưng hiếm khi được dạy về cách học. Cuốn sách này sẽ dạy họ những phương pháp tuyệt vời.” - Henry L. Roediger III, đồng tác giả của Bí quyết học đâu nhớ đó",Sách tiếng Việt/Sách kỹ năng sống/Sách tư duy - Kỹ năng sống,97
103569998,sách im lặng là siêu sức mạnh,,130300,9988,NONE,0.0,30,,https://tiki.vn/sach-im-lang-la-sieu-suc-manh-p109862031.html?spid=110739047,https://salt.tikicdn.com/cache/280x280/ts/product/04/b6/38/49b33249f13cd4c306e341fdfaa06453.jpg,"Không nhiều lời, nhưng mọi người đều lắng nghe bạn
Jill Chang (Trương Tịnh Nhân)
Thích đọc sách, nhạc rock, đồ ngọt.",Sách tiếng Việt/Sách kỹ năng sống/Sách tư duy - Kỹ năng sống,139
49549978,sách kẻ thù của ý chí,BENJAMIN HARDY,99000,7247,OFFICIAL_STORE,5.0,108,24.0,https://tiki.vn/sach-ke-thu-cua-y-chi-p49549978.html?spid=58510163,https://salt.tikicdn.com/cache/280x280/ts/product/75/a0/20/2464a955f39ee6a8d2fdfeec09bcc694.jpg,"Kẻ Thù Của Ý Chí
Hãy thành thật đi nào:
Bạn đã từng cố gắng cải thiện cuộc sống của mình hàng triệu lần - cũng hàng triệu lần đó bạn quay trở về vạch xuất phát một cách bực bội.
Bạn thử vạch ra mục tiêu cho năm mới, nhưng mới chỉ tới tháng 2, mọi thứ đã quay lại như cũ.
Bạn đặt ra những mục tiêu lớn thay đổi cuộc đời, nhưng có vẻ như không thể đạt được dù cố gắng thế nào đi nữa.
Sau khi nếm đủ thất bại, thật dễ dàng để kết luận rằng bạn chính là vấn đề. Bạn chắc hẳn không có đủ những yếu tố cần thiết - sự can đảm, sức mạnh nội lực, sức mạnh ý chí. Có lẽ bạn chỉ nên yên phận sống với những gì vốn có
Nhưng nếu như sự đánh giá đó hoàn toàn sai?
Nếu như vấn đề không hề bắt nguồn từ bạn?
Cuốn sách này sẽ chỉ dẫn bạn làm thế nào để định hình được môi trường một cách có chủ đích, những nguyên lý cơ bản và những chiến lược để tạo nên môi trường giúp bạn thành công.",Sách tiếng Việt/Sách kỹ năng sống/Sách tư duy - Kỹ năng sống,105
179546672,sách làm sao học hết được nhân sinh,POMNYUN,119238,1,OFFICIAL_STORE,5.0,188,2061.0,https://tiki.vn/sach-lam-sao-hoc-het-duoc-nhan-sinh-p179546672.html?spid=179546673,https://salt.tikicdn.com/cache/280x280/ts/product/b0/24/e9/ce612a5526b7490400492b23ae3a14ad.jpg,"Ngày còn nhỏ, ta cho rằng chỉ cần trở thành người lớn thì mình sẽ hạnh phúc. Thời đi học, ta lại cho rằng chỉ cần vào đại học thì mọi chuyện sẽ tốt đẹp. Chúng ta luôn chờ đợi ngày mai “chỉ cần tốt nghiệp đại học"", “chỉ cần kết hôn”, “chỉ cần sinh con"". Chúng ta luôn hẹn ước với sau này và khổ sở chịu đựng ngày hôm nay. Từ trước đến giờ, chúng ta luôn nỗ lực như vậy. Thể rồi đến khi có tuổi, nhiều người bắt đầu bản khoăn “Mình có đang sống tốt không?""
Làm sao học hết được nhân sinh? với những bài giảng súc tích, dung dị, đôi khi không kém phần dí dỏm của thiền sư Pomnyun sẽ gửi đến bạn - người đang quay cuồng giữa các hệ giá trị liên tục biến ảo của xã hội hiện đại – lời giải đáp vừa ân cần lại vừa thực tế cho câu hỏi “Mình có đang sống tốt không?” mà ai ai cũng từng ít nhất một lần trăn trở trong đời ấy.
Một cuốn sách không chỉ vỗ về tâm hồn bạn đang tổn thương mà còn thức tỉnh tâm trí bạn vẫn còn mù mờ. Kể từ lần xuất bản đầu tiên năm 2013, Làm sao học hết được nhân sinh? đã nhiều tuần đứng đầu danh sách sách bán chạy và liên tục nằm trong top 10 sách Phật giáo được nhiều người đọc nhất tại Hàn Quốc.
Pomnyun sinh năm 1953 tại Ulsan, Hàn Quốc. Là một thiền sư, nhà văn, lãnh đạo Phật giáo và nhà hoạt động xã hội nổi tiếng và có ảnh hưởng lớn tại Hàn Quốc.
Năm 1988 ông sáng lập nên tổ chức Phật giáo Jungto (có nghĩa là Miền đất lành) - một cộng đồng giúp đỡ những người gặp nhiều chuyện khổ tâm. Trên kênh Youtube của mình () ông đã tổ chức hơn 1000 buổi nói chuyện dưới dạng hỏi đáp tại chỗ, lắng nghe, giải đáp và vỗ về những người đang gặp khó khăn trong cuộc sống. Các buổi hỏi đáp còn được dịch sang tiếng Anh và nhiều thứ tiếng khác để người nước ngoài cũng có thể dễ dàng tiếp cận.
Thiền sư Pomnyun đã nhận nhiều giải thưởng về tôn giáo và hoà bình. Đặc biệt năm 2018, ông nhận Huân chương Dân sự - Huân chương Mẫu đơn (hạng mục Vận động thống nhất dân sự) và năm 2020, ông được Quỹ Hoà bình Niwano (Nhật Bản) trao giải Hoà bình lần thứ 37 cho những đóng góp quan trọng của mình trên nhiều phương diện như nhân đạo, hoạt động xã hội, môi trường, hoà bình thế giới
Thiền sư cũng đã xuất bản nhiều cuốn tản văn chữa lành, Làm sao học hết được nhận sinh? là một trong những cuốn bán chạy nhất tại Hàn Quốc của ông.",Sách tiếng Việt/Sách kỹ năng sống/Sách tư duy - Kỹ năng sống,157
106362865,sách lão tử đạo đức kinh,LÃO TỬ,66400,1,OFFICIAL_STORE,4.7,79,602.0,https://tiki.vn/sach-lao-tu-dao-duc-kinh-p106362865.html?spid=127524527,https://salt.tikicdn.com/cache/280x280/ts/product/bd/d4/ca/cdf5b6ab6f0bee199341fc51d071358d.jpg,"Đạo đức kinh là một trong những tác phẩm cổ điển quan trọng nhất trong lịch sử văn hoá nhân loại. Đạo đức kinh tương truyền do Lão Tử biên soạn dưới thời Xuân thu - Chiến quốc.
Ở Việt Nam hiện nay cũng có đến 4, 5 bản dịch Việt ngữ. Tuy nhiên, phần lớn độc giả không đọc thẳng vào văn bản mà chỉ đọc lời bàn của các dịch giả. Có lẽ vì thế nên nhiều người hiểu sai về Đạo đức kinh.
Tác phẩm chứa đựng những kinh nghiệm của cổ nhân mà người đọc đã quen thuộc qua những câu thành ngữ, tục ngữ thường ngày. Độc giả sẽ tìm lại được phần cơ sở tư tưởng mà họ từng được học qua thơ văn, sách vở Việt Nam và Trung Hoa một cách sâu sắc nhất.
Phiên bản Đạo đức kinh này được trình bày bằng 3 thứ tiếng : Hán, Việt, Anh; dịch dựa trên văn bản cổ nhất hiện nay được khai quật vào cuối năm 1973, trong ngôi cổ mộ của viên thái thú Trường Sa thời nhà Hán được chôn vào ngày năm 168 TCN ở thôn Mã Vương Đôi, Hà Nam, Trung Quốc.
Sách - Lão tử đạo đức kinh",Sách tiếng Việt/Sách kỹ năng sống/Sách tư duy - Kỹ năng sống,140
2071483,sách lẽ phải của phi lý trí,DAN ARIELY,139300,111899,OFFICIAL_STORE,0.0,114,,https://tiki.vn/sach-le-phai-cua-phi-ly-tri-tai-ban-2018-p2071483.html?spid=72145670,https://salt.tikicdn.com/cache/280x280/ts/product/65/05/0d/7bfba6fb0318433aa6a77e6fc4903a0f.png,"Lẽ Phải Của Phi Lý Trí (Tái Bản 2018)
Lẽ phải của phi lý trí là cuốn sách tư duy được xây dựng và phát triển trên cuốn sách nền tảng Phi lý trí của nhà khoa học xã hội Dan Ariely. Nếu như trong Phi lý trí, Dan Ariely đã đưa ra những ảnh hưởng đa chiều dẫn tới việc con người đưa ra những quyết định thiếu khôn ngoan thì giờ đây trong cuốn Lẽ phải của phi lý trí ông hé lộ những ảnh hưởng đầy bất ngờ, cả tích cực lẫn tiêu cực, mà ‘phi lý trí’ có thể tác động đến cuộc sống của chúng ta. Tập trung vào nghiên cứu những hành vi của chúng ta tại nơi làm việc và các mối quan hệ của chúng ta, ông đưa ra những hiểu biết mới và những sự thật đáng ngạc nhiên về những điều đang thôi thúc chúng ta làm việc, cách thức mà một hành động thiếu khôn ngoan có thể trở thành một thói quen, cách mà chúng ta học để yêu thương những người mà chúng ta sống cùng, và còn nhiều hơn thế nữa.
Lẽ phải của phi lý trí không phải là một cuốn sách hàn lâm khô khan chỉ toàn lý thuyết, mà nó được sử dụng dữ liệu từ những thí nghiệm thú vị và độc đáo dẫn đến những kết luận hấp dẫn về cách thức – và nguyên nhân tại sao chúng ta hành động như vậy. Từ những thái độ tại nơi làm việc của chúng ta, cho tới những mối quan hệ lãng mạn, tới việc chúng ta luôn tìm kiếm mục đích cuộc đời mình, Ariely lý giải cách thức phá vỡ những khuôn mẫu bi quan trong suy nghĩ và hành vi của chúng ta để đưa ra những quyết định tốt hơn. Cuốn sách kỹ năng này sẽ thay đổi cách thức chúng ta nhận thức bản thân trong công việc và trong gia đình – và soi xét các hành vi phi lý trí của chúng ta dưới một thứ sắc thái ánh sáng hoàn toàn mới mẻ. Đọc Lẽ phải của phi lý trí – một cuốn sách lãnh đạo và quản lý hữu ích, bạn sẽ biết nhiều điều như:
Tại sao những khoản tiền thưởng lớn lại có thể khiến các CEO làm việc kém hiệu quả hơn?
Làm cách nào mà những định hướng rối rắm lại hữu ích đối với chúng ta?
Tại sao việc trả thù lại quan trọng?
Tại sao có một sự khác biệt rất lớn giữa điều mà chúng ta nghĩ là sẽ khiến chúng ta hạnh phúc và những thứ thực sự khiến chúng ta hạnh phúc?
Và rất nhiều phát hiện thú vị khác.",Sách tiếng Việt/Sách kỹ năng sống/Sách tư duy - Kỹ năng sống,30
76176359,sách logic của tâm trí,,161000,295057,NONE,0.0,69,,https://tiki.vn/sach-logic-cua-tam-tri-alphabooks-ban-quyen-p208137076.html?spid=274050437,https://salt.tikicdn.com/cache/280x280/ts/product/64/e9/d3/fbc7f58938c72ab04399783d51a18256.jpg,"Cuốn sách là câu chuyện về tình bạn của hai nhà tâm lý học nổi tiếng Amos Tversky và Daniel Kahneman cùng hành trình khám phá, lý giải tâm lý con người của đôi bạn này. Trước đây, các nhà khoa học, nhà kinh tế học và nhà tiếp thị đều coi con người là những người có lý trí, có trí óc, có khả năng sử dụng dữ liệu cứng để đưa ra quyết định mà không bị ảnh hưởng bởi cảm xúc, bản năng hoặc niềm tin sai lầm. Song đôi bạn Kahneman và Tversky đã dành cả sự nghiệp của họ để chứng minh rằng điều chúng ta vẫn tin thực chất lại hoàn toàn trái ngược.
Đặc điểm nổi bật:
- Cuốn sách mở ra một góc nhìn hoàn toàn mới mẻ về tâm lý con người. Nếu như trước đây, chúng ta vẫn dựa vào xác suất, thống kê, dữ liệu để dự báo, đưa ra quyết định cho các vấn đề khác nhau trong cuộc sống, thì hai nhà tâm lý học trong cuốn sách lại chỉ ra rằng: dù có sử dụng dữ liệu nhiều đến đâu, con người vẫn luôn bị chi phối bởi cảm xúc, đặc biệt là trong những điều kiện không chắc chắn.
- Bằng lối kể chuyện mượt mà, lôi cuốn, tác giả đã vẽ nên câu chuyện tình bạn tuyệt đẹp của hai nhà tâm lý học lỗi lạc trên hành trình đi tìm lời giải cho tâm lý con người. Tác giả đã khéo léo lồng ghép nhiều chi tiết về con người, tính cách cũng như cách ứng xử của hai nhà tâm lý học này, để từ đó độc giả thêm hiểu về lý do tại sao họ lại đến với tâm lý học và bước trên hành trình đặc biệt này.
- Cuốn sách không chỉ kể chuyện mà còn đưa ra nhiều học thuyết thú vị về tâm lý con người, nhiều trong số đó sẽ khiến chúng ta bất ngờ, ngạc nhiên bởi từ trước đến nay ta vẫn mặc định coi đó là điều bình thường. Những câu chuyện về các thí nghiệm tâm lý của hai nhà nghiên cứu trong cuốn sách cũng giúp độc giả hiểu biết thêm về khía cạnh tâm lý của con người – một lĩnh vực vô cùng khó và mênh mông cho đến tận ngày nay.
Sách - Logic của tâm trí",Sách tiếng Việt/Sách kỹ năng sống/Sách tư duy - Kỹ năng sống,128
22172884,sách lời hứa về một cây bút chì,ADAM BRAUN,127000,60209,NONE,0.0,74,,https://tiki.vn/sach-loi-hua-ve-mot-cay-but-chi-tang-kem-bookmark-tiki-p22172884.html?spid=248004892,https://salt.tikicdn.com/cache/280x280/ts/product/49/24/43/95e1b8bf590fa8ae8f53f5c434c216d2.jpg,"Lời Hứa Về Một Cây Bút Chì
Hành trình từ 25 đô-la đến 250 trường học dành cho trẻ em trên toàn cầu và câu chuyện phi thường của một CEO nuôi chí thay đổi thế giới bằng giáo dục.
Adam Braun bắt đầu làm việc hè tại các quỹ đầu tư khi anh mới mười sáu tuổi nhằm mục tiêu có được một sự nghiệp thành công ở phố Wall. Nhưng trong một chuyến du lịch, anh đã gặp một cậu bé ăn xin trên đường phố của Ấn Độ. Anh hỏi cậu muốn điều gì nhất trên đời này, thì nhận được câu trả lời đơn giản: ""Một cây bút chì."" Chính mong ước nhỏ nhoi này đã thôi thúc Adam làm vô số điều đáng kinh ngạc trước khi thành lập ra tổ chức PoP (Bút chì hứa hẹn), một tổ chức mà Braun bắt đầu chỉ vẻn vẹn với 25 đô-la và sau đó xây dựng được hơn 250 trường học trên khắp thế giới.
Lời hứa về một cây bút chì tái hiện lại cuộc hành trình của Adam Braun. Mỗi chương giải thích một bước rõ ràng mà mỗi người có thể làm để biến những tham vọng lớn nhất của họ thành hiện thực. Nếu bạn cảm thấy náo nức và sẵn sàng cho quá trình chuyển đổi, nếu bạn đang tìm kiếm định hướng và mục tiêu cuộc đời, cuốn sách này là dành cho bạn. Được dẫn dắt bởi những câu chuyện và các chia sẻ đầy cảm hứng, cuốn sách sẽ cung cấp cho bạn những công cụ để tạo nên một câu chuyện đáng kể trong cuộc sống của chính bạn.",Sách tiếng Việt/Sách kỹ năng sống/Sách tư duy - Kỹ năng sống,77
152740748,sách lối sống tối giản của người nhật,SASAKI FUMIO,139920,57167,NONE,0.0,373,,https://tiki.vn/sach-loi-song-toi-gian-cua-nguoi-nhat-bia-cung-p184629946.html?spid=198784294,https://salt.tikicdn.com/cache/280x280/ts/product/c9/a0/f6/3ba518d76729526896223657ce40b896.jpg,"Lối sống tối giản là cách sống cắt giảm vật dụng xuống còn mức tối thiểu. Và cùng với cuộc sống ít đồ đạc, ta có thể để tâm nhiều hơn tới hạnh phúc, đó chính là chủ đề của cuốn sách này.
Chẳng có ai từ khi sinh ra đã có tài sản, đồ đạc gì trong tay. Vậy nên bất cứ ai khi mới chào đời đều là những người sống tối giản. Cứ mỗi lần bạn sở hữu trong tay những đồ dùng hơn mức cần thiết là một lần bạn lấy mất tự do của chính mình. Giá trị bản thân chúng ta không đo bằng những đồ dùng mà chúng ta sở hữu. Những đồ dùng này chỉ cho chúng ta một chút cảm giác hạnh phúc nhất thời mà thôi. Mang theo những đồ dùng hơn mức cần thiết sẽ lấy hết thời gian, năng lượng của bạn. Khi nhận ra được điều đó, tức là bạn đã bắt đầu trở thành một người sống tối giản.
Những người sống tối giản luôn cảm thấy vui vẻ, mới lạ mỗi ngày. Cái cảm giác này, tôi nghĩ bất cứ ai cũng có thể cảm nhận được, dù bạn có phải là một người sống tối giản hay không, bởi bất cứ ai.
Lối sống tối giản của người Nhật gồm có năm chương, trong đó, chương một, tác giả sẽ giới thiệu cho bạn lối sống tối giản là gì, đưa ra định nghĩa của anh về nó. Sau đó anh sẽ đưa ra lý do vì sao mình lại theo lối sống này sau nhiều năm sống trong căn phòng của bản thân.
Chương hai tác giả sẽ đề cập đến tại sao sau ngần ấy năm, đồ đạc trong nhà lại chất nhiều đến thế. Những đồ đạc được tích tụ lại do thói quen hay nhu cầu của con người này mang ý nghĩa gì?
Chương ba là những bí quyết để cắt giảm đồ đạc trong nhà. Tác giả sẽ đưa ra cho bạn những quy tắc cụ thể, những phương pháp để có thể giảm bớt đồ đạc trong nhà. Thêm vào đó cũng sẽ giới thiệu cho bạn danh sách bổ sung 15 điều cho những người muốn tối giản hơn nữa cùng với toa thuốc cho “căn bệnh muốn vứt bỏ”.
Chương bốn, những thay đổi của chính tác giả sau khi dọn hết đồ đạc trong nhà. Kèm theo đó, anh còn phân tích và khảo sát thêm về các kết quả nghiên cứu tâm lý học.
Cuối cùng chương năm, tiếp nối ý từ chương bốn, tác giả sẽ giải thích tại sao những thay đổi của bản thân lại dẫn đến “hạnh phúc”.
Để hiểu sâu hơn về lối sống tối giản, bạn nên đọc hết từ chương một đến chương bốn. Tuy nhiên, bạn cũng có thể đọc riêng từng chương. Thậm chí chỉ cần đọc chương ba cũng có thể giúp bạn cắt giảm được đồ đạc của mình.
Trong cuốn sách này, “lối sống tối giản” được hiểu là: 1) giới hạn tối thiểu cần thiết cho bản thân và 2) vứt bỏ tất cả mọi thứ trừ những thứ quan trọng.
Và những người sống theo lối sống đó gọi là người sống tối giản.
Cấu trúc cuốn sách
Lời mở đầu
Chương 1: Tại sao lại có những người sống tối giản?
Chương 2: Tại sao đồ đạc lại chất nhiều đến vậy?
Chương 3: 55 quy tắc vứt bỏ
Chương 4: Vứt bớt đồ đạc, 12 điều thay đổi trong tôi
Chương 5: Không phải trở nên hạnh phúc mà là cảm nhận hạnh phúc
Lời kết – Lời cảm ơn chân thành
Danh sách 55 quy tắc vứt bỏ
Sasaki Fumio sinh năm 1979 tại tỉnh Kagawa, tốt nghiệp Đại học Waseda chuyên ngành giáo dục. Trước đây, anh từng sống trong căn phòng chất đầy đồ đạc, lộn xộn, bẩn thỉu. Từ năm 2010, anh bắt đầu theo lối sống tối giản. Năm 2014, anh cộng tác với Numahata Naoki - Giám đốc sáng tạo, lập nên trang web dành cho người sống tối giản có tên: Minimal & ism less is future.
Công ty CP Sách Thái Hà trân trọng giới thiệu!",Sách tiếng Việt/Sách kỹ năng sống/Sách kỹ năng mềm,147
54380457,sách lối sống tối giản thời công nghệ số,CAL NEWPORT,120317,161219,NONE,0.0,179,,https://tiki.vn/sach-loi-song-toi-gian-thoi-cong-nghe-so-p250077986.html?spid=277464275,https://salt.tikicdn.com/cache/280x280/ts/product/10/0f/d8/a44b4225c67c492be9d968d85252d808.jpg,"Cal Newport nghiên cứu về tác động tiêu cực của hoạt động trực tuyến không kiểm soát đối với sức khoẻ tâm lý. Hoạt động trao đổi trực tuyến dường như càng đẩy nhanh người ta vào các trạng thái cực đoan gây ra những sự căng thẳng và kiệt quệ về mặt cảm xúc.
Mục đích của cuốn sách này là đưa ra những lập luận ủng hộ cho chủ nghĩa tối giản số, bao gồm một phần khai thác chi tiết về những câu hỏi vì sao nó lại có hiệu quả, tiếp đến là phần hướng dẫn cách áp dụng triết lý này vào cuộc sống nếu bạn quyết định lựa chọn nó.
Chìa khoá để duy trì thành công lâu dài khi vận dụng triết lý này là bạn hãy hiểu rằng vấn đề mà bạn đang muốn giải quyết ở đây không thực sự liên quan đến công nghệ, mà liên quan đến chất lượng cuộc sống của chính bạn. Càng mày mò thử nghiệm với các ý tưởng và cách làm mà tác giả đã trình bày ở các phần trước trong cuốn sách này, bạn sẽ ngày càng nhận ra rằng chủ nghĩa tối giản số không đơn thuần chỉ là một bộ các nguyên tắc; nó là con đường giúp bạn xây dựng một cuộc sống đáng sống trong kỷ nguyên hiện đại của chúng ta với sự hiện diện khắp nơi của các thiết bị đầy mê hoặc.
Lời giới thiệu
Phần 1: Các nền tảng
1. Cuộc chạy đua vũ trang không cân sức
2. Tối giản hoá số
3. Dọn dẹp không gian số
Phần 2: Thực hành
5. Đừng nhấn nút “thích”
6. Lấy lại sự thư giãn đã mất
7. Tham gia vào phong trào kháng lại sự chú ý
Trích đoạn sách:
Tập này mang tựa đề “Khai thác não bộ”, mở đầu bằng cảnh Anderson Cooper1 phỏng vấn một kỹ sư tóc đỏ, vóc người thanh tú, với bộ râu được chăm chút cẩn thận theo mốt đang thịnh hành trong cộng đồng các chàng trai ở Thung lũng Silicon. Tên anh là Tristan Harris, từng là nhà sáng lập công ty khởi nghiệp và cựu kỹ sư của Google nhưng sau đó từ bỏ con đường đã trở nên quá quen thuộc trong thế giới công nghệ để trở thành một thứ hiếm hoi hơn rất nhiều trong thế giới khép kín đó: người tố giác.",Sách tiếng Việt/Sách kỹ năng sống/Sách kỹ năng mềm,110
1954471,sách luật trí não,JOHN MEDINA,193030,126688,NONE,0.0,103,1.0,https://tiki.vn/sach-luat-tri-nao-tai-ban-2019-p106362520.html?spid=194800909,https://salt.tikicdn.com/cache/280x280/ts/product/36/b4/91/edd29df929c5305fec5d355024a5a341.jpg,"Chúng ta học như thế nào?
Giấc ngủ và sự căng thẳng ảnh hưởng thế nào đến sức mạnh trí não của chúng ta?
Tại sao thực hiện nhiều nhiệm vụ cùng một lúc mà lại là điều không tưởng?
Tại sao chúng ta lại rất dễ quên?
Có thật là nam giới và nữ giới có bộ não khác nhau không?
Cuốn Luật trí não của tác giả John Medina là một bài giảng sống động về quy luật của trí não.
Trong cuốn sách, tác giả sẽ chỉ ra cho bạn rằng: Khoa học trí não có thể gây ảnh hưởng đến cách chúng ta dạy dỗ trẻ em và cách chúng ta làm việc như thế nào? Sau đó, tác giả đã đề xuất với chúng ta những ý tưởng gì để khai thác và phát huy triệt để sức mạnh trí não trong cuộc sống hằng ngày?
Làm cho việc đọc cuốn sách về khoa học trí não này trở nên sinh động và dễ chịu.
Cho bạn biết tại sao Michael Jordan lại rất giỏi môn bóng rổ.",Sách tiếng Việt/Sách kỹ năng sống/Sách tư duy - Kỹ năng sống,26
619275,sách mật mã tài năng,DANIEL COYLE,125000,97533,NONE,0.0,92,1.0,https://tiki.vn/sach-mat-ma-tai-nang-tai-ban-2019-tang-kem-bookmark-tiki-p22472006.html?spid=73758265,https://salt.tikicdn.com/cache/280x280/ts/product/b5/11/61/6f4e3a089116cd6ffe54ffb44e4c543a.jpg,"Bí mật của tài năng là gì? Chúng ta có thể khám phá nó ra sao? Trong cuốn sách đi sâu nghiên cứu này, nhà báo – tác giả có sách bán chạy nhất theo bình chọn của Thời báo New York – Daniel Coyle sẽ cung cấp cho các bậc phụ huynh, giáo viên, huấn luyện viên, doanh nhân – và mọi người khác nữa – các công cụ để có thể tận dụng tối đa các tiềm năng của chính bản thân và mọi người.
Dù bạn đang huấn luyện cho một đội bòng bầu dục hay dạy một đứa trẻ chơi đàn piano, viết tiểu thuyết hay cố gắng cải thiện cú vung gậy trong môn bóng chày thì cuốn sách mang tính cách mạng này sẽ chỉ cho bạn biết cách nuôi dưỡng và phát triển tài năng thông qua việc khai thác và sử dụng một cơ chế mới được khám phá của não bộ.
Dựa trên những thành tựu xuất sắc của ngành thần kinh học và nghiên cứu mới nhất trong quá trình đi tới 9 địa chỉ sản sinh ra rất nhiều tài năng của thế giới – từ sân bóng chày ở vùng Ca-ri-bê đến học viện âm nhạc cổ điển phía bắc New York – Coyle đã chỉ ra 3 yếu tố then chốt cho phép bạn phát triển tài năng và tối ưu hoá khả năng của mình trong các lĩnh vực thể thao, nghệ thuật, âm nhạc, toán học hay bất kỳ điều gì khác.",Sách tiếng Việt/Sách kỹ năng sống/Sách tư duy - Kỹ năng sống,14
45175777,sách messy – sáng tạo từ sự lộn xộn,TIM HARFORD,143000,126688,NONE,0.0,10,,https://tiki.vn/sach-messy-sang-tao-tu-su-lon-xon-p106362384.html?spid=205961697,https://salt.tikicdn.com/cache/280x280/ts/product/dc/72/b3/3f1c4b72e952b3bfa5201e5056295a02.jpg,"MESSY – Sáng Tạo Từ Sự Lộn Xộn
Theo bản năng, chúng ta thường hướng đến sự gọn gàng, từ trong tư duy đến lối sống. Vị diễn giả trung thành với kịch bản thuyết trình, ngài sĩ quan chỉ huy lên kế hoạch tác chiến một cách cẩn trọng, các ông chủ luôn yêu cầu bàn làm việc của nhân viên phải gọn gàng còn nhân viên luôn cố gắng lưu trữ tài liệu và sắp xếp e-mail sao cho thật khoa họ Nhưng rất tiếc, trật tự chính là yếu tố giết chết sự sáng tạo.
Hy vọng cuốn sách sẽ giống như một cú hích thôi thúc bạn chọn sự xáo trộn khi thói quen gọn gàng vẫn đang chiếm ưu thế. Hãy tin chắc rằng mọi thứ sẽ tốt hơn nếu chúng ta chấp nhận lộn xộn ở mức độ nào đó.",Sách tiếng Việt/Sách kỹ năng sống/Sách tư duy - Kỹ năng sống,96
142002263,sách muôn kiếp nhân sinh 2,NGUYÊN PHONG,254900,1,OFFICIAL_STORE,5.0,405,2383.0,https://tiki.vn/sach-muon-kiep-nhan-sinh-2-bia-cung-p142002263.html?spid=142002265,https://salt.tikicdn.com/cache/280x280/ts/product/a9/a3/87/41910b2e14d1551785b2068c95d9ef26.jpg,"CUỐN SÁCH CỦA NHỮNG CÁNH BƯỚM RUNG ĐỘNG
Khởi duyên cuốn sách Muôn Kiếp Nhân Sinh là cuộc điện thoại lúc đêm khuya từ Việt Nam qua Mỹ vào cuối năm 2016. Khi cảm nhận thế giới xung quanh còn quá nhiều áp bức, bất công và điều ác đang diễn ra, tôi đã đề nghị tác giả Nguyên Phong viết một cuốn sách về Nhân quả để cảnh báo và thức tỉnh con người (tác phẩm Hành Trình về Phương Đông do ông viết phóng tác gần năm mươi năm trước đã làm nhiều thế hệ người Việt Nam thay đổi tâm thức và được yêu thích cho đến giờ).
Lúc đó, tác giả Nguyên Phong đã kể tôi nghe về câu chuyện nhân quả và tiền kiếp đặc biệt kỳ lạ của Thomas - một doanh nhân thành đạt ở New York và cũng là người bạn tâm giao mà ông đã từng gặp ở Đại học Đài Bắc năm 2008. Sau cuộc điện thoại đêm khuya đó, ông đã lẳng lặng bay đến New York gặp Thomas và đề nghị được viết những câu chuyện lạ thường của Thomas thành sách.
Và bất ngờ - Thomas đã đồng ý.
Muôn Kiếp Nhân Sinh đã ra đời một cách kỳ lạ như cuốn sách của nhân duyên và có một sứ mệnh đặc biệt. Tôi và nhiều độc giả Việt Nam đã thực sự lay động và đồng cảm sâu sắc với những lời chia sẻ tâm huyết của Thomas ở những trang sách cuối tập 1: “Tôi mong chúng ta - những cánh bướm bé nhỏ rung động mong manh - cũng có thể tạo nên những trận cuồng phong mãnh liệt để thức tỉnh mọi người”.
Tiếp nối các kiếp sống kỳ lạ của Thomas ở nền văn minh Atlantis và Ai Cập hùng mạnh ở tập 1, Muôn Kiếp Nhân Sinh tập 2 là cuộc hành trình vô tiền khoáng hậu tiếp theo của Thomas trên chuyến tàu xuyên thời gian - không gian trải dài từ nước Mỹ đương đại, ngược về vùng sa mạc Lưỡng Hà Assyria cho đến Hy Lạp, Ba Tư, Ấn Độ cổ đại qua những cuộc chinh phạt của Alexander Đại đế. Những ký ức về chiến binh kiêu hùng Achilles trong trận công thành Troy huyền thoại và sự thức tỉnh bất ngờ của vị đại đế bất bại khi chinh phục quốc gia huyền bí đã vẽ nên bức tranh kỳ vĩ về thân phận con người luôn phải xoay vần không ngừng trong bão tố Nhân quả của tham vọng, chiến tranh, hận thù và tình yêu trong suốt chiều dài lịch sử thế giới.
Không chỉ là những bài học sâu sắc về Nhân quả của Thomas, Muôn Kiếp Nhân Sinh tập 2 còn vén bức màn bí ẩn và khám phá hành trình bất tận của những linh hồn qua các tầng cõi, trạm trung chuyển trong muôn vàn kiếp số Tất cả được đúc kết, xâu chuỗi lại một cách logic bằng góc nhìn hài hoà giữa tâm linh, khoa học, triết học và lịch sử các nền văn minh từ Đông sang Tây, từ cổ đại đến hiện đại.
Thông qua những cuộc trò chuyện đầy tính minh triết, tác phẩm Muôn Kiếp Nhân Sinh tập 2 cũng đưa ra cách chuyển hoá nghiệp quả, đồng thời cảnh báo về những hiểm hoạ, biến động lớn trong tương lai của nhân loại cũng như gửi gắm những thông điệp chữa lành. Đây sẽ là khởi đầu một kỷ nguyên mới với cuộc cách mạng chuyển đổi tâm thức và cũng là con đường minh triết nhất để thức tỉnh, cứu mỗi người, cứu lấy sự sống trái đất đang bên bờ của những khủng hoảng, hiểm hoạ khó lường.
Các nhà hiền triết đã chỉ rõ quá trình thức tỉnh bắt đầu từ chính mỗi người. Và đó sẽ không phải là hành trình vô vọng nếu chúng ta cùng thật sự ý thức được ý nghĩa sống và sứ mệnh của mình. Tương lai chúng ta có trở nên tốt đẹp hơn hay không là do năng lượng từ chính những suy nghĩ, hành động của chúng ta ngày hôm nay.
Khi tâm huyết viết Muôn Kiếp Nhân Sinh, tác giả Nguyên Phong mong muốn truyền tải những thông điệp thức tỉnh cùng những lời cảnh báo đầy trách nhiệm với một trái tim giàu lòng trắc ẩn, yêu thương để mọi người cùng nhận thức, chuyển đổi - như những cánh bướm rung động mãnh liệt lan toả đến với nhiều người. Bởi tận cùng của những rung động lan toả đó sẽ tạo ra sự chuyển đổi tâm thức để tạo nên một tương lai tốt đẹp hơn cho mỗi người và cho nhân loại.
Ngoài ra không còn bất kỳ lý do nào khác.
Bôn ba muôn nẻo nhân sinh.
Không ai mang theo được thứ gì khi rời xa thế giới này - trừ công và tội.
Chính bạn mới có thể chuyển hoá được nghiệp quả của mình - không phải bất kỳ một ai khác.
Nhân quả đừng đợi thấy mới tin. Nhân quả là bảng chỉ đường, giúp con người tìm về thiện lương. - Nguyễn Văn Phước
Sáng lập First News - Trí Việt
Muôn Kiếp Nhân Sinh (Phần 2)
Tiếp nối các kiếp sống kỳ lạ của Thomas ở nền văn minh Atlantis và Ai Cập, Muôn Kiếp Nhân Sinh tập 2 là cuộc hành trình khám phá trên chuyến tàu xuyên thời gian - không gian trải dài từ nước Mỹ đương đại, ngược về vùng sa mạc Assyria, đến Hy Lạp, Ba Tư, Ấn Độ cổ đại qua những cuộc chinh phạt của Alexander Đại đế, ký ức về Achilles kiêu hùng và sự thức tỉnh bất ngờ từ ngai vàng Vua của Á châ Trong cơn lốc xoáy nhân quả của tham vọng, chiến tranh, hận thù và tình yêu, bức tranh kỳ vĩ về thân phận con người hiện lên sống động với biên độ kiến thức rộng mở không giới hạn.
Cuốn sách vén bức màn bí ẩn về hành trình bất tận của những linh hồn qua muôn vàn kiếp sống, sự thức tỉnh từ cõi chết để tìm ra con đường chuyển hoá nghiệp quả bằng cuộc cách mạng chuyển đổi tâm thức - Con đường minh triết có thể cứu lấy thế giới đang đứng trước những biến động và hiếm hoạ khôn lường. Tất cả được đúc kết, xâu chuỗi một cách logic với góc nhìn tổng thể giữa khoa học và tâm linh, triết học và lịch sử các nền văn minh từ Đông sang Tây, từ cổ đại đến hiện đại.
Song song với vai trò một nhà khoa học, Nguyên Phong còn là dịch giả nổi tiếng của loạt sách về văn hoá và tâm linh phương Đông, chuyển thể từ nhiều tác phẩm của các học giả phương Tây sau quá trình tìm hiểu và khám phá các giá trị tinh thần từ phương Đông. Trong số đó, có thể kể: Hành Trình về phương Đông, Ngọc sáng trong hoa sen, Bên rặng Tuyết sơn, Hoa sen trên tuyết, Huyền thuật và đạo sĩ Tây Tạng, Minh Triết trong đời sống, Đường mây qua xứ tuyết…
Đam mê thiền học, nghiên cứu sâu sắc các vấn đề tâm linh dưới góc nhìn của khoa học, những tác phẩm của ông, phần lớn là phóng tác, giúp người đọc tiếp cận các tác phẩm gốc thuận lợi hơn, lý giải được những vấn đề còn nhiều ẩn số bằng cái nhìn minh triết.",Sách tiếng Việt/Sách kỹ năng sống/Sách kỹ năng mềm,146
262404872,sách muôn kiếp nhân sinh 3,NGUYÊN PHONG,222518,1,OFFICIAL_STORE,5.0,210,179.0,https://tiki.vn/sach-muon-kiep-nhan-sinh-3-bia-cung-p272349569.html?spid=272349570,https://salt.tikicdn.com/cache/280x280/ts/product/49/0d/03/69094bfe6eea99ece5c2a0259c700e55.jpg,"Nối tiếp câu chuyện và tinh thần của tập 1 và tập 2, “Muôn Kiếp Nhân Sinh –
tập 3” tiếp tục đưa bạn đọc đi qua hành trình thức tỉnh tâm linh của nhân vật
chính Thomas. Không chỉ là hồi tiếp theo trong chuyến phiêu lưu của linh hồn,
tập mới nhất và cũng là tập cuối cùng của bộ sách sẽ bàn luận sâu hơn về
hiện tại và tương lai của nhân loại, đồng thời nhẹ nhàng khép lại câu chuyện
tiền kiếp nhiều trăn trở, nhiều bài học của Thomas và giải đáp những câu hỏi
còn bỏ ngỏ từ hai tập trước.
Nếu tập 1 và tập 2 tập trung lý giải hai quy luật vũ trụ là Nhân quả và Luân
hồi, thì tập 3 bàn về khía cạnh đạo đức của con người, đặc biệt là lòng tham
và cực đối lập của nó – thái độ sống cho đi. Qua đó, tác giả cùng nhân vật
chính Thomas và bậc thầy giác ngộ Kris đã gửi gắm vào quyển sách những
thông điệp mạnh mẽ về tương lai nhân loại.
Nếu con người muốn thay đổi tương lai, trước hết phải bắt đầu bằng thay đổi
tâm thức. Thay đổi tâm thức bắt nguồn từ việc hiểu rằng, tự do ý chí của con
người là một phép thử, cho phép chúng ta lựa chọn cái tốt hoặc cái xấu. Và
việc lựa chọn cái tốt mới là nền tảng cho mọi sự thay đổi trong tương lai. Mấu
chốt của cuộc cách mạng chuyển đổi tâm thức là để ánh sáng tâm linh trong
mỗi người có cơ hội phát triển. Khi ánh sáng khoa học và tâm linh kết hợp sẽ
có thể dẫn đường cho nhân loại đi đến nền tảng trí tuệ cao hơn.
Trong một chiêm nghiệm khác, nhân vật của chúng ta được khai ngộ về các
giác quan tinh thần, hay giác quan linh hồn, qua đó trả lời cho câu hỏi lớn của
cuộc đời – “Ta là ai?”, đồng thời hiểu được rằng, con người càng chú trọng
nhu cầu thân xác bao nhiêu thì nhu cầu tâm linh càng bị hạn chế bấy nhiêu.
Do đó, muốn phát triển giác quan linh hồn thì ta phải biết giới hạn hoạt động
của giác quan thân xác. Thiền định hay các hình thức tu tập tĩnh tâm khác
chính là phương pháp giúp khai mở các giác quan này, từ đó đưa con người
đến với trí tuệ thật sự.
Vẫn bằng giọng văn giản dị và chừng mực, tác giả Nguyên Phong một lần
nữa đưa độc giả đi qua các kiếp sống khác nhau, từ Hy Lạp, La Mã, đến
Pháp thời trung cổ, rồi quay về nước Mỹ hiện đại. Ở đó, ta được trải nghiệm
những hoàn cảnh khác nhau, đồng cảm với nỗi đau của nhân vật và chứng
kiến sự trưởng thành của trí tuệ, để lần nữa khẳng định được rằng chính ý
nghĩ, lời nói và hành động của chúng ta ở kiếp này sẽ dẫn dắt chúng ta đi về
đâu ở kiếp sau. Chẳng có thần linh hay thế lực nào quyết định, chúng ta hoàn
toàn chịu trách nhiệm về cuộc đời mình.
Những cuộc đối thoại dài chứa đầy kiến thức, chiêm nghiệm cùng các câu hỏi
gợi mở đã luôn là đặc tính của bộ sách “Muôn Kiếp Nhân Sinh”, và sự trở lại
lần này với tác phẩm mới nhất cũng không đánh mất bản sắc ấy. Với vai trò
khép lại câu chuyện, “Muôn Kiếp Nhân Sinh – tập 3” đã xâu chuỗi lại những
mối liên hệ tiền kiếp, vừa làm sáng tỏ cách vận hành của luật Nhân quả và
Luân hồi vừa giúp chúng ta thấu hiểu và trân trọng những nhân duyên gặp gỡ
của mình trong hiện tại.
Thông qua 10 chương sách đan xen giữa quá khứ và hiện tại, giữa kể chuyện
và lý luận, giữa hiện thực và huyền ảo, cuốn sách gợi ra những suy tư về vị
thế và vai trò của con người nhỏ bé giữa vũ trụ bao la. Sau cùng, bảo toàn và
phát huy tinh thần của hai tập trước, “Muôn Kiếp Nhân Sinh – tập 3” tiếp tục
là một nỗ lực góp phần đưa con người về nẻo thiện, hướng đến một nhân loại
hoà bình, bác ái, vị tha, bất kể màu da, quốc tịch và tôn giáo.
Nguyên Phong (John Vu) tên thật là Vũ Văn Du, ông sống ở Mỹ từ năm
John Vu là Giáo sư ưu tú ngành Khoa học Máy tính, Giám đốc Chương trình
Đổi mới Công nghệ Sinh học và Tính toán (Biotechnology Innovation and
Computation), đồng Giám đốc chương trình Trí tuệ Nhân tạo (Artificial
Intelligence) tại Đại học Carnegie Mellon. Hiện ông đã nghỉ hưu.
Trước khi bước vào giới học viện giảng dạy, John là Kỹ sư trưởng và
Technical Fellow (chức danh danh dự cao cấp nhất của chuyên viên kỹ thuật)
tại Công ty Boeing. Tại đây, ông đã dẫn dắt thành công một số chương trình
nghiên cứu không gian vũ trụ, bao gồm cải tiến phần mềm cho máy bay 777.
John có hơn 35 năm kinh nghiệm trong lĩnh vực phát triển phần mềm và hệ
thống, cũng như quản lý một số chương trình tích hợp quy mô lớn, trong đó
sản phẩm cuối cùng đòi hỏi tích hợp các thành phần nội bộ với các sản phẩm
thương mại có sẵn trên thị trường và các nhà cung cấp thuê ngoài.
Nguyên Phong là bút danh ông dùng cho bộ sách văn hoá tâm linh được dịch,
viết phóng tác từ trải nghiệm, tiềm thức và quá trình nghiên cứu, khám phá
các giá trị tinh thần phương Đông. Ông đã viết phóng tác tác phẩm bất hủ
“Hành trình về Phương Đông” năm 24 tuổi (1974).
Các tác phẩm khác của Nguyên Phong được bạn đọc nhiều thế hệ yêu thích:
Ngọc sáng trong hoa sen, Bên rặng tuyết sơn, Hoa sen trên tuyết, Hoa trôi
trên sóng nước, Huyền thuật và các đạo sĩ Tây Tạng, Trở về từ xứ tuyết, Trở
về từ cõi sáng, Minh triết trong đời sống, Đường mây qua xứ tuyết, Muôn kiếp
nhân sinh, Đường mây trên cõi mộng, Đường mây trên đất hoa… và bộ sách
dành cho sinh viên, thầy cô.
Giá sản phẩm trên Tiki đã bao gồm thuế theo luật hiện hành. Bên cạnh đó, tuỳ vào loại sản phẩm, hình thức và địa chỉ giao hàng mà có thể phát sinh thêm chi phí khác như phí vận chuyển, phụ phí hàng cồng kềnh, thuế nhập khẩu (đối với đơn hàng giao từ nước ngoài có giá trị trên 1 triệu đồng)",Sách tiếng Việt/Sách kỹ năng sống/Sách kỹ năng mềm,170
1639671,sách ngay bây giờ hoặc không bao giờ,J. S. SCOTT,59250,7734,TRUSTED_STORE,0.0,245,,https://tiki.vn/sach-ngay-bay-gio-hoac-khong-bao-gio-tai-ban-2018-tang-kem-bookmark-tiki-p22472268.html?spid=277552086,https://salt.tikicdn.com/cache/280x280/ts/product/43/cb/f3/ca1ed0a148e3842103a6784743a75ef9.jpg,"Ngay bây giờ hoặc không bao giờ sẽ giúp bạn khám phá ra hàng loạt ý tưởng giúp bản thân vượt qua sự trì hoãn hằng ngày. Trong khi nhiều cuốn sách khác chỉ cung cấp những mẹo mực đơn giản, thì với cuốn sách này, bạn sẽ biết được tại sao một chiến lược lại trở nên hiệu quả, nó loại bỏ những hạn chế và niềm tin nào và bằng cách nào chiến lược ấy có thể được ứng dụng tức thì vào cuộc sống của bạn…
Thành công chỉ thực sự đến khi bạn giữ một lòng kiên trì sắt đá với những mục tiêu đã được đặt ra. Trong cuốn sách này, J. S. Scott đã cung cấp chi tiết những kế hoạch hành động trên mọi lĩnh vực của cuộc sống hằng ngày: từ chăm sóc sức khoẻ, thể dục, công việc cho tới các mối quan hệ cá nhân. Không giống như các cuốn sách rèn luyện kỹ năng tầm thường khác, nội dung cuốn sách tập trung tối đa vào hai chữ “hành động”. Vì vậy, thay vì phải đọc những lời khuyên chung chung, bạn sẽ nhận được những phương pháp có thể được thực hiện ngay lập tức nhằm tạo lập những thói quen có thể đánh bại sự trì hoãn.",Sách tiếng Việt/Sách kỹ năng sống/Sách tư duy - Kỹ năng sống,23
21351937,sách nghệ thuật sống hạnh phúc gặt thành công,.,99750,161219,NONE,0.0,17,1.0,https://tiki.vn/sach-nghe-thuat-song-hanh-phuc-gat-thanh-cong-tang-kem-bookmark-thiet-ke-p77222223.html?spid=77222226,https://salt.tikicdn.com/cache/280x280/ts/product/3f/c6/6a/dca66853161a4ac0bfe8e02ba0184cdb.jpg,"Từ xưa tới nay, con người vẫn luôn tự hỏi thế nào là một đời hạnh phúc? Con người ta nên sống ra sao? Điều gì rạo nên một cuộc sống hạnh phúc? Hạnh phúc tại tâm hay vì đạt được những mục tiêu trong đời? Sẽ tốt hơn nếu chủ động tìm kiếm hạnh phúc hay chủ động né tránh những điều khiến ta không hạnh phúc? Có người dành cả đời mải miết đi tìm câu trả lời cho những câu hỏi này, và vì một lẽ nào đó chỉ luôn nhận lại thất vọng. Vì sao ư? Phải chăng vì họ cứ kiếm tìm một nguyên tắc duy nhất, một nguyên lý duy nhất, một quy luật duy nhất, trong khi chén thánh đó của cuộc sống hạnh phúc đâu có tồn tại.",Sách tiếng Việt/Sách kỹ năng sống/Sách tư duy - Kỹ năng sống,72
36085776,sách nghệ thuật tư duy ngược dòng,HUMPHREY B. NEILL,95000,7247,OFFICIAL_STORE,0.0,66,16.0,https://tiki.vn/sach-nghe-thuat-tu-duy-nguoc-dong-p36085776.html?spid=59299180,https://salt.tikicdn.com/cache/280x280/ts/product/ff/04/a0/f539b8686407307969240e89372aa9bc.png,"Cuốn sách bao gồm các bài luận của tác giả Humphrey B. Neill về Lý thuyết quan điểm ngược dòng do ông khởi xướng. Bằng những phân tích sắc sảo và dễ hiểu về các sự kiện, vấn đề thuộc các lĩnh vực chính trị, kinh tế và xã hội, Humphrey đã chỉ ra rằng: Tư duy theo số đông chưa chắc đã đúng, mà tư duy ngược dòng mới là cách đúng đắn để nhìn nhận vấn đề một cách lý trí và không bị tác động bởi những biến động xã hội, giúp mọi người bình tâm trước những biến động khôn lường của cuộc đời.
Cốt lõi trong cuốn sách này là nó đề ra việc quan sát hành vi hình thành đám đông và khuyên bạn tư duy ngược lại để hiểu thấu đáo hơn. Điều này giúp chống lại tính phổ biến của đám đông trong các cuốn sách tài chính ngày nay. Tư duy đó chính là nhân tố tạo ra tính hiệu quả cho phương pháp nhìn nhận thế giới và tồn tại trong thế giới này.
“Sự khắt khe và ham học hỏi được thể hiện qua những ghi chép của Neill đại diện cho tiếng nói của một độc giả luôn khao khát kiến thức hoặc một cách tư duy trước những tin tức xoay chuyển chóng mặt suốt 24 giờ và chủ nghĩa giật gân ngu ngốc đang khủng bố tinh thần chúng ta trong cuộc sống hiện đại… Trong các ghi chép của Neill, chúng ta sẽ biết đến phương pháp nhận thức thông qua lập luận bên trong, để trở thành những nhà tư tưởng tự do và độc lập hơn… Tác phẩm của ông nhắc nhở chúng ta rằng khi “nghiền ngẫm” và đào sâu vào tính biến động của thế giới, chúng ta sẽ cảm nhận tốt hơn thông qua việc hiểu thấu đáo sự thoái trào và dòng chảy của tư duy nhóm cũng như tâm lý đám đông. Đồng thời, chúng ta cũng không phải đối phó với mọi thứ, giảm thiểu được sai lầm có thể mắc phải trong đầu tư và cuộc sống bởi những quyết định vội vã…”
- Tim Vanech, người ngược dòng hiện đại, nhà sáng lập kiêm Giám đốc điều hành của Shorepoint Capital Partners LLC",Sách tiếng Việt/Sách kỹ năng sống/Sách tư duy - Kỹ năng sống,87
561056,sách nghệ thuật tư duy rành mạch,ROLF DOBELLI,128700,53660,OFFICIAL_STORE,0.0,84,,https://tiki.vn/sach-nghe-thuat-tu-duy-ranh-mach-p277541366.html?spid=277541367,https://salt.tikicdn.com/cache/280x280/ts/product/c5/b9/fb/e5cfddfac69c926225a9ef78cda8517f.jpg,"Nghệ Thuật Tư Duy Rành Mạch
Mọi người đều mắc sai lầm. Những sai lầm trong việc ra quyết định đều bắt nguồn từ các lỗi tư duy tưởng như đơn giản, nhưng dần dà chúng tích tụ thành những thành kiến khó bỏ. Vậy mà hiếm khi chúng ta nhận ra điều đó, nên sai lầm cứ nối tiếp sai lầm, dẫn đến bao hối tiếc vì những quyết định không đúng cho cuộc đời m.ình: Cứ mãi đeo bám một công việc dù biết trước chẳng thu được lợi lộc gì; cho rằng một dự án thành công suôn sẻ là do tài năng và trí lực, còn thất bại do ngoại cảnh khách quan; bán cổ phiếu lúc đã quá trễ, hoặc bán quá sớm… Và đó chỉ là một vài trong số hàng loạt các sai lầm “cơ bản” được Dobelli mổ xẻ phân tích qua 99 chương sách ngắn gọn, súc tích với những ví dụ minh hoạ thiết thực giúp ta có thể nhận diện và né tránh chúng. Đơn giản, rõ ràng và toàn diện một cách đáng ngạc nhiên, cuốn cẩm nang nhất định phải có này có thể thay đổi mãi mãi cách ta suy nghĩ, giúp ta quyết định sáng suốt hơn mỗi ngày ở bất cứ đâu, trong bất cứ tình huống nào.",Sách tiếng Việt/Sách kỹ năng sống/Sách tư duy - Kỹ năng sống,10
160754106,sách nghiên cứu phân tâm học,SIGMUND FREUD,128600,326534,NONE,1.0,71,1.0,https://tiki.vn/sach-nghien-cuu-phan-tam-hoc-tang-kem-bo-bookmark-love-book-p229725647.html?spid=253782633,https://salt.tikicdn.com/cache/280x280/ts/product/76/f7/56/128d2a84e61739eb7da3252311a62683.png,"Khi khai sinh lý thuyết Phân tâm học gây sốc với các khái niệm mới lạ như nguyên tắc khoái lạc, libido, hay khi đặt vô thức vào trung tâm nhân cách, vô hình trung vạch ra chân tướng tăm tối của lòng người, Sigmund Freud vừa được ngợi ca vừa bị chỉ trích gay gắt. Suốt thế kỷ 20 sang 21, học thuyết của ông thổi luồng sinh khí mạnh mẽ, đóng góp vô song vào tư duy hiện đại, vào sự chiêm nghiệm suy tư, ảnh hưởng sâu rộng và chan hoà đến mọi lĩnh vực đời sống lẫn khoa học và nghệ thuật như triết học, tâm lý học, xã hội học, y học và văn chươ
Vì sao Sigmund Freud vừa được tôn vinh như tâm lý gia thiên tài, triết gia lớn của thời đại, lại vừa bị coi là kẻ phá bĩnh, lừa bịp nhất trong lịch sử tư tưởng nhân loại? Ông đã thực sự nói gì? Độc giả có thể tìm thấy câu trả lời cụ thể ở một trước tác quan trọng mà ông trình bày những điểm chính yếu trong học thuyết của mình: Nghiên cứu phân tâm học.",Sách tiếng Việt/Sách kỹ năng sống/Sách tư duy - Kỹ năng sống,148
14447467,sách người hùng ý tưởng,PAUL ALLEN,175000,7247,OFFICIAL_STORE,5.0,20,3.0,https://tiki.vn/sach-nguoi-hung-y-tuong-tang-kem-bookmark-tiki-p22172685.html?spid=60855069,https://salt.tikicdn.com/cache/280x280/ts/product/f7/d7/aa/ca7198b1557c33cb4256650e6cc9cbfa.jpg,"“Cuộc thập tự chinh nào mà để nhắm đến nó ta lại chẳng cần đến tinh thần lạc quan và tham vọng?” – Paul Allen
Cuốn sách là bức chân dung tự hoạ đa màu về một doanh nhân đa tài đứng sau những ý tưởng đột phá hình thành nên bản sắc không thể trộn lẫn của Microsoft ngay từ những ngày đầu. Còn Paul Allen, chủ nhân của bức chân dung ấy, là biểu tượng của tinh thần sáng tạo, không ngừng tìm tòi, học hỏi với những đóng góp lớn lao trong nhiều lĩnh vực, từ công nghệ đến khoa học, từ âm nhạc đến hàng không hay trí tuệ nhân tạo, từ đầu tư đến thể thao hay từ thiện. Dù làm bất kỳ công việc gì, xuất hiện ở bất kỳ đâu, Paul luôn cho những người xung quanh thấy khả năng “phiêu” cùng những ý tưởng đột phá, khả năng đơn giản hoá những điều phức tạp, từ đó mang lại những kết quả đầy bất ngờ. Đây đích thị là cuốn sách không thể bỏ lỡ đối với bất cứ ai yêu thích công nghệ, đam mê những
ý tưởng đột phá được nảy nở từ “cỗ máy” ý tưởng mang tên Paul Allen.",Sách tiếng Việt/Sách kỹ năng sống/Sách tư duy - Kỹ năng sống,67
198208145,sách nguyên tắc 50 - không sợ hãi,,117000,295057,NONE,0.0,43,,https://tiki.vn/sach-nguyen-tac-50-khong-so-hai-nxb-tre-p275361141.html?spid=275454093,https://salt.tikicdn.com/cache/280x280/ts/product/cb/23/a5/756144be15bf7408381b282df04b7c95.jpg,"Nguyên Tắc 50 - Không Sợ Hãi
Sợ hãi là một trong những cảm xúc nguyên thuỷ nhất mà mỗi người cảm nhận được ngay từ lúc chào đời. Không ai thoát khỏi quy luật chung này. Vì vậy, vượt qua sợ hãi, với tất cả hình thức cung bậc đa dạng của nó, không phải là điều tự nhiên đến mà là kết quả của một quá trình nỗ lực kiên trì, có ý thức, có phương pháp. Robert Greene đã trình bày trong cuốn sách của mình, thông qua 10 chương sách, 10 chiến lược hành động khác nhau để vượt qua những khía cạnh khác nhau của cảm giác sợ hãi. Những gì được viết ra trong cuốn sách không phải là điều gì mới lạ do tác giả phát minh ra, mà đơn thuần chỉ là sự tổng kết có hệ thống những phương cách mà nhiều nhân vật nổi tiếng trong lịch sử thuộc mọi lĩnh vực - từ chính trị, quân sự đến kinh doanh, từ thể thao đỉnh cao đến nghiên cứu khoa học – đã áp dụng thành công để vượt qua nỗi sợ hãi của chính họ nhằm tiến tới thành công. Bên cạnh những khuôn mặt nổi tiếng trong lịch sử, Greene dẫn dắt bạn đọc theo con đường vươn lên của ca sĩ nổi tiếng 50 Cent từ một đứa trẻ lang thang bán ma tuý trên đường phố trở thành ông chủ đầy quyền lực của một đế chế kinh doanh phát đạt, cũng như cách mà anh vượt qua những thử thách mới, những nỗi sợ hãi mới gặp phải trong mỗi giai đoạn của cuộc sống.",Sách tiếng Việt/Sách kỹ năng sống/Sách tư duy - Kỹ năng sống,165
362226,sách những quy tắc trong cuộc sống,RICHARD TEMPLAR,86500,1,OFFICIAL_STORE,4.5,35,73.0,https://tiki.vn/sach-nhung-quy-tac-trong-cuoc-song-p273273943.html?spid=273273946,https://salt.tikicdn.com/cache/280x280/ts/product/f5/c9/17/48d1de35b0bb7606bcfe7eaf83e6933a.jpg,"Những Quy Tắc Trong Cuộc Sống (Tái Bản 2018)
Một số người dường như rất suôn sẻ trong đường đời. Họ lướt đi trên con đường của mình thật nhẹ nhàng và luôn có đáp án chính xác cho mọi tình huống. Tất cả mọi người đều yêu mến họ - tuyệt vời biết bao khi được sống và làm việc cùng họ. Họ luôn hạnh phúc và vững vàng vượt qua mọi sóng gió cuộc đời. Họ dành thời gian cho tất vả mọi người và dường như luôn biết được điều gì là quan trọng. Liệu có điều gì đó họ biết và làm mà chúng ta không biết? Và liệu có điều gì mà tất cả chúng ta có thể làm?
Câu trả lời là hoàn toàn có thể: hãy nắm vững những quy tắc trong cuộc sống. Những quy tắc trong cuộc sống là các chỉ dẫn sẽ giúp bạn có nhiều thành tựu hơn trong cuộc sống, dễ dàng vượt qua những khó khăn và trở thành một người hạnh phúc hơn, điềm tĩnh hơn và hài lòng hơn với cuộc sống của mình. Bạn sẽ thấy những điều tuyệt diệu xảy ra và những người xung quanh bạn cũng vậy.",Sách tiếng Việt/Sách kỹ năng sống/Sách tư duy - Kỹ năng sống,4
100347903,sách nói một cách đơn giản,RHEE DONGWOO,110295,161219,NONE,0.0,119,2.0,https://tiki.vn/sach-noi-mot-cach-don-gian-p105366577.html?spid=105366581,https://salt.tikicdn.com/cache/280x280/ts/product/f3/8f/dd/656a616d5f85b9bd426ea66b0592e440.jpg,#NAME?,Sách tiếng Việt/Sách kỹ năng sống/Sách tư duy - Kỹ năng sống,136
10767515,sách phân tâm học nhập môn,SIGMUND FREUD,159000,326683,NONE,5.0,539,12.0,https://tiki.vn/sach-phan-tam-hoc-nhap-mon-tang-kem-bo-bookmark-love-book-p229726201.html?spid=253181422,https://salt.tikicdn.com/cache/280x280/ts/product/02/1a/88/df8998ad898630a7469542c4c970f2ab.png,"Là một trong những công trình nổi tiếng và được phổ biến rộng rãi nhất của vị bác sĩ thần kinh người Áo gốc Do Thái Sigmund Freud. Mang tính dẫn nhập về phân tâm học, một học thuyết gây nhiều tranh cãi ngay từ thời điểm ra đời (cuối thế kỷ XIX), cuốn sách tập hợp 28 bài giảng của Freud, bao gồm những tri thức và cách tiếp cận căn bản của phân tâm học xung quanh các vấn đề vô thức, những giấc mơ, và các trạng thái bệnh lý thần kinh của con người. Qua công trình này, Freud củng cố và xác lập một phương pháp độc đáo trong nghiên cứu và trị liệu bệnh loạn thần kinh mà ông sáng tạo nên: trị bệnh thông qua thăm dò cõi vô thức của con người.",Sách tiếng Việt/Sách kỹ năng sống/Sách tư duy - Kỹ năng sống,57
1353611,sách phương pháp đầu tư warren buffett,TWYLA THARP,99000,7247,OFFICIAL_STORE,0.0,34,4.0,https://tiki.vn/sach-thoi-quen-lam-nen-sang-tao-p6543943.html?spid=70721904,https://salt.tikicdn.com/cache/280x280/ts/product/b1/f7/e2/3489d900a1f433b411251563bd2da7b4.jpg,"Thomas Edison từng nói: “Thiên tài chỉ có 1% là may mắn, 99% còn lại là mồ hôi và nước mắt.”
Chẳng có ai sinh ra đã là thiên tài, những danh nhân được cả thế giới ngưỡng mộ như Moraz, Beethoven hay Newton cũng đều phải trải qua quá trình rèn luyện gian khổ để có thể đạt được thành tựu sáng tạo khiến người người đời sau kính nể. Sáng tạo không phải là món quà mà Thượng đế trao tặng cho tất cả chúng ta, nó là thành quả của sự nỗ lực và chuẩn bị. Sự sáng tạo luôn ở đó, trong tầm tay của những ai mong mỏi kiếm tìm và có được nó.
Tất cả những gì chúng ta cần làm là biến sáng tạo thành thói quen và ngược lại, để điều đó trở thành một phần không thể thiếu trong chúng ta.",Sách tiếng Việt/Sách kỹ năng sống/Sách tư duy - Kỹ năng sống,18
322074,sách phút nhìn lại mình,SPENCER JOHNSON,74100,7734,TRUSTED_STORE,0.0,46,1.0,https://tiki.vn/sach-phut-nhin-lai-minh-p322074.html?spid=270796859,https://salt.tikicdn.com/cache/280x280/media/catalog/product/p/h/phut_nhin_lai_minh.jpg,"“Trong cuộc sống có những lúc cần hướng vềphía trước, suy nghĩ và chuyển động nhanh,có những lúc cần tĩnh lặng, nhìn lại và điều chỉnh.
Mọi thành công trong công việc và hạnh phúctrong cuộc sống đều bắt đầu từ nguồn sáng nội tâm.” -- Khuyết danh
Phút Nhìn Lại Mình của tác giả Spencer Johnson là một câu chuyện thực tế, hữu ích và sâu sắc về cách nhìn lại, tự điều chỉnh mình để vượt qua những khó khăn, trở ngại và đạt được thành công và hạnh phúc thực sự trong cuộc sống.
Giữa dòng đời hối hả, bộn bề, một chàng trai – nhân vật chính của câu chuyện – bên cạnh những vất vả, tổn thương tinh thần - đã có những lúc tưởng chừng đuối sức vì công việc và áp lực cuộc sống. Chính anh đã cảm nhận mình còn thiếu một điều gì đó rất quan trọng và bắt đầu cuộc tìm kiếm sự tĩnh lặng, phút nhìn lại mình, để thanh thản, để trở về với chính mình, để đạt được thành công trong công việc và đặc biệt là tìm được hạnh phúc với người thân yêu, bạn bè, gia đình, với mọi người và quan trọng hơn hết – là hạnh phúc với chính mình.
Chàng trai khám phá ra con đường dẫn đến hạnh phúc, thành công – không ở đâu xa hay khó nắm bắt được như trước đây anh từng nghĩ – mà  đơn giản là chỉ với một khoảng thời gian rất ngắn – một phút nhìn lại mình, dành riêng cho mình. “Đó là điều quan trọng của cuộc sống mà đôi khi bạn đã quên đi hay vô tình không nhận ra…”
Mời bạn đón đọc.",Sách tiếng Việt/Sách kỹ năng sống/Sách kỹ năng mềm,0
12141178,sách sketchnote lý thuyết,MIKE ROHDE,159000,111899,OFFICIAL_STORE,0.0,256,,https://tiki.vn/sach-sketchnote-ly-thuyet-p106362125.html?spid=275568269,https://salt.tikicdn.com/cache/280x280/ts/product/de/60/89/45d2dbdb9521f5dfe772a745b5ff2344.png,+Về tác giả:,Sách tiếng Việt/Sách kỹ năng sống/Sách hướng nghiệp,61
8835539,sách sketchnote thực hành,MANFRED F. R. KETS DE VRIES,79200,53660,OFFICIAL_STORE,5.0,285,6.0,https://tiki.vn/sach-cong-thuc-hanh-phuc-p59043897.html?spid=63669561,https://salt.tikicdn.com/cache/280x280/ts/product/6f/d7/9d/2d892056bb9d795994cb8aeccd896a60.jpg,"Hạnh phúc thực ra là gì? Công thức nào tạo ra hạnh phúc?
Trong cuốn sách này, Kets de Vries nỗ lực giải cấu trúc khái niệm trừu tượng ấy. Ông đi từ quan điểm sinh học, thống kê học, tâm lý học, triết học tự cổ chí kim đến cả các trích dẫn từ nhà văn, nhà thơ, nghệ sĩ, và trên hết, những trải nghiệm cá nhân, nhằm tìm ra một ""đơn thuốc"" giúp tăng cường khả năng đạt được hạnh phúc. Đơn thuốc ấy có hiệu quả hay không tuỳ thuộc ở mỗi người, nhưng có một điều chắc chắn: hạnh phúc luôn ở đâu đó, trong hiện tại và trong tương lai, và ta không bao giờ được mất hy vọng.
MANFRED F. R. KETS DE VRIES là một học giả về quản trị, nhà phân tâm học, cố vấn, giáo sư môn phát triển lãnh đạo và thay đổi tổ chức tại trường kinh doanh INSEAD. Ông là tác giả của 48 cuốn sách cùng hơn 500 bài luận khoa học về các chủ đề như lãnh đạo, phát triển sự nghiệp và thay đổi tổ chức. Năm 2001, ông được Hiệp hội Tâm lý học Hoa Kỳ trao giải Harry và Miriam Levinson vì những đóng góp trong lĩnh vực tư vấn. Năm 2005, ông là người nước ngoài đầu tiên nhận Giải Lãnh đạo Quốc tế của Hoa Kỳ dành cho những đóng góp của ông trong lĩnh vực quản trị. Các tạp chí The Financial Times, Le Capital, Wirtschaftswoche và The Economist xếp ông là một trong những nhà tư tưởng về lãnh đạo hàng đầu thế giới.",Sách tiếng Việt/Sách kỹ năng sống/Sách tư duy - Kỹ năng sống,45
32802799,sách sức mạnh của sự túng quẫn,"DAYMOND JOHN, DANIEL PAISNER",134000,97533,NONE,0.0,129,,https://tiki.vn/suc-manh-cua-su-tung-quan-tang-bookmark-romantic-p38292706.html?spid=72907076,https://salt.tikicdn.com/cache/280x280/ts/product/9e/ab/d5/569a93488c6a8f6b54c2c878c71dbc85.jpg,"Daymond là một Shark nổi tiếng trong Shark Tank của Mỹ, nhà sáng lập thương hiệu thời trang đường phố FUBU. Trước khi có được thành công như hiện tại, ông đã từng trải qua rất nhiều khó khăn trong quá khứ, khi gần như chẳng có gì trong tay.
Daymond đã sử dụng sức mạnh của sự túng quẫn kể từ khi ông bắt đầu may áo phông và bày bán trên đường phố Queens. Với ngân sách vỏn vẹn 40 đô-la, Daymond phải đưa ra chiến lược vượt trội, độc đáo để có thể quảng bá sản phẩm của mình để rộng rãi mọi người. May mắn thay, chính sự túng quẫn đã tạo ra sự đổi mới, vì vậy, ông ấp ủ một ý tưởng cho chiến dịch sáng tạo mà cuối cùng đã đưa thương hiệu FUBU trở thành hiện tượng toàn cầu trị giá 6 tỷ đô-la.
Tại đây, Daymond cho thấy ngoài trách nhiệm pháp lý, sức mạnh của sự túng quẫn có thể là lợi thế cạnh tranh lớn nhất của bạn với tư cách là một doanh nhân. Tại sao? Bởi vì bắt đầu kinh doanh từ con số 0 sẽ buộc bạn phải suy nghĩ sáng tạo hơn. Nó buộc bạn phải sử dụng tài nguyên của mình hiệu quả hơn. Nó buộc bạn phải kết nối với khách hàng của mình một cách xác thực nhất có thể. Nó buộc bạn phải thành thật với chính mình, tập trung vào mục tiêu và đưa ra những giải pháp sáng tạo để có thể tạo ra một dấu ấn đầy ý nghĩa.",Sách tiếng Việt/Sách kỹ năng sống/Sách tư duy - Kỹ năng sống,85
614801,sách sức mạnh của thói quen,,135000,126688,NONE,0.0,361,,https://tiki.vn/cuon-sach-suc-manh-cua-thoi-quen-p197636611.html?spid=276657939,https://salt.tikicdn.com/cache/280x280/ts/product/f8/45/48/d195d53ad2ca6e6557cb61432e15a4f2.png,"Sức Mạnh Của Thói Quen (Tái Bản 2019)
Sức Mạnh Của Thói Quen
Chìa khoá quan trọng nhất để mở cánh cửa thành công chính là sự kết hợp nhuần nhuyễn những thói quen tốt với nhau.
Câu hỏi đặt ra là làm thế nào để phân biệt thói quen tốt và thói quen xấu? Thói quen có nằm trong tầm kiểm soát của chúng ta hay không?
Với ba phần khá đầy đặn, Sức mạnh của thói quen cho bạn cái nhìn toàn diện không chỉ về thói quen cá nhân, của tổ chức mà còn là của toàn xã hội, cùng với lời khuyên để vận dụng các thói quen đó.
Muốn thay đổi thói quen, bạn phải phá vỡ những việc làm tuỳ hứng hàng ngày – câu “thần chú” này chỉ đường cho bạn tới thành công.
Sức mạnh của thói quen sẽ làm bạn say mê bởi những ý tưởng thú vị, những nghiên cứu ấn tượng, những phân tích thông minh và những lời khuyên thiết thực.Và những độc giả đã đưa cuốn sách này vào danh sách bestseller của Thời báo New York suốt 40 tuần đã kiểm chứng điều đó.",Sách tiếng Việt/Sách kỹ năng sống/Sách tư duy - Kỹ năng sống,13
1387539,sách tâm lý học thành công,CAROL S. DWECK,159000,126688,NONE,0.0,205,,https://tiki.vn/thanglong-books-sach-tam-ly-hoc-thanh-cong-p273884702.html?spid=276736086,https://salt.tikicdn.com/cache/280x280/ts/product/8d/80/c4/10f7642aa8fc13e1b0c276b7d2b6d63e.jpg,"Nhà tâm lý học nổi tiếng Carol S. Dweck sau nhiều thập niên nghiên cứu về thành công đã khám phá ra một ý tưởng thực sự mang tính đột phá – sức mạnh tư duy của chúng ta.
Cuốn sách sẽ cho bạn thấy không chỉ khả năng và tài trí mới mang lại thành công cho chúng ta, mà phần lớn do cách tiếp cận mục tiêu bằng lối tư duy nào. Việc tán dương trí thông minh và khả năng của con bạn không hề nuôi dưỡng lòng tự trọng và dẫn đến thành tựu, mà thậm chí còn phương hại đến thành công sau này. Với tư duy đứng đắn, chúng ta có thể tạo động lực cho con cái và giúp chúng phát triển trong trường học, cũng như đạt được mục tiêu của bản thân trong cuộc sống và sự nghiệp. Dweck đã giúp tất cả các bậc cha mẹ, giáo viên, CEO và vận động viên thấy một ý tưởng đơn giản về não bộ có thể tạo ra tình yêu học tập và sự kiên trì – cơ sở cho những thành tựu vĩ đại ở mọi lĩnh vực.",Sách tiếng Việt/Sách kỹ năng sống/Sách tư duy - Kỹ năng sống,21
353323,sách tất cả đều là chuyện nhỏ,RICHARD CARLSON,61000,97533,NONE,0.0,79,,https://tiki.vn/sach-tat-ca-deu-la-chuyen-nho-tai-ban-2012-p353323.html?spid=274910822,https://salt.tikicdn.com/cache/280x280/media/catalog/product/d/e/deu_la_chuyen_nho.jpg,"Tất Cả Đều Là Chuyện Nhỏ (Tái Bản 2012)
Mỗi khi đối mặt với tin xấu, một người khó chịu hay một nỗi thất vọng nào đó - đặc biệt là nghịch cảnh - hầu hết chúng ta thường có thói quen phản ứng lại cuộc sống theo những chiều hướng không mấy tốt đẹp.
Và một cách đơn giản để chúng ta thay đổi cuộc sống của chính mình là thay đổi những thói quen “phản ứng” cũ bằng những thói quen nhìn nhận mới. Các thói quen này sẽ cho phép chúng ta có được cuộc sống trọn vẹn hơn sau khi đã giải quyết đủ loại vấn đề - stress, trục trặc trong các mối quan hệ, công việc, cũng như những nỗi chán nản nói chung.
Được khái quát thành 81 đề mục nhỏ với những mẩu chuyện, những lời khuyên, chia sẻ hoặc dẫn chứng về nội dung đang được đề cập, cuốn sách là một cẩm nang sống tuyệt vời. Qua “Tất cả đều là chuyện nhỏ”, Richard Carlson chia sẻ với các bạn lần lượt từng bí quyết nhỏ nhưng mang lại hiệu quả lớn - những điều bạn có thể thực hiện ngay từ hôm nay - để có một cuộc sống nhẹ nhàng thư thái, không bị vướng bận bởi những chuyện vặt vãnh.
Khi bạn không chấp nhặt những chuyện nhỏ, cuộc sống của bạn không phải ngay lập tức trở nên hoàn hảo, nhưng bạn sẽ học được cách chấp nhận những điều tự nhiên đang diễn ra xung quanh bạn. Nếu bạn áp dụng những bí quyết này, bạn sẽ học được hai nguyên tắc để sống một cách hoà hợp:
1) Đừng chấp nhặt những chuyện nhỏ
2) Tất cả đều là chuyện nhỏ.
Mời bạn đón đọc.",Sách tiếng Việt/Sách kỹ năng sống/Sách kỹ năng mềm,3
83619850,sách thói quen làm nên sáng tạo,,131000,126688,NONE,0.0,66,,https://tiki.vn/sach-vi-dai-do-lua-chon-p127033290.html?spid=184076158,https://salt.tikicdn.com/cache/280x280/ts/product/af/13/74/ba43291848ead1ba78cf8f60ef0adc92.jpg,"Jim Collins là tác giả của hai đầu sách nổi tiếng - Từ tốt đến vĩ đại và Xây dựng để trường tồn. Cùng với phương pháp nghiên cứu như hai cuốn đầu tiên, trong quyển sách này, Jim Collins cùng với Morten T. Hansen đi tìm câu trả lời cho câu hỏi, tại sao các công ty vĩ đại vẫn trường tồn trong những lúc khó khăn, hỗn loạn. Qua rất nhiều năm nghiên cứu khoa học từ những công ty và các lãnh đạo hàng đầu, hai tác giả rút ra được kết luận rằng: Chúng tôi không tin cuộc sống sẽ trở nên tốt đẹp hơn hay có một phép nhiệm mầu và đoán định được tương lai, nhưng có thể nói nhữg tác động phức tạp, toàn cầu hoá và công nghệ đang thúc đẩy thay đổi và càng dễ bị thay đổi hơn bao giờ hết. Chúng tôi cảm thấy trấn tĩnh vì chúng tôi đã hiểu hơn phải có những gì để sống sót, lèo lái và chiến thắng. Theo chúng tôi, trường tồn và tiêu vong phụ thuộc vào những hành động của chúng ta hơn là những gì mà thế giới gây cho chúng ta; và sự vĩ đại không chỉ là một cuộc chinh phục về kinh doanh, nó là cuộc chinh phục của con người.
Và kết quả nghiên cứu sẽ gây bất ngờ cho nhiều nhà lãnh đạo các tổ chức đọc quyển sách này: Những nhà lãnh đạo của các công ty vĩ đại không sáng tạo hơn, không có tầm nhìn xa hơn, không có cá tính hơn, không có vận may hơn, không thích tìm kiếm rủi ro hơn, không anh hùng hơn, và không có khuynh hướng thực hiện những nước cờ lớn, táo bạo hơn. Nhưng họ đã lèo lái được công ty họ qua những lúc khó khăn để luôn trường tồn, bởi vì họ sống và làm việc theo ba yếu tố cân bằng nhau: kiên định với nguyên tắc, sáng tạo theo kinh nghiệm và biết sợ hãi một cách hữu ích.
Quyển sách phù hợp với tầng lớp doanh nhân và lãnh đạo các công ty Việt Nam, những người nghiên cứu về kinh doanh, đang trong quá trình lèo lái con thuyền công ty vươn lên sau khủng hoảng và hướng tới vĩ đại vĩnh cửu.",Sách tiếng Việt/Sách kỹ năng sống/Sách tư duy - Kỹ năng sống,132
1938903,sách thuật đắc nhân tâm,JOHN C. MAXWELL,96300,1,OFFICIAL_STORE,4.8,18,7.0,https://tiki.vn/sach-thuat-dac-nhan-tam-p275866978.html?spid=275866981,https://salt.tikicdn.com/cache/280x280/ts/product/58/d4/c5/ae4cf320918a85a35c6aa775671bba87.jpg,"Điều gì có thể chinh phục lòng người? Có phải ai sinh ra cũng có những phẩm chất hay sự nhạy cảm và tinh tế để gặt hái thành công trong mọi mối quan hệ? Chúng ta có thể có những kỹ năng để chinh phục lòng người không hay chỉ chấp nhận những gì Chúa đã ban tặng? Và liệu những người giỏi xây dựng các mối quan hệ có thể làm tốt hơn nữa không?
Hầu hết mọi người đều dễ dàng nhận ra những người giỏi chinh phục lòng người khi tiếp xúc với họ. Họ cho chúng ta cảm giác được là chính mình và nâng chúng ta lên tầm cao hơn. Tiếp xúc với họ mang lại cho bạn những trải nghiệm tích cực, thú vị và khiến bạn luôn muốn ở bên họ.
Rất nhiều người thường quá chú trọng đến tài năng và năng lực mà quên mất một điều là những mối quan hệ tốt đẹp chính là nền tảng cho mọi thành tựu, cho cuộc sống ý nghĩa và hạnh phúc. Đó không chỉ là lớp kem phủ mà chính là một phần của chiếc bánh thành công.
Và bạn hoàn toàn có thể học để trở thành một người “đắc nhân tâm”. Cuốn sách này sẽ gợi ý cho bạn những cách tạo dựng và duy trì các mối quan hệ tốt đẹp, bền chặt thông qua 25 bí kíp lôi cuốn người khác như Nguyên tắc Lăng Kính, Nguyên tắc Tấm gương, Nguyên tắc thang máy… John C. Maxwell sẽ chứng minh có một công thức thành công rất đơn giản, đó là:
Thành công = Các kỹ năng bạn sử dụng + Các mối quan hệ bạn lựa chọn
- “Một lần nữa, John Maxwell lại chứng tỏ sức sáng tạo tuyệt vời của mình. Cuốn sách này thật sự là một kho các nguyên tắc khôn ngoan, được minh hoạ rõ ràng, đơn giản, rất thực tế và nếu áp dụng được sẽ cải thiện đáng kể các mối quan hệ…” - Tiến sĩ Stephen R. Covey, Tác giả cuốn 7 thói quen của những ngưòi thành đạt",Sách tiếng Việt/Sách kỹ năng sống/Sách tư duy - Kỹ năng sống,25
32192499,sách thuật quản lý khủng hoảng bản thân,,71000,126688,NONE,0.0,21,,https://tiki.vn/sach-thuat-quan-ly-khung-hoang-ban-than-alphabooks-ban-quyen-p210164054.html?spid=263271765,https://salt.tikicdn.com/cache/280x280/ts/product/79/29/a9/4a443f98ec38d8bb4bafa1aeedba6aac.jpg,"Dù bạn là ai, đang hoạt động trong lĩnh vực nào hay đang thực hiện công việc tốt đến đâu, thì chắc chắn có lúc bạn sẽ gặp phải những khó khăn, trở ngại ngáng đường. Những lúc như vậy, chúng ta đều bị khủng hoảng nặng hoặc nhẹ, tuỳ theo mức độ của vấn đề. Và việc vượt qua khủng hoảng một cách ngoạn mục hay để mặc nó nhấn chìm bản thân chính là điểm phân biệt cốt lõi giữa những người thành công và kẻ thất bại.
Với mục đích giúp mọi người vượt qua khủng hoảng một cách dễ dàng, Thuật quản lý khủng hoảng bản thân của Brian Tracy sẽ đưa ra 21 bí quyết súc tích nhưng vô cùng giá trị về những đối pháp dành cho khủng hoảng. Bạn sẽ tìm ra cho mình những mẹo mực bổ ích như kiểm soát tinh thần, tiết kiệm năng lượng của bản thân, nhìn thẳng vào sự thật hay tự tin vào năng lực của chính mình, …
Sách - Thuật quản lý khủng hoảng bản thân",Sách tiếng Việt/Sách kỹ năng sống/Sách tư duy - Kỹ năng sống,84
13579551,sách thuật tẩy não,CAO ĐỨC,151000,60209,NONE,0.0,130,,https://tiki.vn/sach-thuat-tay-nao-tai-ban-2019-tang-kem-bookmark-tiki-p22367164.html?spid=248611321,https://salt.tikicdn.com/cache/280x280/ts/product/47/28/79/170a9327d4fa1a97b2e0dfc4ef338f0c.jpg,"Dường như không ai tin bản thân mình đang bị khống chế bởi tâm hồn của một kẻ khác, vì rất ít người hiểu được cách thức hoạt động của việc khai thông tiềm thức và truyền bá ý tưởng. Nhưng đó lại là vở kịch tài tình do chính chúng ta và người tẩy não cấp cao dựng nên. Không có ý tưởng nào trên đời xuất hiện khi con người chưa bị thôi miên. Nếu bạn có thể đi vào não bộ của khách hàng, tiềm thức của khách hàng và xem xét kỹ càng những nội dung phong phú bên trong, hẳn là bạn sẽ nhận ra “sự thật tư duy”.
Thuật tẩy não là một cuốn bách khoa toàn thư về kiểm soát tâm lý, một cuốn giáo trình tâm lý học giúp bạn thống trị cả thế giới. Và cũng là một cuốn sách truyền cảm hứng đượcdự đoán sẽ không tạo ra các nhóm mua, bởi hầu hết lãnh đạo của các doanh nghiệp đều sợ đối thủ cũng như cấp dưới của mình đọc cuốn sách này.",Sách tiếng Việt/Sách kỹ năng sống/Sách tư duy - Kỹ năng sống,65
32037204,sách thức tỉnh mục đích sống,ECKHART TOLLE,118400,1,OFFICIAL_STORE,5.0,886,3460.0,https://tiki.vn/sach-thuc-tinh-muc-dich-song-tai-ban-p139567621.html?spid=139567623,https://salt.tikicdn.com/cache/280x280/ts/product/dd/28/9b/89a9fa55bbc6fbeccdec8f7768fea050.jpg,"Thức Tỉnh Mục Đích Sống - Cuốn Sách Làm Bừng Tỉnh Thế Giới!
Chuyển hoá tâm thức con người là trọng tâm của những điều Eckhart Tolle đề cập trong quyển sách nổi tiếng A New Earth - Thức Tỉnh Mục Đích Sống này. Theo ông, sự thức tỉnh là bước kế tiếp sẽ xảy ra trong quá trình phát triển tâm thức của nhân loại. Nhân loại sẽ bước sang một giai đoạn mà sự thức tỉnh trong tâm hồn sẽ tạo ra sự tự do và niềm hạnh phúc miên viễn trong mỗi con người và trên toàn thế giới.
""Thức tỉnh mục đích sống"" đã cộng hưởng thật sâu sắc với những điều bên trong tôi và giúp tôi thay đổi nhận thức về bản thân và về cả mọi điều""",Sách tiếng Việt/Sách kỹ năng sống/Sách kỹ năng mềm,83
55066553,sách thuyết phục bất kỳ ai,S. RENEE SMITH,92400,53660,OFFICIAL_STORE,5.0,26,7.0,https://tiki.vn/sach-thuyet-phuc-bat-ky-ai-p55066553.html?spid=56889981,https://salt.tikicdn.com/cache/280x280/ts/product/da/ef/79/9b0ca459edccec280014bf69c0a8a9c6.jpg,"Bạn đã bao giờ rơi vào tình huống khi bạn muốn thuyết phục đối phương và bạn biết chính xác điều mình muốn nói, nhưng bỗng dưng tim bạn bắt đầu đập nhanh, tay đẫm mồ hôi lạnh, và càng cố lên tiếng, bạn càng không thể nói thành lời chưa? Nếu câu trả lời là có, thì đã đến lúc bạn mài giũa khả năng giao tiếp của bản thân!
Với hơn 20 năm kinh nghiệm đào tạo hàng trăm công ty và khách hàng, S. Renee Smith sẽ hỗ trợ bạn trên cuộc hành trình này. Mục tiêu cả cuộc đời của S. Renee Smith là tìm kiếm sức mạnh của chính mình và giúp đỡ người khác tìm kiếm và sống đúng với khả năng tiềm ẩn của họ. Cuốn sách này chính là kết quả từ chính mục tiêu đó.
Thông qua cuốn sách “Thuyết phục bất kì ai”, tác giả sẽ giới thiệu nhiều lời khuyên và ví dụ thực tế về các kiểu giao tiếp dựa trên những chuyện người thực việc thực, kèm theo đó là tấm bản đồ chỉ dẫn đơn giản để giúp bạn phát triển chiến lược giao tiếp thành công giúp giải quyết mâu thuẫn, cân bằng sức mạnh, chia sẻ ý tưởng, hồi đáp những cử chỉ khó ưa, và ứng phó với khoảnh khắc lúng túng. Thông qua những kinh nghiệm thực tiễn của bản thân, tác giả đã chắt lọc những gì mình đã học được về giao tiếp quyết đoán thành 5 bước cơ bản, giúp bạn hiểu phong cách giao tiếp của mình và xác định những thay đổi bạn có thể thực hiện để trở thành một người giao tiếp quyết đoán và tự tin hơn:
Bước 1 - Xác định điểm bắt đầu: Bao gồm những bài tập giúp bạn hiểu biết sâu sắc hơn về bản thân và kiểu giao tiếp của mình.
Bước 2 - Lắng nghe quyết đoán: Các chiến lược duy trì sự tự chủ, bất kể đối phương nói hay làm gì, đồng thời học được cách thừa nhận quan điểm của người khác mà không có vẻ trịch thượng, cũng như đưa ra phản hồi mà không xúc phạm.
Bước 3 - Giao tiếp không lời quyết đoán: Cách rèn luyện kỹ năng xây dựng mối quan hệ hiệu quả giữa người với người, từ đó tăng cường lợi ích kinh doanh, thay đổi sự nghiệp, và tái thiết mối quan hệ cá nhân.
Bước 4 - Tự tin lên tiếng: Học cách kết hợp các kỹ năng giao tiếp quyết đoán với kỹ năng giao tiếp bằng lời để bạn giao tiếp tự tin, thành công và quả quyết hơn.
Bước 5 -Phản hồi trực tiếp: Cách tiếp nhận những lời phản hồi với thái độ tích cực và tận dụng chúng để phát triển bản thân.
Khi đọc cuốn sách này, bạn chắc chắn đang kiếm tìm điều gì đó cụ thể. Rất có thể bạn gặp rào cản tự ti cần phá bỏ, một khoảng cách giao tiếp mà bạn muốn lấp đầy, hoặc một khó khăn mà bạn đang lên kế hoạch giải quyết. Mục tiêu của S. Renee Smith là tạo ra trải nghiệm học hỏi vui vẻ và dễ dàng cho bạn, đồng thời đóng góp vào sự phát triển cá nhân và thành công nghề nghiệp của bạn. Nếu tuân thủ và ứng dụng các bước này khi giao tiếp, bạn sẽ phát triển được các kỹ năng cần thiết để giao tiếp hiệu quả và dứt khoát với mọi người. Bạn đã sẵn sàng trở thành một người giao tiếp quyết đoán chưa? Hãy cùng bắt đầu nào.",Sách tiếng Việt/Sách kỹ năng sống/Sách kỹ năng mềm,112
230009482,sách tích cực có chừng mực,OLIVER BURKEMAN,116000,1,OFFICIAL_STORE,4.8,5,76.0,https://tiki.vn/sach-tich-cuc-co-chung-muc-p230009482.html?spid=230009483,https://salt.tikicdn.com/cache/280x280/ts/product/77/b3/d1/85481a3abd97cb1effb5275a925eaa57.jpg,"Một cách tiếp cận hoàn toàn mới mà với tự lực: thành công nhờ thất bại, bình thản khi chấp nhận lo âu.
Nền văn minh ngày nay đề cao hạnh phúc, mà để đạt được hạnh phúc, theo phần lớn sách tự lực nhan nhản khắp nơi, ta chỉ cần suy nghĩ tích cực, xoá bỏ bóng ma của nỗi buồn và thất bại khỏi tâm trí. Thế nhưng đời sống hiện đại dù mang đến nhiều tiện ích nhưng trong số đó lại có quá ít thứ làm chúng ta vui lên được. Vậy có phải chúng ta đang đuổi theo một thứ phù phiếm? Hay chỉ đơn giản là đi sai đường rồi?
Qua những trang sách này, ta được làm quen với một lối tư duy đáng kinh ngạc về tâm lý con người: trong đời sống cá nhân nói riêng và trong xã hội nói chung, chính nỗ lực không ngừng nhằm kiếm tìm hạnh phúc đã khiến chúng ta khốn khổ. Để đạt được hạnh phúc và thành công, ta phải học cách chấp nhận thất bại, suy nghĩ bi quan, làm quen với cảm giác bất an và bấp bênh - chính những thứ mà chúng ta dành cả đời để tìm cách lẩn tránh. Tích Cực Có Chừng Mực một cuốn sách khác thường, gợi lên nhiều suy ngẫm và tràn đầy lạc quan trong những lời ngợi ca sức mạnh của tư duy tiêu cực, Tích cực có chừng mực là bí kíp giúp người thông thái hiểu được khái niệm hạnh phúc vốn bị ngộ nhận bấy lâu nay.",Sách tiếng Việt/Sách kỹ năng sống/Sách tư duy - Kỹ năng sống,169
734872,sách tôi đúng anh sai,,107000,97533,NONE,0.0,17,,https://tiki.vn/sach-toi-dung-anh-sai-alphabooks-ban-quyen-p210276086.html?spid=214754962,https://salt.tikicdn.com/cache/280x280/ts/product/7b/d5/cb/da11c8365f49f7f7d46d543836d4ef18.jpg,"Cuốn sách chia làm bốn phần,mỗi phần lại chia nhỏ thành các mục con, thể hiện các quan điểm của tác giả về những hình thái sẵn có trong tư duy, ưu, nhược điểm và so sánh với hình thái tư duy mới của ông là tư duy đa chiều, cùng với những đặc tính của nó giúp thúc đẩy tiến bộ xã hội, tạo ra kỷ nguyên mới trong văn minh nhân loại.
Giá trị của cuốn sách: “Tôi đúng – Anh sai” đúc kết tinh tuý từ những thói quen tư duy truyền thống mà kỷ Phục hưng trước kia đã xác lập. “Tôi đúng – Anh sai” là một bản tốc ký đúc kết những thói quen tư duy góp phần hình thành nên kỷ Phục hưng và về sau được phát triển thêm chính nhờ thời đại này. Công cuộc tìm kiếm chân lý – phân biệt với giáo lý – được thực hiện thông qua việc phơi bày những điều sai với công cụ là tranh luận, lập luận và logic. Lập luận này, chứ không phải giáo lý, là quyết định cái gì đúng, cái gì sai.
Cuốn sách được viết bởi tác giả Edward de Bono, ông vừa là bác sĩ vừa là nhà tâm lý học. Ông được xem là tác giả hàng đầu thế giới về tư duykhái niệm và phát triển loại tư duy này như một kỹ năng. Ông nhận học bổng Rhodes Scholarcho các nghiên cứu quốc tế tại Đại học Oxford và tham gia giảng dạy ở các trường ĐH Oxford, Cambridge, và Harvard. Ông đã viết khoảng20 cuốn sách và sách của ông được dịch ra 20 thứ tiếng khác nhau.",Sách tiếng Việt/Sách kỹ năng sống/Sách tư duy - Kỹ năng sống,15
162530673,sách tôi tự học,THU GIANG NGUYỄN DUY CẦN,88000,1,OFFICIAL_STORE,4.8,296,3604.0,https://tiki.vn/sach-toi-tu-hoc-p179063564.html?spid=179063565,https://salt.tikicdn.com/cache/280x280/ts/product/83/56/a4/4e30567a5485849e3a041aa38defd868.jpg,"Sách “Tôi tự học” của tác giả Nguyễn Duy Cần đề cập đến khái niệm, mục đích của học vấn đối với con người đồng thời nêu lên một số phương pháp học tập đúng đắn và hiệu quả. Tác giả cho rằng giá trị của học vấn nằm ở sự lĩnh hội và mở mang tri thức của con người chứ không đơn thuần thể hiện trên bằng cấp. Trong xã hội ngày nay, không ít người quên đi ý nghĩa đích thực của học vấn, biến việc học của mình thành công cụ để kiếm tiền nhưng thực ra nó chỉ là phương tiện để đưa con người đến thành công mà thôi. Bởi vì học không phải để lấy bằng mà học còn để “biết mình” và để “đối nhân xử thế”.
Cuốn sách này tuy đã được xuất bản từ rất lâu nhưng giá trị của sách vẫn còn nguyên vẹn. Những tư tưởng, chủ đề của sách vẫn phù hợp và có thể áp dụng trong đời sống hiện nay. Thiết nghĩ, cuốn sách này rất cần cho mọi đối tượng bạn đọc vì không có giới hạn nào cho việc truy tầm kiến thức, việc học là sự nghiệp lâu dài của mỗi con người. Đặc biệt, cuốn sách là một tài liệu quý để các bạn học sinh – sinh viên tham khảo, tổ chức lại việc học của mình một cách hợp lý và khoa học. Các bậc phụ huynh cũng cần tham khảo sách này để định hướng và tư vấn cho con em mình trong quá trình học tập.",Sách tiếng Việt/Sách kỹ năng sống/Sách tư duy - Kỹ năng sống,149
10281398,sách trí nhớ không giới hạn,KEVIN HORSLEY,59700,1,OFFICIAL_STORE,4.7,98,1200.0,https://tiki.vn/sach-tri-nho-khong-gioi-han-p10281398.html?spid=10281399,https://salt.tikicdn.com/cache/280x280/ts/product/b9/d9/b1/969874db037d2126bf4ee4bfd005a60d.jpg,"Phần lớn mọi người chỉ khai thác 10% bộ nhớ, nhưng…
Bạn sắp tìm ra:
Cách tăng dung lượng bộ nhớ từ 7 bit đến 50 bit
6 hệ thống trí nhớ cải thiện khả năng lưu giữ và nhắc nhở
Cách dễ dàng ghi nhớ để học và làm bài thi
Cách cải thiện khả năng tập trung, chú ý
Cách nhớ tên dễ dàng trong giao tiếp
Trong thế kỷ 21, học tập siêu tốc và sử dụng hiệu quả não bộ là một lợi thế cạnh tranh đáng kể. Trí nhớ không giới hạn sẽ giúp bạn thành một nhà vô địch trí nhớ!",Sách tiếng Việt/Sách kỹ năng sống/Sách tư duy - Kỹ năng sống,53
828647,sách trí tuệ xúc cảm,DANIEL GOLEMAN,139300,7247,OFFICIAL_STORE,0.0,70,3.0,https://tiki.vn/sach-tri-tue-xuc-cam-p106362265.html?spid=260820190,https://salt.tikicdn.com/cache/280x280/ts/product/88/74/87/2b2c6867f2ede77d3f8a83201a547068.png,Sách - Trí tuệ xúc cảm,Sách tiếng Việt/Sách kỹ năng sống/Sách tư duy - Kỹ năng sống,17
36399672,sách trò đùa của sự ngẫu nhiên,,188000,97533,NONE,0.0,260,,https://tiki.vn/sach-tro-dua-cua-su-ngau-nhien-alphabooks-ban-quyen-p208595889.html?spid=274764562,https://salt.tikicdn.com/cache/280x280/ts/product/09/42/e6/ba942c5bdae2f40418d34ab33a278c51.jpg,"Sách - Trò đùa của sự ngẫu nhiên
Trò đùa của sự ngẫu nhiên là cuốn sách viết về những lối tư duy sai sót trong nhận thức của con người. Đây là cuốn sách đầu tiên trong series “Incerto” (Tính bất định) của Nassim Nicholas Taleb.
Trong cuốn sách này, Taleb nêu ra các thiên kiến sai lầm của con người về sự ngẫu nhiên. Theo đó, con người thường:
1. Đánh giá quá cao quan hệ nhân – quả. Ví dụ, người thành công do họ từng thành công trong quá khứ và thường vô thức bắt chước theo một số đặc điểm mà họ ngộ nhận rằng điều này mang đến thành công.
2. Lý giải thế giới theo cách dễ hiểu hơn thực tế. Luôn cố gắng giải thích những điều ngẫu nhiên không phải là ngẫu nhiên.
Hai thiên kiến trên được lồng ghép, chia tách một cách tinh tế thông qua ba phần:
1. Lời cảnh báo của Solon: Lịch sử và thuộc tích khó nắm bắt của các sự kiện hiếm gặp (thiên nga đen). Đồng thời phân tích những tác động nặng nề của các sự kiện hiếm gặp trong cuộc sống và trên thị trường
2. Những con khỉ và chiếc máy đánh chữ: Trình bày những thiên kiến xác suất mà tác giả ghi nhận được trong sự nghiệp, bao gồm, thiên kiến kẻ sống sót, thiên kiến méo mó về xác suất và sự ngẫu nhiên.",Sách tiếng Việt/Sách kỹ năng sống/Sách tư duy - Kỹ năng sống,89
29907194,sách trong chớp mắt,,137000,111899,OFFICIAL_STORE,0.0,115,1.0,https://tiki.vn/sach-trong-chop-mat-alphabooks-ban-quyen-p208232006.html?spid=276559141,https://salt.tikicdn.com/cache/280x280/ts/product/eb/81/79/a8cf2b5f1cd1ea87d6416a3d80fc04fb.png,"Trong chớp mắt là cuốn sách viết về cách chúng ta nghĩ mà không cần suy nghĩ, về những quyết định đưa ra chỉ trong một cái chớp mắt thực sự không hề tầm thường như mọi người vẫn nghĩ. Vì sao một số người luôn là những người quyết định sáng suốt, trong khi số khác lại luôn lầm lẫn, quẩn quanh… Tại sao một số người hành động theo bản năng của họ và chiến thắng, một số người lại luôn kết thúc bằng sai lầm. Não của chúng ta thực sự hoạt động thế nào: trong công sở, trong lớp học, trong bếp và phòng ngủ… Và vì sao những quyết định đúng đắn nhất lại thường là những quyết định không thể lý giải rõ ràng cho người khác.
Trong chớp mắt chúng ta gặp một nhà tâm lý học, người có thể tiên đoán cuộc hôn nhân nào sẽ đổ vỡ chỉ dựa vào vài phút quan sát cặp vợ chồng, một huấn luyện viên tennis, người có thể biết khi nào một vận động viên sẽ phạm lỗi kép thậm chí trước khi vợt kịp chạm đến bóng, một chuyên gia thẩm định đồ cổ, người có thể nhận ra sự giả mạo bằng một cái nhìn thoáng qua.
Trong chớp mắt tiết lộ một bí mật: những người quyết định vĩ đại không phải là những người sử dụng hầu hết thông tin, thời gian để cân nhắc kĩ lưỡng, mà lại là những người thành thạo trong nghệ thuật “lát cắt mỏng”, nắm bắt được mọi khía cạnh vấn đề từ một lát cắt mỏng.
Trong chớp mắt đã đưa Maclcom Gladwell lên vị trí của một trong những tác giả viết luận hấp dẫn nhất trong lĩnh vực giao thoa giữa khoa học và văn hoá.
Mã NCCtAlpha Books",Sách tiếng Việt/Sách kỹ năng sống/Sách tư duy - Kỹ năng sống,81
93327797,sách tư duy nhanh và chậm,DANIEL KAHNEMAN,188300,7247,OFFICIAL_STORE,4.7,325,128.0,https://tiki.vn/sach-tu-duy-nhanh-va-cham-tai-ban-p93327797.html?spid=146195984,https://salt.tikicdn.com/cache/280x280/ts/product/d2/5a/00/a0e7f0d7fbb8cdbb495b6e685504a212.png,"Thinking fast and slow - Tư duy nhanh và chậm - cuốn sách được Tạp chí Tài chính Mỹ đặc biệt đánh giá là “một kiệt tác” trong việc nói về tính hợp lý, phi lý của con người trong tư duy, trong việc đánh giá và ra quyết định.
Trong cuộc sống, dù bạn có cẩn trọng đến mức nào thì vẫn có những lúc bạn đưa ra những quyết định dựa trên cảm tình chủ quan của mình. Thinking fast and slow, cuốn sách nổi tiếng tổng hợp tất cả nghiên cứu được tiến hành qua nhiều thập kỷ của nhà tâm lý học từng đạt giải Nobel Kinh tế Daniel Kahneman sẽ cho bạn thấy những sư hợp lý và phi lý trong tư duy bản thân. Cuốn sách được đánh giá là “kiệt tác” trong việc thay đổi hành vi của con người, Thinking fast and slow đã giành được vô số giải thưởng danh giá, lọt vào Top 11 cuốn sách kinh doanh hấp dẫn nhất năm 2011. Cuốn sách được Alpha Books mua bản quyền và xuất bản vào Quý I năm nay. Thinking fast and slow dù là cuốn sách có tính hàn lâm cao nhưng được truyền tải một cách vui nhộn và dễ hiểu, hứa hẹn sẽ mang lại cho bạn đọc nhiều kiến thức mới mẻ, bổ ích.
Thinking fast and slow sẽ đưa ra và lý giải hai hệ thống tư duy tác động đến con đường nhận thức của bạn. Kahneman gọi đó là: hệ thống 1 và hệ thống 2. Hệ thống 1, còn gọi là cơ chế nghĩ nhanh, tự động, thường xuyên được sử dụng, cảm tính, rập khuôn và tiềm thức. Hệ thống 2, còn gọi là cơ chế nghĩ chậm, đòi hỏi ít nỗ lực, ít được sử dụng, dùng logic có tính toán và ý thức. Trong một loạt thí nghiệm tâm lý mang tính tiên phong, Kahneman và Tversky chứng minh rằng, con người chúng ta thường đi đến quyết định theo cơ chế nghĩ nhanh hơn là ghĩ chậm. Phần lớn nội dung của cuốn sách chỉ ra những sai lầm của con người khi suy nghĩ theo hệ thống 1. Kahneman chứng minh rằng chúng ta tệ hơn những gì chúng ta tưởng: đó là chúng ta không biết những gì chúng ta không biết!
Thinking fast and slow đáp ứng hai tiêu chí của một cuốn sách hay, thứ nhất nó thách thức quan điểm của người đọc, thứ hai, nó không phải là những trang sách với những con chữ khô cứng mà vô cùng vui nhộn và hấp dẫn. Không nghi ngờ gì nữa, đây là cuốn sách hàn lâm dành cho tất cả mọi người!
Daniel Kahneman, sinh năm 1934, nhà tâm lý học người Mỹ gốc Israel đã dành giải Nobel Kinh tế năm 2002. Ông dành cả cuộc đời của mình để nghiên cứu về tâm lý học hành vi con người. Cùng với người cộng sự đã qua đời Amos Tversky, hai ông đã có được những nghiên cứu sâu sắc về con đường tư duy và nhận thức của con người.",Sách tiếng Việt/Sách kỹ năng sống/Sách tư duy - Kỹ năng sống,134
188282978,sách từ gà mờ thành chuyên gia,MALCOLM GLADWELL,160300,111899,OFFICIAL_STORE,0.0,15,,https://tiki.vn/sach-doc-vi-nguoi-la-p188282978.html?spid=276559186,https://salt.tikicdn.com/cache/280x280/ts/product/5b/05/0e/bd9ae4ffc0dbc7cc34217bbd32c26faf.png,"Đọc Vị Người Lạ là một cuộc phiêu lưu trí tuệ kinh điển đậm chất Gladwell, một hành trình đầy thử thách và đa chiều xuyên qua lịch sử, tâm lí và các vụ xì căng đan mà ta từng gặp trên báo chí. Trong đó, Malcolm Gladwell xem xét lại vụ lừa đảo thế kỉ của Bernie Madoff, phiên toà của Amanda Knox, cuộc tự tử của Sylvia Plath, bê bối lạm dụng tình dục trẻ em của Jerry Sandusky ở Đại học Penn State, và cái chết của Sandra Bland - để từ đó ném thẳng những hiểu biết của chúng ta đối với những câu chuyện này và cả những câu chuyện khác vào vòng xoáy ngờ vực.
Có một điều gì đó rất sai, Gladwell lập luận, với những công cụ và những chiến lược mà chúng ta sử dụng để đánh giá về những người chúng ta không biết. Và bởi vì chúng ta không biết cách trò chuyện với những người lạ, chúng ta mời gọi các mâu thuẫn và hiểu lầm theo những cách gây tác động sâu sắc đến đời sống của chúng ta và của thế giới. Trong cuốn sách đầu tiên của mình kể từ sau cuốn sách bán chạy số 1 David & Goliath, Malcolm Gladwell lại viết tiếp một cuốn sách hướng dẫn nghẹt thở trong những thời đại hỗn mang.",Sách tiếng Việt/Sách kỹ năng sống/Sách tư duy - Kỹ năng sống,160
22367144,sách vượt qua bản ngã,MIKE ROHDE,179000,126688,NONE,0.0,97,,https://tiki.vn/sach-sketchnote-thuc-hanh-tang-kem-bookmark-tiki-p22367144.html?spid=263271797,https://salt.tikicdn.com/cache/280x280/ts/product/e3/c2/e2/b4589b04c90a3b614d332ffb602e3fab.jpg,"Nếu muốn bắt đầu tìm hiểu về kỹ thuật sketchnote, đây là cuốn sách hướng dẫn tốt nhất dành cho bạn.
Sketchnote lý thuyết minh hoạ đầy đủ về câu chuyện sketchnote – tại sao và cách nào bạn có thể sử dụng chúng để nắm bắt tư duy của mình một cách trực quan, ghi nhớ thông tin rõ ràng hơn và chia sẻ những gì bạn ghi chép cho những người khác. Cuốn sách cũng giải thích các kỹ thuật sketchnote cho việc ghi chú trực quan theo tốc độ ghi chép của bạn cũng như trong thời gian diễn ra sự kiện. Tác giả Mike Rohde cũng cho bạn thấy cách kết hợp các kỹ thuật này vào quá trình ghi chép – bất kể khả năng nghệ thuật của bạn ra sao – để giúp bạn xử lý thông tin mà bạn đang nghe tốt hơn và biến quá trình ghi chép vốn nhàm chán trở nên thú vị.
Mike Rohde là một nhà thiết kế giao diện và trải nghiệm, làm việc cho Gomoll Research + Design. Ông có niềm đam mê với các giải pháp thiết kế đơn giản và hữu dụng, điều đó đã truyền cảm hứng cho ông phát triển các bản sketchnote – một nghệ thuật giúp “phiên dịch” những ý tưởng đơn giản và phức tạp thành những thông tin dễ nhớ. Ông từng tạo ra các bản sketchnote trực tiếp cho các sự kiện lớn như SXSW, World Domination Summit",Sách tiếng Việt/Sách kỹ năng sống/Sách tư duy - Kỹ năng sống,78
