customer_id,product_id,rating,content,title,thank_count,customer_index,product_index
522878,12416734,4,,Hài lòng,0,34,63
11736484,12416734,5,,Cực kì hài lòng,0,243,63
120954,12416734,5,.,Cực kì hài lòng,0,13,63
14088052,10752430,5,,Cực kì hài lòng,0,269,56
22555105,10752430,5,,Cực kì hài lòng,0,352,56
21654527,10752430,5,,Cực kì hài lòng,0,345,56
6468863,10752430,5,,Cực kì hài lòng,0,142,56
1736908,162530673,5,"Tiki giao hàng rất nhanh và đóng gói kỹ càng, cẩn thận. Sách đẹp và thơm mùi mới.",Cực kì hài lòng,0,84,149
10970692,162530673,4,"Sách của bác Cần rất hay, câu từ chuẩn văn phong miền nam ngày trước , nhưng phong chữ rối mắt mình, không thích kiểu phong chữ hoa văn này",Hài lòng,0,229,149
15188098,162530673,5,,Cực kì hài lòng,0,280,149
5161812,162530673,5,,Cực kì hài lòng,0,106,149
11195564,162530673,5,,Cực kì hài lòng,0,231,149
7117824,162530673,5,,Cực kì hài lòng,0,159,149
1890765,162530673,5,,Cực kì hài lòng,0,92,149
23783813,162530673,5,,Cực kì hài lòng,0,358,149
11359,162530673,5,,Cực kì hài lòng,0,1,149
628851,162530673,5,"Một quyển sách dễ hiểu, hay mà tất cả ai cũng nên đọc",Cực kì hài lòng,0,41,149
10491118,162530673,5,,Cực kì hài lòng,0,221,149
21491462,162530673,5,,Cực kì hài lòng,0,341,149
5979039,162530673,5,,Cực kì hài lòng,0,132,149
22555105,162530673,5,,Cực kì hài lòng,0,352,149
955944,162530673,5,,Cực kì hài lòng,0,56,149
21584134,162530673,5,,Cực kì hài lòng,0,344,149
5917418,162530673,5,,Cực kì hài lòng,0,129,149
1163920,162530673,5,,Cực kì hài lòng,0,64,149
1356818,162530673,5,,Cực kì hài lòng,0,71,149
8118174,162530673,5,,Cực kì hài lòng,0,184,149
5435801,162530673,5,,Cực kì hài lòng,0,120,149
22693770,162530673,5,Tốt,Cực kì hài lòng,0,355,149
10288229,162530673,5,,Cực kì hài lòng,0,218,149
310648,162530673,5,,Cực kì hài lòng,0,18,149
620317,162530673,5,,Cực kì hài lòng,0,40,149
10781891,273386447,5,Huu ich,Cực kì hài lòng,0,225,172
10025671,273386447,5,,Cực kì hài lòng,0,215,172
21654527,273386447,5,,Cực kì hài lòng,0,345,172
16426556,22172572,5,,Cực kì hài lòng,0,294,76
11511756,10118594,5,,Cực kì hài lòng,0,239,49
8663058,13579551,5,,Cực kì hài lòng,0,199,65
810311,10118596,5,"Haker lược sử- Chiến công của những kẻ mê máy tính thông minh và lập dị thời ký đầu của cuộc cách mạng máy tính- Steven Levy được gọi là đạo đức hacker phác học bức tranh đa màu gồm những trí thông minh tuyệt đỉnh, ghi lại những chiến công của hacker thời kỳ đầu trong cuộc cách mạng máy tính của những kẻ mê máy tính thông minh những năm 1950- 1980, đã dám mạo hiểm, bẻ cong các quy tắc và đẩy thế giới vào một hướng đi hoàn toàn mới. Nhân viên giao hàng Tiki vui vẻ dù đã cận kề tết ngày 23 âm lịch. Ngày 28/01/2019.",Hacer,7,52,50
6301744,10118596,5,"Cuốn sách nói về những nhân vật, cỗ máy, sự kiện định hình cho văn hóa và đạo đức hacker từ những hacker đời đầu ở đại học MIT.. Câu chuyện hấp dẫn bắt đầu từ các phòng thí nghiệm nghiên cứu máy tính đầu tiên đến các máy tính gia đình.. Tập hợp tài liệu cập nhật từ các tin tặc nổi tiếng như Bill Gates, Mark Zuckerberg, Richard Stallman…. Những sự thật về cuộc sống và con đường trở thành “tin tặc” của những con người đã thay đổi lịch sử phát triển của ngành Công nghệ.. Cuốn  sách của Steven Levy ghi lại những chiến công của các tin tặc thời kỳ đầu trong cuộc cách mạng máy tính - những kẻ mê máy tính thông minh và lập dị từ cuối những năm 1950 đến đầu thập niên 1980, dám mạo hiểm, bẻ cong quy tắc và đẩy thế giới vào một hướng đi hoàn toàn mới.",MAX SAO,1,139,50
21558077,10118596,4,,Hài lòng,0,343,50
6081017,10118596,5,,Cực kì hài lòng,0,135,50
21221657,10118596,5,"Giao hàng nhanh, sách còn mới, nội dung khá hay. Khá hài lòng với sản phẩm",Cực kì hài lòng,0,338,50
5917418,10118596,5,,Cực kì hài lòng,0,129,50
2157989,10118596,5,,Cực kì hài lòng,0,102,50
18146117,10118596,5,,Cực kì hài lòng,0,320,50
17546940,3858595,5,,Cực kì hài lòng,0,310,37
15110452,3858595,5,,Cực kì hài lòng,0,278,37
9135558,3858595,5,,Cực kì hài lòng,0,206,37
10519861,3858595,5,,Cực kì hài lòng,0,222,37
1118879,3858595,5,,Cực kì hài lòng,0,62,37
8691757,22367144,5,,Cực kì hài lòng,0,201,78
17506038,22367144,5,,Cực kì hài lòng,0,307,78
10252774,22367144,5,vô cùng hài lòng. cám ơn tiki,Cực kì hài lòng,0,217,78
16145848,22367144,5,"Sách giao nhanh, bìa sách đẹp. Chất lượng sách tốt. Rất hài lòng.",Cực kì hài lòng,0,290,78
2052582,22367144,5,,Cực kì hài lòng,0,97,78
503584,22367144,5,,Cực kì hài lòng,0,33,78
10929964,22367144,5,,Cực kì hài lòng,0,227,78
5226292,22367144,3,,Bình thường,0,111,78
7571785,57767468,5,,Cực kì hài lòng,0,169,114
15188098,57767468,5,,Cực kì hài lòng,0,280,114
6656572,57767468,5,"Một quyển sách tuyệt vời với những lời khuyên mang tính xây dựng và khoa học, cách viết cũng khá hài hước. Điểm đặc biệt là cuốn sách rất nhỏ gọn, và nội dung súc tích, mình cảm giác như tác giả viết ko bị dư một chữ nào luôn á, nên rất thích hợp để đọc lại nhiều lần. Thị trường bây giờ nhiều quyển sách viết dày cộp mà nội dung rất thừa thãi và khó hiểu, chẳng bù cho quyển sách này.",Cực kì hài lòng,3,147,114
5811028,57767468,5,,Cực kì hài lòng,0,125,114
7165593,57767468,5,"Đúng sản phẩm, đóng gói cẩn thận!",Cực kì hài lòng,0,160,114
7100618,57767468,3,"giao hàng siêu lâu, đợi chờ mòn mỏi",Cực kì hài lòng,0,157,114
17506038,57767468,5,,Cực kì hài lòng,0,307,114
10036447,57767468,5,Hay,Cực kì hài lòng,0,216,114
28001953,57767468,5,,Cực kì hài lòng,0,365,114
6599221,57767468,5,,Cực kì hài lòng,0,146,114
12119040,57767468,5,,Cực kì hài lòng,0,250,114
1503284,57767468,5,,Cực kì hài lòng,0,76,114
12631514,57767468,1,"Đóng gói thiệt tình, nói quài luôn á Tiki.. Bỏ thêm lớp chống sốc dô dùm iem ạ ?",Rất không hài lòng,2,255,114
1553755,57767468,5,,Cực kì hài lòng,0,77,114
5917418,22172572,5,,Cực kì hài lòng,0,129,76
5137461,22172572,5,"Sách hay,có những ý tưởng hay và phát triển ý tưởng đó rất thú vị.",Cực kì hài lòng,1,105,76
25519269,22172572,5,Sách hay,Cực kì hài lòng,0,360,76
18070225,22172572,5,,Cực kì hài lòng,0,317,76
368266,46107066,5,sân phẩm ok không em biêt em ghi lại trong việt nam đã support em trong cty bên Sin ma áp vô cùng anh em nhau la vay anh qua cho mình để mình tìm hiểu thêm nhé 2tr tiền lại giúp anh tiền cọc với em nhưng bạn này nice day anh Giang trên đoa của mình nhưng bản,Cực kì hài lòng,0,24,97
8599820,46107066,5,"Một cuốn sách hay, giao nhanh, sách đẹp, mua hàng ở tiki luôn yên tâm về chất lượng. đầu tư cho tri thức là khoản đầu tư đúng đắn",Cực kì hài lòng,1,197,97
19446943,46107066,5,,Cực kì hài lòng,0,330,97
7571785,46107066,5,,Cực kì hài lòng,0,169,97
5531649,46107066,5,,Cực kì hài lòng,0,121,97
2227428,46107066,5,,Cực kì hài lòng,0,103,97
1349027,46107066,5,"Kiến thức trong sách rất giá trị, tác giả viết sách mình từng gặp và đọc bản sách tiếng Anh. :)",Cực kì hài lòng,0,70,97
57218,46107066,5,"“Học cách học là một trong những kỹ năng giỏi nhất mà bạn cần để sở hữu”. Mình đọc cuon sách với một tâm thế da biết hết những thứ trong sách rồi, nhưng thật sự đã bất ngờ trước những điều cuốn sách mang lại. quả thật xứng đáng là tác giả của một trong những khoá học được nhiều người học nhất thế giới.",Đây là cuốn sách tuyệt vời cho tất cả mọi người từ trẻ em cho đến người lớn,4,6,97
25519269,46107066,5,,Cực kì hài lòng,0,360,97
17864394,46107066,5,,Cực kì hài lòng,0,316,97
8136353,46107066,3,"nội dung bình thường, giao hàng nhanh",Bình thường,0,185,97
586855,46107066,5,,Cực kì hài lòng,0,38,97
15195,46107066,5,Sách rất hay về tự học. Có thể kết hợp thêm với khoá học online.,Cực kì hài lòng,0,2,97
11310754,46107066,5,,Cực kì hài lòng,0,232,97
10025671,46107066,5,,Cực kì hài lòng,0,215,97
16650557,46107066,5,,Cực kì hài lòng,0,297,97
1384584,46107066,5,,Cực kì hài lòng,0,73,97
22555105,46107066,5,,Cực kì hài lòng,0,352,97
990696,46107066,5,,Cực kì hài lòng,0,57,97
18070225,46107066,5,,Cực kì hài lòng,0,317,97
7621628,46107066,5,,Cực kì hài lòng,1,170,97
7846265,46107066,5,,Cực kì hài lòng,0,178,97
1503284,46107066,5,"Sách rất hay, giải thích một cách rất khia học và dễ hiểu, có đi kèm rất nhiều giải pháp cụ thể.",Cực kì hài lòng,0,76,97
11891788,46107066,5,hay,Cực kì hài lòng,0,245,97
1060680,46107066,5,"Sách đẹp, giao hàng nhanh, rất hài long",Cực kì hài lòng,0,60,97
1695902,46107066,4,,Hài lòng,0,81,97
503584,46107066,5,,Cực kì hài lòng,0,33,97
13513176,46107066,5,,Cực kì hài lòng,0,263,97
5953228,46107066,5,,Cực kì hài lòng,0,130,97
1818107,46107066,5,,Cực kì hài lòng,0,87,97
8264530,46107066,5,Sách hay,Cực kì hài lòng,0,190,97
5176086,46107066,5,Rất hay,Cực kì hài lòng,0,108,97
6516078,46107066,5,,Cực kì hài lòng,0,143,97
891969,46107066,5,,Cực kì hài lòng,0,53,97
21654527,3653513,5,,Cực kì hài lòng,0,345,33
381808,3653513,5,,Cực kì hài lòng,0,25,33
1657646,3653513,4,,Hài lòng,0,80,33
386342,2014917,5,"Sách giao nhanh, chất lượng. Rất hài lòng về Tiki. Sẽ luôn ủng hộ Tiki và các nhà bán.",Cực kì hài lòng,0,26,28
17765243,2014917,5,Hay,Cực kì hài lòng,0,312,28
651562,2014917,3,"Giá 55k, cuốn được sale nhiều do không quá hấp dẫn",Bình thường,0,43,28
9907965,2014917,5,,Cực kì hài lòng,0,214,28
6018022,46107066,5,,Cực kì hài lòng,0,134,97
17546940,12138654,5,,Cực kì hài lòng,0,310,60
5226292,12138654,5,"Mình mua 2 cuốn luôn. Nội dung hay, dễ hiểu.💯",Cực kì hài lòng,0,111,60
699960,12138654,5,,Cực kì hài lòng,0,48,60
9907965,12138654,5,,Cực kì hài lòng,0,214,60
18278431,12138654,5,,Cực kì hài lòng,0,323,60
1503284,12138654,5,,Cực kì hài lòng,0,76,60
98653,170298025,5,,Cực kì hài lòng,0,11,151
990696,170298025,5,,Cực kì hài lòng,0,57,151
19455780,170298025,5,,Cực kì hài lòng,0,331,151
18343577,619275,5,"Nổi tiếng từ rất lâu nhưng nay mới dc cầm trên tay.Đúng như những gì đã dc xem review qua,sách chỉ cho ta thấy cách thức để đánh thúc tài năng bằng phương pháp tập luyện sâu,thắp lửa đam mê,phương pháp huấn luyện bậc thầy.Đây là cuốn sách mà mọi ng có tố chất và tài năng mong muốn dc trui rèn tài năng đó lên tầm cao mới",Cực kì hài lòng,1,324,14
7165593,619275,5,Ok,Cực kì hài lòng,0,160,14
7100618,619275,5,Giao nhanh,Cực kì hài lòng,0,157,14
14655468,619275,5,,Cực kì hài lòng,0,275,14
22684527,619275,4,ok,Hài lòng,0,354,14
14361212,619275,4,sach hay,Hài lòng,0,272,14
334762,619275,5,,Cực kì hài lòng,0,23,14
8691757,619275,5,,Cực kì hài lòng,0,201,14
677395,619275,5,,Cực kì hài lòng,0,46,14
6516078,619275,4,,Hài lòng,0,143,14
19446943,195801687,5,,Cực kì hài lòng,0,330,164
8227804,195801687,5,,Cực kì hài lòng,0,188,164
17506038,195801687,5,,Cực kì hài lòng,0,307,164
5169835,76176359,1,"Nhiều lần Tiki đóng hàng sơ sài, thùng đựng xộc xệch. Sách hay bị hỏng góc, gập bìa, gập trang !!!",Rất không hài lòng,0,107,128
5917418,76176359,5,,Cực kì hài lòng,0,129,128
1344932,76176359,5,,Cực kì hài lòng,0,69,128
10418172,76176359,5,,Cực kì hài lòng,0,219,128
21558077,76176359,5,,Cực kì hài lòng,0,343,128
7768967,76176359,5,,Cực kì hài lòng,0,175,128
13541376,76176359,5,SÂU SẮC,Cực kì hài lòng,0,264,128
16206233,76176359,5,,Cực kì hài lòng,0,292,128
396187,76176359,5,sách rất hay,Cực kì hài lòng,1,27,128
13513176,76176359,5,,Cực kì hài lòng,0,263,128
8453118,76176359,5,,Cực kì hài lòng,0,194,128
5848334,76176359,5,,Cực kì hài lòng,0,126,128
664787,76176359,5,,Cực kì hài lòng,0,45,128
22970362,21435644,5,Hay và bổ ích. Nên mua,Cực kì hài lòng,0,356,74
17786300,21435644,5,Sách của idol mãi đỉnh,Cực kì hài lòng,0,314,74
1782676,21435644,4,,Hài lòng,0,85,74
11476110,1387539,5,,Cực kì hài lòng,0,237,21
7518989,1387539,5,,Cực kì hài lòng,0,168,21
11944614,1387539,5,Sách rất đẹppp,Cực kì hài lòng,0,246,21
16920235,1387539,5,"M đặt về ĐN nên ship lâu hơn nhiều so với trước, nhưng sách vẫn đẹp lắm ạ",Cực kì hài lòng,0,301,21
8264530,1387539,5,Sách hay,Cực kì hài lòng,1,190,21
9786862,1387539,5,,Cực kì hài lòng,0,210,21
334762,1387539,5,,Cực kì hài lòng,0,23,21
451499,1387539,5,,Cực kì hài lòng,0,30,21
8993466,1387539,5,,Cực kì hài lòng,0,204,21
93650,1387539,5,,Cực kì hài lòng,0,10,21
6746297,15180358,5,"Tiki gói hàng cẩn thận, giao hàng cực nhanh với dịch vụ Tikinow. Sách mới, không nhàu nát, giá còn khá rẻ so với giá bìa. Nói chung khá hài lòng về dịch vụ của Tiki.",Cực kì hài lòng,0,151,69
386342,15180358,4,"Vì là nhà cung cấp khác Tiki Trading nên thời gian chuẩn bị hàng lâu (khoảng 1 tuần), nhưng sách nhận rất đẹp, còn mới, bookmark đúng như hình mô tả. Hài lòng.",Sách đúng như hình,0,26,69
16920235,15180358,5,"Tiki giao hàng siêu nhanh ạ, m đặt t7 mà t2 đã giao rồi, cảm ơn tiki",Cực kì hài lòng,0,301,69
21500023,15180358,5,Còn mới đóng gói đẹp chắc chắn giao hàng nhanh,Cực kì hài lòng,0,342,69
6590616,15180358,5,,Cực kì hài lòng,0,145,69
6680036,15180358,5,,Cực kì hài lòng,0,149,69
16141175,55066553,5,,Cực kì hài lòng,0,289,112
6682650,55066553,5,"Sách còn mới mặc dù ko có áo bọc, chất liệu giấy tốt. Hài lòng với dịch vụ của Tiki!",Cực kì hài lòng,0,150,112
21654527,55066553,5,,Cực kì hài lòng,0,345,112
7571785,1387539,5,,Cực kì hài lòng,0,169,21
6468863,1387539,5,,Cực kì hài lòng,0,142,21
12088578,116396339,5,"sách đóng gói cẩn thận, giao hàng nhanh, rất hài lòng 👍",Cực kì hài lòng,0,249,143
1728034,116396339,5,,Cực kì hài lòng,0,82,143
22235987,116396339,5,,Cực kì hài lòng,0,348,143
98653,116396339,5,,Cực kì hài lòng,0,11,143
28001953,274927641,4,nội dung ko dễ hiểu với người tay ngang,Hài lòng,0,365,175
17506038,274927641,5,,Cực kì hài lòng,0,307,175
22693770,274927641,5,,Cực kì hài lòng,0,355,175
11474751,274927641,5,,Cực kì hài lòng,0,236,175
11474751,36085774,4,,Hài lòng,0,236,86
27837115,36085774,4,"Mình chưa đọc, nên chưa biết nội dung gửi shop 4 sao trước he",Hài lòng,0,363,86
334762,36085774,5,,Cực kì hài lòng,0,23,86
11318425,36085774,5,,Cực kì hài lòng,0,233,86
129385,36085774,5,,Cực kì hài lòng,0,14,86
16206233,36085774,5,,Cực kì hài lòng,0,292,86
15557505,67694211,5,"Sách mới, đóng gói cẩn thận, săn được giá ưu đãi, nội dung tôi chưa đoc hết. Cảm ơn Tiki, sẽ tiếp tục ủng hộ",Cực kì hài lòng,0,286,117
12923385,67694211,5,Rất rất hài lòng,Cực kì hài lòng,0,259,117
1438406,67694211,5,Tốt,Cực kì hài lòng,0,75,117
98653,67694211,5,,Cực kì hài lòng,1,11,117
18278431,67694211,4,,Hài lòng,0,323,117
6230513,67694211,5,,Cực kì hài lòng,0,136,117
13513176,67694211,4,,Hài lòng,0,263,117
5253296,67694211,5,,Cực kì hài lòng,0,113,117
6534469,578262,5,"Sách của Michael Heppell rất hay mn nhé, đọc cuốn “ Mỗi ngày tiết kiệm được 1 giờ “của tác giả xuất sắc quá nên mình mua luôn tất cả các cuốn của tác giả ❤️vote sách hay",Cực kì hài lòng,0,144,11
15169513,578262,5,Ok,Cực kì hài lòng,0,279,11
19455780,578262,5,,Cực kì hài lòng,0,331,11
381808,578262,5,,Cực kì hài lòng,0,25,11
18132503,20555379,5,,Cực kì hài lòng,0,319,70
7890496,20555379,4,,Hài lòng,0,180,70
18118699,20555379,5,,Cực kì hài lòng,0,318,70
810311,8845822,5,"Nghệ thuật Ẩn mình- Bảo mật cá nhân trong kỷ nguyên dữ liệu lớn- Kevin Motnick- Robert Vamosi. là Hacker nổi tiếng nhất thế giới kiêm anh hùng không gian mạng đã mô tả kỹ thuật cho an ninh hệ thống dựa trên chính nững trải nghiệm của mình dành cho các chuyên gia lĩnh vực Công nghệ thông Tin, An Ninh Mạng, Internet công chúng và giới hàn lâm.",Nghệ thuật Ẩn mình- Bảo mật cá nhân trong kỷ nguyên dữ liệu lớn- Kevin Motnick- Robert Vamosi,5,52,46
6301744,8845822,5,"Trong cuốn sách này, Kevin Mitnick, hacker nổi tiếng nhất thế giới, sẽ hướng dẫn các biện pháp dễ thực hiện (và ít tốn kém) giúp bạn – trên cương vị một cá nhân bình thường và một người tiêu dùng – có thể giấu các thông tin nhận dạng cá nhân của mình trong kỷ nguyên của Dữ liệu Lớn, vốn không thiếu những scandal quy mô quốc tế về những vụ vi phạm dữ liệu người dùng thường xuyên xuất hiện trên các mặt báo. Mitnick bàn đến nhiều phương tiện mà chúng ta sử dụng hằng ngày – từ điện thoại, email, cho đến tin nhắn,… – chỉ ra những lỗ hổng mà người khác có thể lợi dụng để giành quyền kiểm soát các dữ liệu của chúng ta, đồng thời đưa ra những giải pháp phòng chống cụ thể và hữu hiệu mà bất kỳ ai cũng có thể thực hiện để tự bảo vệ mình.. Nhưng có lẽ một trong những giá trị quan trọng nhất của cuốn sách là qua đó, tác giả đã giải ảo niềm tin thơ ngây của đại đa số chúng ta rằng những hoạt động của mình trên mạng là đàng hoàng và lành mạnh nên có thể công khai, rằng chỉ những người có ý đồ xấu mới phải tìm cách che giấu các dữ liệu cá nhân. Hay nói như Mikko Hypponen, nhà nghiên cứu trưởng của hãng bảo mật F-Secure, thì: “Có thể bạn không có gì phải giấu diếm. Nhưng bạn có rất nhiều thứ phải bảo vệ đấy.”. “Hacker bị săn lùng gắt gao nhất của FBI.” – Wired. “Hacker nổi tiếng nhất thế giới kiêm người hùng trong nền văn hóa mạng […] vừa viết cuốn cẩm nang về an ninh hệ thống dựa trên chính những kinh nghiệm của mình. Đây là tài liệu phải đọc đối với các chuyên gia IT, nhưng đồng thời còn dành cho cả công chúng nói chung, giới hàn lâm, và các doanh nghiệp.” – Library Journal. “Còn ai khác xứng đáng hơn Mitnick – hacker bị truy nã quốc tế rồi trở thành cố vấn an ninh cho các doanh nghiệp Fortune 500 – trong vai trò người thầy hướng dẫn bạn cách giữ an toàn cho dữ liệu trước những cuộc tấn công *** đảo, sâu máy tính, và những tổ chức gián điệp mạng như Fancy Bears?” – Esquire . “[Nghệ thuật ẩn mình] là lời cảnh tỉnh, nhắc nhở chúng ta rằng các dữ liệu thô – từ email, ô tô, mạng wifi ở nhà – khiến chúng ta dễ dàng trở thành nạn nhân như thế nào.” - New York Times Book Review",MAX SAO,3,139,46
13334059,8845822,5,,Cực kì hài lòng,0,261,46
21221657,8845822,5,"Hàng giao nhanh, sách đẹp, nội dung hay. Rất hài lòng với Tiki, nên chú ý hơn ở khâu đóng gói.",Cực kì hài lòng,0,338,46
18146117,8845822,5,,Cực kì hài lòng,0,320,46
535593,8845822,5,,Cực kì hài lòng,0,35,46
2157989,8845822,4,"Sách được gói kỹ, có hộp. Nhân viên giao hàng nhiệt tình.",Dịch vụ tốt,2,102,46
2065541,599037,4,"Cuốn sách khá mỏng, do vậy dù  đã đưa ra rất nhiều ý tưởng nhưng không lột tả được sâu sắc, chỉ có thể dùng để tham khảo, và phải tự mình rèn luyện lấy, Thu Giang là một tác giả rất uyên bác nên đây có thể lâyß làm tài liệu nghiên cứu.",Hài lòng,0,98,12
8678460,599037,5,"sách xịn, đẹp giao hàng nhanh chóng đóng hàng cẩn thận shiper thân nhiệt tình thân thiện. Chúc các bạn đọc sách vui vẻ",hài lòng,0,200,12
1231830,599037,5,,Cực kì hài lòng,0,66,12
42438,599037,5,,Cực kì hài lòng,0,4,12
18132503,599037,5,,Cực kì hài lòng,0,319,12
85966,599037,5,,Cực kì hài lòng,0,8,12
14216937,599037,5,hay,Cực kì hài lòng,0,270,12
1503284,599037,5,,Cực kì hài lòng,0,76,12
1895509,599037,5,,Cực kì hài lòng,0,93,12
1337470,599037,5,,Cực kì hài lòng,0,67,12
68951,599037,5,,Cực kì hài lòng,0,7,12
5582356,599037,5,,Cực kì hài lòng,0,122,12
8136353,599037,5,hài lòng,Cực kì hài lòng,0,185,12
439058,599037,5,Sách rất hay. Mình mua về cho cháu đọc,Cực kì hài lòng,0,29,12
5956105,599037,5,,Cực kì hài lòng,0,131,12
8453118,599037,5,,Cực kì hài lòng,0,194,12
6081017,10118602,5,,Cực kì hài lòng,0,135,52
7089802,10118602,5,Sách hay nên đọc cho các lứa tuổi dc. Ghét phải ghi thế này quá,Hài *** f,0,156,52
1861160,10118602,5,,Cực kì hài lòng,0,89,52
16188247,561056,5,,Cực kì hài lòng,0,291,10
13334059,561056,5,,Cực kì hài lòng,0,261,10
14361212,561056,5,sách hay,Cực kì hài lòng,0,272,10
15312,561056,5,,Cực kì hài lòng,0,3,10
18387707,30757177,5,,Cực kì hài lòng,0,325,82
2415,30757177,4,,Hài lòng,0,0,82
11525835,30757177,5,"Nội dung gây ám ảnh về nỗi đau, mất mát của con người do chiến tranh, bạo loạn gây nên. Gồm những lời tự sự của nhiều người đều có mối quan hệ, móc xích với nhau, và họ đều là nạn nhân của phong trào dân chủ Gwangju 1980.",Cực kì hài lòng,0,240,82
8227537,30757177,5,,Cực kì hài lòng,0,187,82
1366077,30757177,5,"mua đợt dọn kho cuối năm của Nhã Nam giá sale tốt, nhưng giao hàng lâu. vận chuyển đến mình hộp bị móp méo, sách còn nguyên. một số ít gáy sách hơi bong nhẹ",Cực kì hài lòng,0,72,82
12088578,30757177,5,"sách đóng gói cẩn thận và giao hàng nhanh, rất hài lòng 👍",Cực kì hài lòng,0,249,82
642183,30757177,4,Giấy bị lượn sóng nên trông sách không được mới,Hài lòng,0,42,82
9862708,30757177,4,"Giao hàng chậm mất nửa tháng nhưng bù lại sách đẹp, bọc kĩ càng. Nội dung sách ám ảnh, đáng đọc",Hài lòng,0,212,82
1624472,30757177,5,,Cực kì hài lòng,0,78,82
1635513,30757177,5,,Cực kì hài lòng,0,79,82
7859171,30757177,3,"Sách cũ, bẩnnnnnnnnnnnnnnnnn",Bình thường,0,179,82
9907965,30757177,5,,Cực kì hài lòng,0,214,82
51302,30757177,5,,Cực kì hài lòng,0,5,82
5253296,30757177,5,,Cực kì hài lòng,0,113,82
451499,30757177,4,,Hài lòng,0,30,82
2052582,44017483,5,"Sao lần này Tiki giao sách bìa bị dơ vậy? Tuy nhiên, dịch vụ tốt tôi vẫn đánh giá 5 sao",Cực kì hài lòng,0,97,95
12088578,44017483,5,"sách đóng gói kỹ, giao hàng nhanh, rất hài lòng 👍",Cực kì hài lòng,0,249,95
12151124,44017483,5,Nội dung hay,Hài lòng,0,251,95
6468863,44017483,5,,Cực kì hài lòng,0,142,95
11944614,44017483,5,"Sách hay, bọc Sách cẩn thận. ❤️",Cực kì hài lòng,0,246,95
9135558,44017483,5,,Cực kì hài lòng,0,206,95
5899621,44017483,5,,Cực kì hài lòng,0,128,95
10288229,188282978,5,,Cực kì hài lòng,0,218,160
1890765,188282978,5,,Cực kì hài lòng,0,92,160
10491118,188282978,5,,Cực kì hài lòng,0,221,160
2114763,13579551,5,,Cực kì hài lòng,0,99,65
16898585,13579551,5,,Cực kì hài lòng,0,300,65
19065387,13579551,3,,Bình thường,0,327,65
8691757,13579551,5,,Cực kì hài lòng,0,201,65
1818107,13579551,5,Ok,Cực kì hài lòng,0,87,65
10929964,13579551,5,,Cực kì hài lòng,0,227,65
499721,73593776,5,"Mới đọc lướt qua thì thấy sách cũng nhẹ nhàng, giúp ta buông bỏ bớt những mối bận tâm, hay tính nhị nguyên trong cuộc sống, sách mỏng nên cũng dễ đọc cho mọi người.",Cực kì hài lòng,0,32,123
21500023,73593776,5,Sản phẩm mới đúng như mô tả cảm ơn shop sẽ ủng hộ shop lần sau và lần sau nữa,Cực kì hài lòng,0,342,123
1438406,73593776,5,,Cực kì hài lòng,0,75,123
8303642,73593776,5,,Cực kì hài lòng,0,192,123
10025671,73593776,5,,Cực kì hài lòng,0,215,123
18740986,73593776,4,,Hài lòng,0,326,123
396187,73593776,5,,Cực kì hài lòng,0,27,123
332605,73593776,4,,Hài lòng,0,22,123
13513176,73593776,5,,Cực kì hài lòng,0,263,123
8227804,29907194,5,,Cực kì hài lòng,0,188,81
11195564,29907194,5,,Cực kì hài lòng,0,231,81
5137461,29907194,5,"Chất lượng sách ổn,ý tưởng trong sách dù không có ích lắm nhưng đọc khá thú vị",Cực kì hài lòng,0,105,81
10969139,29907194,3,tập trung vào tiềm thức nhưng dẫn chuyện lan man.,Bình thường,0,228,81
18070225,29907194,5,,Cực kì hài lòng,0,317,81
2065541,29907194,5,"Một cuốn sách tuyệt vời nữa của Gladwell, mặc dù ý tưởng không nhiều.",Cực kì hài lòng,0,98,81
25519269,29907194,5,,Cực kì hài lòng,0,360,81
16426556,29907194,5,,Cực kì hài lòng,0,294,81
18278431,29907194,5,,Cực kì hài lòng,0,323,81
605135,29907194,5,,Cực kì hài lòng,0,39,81
6301744,29907194,5,"Sách rất OK, mua về cho bé 6 tuổi ở nhà, đọc xong thấy khôn hẳn ra.","Sách rất OK, mua về cho bé 6 tuổi ở nhà, đọc xong thấy khôn hẳn ra.",0,139,81
11871210,29907194,5,"giao hàng nhanh,  sách rất đẹp và mới,  nội dung hay",Cực kì hài lòng,0,244,81
11525835,3957065,5,"Sách đẹp, có ảnh minh họa màu. Mở đầu rất thú vị, tác giả dẫn dắt vấn đề bắt đầu từ những khái niệm đơn giản như số 0 và nguồn gốc của nó, hư không, chân không, ether... cùng với các thí nghiệm của những nhà khoa học chứng minh sự tồn tại của chân không...",Cực kì hài lòng,1,240,38
8678460,3957065,5,"cuốn sách tuyệt vời các bạn nên đọc. ghn , shipper thân thiện nhiệt tình tiki đóng hàng cần chèn lót SP đảm bảo hơn",Cực kì hài lòng,0,200,38
8508799,3957065,5,,Cực kì hài lòng,0,196,38
13541376,3957065,5,HAY,Cực kì hài lòng,0,264,38
21883162,3957065,5,tốt,Cực kì hài lòng,0,346,38
20101189,3957065,4,,Hài lòng,0,336,38
7859171,3957065,5,,Cực kì hài lòng,0,179,38
1118879,3957065,5,,Cực kì hài lòng,0,62,38
562328,619275,5,"Tác phầm đến tay tôi chưa đến 01 tuần và tôi cũng chỉ mới đọc được 3 chương của tác phẩm. Tuy nhiên tác phẩm đã mang lại cho tôi rất nhiều thứ. Tài năng không phải tự nhiên mà có, đó là quá trình rèn luyện đúng cách, mỗi chúng ta đều mang những yếu tố của những thiên tài, chủ yếu là ta có thể vận dụng chúng đúng cách hay không? Bạn có tin không ""một con chuột tuy không thể gầm lên như hổ, nhưng bằng cách nào đó vẫn có thể thống trị cả một khu rừng.""Khi đọc xong tác phẩm này, chắc hẳn bạn sẽ có câu trả lời.",Myelin,6,37,14
1736908,46107066,5,"Tiki giao hàng rất nhanh và đóng gói kỹ càng, cẩn thận. Sách đẹp và thơm mùi mới.",Cực kì hài lòng,0,84,97
12596678,46107066,5,Sách rất hay,Cực kì hài lòng,0,254,97
17506038,46107066,5,,Cực kì hài lòng,0,307,97
5169835,46107066,4,Một cuốn sách nên đọc !!!,Hài lòng,1,107,97
15188098,46107066,5,,Cực kì hài lòng,0,280,97
19523592,46107066,5,,Cực kì hài lòng,0,333,97
558142,46107066,5,Tốt,Cực kì hài lòng,0,36,97
11391731,46107066,5,,Cực kì hài lòng,0,234,97
7178520,165030731,5,"Cực kỳ hài lòng. Sản phẩm có chất lượng đúng như mô tả, đóng gói chắc chắn, rất đáng tiền, giao hàng nhanh. . P/s: Không có thời gian chụp hình nên mình lấy đỡ hình trên mạng up",Cực kì hài lòng,0,161,150
21558077,165030731,5,,Cực kì hài lòng,0,343,150
17506038,165030731,5,,Cực kì hài lòng,0,307,150
17794972,165030731,5,,Cực kì hài lòng,0,315,150
11511151,165030731,5,,Cực kì hài lòng,0,238,150
368266,12141178,5,sân phẩm xài rắt và gia đình mạnh khỏe thôi chứ khong phải không đi có rule cua google cho Go ta có xe mối liên hệ anh trực thiếp đi trong thần võ sĩ thầy không nhắn tin anh thấy sợ nhầm qua nhà bên nội em a Hải đưa giúp ba 5 5 tuần,Cực kì hài lòng,0,24,61
5169835,12141178,3,"Tiki cần xem lại cách đóng gói, dạo này mình hay bị nhận sản phẩm lỗi do đóng gói. Không vui :(",Bình thường,0,107,61
13311884,12141178,5,like like,Cực kì hài lòng,0,260,61
14982315,12141178,5,,Cực kì hài lòng,0,276,61
5205321,12141178,5,Hay,Cực kì hài lòng,0,110,61
8094853,12141178,1,Đánh giá thấp do chất lượng dịch vụ của tiki,Rất không hài lòng,0,183,61
503584,12141178,5,,Cực kì hài lòng,0,33,61
6301744,12141178,5,"Sách Rất OK, Mua Về Cho Bé 6 Tuổi Ở Nhà, Đọc Xong Thấy Bé Khôn Hẳn Ra.","Sách Rất OK, Mua Về Cho Bé 6 Tuổi Ở Nhà, Đọc Xong Thấy Bé Khôn Hẳn Ra.",0,139,61
810311,95497508,5,"Muôn kiếp nhân sinh tập 2- Nguyên Phong- Đúng vậy, tất cả hành vi con người chính là nguồn gốc kích hoạt những hiện tượng này. Thông qua lịch sử, chúng ta đều biết các xu hướng chính trị, kinh tế, văn hóa đều có tính chu kỳ. Cuốn sách vén bí ẩn về hành trình bất tận của những người linh hồn muôn vàn kiếp sống, sự thức tỉnh từ cõi chết để tìm ra con đường chuyển hóa nghiệp quả bằng cuộc cách mạng chuyển đổi tâm thức- con đường minh triết có thể cứu lấy thế giới đang đứng trước những biến động và hiểm họa khôn lường. Sách hay hấp dẫn.",Cực kì hài lòng,0,52,135
1428415,95497508,5,"tuyệt vời, sau phần một, phần hai với nhiều câu chuyện đặc biệt và rất ý nghĩa đối với tình hình thế giới hiện tại. Cảm ơn tác giả Nguyễn Văn Du. cảm ơn First New",Cực kì hài lòng,0,74,135
891969,95497508,5,,Cực kì hài lòng,0,53,135
620317,179546672,4,"Nội dung vừa mang giọng chiêm nghiệm, vừa an ủi, tuy nhiên có một số phần viết mối quan hệ giữa cha mẹ lớn tuổi vs con cái cần nhiều trải nghiệm mới thấm được, nên sau này sẽ đọc lại. Một điểm cộng là ảnh tranh minh hoạ trong sách khá đẹp.",Hài lòng,0,40,157
21379518,179546672,5,,Cực kì hài lòng,0,339,157
27848083,179546672,5,Ok,Cực kì hài lòng,0,364,157
12810369,179546672,5,,Cực kì hài lòng,0,258,157
17506038,179546672,5,,Cực kì hài lòng,0,307,157
7768967,179546672,5,,Cực kì hài lòng,0,175,157
12088578,179546672,5,"sách hay, đóng gói cẩn thận, giao hàng đúng hẹn, rất hài lòng ♥️",Cực kì hài lòng,0,249,157
5169835,179546672,5,"Nội dụng hấp dẫn, sách đẹp :)",Cực kì hài lòng,0,107,157
5161812,179546672,5,,Cực kì hài lòng,0,106,157
21491462,179546672,5,Sách hay lắm mn oiii,Cực kì hài lòng,0,341,157
8508799,179546672,5,,Cực kì hài lòng,0,196,157
17765243,179546672,5,"Sách hay, bọc kỹ",Cực kì hài lòng,0,312,157
5531649,179546672,5,,Cực kì hài lòng,0,121,157
6081017,179546672,5,,Cực kì hài lòng,0,135,157
1861160,179546672,5,,Cực kì hài lòng,0,89,157
2227428,179546672,5,,Cực kì hài lòng,0,103,157
6000943,179546672,5,,Cực kì hài lòng,0,133,157
27802358,179546672,4,,Hài lòng,0,362,157
20262036,179546672,5,,Cực kì hài lòng,0,337,157
17506038,75948573,5,,Cực kì hài lòng,0,307,126
2052582,75948573,5,Nội dung sách hay ai thích thể loại sách này thì nên mua trọn bộ đọc mới thấy thích. Tiki giao hàng nhanh chóng. Cám ơn shop và Tiki nhiều!,Cực kì hài lòng,0,97,126
7209435,75948573,5,,Cực kì hài lòng,0,163,126
947920,75948573,5,,Cực kì hài lòng,0,55,126
19466064,75948573,5,"chất lượng sách còn khá tốt, giao hàng nhanh",Cực kì hài lòng,0,332,126
10025671,75948573,5,,Cực kì hài lòng,0,215,126
1349027,21054302,5,"Sách viết hấp dẫn, tôi từng đọc bản tiếng Anh, giờ mua thêm bản tiếng Việt cất trong nhà cho bản thân và người khác được cùng đọc :)",Cực kì hài lòng,0,70,71
6230513,21054302,5,,Cực kì hài lòng,0,136,71
6516078,21054302,5,,Cực kì hài lòng,0,143,71
1782676,3717003,5,"Các tips để làm slide đẹp đúng, hợp lý và dễ áp dụng. Phong cách rất giống Thiết kế chuẩn Ted. Có thể tải được bản tiếng anh coi trước khi quyết định mua đó.",Cực kì hài lòng,1,85,35
16145848,3717003,5,"Hài lòng sản phẩm, đóng gói cẩn thận. Nhìn chung ok chưa xem nội dung. Sẽ review sau!",Cực kì hài lòng,0,290,35
88133,3717003,5,"Những hướng dẫn và kiến thức uyên thâm của tác giả trong lĩnh vực trình bày, thuyết trình được thể hiện rất cụ thể, sinh động và dễ hiểu trong quyển sách này. Sách cực kì hữu ích cho việc ứng dụng làm thuyết trình một cách sống động và đạt mức kết nối cao nhất với khán giả.","SÁCH RẤT HAY, CUNG CẤP KIẾN THỨC THỰC TẾ, DỄ ÁP DỤNG",2,9,35
699960,36085774,5,,Cực kì hài lòng,0,48,86
12571263,36085774,5,,Cực kì hài lòng,1,253,86
21584134,7954373,5,"Sách có nội dung hay, đóng gói cẩn thận, bìa đẹp, in đẹp, cái gì cũng đẹp",Cực kì hài lòng,0,344,41
21500023,7954373,5,Sách mới đảm bảo chất lượng . Bao gói chắc chắn giao hàng nhanh . Cảm ơn shop,Cực kì hài lòng,0,342,41
5582356,7954373,5,Bọc sách rất đẹp,Cực kì hài lòng,0,122,41
7316749,7954373,4,,Hài lòng,0,164,41
16514926,77733318,5,"Sách rất hay , đáng để đọc ạ",Cực kì hài lòng,0,296,131
18740986,77733318,4,,Hài lòng,0,326,131
18070225,77733318,5,,Cực kì hài lòng,0,317,131
11525835,10638278,5,"Sách sạch đẹp, bọc gói cẩn thận.",Cực kì hài lòng,0,240,54
8610986,10638278,5,"sách rẻ, chiết khấu cao, dịch ổn, giao nhanh",Cực kì hài lòng,0,198,54
20101189,10638278,4,,Hài lòng,0,336,54
15006678,45175777,5,,Cực kì hài lòng,0,277,96
2065541,45175777,4,"Mình mua cuốn sách này vì tiêu đề bởi nó phù hợp với một nghiên cứu của riêng mình về vấn đề này. Và đúng như dự đoán nó làm mình khá thất vọng, bởi tác giả không đưa ra được những điều mới, ngoài các mẩu chuyện từ những người nổi tiếng, và đó chỉ là ví dụ, không thể được coi là tập hợp nghiên cứu khoa học. Bạn vẫn phải dựa vào mình để xét xem Messy hay Orderly là phù hợp hơn.",Hài lòng,0,98,96
21654527,45175777,5,,Cực kì hài lòng,0,345,96
2232401,45175777,5,,Cực kì hài lòng,0,104,96
5899621,45175777,5,,Cực kì hài lòng,0,128,96
7800274,222655553,4,,Hài lòng,0,177,168
6295657,222655553,5,,Cực kì hài lòng,0,137,168
17506038,222655553,5,,Cực kì hài lòng,0,307,168
1736908,199895788,5,"Tiki giao hàng rất nhanh và đóng gói kỹ càng, cẩn thận. Sách đẹp và thơm mùi mới.",Cực kì hài lòng,0,84,166
12596678,199895788,5,Sách rất hay,Cực kì hài lòng,0,254,166
14088052,199895788,5,,Cực kì hài lòng,0,269,166
8227537,199895788,5,,Cực kì hài lòng,0,187,166
7209435,199895788,5,,Cực kì hài lòng,0,163,166
10711911,1353615,5,"Là tập hợp những lời trích dẫn sâu sắc, cùng các gợi mở để bạn nhìn nhận lòng trắc ẩn theo cách mới. Cuốn sách sẽ truyền nguồn cảm hứng để bạn lấp đầy mỗi ngày với tình yêu thương, sự hiểu biết, lòng tốt và sự mãn nguyện.",Cực kì hài lòng,0,224,20
9886531,1353615,5,"Giá sale quá re, giao hàng rất nhanh. 5 sao cho tiki",Cực kì hài lòng,0,213,20
7642411,1353615,5,"Sách rất đẹp, mình rất thích",Cực kì hài lòng,0,171,20
11679893,1353615,5,,Cực kì hài lòng,0,241,20
9095400,1353615,5,,Cực kì hài lòng,3,205,20
2065541,10752047,5,"Một tác phẩm quá tuyệt vời không còn lời nào để nói. Bạn phải đọc cuốn này!! Vì đây sẽ là tác phẩm thay đổi không chỉ cách bạn làm việc mà còn là cách bạn sống. Hãy sống thật trọn vẹn, làm những gì thật sự quan trọng với đời mình. Muốn như vậy, hy sinh những thứ vô nghĩa đi, chúng ta dành quá nhiều thời gian để làm những điều vụn vặt, chẳng ích lợi gì cho cuộc sống mình rồi.",Cực kì hài lòng,2,98,55
9862708,10752047,5,"Giao hàng siêu nhanh, sách sạch đẹp, chất lượng rất tốt. Nội dung hay, có nhiều thông điệp, bài học đánh lưu tâm về sự tập trung!",Cực kì hài lòng,0,212,55
13728255,10752047,5,,Cực kì hài lòng,0,266,55
10681858,10752047,5,Cuốn sách mang tới góc nhìn mới. Làm việc sâu thực sự cần thiết đối với mình. Nhưng để làm thế nào thì vẫn chưa có giải pháp cụ thể.,Cực kì hài lòng,0,223,55
8663058,10752047,5,,Cực kì hài lòng,0,199,55
368266,10752047,4,"Nội dung sách lòng vòng, mơ hồ, viết kiểu lan man lắm. Nên cân nhắc khi mua.",Hài lòng,0,24,55
11685153,10752047,1,Minh ko nhận dc sáh tuy nhiên đơn vẫn done.. báo cáo lại nhưng ko dc phản hồi,Rất không hài lòng,1,242,55
620317,10752047,5,"Nội dung hay, bổ ích với mình",Cực kì hài lòng,0,40,55
7846265,10752047,5,,Cực kì hài lòng,0,178,55
6402106,10752047,5,,Cực kì hài lòng,0,141,55
1553755,10752047,5,,Cực kì hài lòng,0,77,55
18256955,10752047,5,,Cực kì hài lòng,0,322,55
68951,10752047,5,,Cực kì hài lòng,0,7,55
7755698,10752047,5,,Cực kì hài lòng,0,174,55
98653,2782217,5,,Cực kì hài lòng,0,11,31
21221657,2782217,5,"Giao hàng nhanh, sách còn mới, nội dung khá hay. Khá hài lòng với sản phẩm",Cực kì hài lòng,0,338,31
15990063,2782217,5,good,Cực kì hài lòng,0,288,31
113590,2782217,5,,Cực kì hài lòng,0,12,31
21654527,10118594,5,,Cực kì hài lòng,0,345,49
42438,10118594,5,,Cực kì hài lòng,0,4,49
8993466,10118594,5,,Cực kì hài lòng,0,204,49
14655468,48035329,5,,Cực kì hài lòng,0,275,99
562328,48035329,5,,Cực kì hài lòng,0,37,99
1428415,48035329,5,,Cực kì hài lòng,0,74,99
7787551,48035329,5,,Cực kì hài lòng,0,176,99
21654527,76732671,5,,Cực kì hài lòng,0,345,129
1428415,76732671,5,"cuốn sách ý nghĩa, người bạn đồng hành không thể thiếu của chúng ta. cảm ơn Thái Hà. cảm ơn tiki",Cực kì hài lòng,0,74,129
1895509,76732671,5,"Sách đẹp, giao hàng nhanh",Cực kì hài lòng,0,93,129
6590616,76732671,5,,Cực kì hài lòng,0,145,129
13513176,76732671,5,,Cực kì hài lòng,0,263,129
5757175,10767515,5,,Cực kì hài lòng,0,124,57
7768967,10767515,5,,Cực kì hài lòng,0,175,57
22454445,10767515,5,,Cực kì hài lòng,0,350,57
12088578,10767515,5,"sách đóng gói cẩn thận và giao hàng nhanh, rất hài lòng 👍👍",Cực kì hài lòng,0,249,57
7859171,10767515,3,"Sách gãy dập gáy, bẩnnnnnnnn",Bình thường,0,179,57
20262036,10767515,5,,Cực kì hài lòng,0,337,57
19334327,10767515,5,,Cực kì hài lòng,0,329,57
586855,10767515,5,,Cực kì hài lòng,0,38,57
2118484,10767515,5,"Sách nên đọc nhiều lần để hiểu kỹ hơn. Nhiều ý nói dài dòng, lang mang gây khó hiểu không vô rỏ trọng tâm.",Cực kì hài lòng,0,100,57
439058,10767515,5,,Cực kì hài lòng,0,29,57
11511151,10767515,5,,Cực kì hài lòng,0,238,57
14216937,10767515,5,,Cực kì hài lòng,0,270,57
16514926,10767515,5,Chất lượng sách tuyệt zời,Cực kì hài lòng,0,296,57
14452799,10767515,5,,Cực kì hài lòng,0,273,57
5362631,10767515,5,,Cực kì hài lòng,0,116,57
11968992,10767515,5,,Cực kì hài lòng,0,247,57
18278431,10767515,5,Tốt.,Cực kì hài lòng,0,323,57
22389499,10767515,5,,Cực kì hài lòng,0,349,57
14361212,10767515,5,sách hay,Cực kì hài lòng,0,272,57
1877233,10767515,5,,Cực kì hài lòng,0,91,57
562328,10767515,5,,Cực kì hài lòng,0,37,57
11871210,10767515,5,chất luọng sách tốt,Cực kì hài lòng,0,244,57
85966,10767515,5,,Cực kì hài lòng,0,8,57
20101189,10767515,4,,Hài lòng,0,336,57
6296758,10767515,5,,Cực kì hài lòng,0,138,57
1337470,10767515,5,,Cực kì hài lòng,0,67,57
10929964,10767515,5,,Cực kì hài lòng,0,227,57
68951,10767515,5,,Cực kì hài lòng,0,7,57
5399042,10767515,5,,Cực kì hài lòng,0,118,57
499721,100347903,5,"Sách dễ hiểu và hữu ích, nên mua tham khảo",Cực kì hài lòng,0,32,136
12088578,100347903,5,"sách đóng gói cẩn thận, giao hàng nhanh, rất hài lòng 👍",Cực kì hài lòng,0,249,136
17506038,100347903,5,,Cực kì hài lòng,0,307,136
7518989,100347903,5,,Cực kì hài lòng,0,168,136
10025671,100347903,5,,Cực kì hài lòng,0,215,136
8094853,100347903,5,,Cực kì hài lòng,0,183,136
9766945,83619850,4,sách này không cần thiết phải làm dài đến thế. nội dung cần được thu gọn lại. so với lượng thông tin sách truyền tải thì không hợp lí cho lắm 🙂 nội dung cũng bình thường,Hài lòng,1,209,132
16188247,83619850,5,,Cực kì hài lòng,0,291,132
11511151,83619850,5,,Cực kì hài lòng,0,238,132
1728034,83619850,5,,Cực kì hài lòng,0,82,132
16514926,83619850,5,Sách chất lượng lắm luôn ạ. Sách của Nhã Nam mãi đỉnhhhh,Cực kì hài lòng,0,296,132
5871435,83619850,5,"Cuốn sách trình bày đẹp, nội dung hấp dẫn",Cực kì hài lòng,0,127,132
11871210,83619850,5,,Cực kì hài lòng,0,244,132
17506038,191148802,5,,Cực kì hài lòng,0,307,161
14655468,191148802,5,,Cực kì hài lòng,0,275,161
6780614,191148802,5,,Cực kì hài lòng,0,153,161
2415,191148802,4,,Hài lòng,0,0,161
10025671,191148802,5,,Cực kì hài lòng,0,215,161
16487754,57767468,5,Ok,Cực kì hài lòng,0,295,114
11396202,1938903,5,sách mới ok chất lượng ổn không phụ sự kì vọng . giao hành nhanh đóng gói cẩn thận . ( hình ảnh mang tc minh hoạ ),Cực kì hài lòng,0,235,25
2052582,1938903,5,,Cực kì hài lòng,0,97,25
8716138,1938903,4,,Hài lòng,0,202,25
15110452,36085776,5,,Cực kì hài lòng,0,278,87
6827897,36085776,5,,Cực kì hài lòng,1,154,87
2232401,36085776,5,,Cực kì hài lòng,0,104,87
6402106,36085776,5,,Cực kì hài lòng,0,141,87
13807875,36085776,5,,Cực kì hài lòng,0,267,87
1118879,36085776,5,,Cực kì hài lòng,0,62,87
319626,36855316,5,,Cực kì hài lòng,0,21,90
1895509,36855316,5,,Cực kì hài lòng,0,93,90
1503284,36855316,5,,Cực kì hài lòng,0,76,90
5253296,36855316,5,,Cực kì hài lòng,0,113,90
120954,36855316,5,...,Cực kì hài lòng,0,13,90
10475359,76105908,5,,Cực kì hài lòng,0,220,127
5435801,76105908,5,,Cực kì hài lòng,0,120,127
5253296,76105908,5,"Sách đẹp, giao nhanh, nhưng mà hộp hơi móp nhưng sách vẫn ổn, sẽ ủng hộ",Cực kì hài lòng,0,113,127
1341609,73207098,4,Tốt,Hài lòng,0,68,121
8599820,73207098,5,"Một cuốn sách hay, giao nhanh, sách đẹp, mua hàng ở tiki luôn yên tâm về chất lượng. đầu tư cho tri thức là khoản đầu tư đúng đắn",Cực kì hài lòng,0,197,121
15188098,73207098,5,,Cực kì hài lòng,0,280,121
5161812,73207098,5,,Cực kì hài lòng,0,106,121
6534469,73207098,5,"Sách của Robert Greene hay xuất sắc luôn, cuốn nào tác giả mà đã viết là viết sâu, chi tiết nhưng phải đọc ngẫm kĩ sẽ thấm dần. Trân trọng tác giả đã viết ra các siêu phẩm có giá trị cao ❤️❤️❤️ vote 5 sao, nên mua mn nhé",Cực kì hài lòng,2,144,121
5363251,73207098,5,"Sách viết khá hay và phân tích sâu, cầm trên tay thấy dày, giấy khá mịn. Mình thấy xứng đáng về chất lượng nội dung, ngoại hình. Chất lượng như nào thì có thể mua về trải nghiệm và đúc rút cho bản thân mỗi người",Cực kì hài lòng,1,117,121
15006678,73207098,5,,Cực kì hài lòng,0,277,121
21558077,73207098,5,,Cực kì hài lòng,0,343,121
990696,73207098,5,,Cực kì hài lòng,0,57,121
6296758,73207098,4,Bị dập góc xíu.,Hài lòng,0,138,121
620317,73207098,5,,Cực kì hài lòng,0,40,121
13541376,73207098,5,KINH NGẠC VỀ NHÂN SINH,Cực kì hài lòng,0,264,121
306044,73207098,5,"sách của tác giả Robert Green thì ổn r, mình mua đủ bộ sách, còn thiếu cuốn này chờ mãi chắc cũng gần 5 năm từ lúc tve có bản dịch cộng động ?",Cực kì hài lòng,0,17,121
6780614,73207098,5,,Cực kì hài lòng,0,153,121
1811174,73207098,4,"Giao hàng nhanh . Sách bọc cẩn thận , Mới đọc vài trang đầu đánh giá sách ổn mong phần sau hay hơn nữa",Sách ổn,0,86,121
17688041,73207098,5,,Cực kì hài lòng,0,311,121
13513176,73207098,5,,Cực kì hài lòng,0,263,121
2227428,73207098,5,,Cực kì hài lòng,0,103,121
22235987,73207098,5,,Cực kì hài lòng,0,348,121
925720,73207098,5,Sách của Robert Greene đọc vô cùng cuốn hút,Hài lòng,0,54,121
14219155,73207098,5,,Cực kì hài lòng,0,271,121
129385,73207098,5,,Cực kì hài lòng,0,14,121
10986596,73207098,4,Ok,Hài lòng,0,230,121
8838101,73207098,5,,Cực kì hài lòng,0,203,121
7787551,73207098,5,,Cực kì hài lòng,0,176,121
15195,73207098,5,Giao sách đẹp. Sách hay và vô cùng thực tế.,Cực kì hài lòng,1,2,121
14452799,73207098,5,,Cực kì hài lòng,0,273,121
11685153,73207098,5,,Cực kì hài lòng,0,242,121
11968992,73207098,5,,Cực kì hài lòng,0,247,121
10036447,73207098,5,ok,Cực kì hài lòng,0,216,121
6295657,73207098,5,,Cực kì hài lòng,0,137,121
7846265,73207098,5,,Cực kì hài lòng,0,178,121
2052582,73207098,5,,Cực kì hài lòng,0,97,121
5181540,73207098,5,,Cực kì hài lòng,0,109,121
396187,73207098,5,"Sách hay, nên đọc",Cực kì hài lòng,0,27,121
705448,73207098,5,,Cực kì hài lòng,0,49,121
10923965,73207098,5,,Cực kì hài lòng,0,226,121
677395,73207098,5,,Cực kì hài lòng,0,46,121
1553755,73207098,5,,Cực kì hài lòng,0,77,121
2006871,73207098,5,,Cực kì hài lòng,0,95,121
12185460,73207098,5,,Cực kì hài lòng,0,252,121
317483,73207098,5,,Cực kì hài lòng,0,19,121
15312,73207098,5,,Cực kì hài lòng,0,3,121
18278431,73207098,5,,Cực kì hài lòng,0,323,121
12705599,1954471,3,Hqua mình vừa đặt 2 cuốn sách thì hnay có luôn.mình cảm ơn tiki rất nhiều ạ. Nhma 1 quyển mình nhận đc có nhiều nếp gấp và bị bẩn.tiki có thể giúp mình đổi lại cuốn khác đc ko ạ.mình cảm ơn ạ,Bình thường,0,257,26
5953228,1954471,5,"Sách cần thiết cho các nhà giáo, học sinh và những ai quan tâm đến các quy luật của Trí não. Sách hay, nên đọc.",Cực kì hài lòng,0,130,26
18343577,1954471,5,"Vực kì hấp dẫm và bổ ích.Luật chỉ não dựa trên các nghiên cứu khoa học về bộ não,cùng với các kn rèn luyện hc tập trong thực tế để đưa ra 12 quy luật về pt trí não",Cực kì hài lòng,0,324,26
7038371,1954471,3,"Mình mua bản tái bản 2018 là tái bản lần 3 rồi, nhưng bản dịch vẫn ko được tốt lắm, rất nhiều câu tối nghĩa",Bình thường,0,155,26
17506038,1954471,5,,Cực kì hài lòng,0,307,26
42438,1954471,5,,Cực kì hài lòng,0,4,26
18118699,1954471,5,,Cực kì hài lòng,0,318,26
18132503,1954471,5,,Cực kì hài lòng,0,319,26
21558077,54002545,5,,Cực kì hài lòng,0,343,109
7800274,54002545,4,,Hài lòng,0,177,109
17506038,54002545,5,,Cực kì hài lòng,0,307,109
12119040,54002545,5,,Cực kì hài lòng,0,250,109
15354457,54002545,5,,Cực kì hài lòng,0,284,109
5953228,54002545,5,,Cực kì hài lòng,0,130,109
1118879,54002545,5,,Cực kì hài lòng,0,62,109
1818107,54002545,5,Ok,Cực kì hài lòng,0,87,109
30200011,191782162,5,,Cực kì hài lòng,0,369,162
9636076,191782162,5,"Cảm ơn, cảm ơn, cảm ơn!",Cực kì hài lòng,0,207,162
5161812,191782162,5,Sách hay,Cực kì hài lòng,0,106,162
5435801,191782162,5,,Cực kì hài lòng,0,120,162
28059010,191782162,5,,Cực kì hài lòng,0,367,162
22970362,191782162,5,,Cực kì hài lòng,0,356,162
10711911,1353613,5,"Sống trọn vẹn từng khoảnh khắc có nghĩa là sống ở hiện tại, tập trung nhận thức của bạn vào những thứ đang diễn ra ngay lúc này. Sách in đẹp, bìa cứng cáp. Tiki giao hàng nhanh.",Cực kì hài lòng,1,224,19
8200000,1353613,5,Sach hơi nhỏ nhưng được cái vẫn còn seal và mới nha.,Cực kì hài lòng,1,186,19
7642411,1353613,5,"Sách đẹp, bìa cứng, sale nguyên seal",Cực kì hài lòng,0,171,19
16898585,1353613,4,,Hài lòng,0,300,19
9095400,1353613,4,,Hài lòng,0,205,19
318283,75630581,5,"Câu chuyện, câu chuyện, và những câu chuyện.. Cuốn hút, thú vị, nhiều điều học hỏi.. #1 cuốn sách được khuyên đọc nhiều nhất trên thế giới.. Phù hợp với các nhà hoạch định chiến lược cho công ty, lãnh đạo, người đổi mới… có cách nhìn hay hơn, tốt hơn.. 9/10 đ",Cực kì hài lòng,0,20,125
19594971,75630581,5,"Quá đỉnh, dịch ổn và nhắc mình nhớ lại sự quan trọng của những ý tưởng mới, đột phá có thể thay đổi cục diện cũng như sự cần thiết của việc phát triển khoa học - kĩ thuật (mình đã đọc hết 3 chương đầu)",Cực kì hài lòng,0,334,125
15006678,75630581,5,,Cực kì hài lòng,0,277,125
98653,75630581,5,,Cực kì hài lòng,0,11,125
15525144,75630581,3,"Sách hơi cũ, không mới như mong đợi",Bình thường,0,285,125
9860625,8855456,5,,Cực kì hài lòng,0,211,47
2051853,8855456,5,,Cực kì hài lòng,0,96,47
2227428,8855456,5,,Cực kì hài lòng,0,103,47
17506038,103569998,5,,Cực kì hài lòng,0,307,139
7333002,103569998,5,good,Cực kì hài lòng,0,165,139
113590,103569998,5,,Cực kì hài lòng,0,12,139
19466064,103569998,5,,Cực kì hài lòng,0,332,139
332605,103569998,5,,Cực kì hài lòng,0,22,139
15110452,47438231,5,,Cực kì hài lòng,0,278,98
7491237,47438231,5,Nên đọc,Cực kì hài lòng,0,167,98
7859171,47438231,4,,Hài lòng,0,179,98
13513176,47438231,5,,Cực kì hài lòng,0,263,98
18132503,10281398,5,,Cực kì hài lòng,0,319,53
17506038,10281398,5,,Cực kì hài lòng,0,307,53
451499,10281398,1,Toi dat hang 2 cuon sach 1) tri nho khong gioi han va 2)Sketchnote Ly thuyet va thuc hanh . Khi toi nhan hang trong hoa don ghi 2 cuon sach nhung khi toi mo ra khong co cuon Tri nho khong gioi han. Toi mua hang cua Tiki rat nhieu va danh gia rat tot ve Tiki nhung lan nay lam toi kha that vong. Mong Tiki kiem hang truoc khi giao de tranh nhung loi nhu the nay.,Hang giao khong dung don dat hang,0,30,53
8691757,10281398,5,,Cực kì hài lòng,0,201,53
7180204,10281398,5,,Cực kì hài lòng,0,162,53
2006871,14524625,5,,Cực kì hài lòng,0,95,68
19594971,14524625,5,"Thầy viết sâu sắc và hóm hỉnh, nhiều chiêm nghiệm và bài học",Cực kì hài lòng,0,334,68
15286816,14524625,5,"Hay, rất đáng để dành thời gian đọc quyển này luôn.",Cực kì hài lòng,0,283,68
7859171,14524625,5,,Cực kì hài lòng,0,179,68
15188098,36399672,5,,Cực kì hài lòng,0,280,89
8227537,36399672,5,,Cực kì hài lòng,0,187,89
10970692,36399672,5,"sách rất hay dịch thuật mượt, vấn đề tư duy hiện đại được Nassim nhìn nhận rất sâu sắc",Cực kì hài lòng,0,229,89
10969139,36399672,5,"tác phẩm xuất sắc nên đọc, nhưng tính kết nối giữa các phần không cao, đọc có cảm giác mỗi một phần tác giả viết để viết vậy",Cực kì hài lòng,0,228,89
138485,36399672,5,,Cực kì hài lòng,0,15,89
10781891,36399672,5,Hữu ích,Cực kì hài lòng,0,225,89
98653,36399672,5,,Cực kì hài lòng,0,11,89
8303642,36399672,5,,Cực kì hài lòng,0,192,89
12705599,36399672,5,Cuốn sách có thể hơi khó đọc vì có 1 số thuật ngữ chuyên ngành nhưng chỉ cần đọc chậm và tập trung thì chúng ta có thể hiểu được rất nhiều điều của sự ngẫu nhiên trong cuộc sống.Cảm ơn tác giả và tiki rất nhiều,Cực kì hài lòng,4,257,89
14216937,36399672,5,,Cực kì hài lòng,0,270,89
204624,36399672,5,,Cực kì hài lòng,0,16,89
1811174,36399672,4,Sách hay đã đọc và đang nghiền ngẫm,Hài lòng,0,86,89
10418172,36399672,5,,Cực kì hài lòng,0,219,89
451499,36399672,5,,Cực kì hài lòng,0,30,89
19334327,36399672,5,,Cực kì hài lòng,0,329,89
17506038,36399672,4,,Hài lòng,0,307,89
7333002,36399672,5,good,Cực kì hài lòng,0,165,89
18132503,36399672,5,,Cực kì hài lòng,0,319,89
1877233,36399672,5,,Cực kì hài lòng,0,91,89
10923965,36399672,5,,Cực kì hài lòng,0,226,89
705448,36399672,5,,Cực kì hài lòng,0,49,89
306044,36399672,5,,Cực kì hài lòng,0,17,89
8281800,36399672,5,,Cực kì hài lòng,0,191,89
15188732,36399672,3,,Bình thường,0,281,89
19065387,36399672,5,,Cực kì hài lòng,0,327,89
5848334,36399672,5,,Cực kì hài lòng,0,126,89
535593,36399672,5,,Cực kì hài lòng,0,35,89
1864681,828647,5,"Nội dung hay, có nhiều điều hữu ích. Tiki giao nhanh, giá tốt",Cực kì hài lòng,0,90,17
1039840,828647,5,"Tiki giao hàng nhanh, đóng gói đẹp, phục vụ nhiệt tình, sách ok",Cực kì hài lòng,0,58,17
655288,828647,5,rata hữu ích,Cực kì hài lòng,0,44,17
6304722,828647,4,Bìa sách bẩn và hơi lem nhem keo dán phần tem.,Hài lòng,0,140,17
6780614,828647,5,,Cực kì hài lòng,0,153,17
7890496,828647,4,,Hài lòng,0,180,17
7621628,8835539,5,,Hài lòng,0,170,45
98653,8835539,5,,Cực kì hài lòng,0,11,45
21500023,1938903,5,,Cực kì hài lòng,0,342,25
7038371,8835539,5,"Siêu phẩm đúng với lời đồn "" Cuốn sách ảnh hưởng nhất mọi thời đại"". Đọc đoạn hành trình 20 dặm thôi là đã trúng tim đen rồi. Cuốn sách nội dung hay lắm các bạn nhé. Cảm ơn Tác giả, cảm ơn Tiki ( dịch vụ không chê được: sách mới+ giá rẻ+ chị giao hàng thân thiện)",Sách hay lắm nhé,7,155,45
21558077,8835539,5,,Cực kì hài lòng,0,343,45
9786862,8835539,5,,Cực kì hài lòng,0,210,45
14982315,8835539,5,"Giao hàng siêu nhanh. Sách đẹp, bọc cẩn thận. Cảm ơn shop.",Cực kì hài lòng,0,276,45
11396202,8835539,5,sách mới ok chất lượng ổn không phụ sự kì vọng . giao hành nhanh đóng gói cẩn thận . ( hình ảnh mang tc minh hoạ ),Cực kì hài lòng,0,235,45
9636076,8835539,5,Sách hay,Cực kì hài lòng,0,207,45
2127834,8835539,5,"Một trong 3 quyển sách hay của Jim Collins. Sách hay, các khái niệm đưa ra rất mới, được tổng kết từ thực tiễn",Cực kì hài lòng,1,101,45
17321473,8835539,5,,Cực kì hài lòng,0,305,45
19455780,8835539,5,,Cực kì hài lòng,0,331,45
2065541,8835539,5,"Tác phẩm này thì không còn gì để bàn rồi, mình đã từng mua đọc, và tặng cho bạn, lần này tái bản mình lại mua lần nữa.",Cực kì hài lòng,1,98,45
10252774,8835539,5,"nhận được sách, mà muốn mua tiếp thôi ạ. sách rất đẹp! cám ơn tiki",Cực kì hài lòng,0,217,45
6765529,8835539,5,Thích,Cực kì hài lòng,0,152,45
11944614,8835539,5,"Sách hay, bọc Sách cẩn thận. ❤️",Cực kì hài lòng,0,246,45
451499,8835539,5,Giao hàng nhanh.,Cực kì hài lòng,0,30,45
6468863,8835539,5,,Cực kì hài lòng,0,142,45
6304722,8835539,5,,Cực kì hài lòng,0,140,45
16426556,8835539,5,,Cực kì hài lòng,0,294,45
12151124,8835539,5,Sách hay nên đọc,Cực kì hài lòng,0,251,45
15188732,8835539,3,,Bình thường,0,281,45
664787,8835539,5,"Tiki giao hàng tốt. Chất lượng đóng sách tốt . Nội dung hay, không đọc thì tiếc lắm",Must-read book,0,45,45
6468863,23930107,5,,Cực kì hài lòng,0,142,79
16365003,23930107,5,đáng để đọc,Cực kì hài lòng,0,293,79
15312,23930107,5,,Cực kì hài lòng,0,3,79
5353717,230009482,5,,Cực kì hài lòng,0,114,169
8094853,230009482,4,,Hài lòng,0,183,169
9786862,230009482,5,,Cực kì hài lòng,0,210,169
2127834,560565,4,"Nhận xét về hình thức của sản phẩm này là bìa in đẹp, chất lượng giấy không  tốt, mực in rõ. Sách nhỏ, mỏng nhẹ dễ cầm,.Tiki giao hàng nhanh, OK",Hài lòng với sản phẩm này ..OK,0,101,9
18132503,560565,5,,Cực kì hài lòng,0,319,9
5253296,560565,5,,Cực kì hài lòng,0,113,9
8599820,59047889,5,"Một cuốn sách hay, giao nhanh, sách đẹp, mua hàng ở tiki luôn yên tâm về chất lượng. đầu tư cho tri thức là khoản đầu tư đúng đắn",Cực kì hài lòng,0,197,116
1231830,59047889,5,,Cực kì hài lòng,0,66,116
12923385,59047889,5,Rất hài lòng,Cực kì hài lòng,1,259,116
10252774,59047889,5,Nội dung thì mình chưa đọc. Tiki giao hàng rất tốt. an tâm luôn ạ. cám ơn tikj,Cực kì hài lòng,0,217,116
8303642,59047889,5,,Cực kì hài lòng,0,192,116
1864681,3750479,4,"Sách nhận lần 1 bị lỗi, tiki đã đổi lại sách mới nhưng vẫn khá cũ.. Nội dung sách có nhiều điều thú vị",Hài lòng,1,90,36
990696,3750479,5,,Cực kì hài lòng,0,57,36
678138,3750479,5,,Cực kì hài lòng,0,47,36
16650557,48873333,5,"Sản phẩm ok, giao hàng nhanh, mình hài lòng về sản phẩm. Mình sẽ ủng hộ  Tiki tiếp tục nè",Cực kì hài lòng,0,297,102
21883162,48873333,5,Sách hàng chuẩn các bạn nhé,Cực kì hài lòng,0,346,102
16145848,48873333,5,"Sách giao hình thức đẹp, giao hàng cẩn thận không bị bẩn, xước. Rất hài lòng.",Cực kì hài lòng,0,290,102
11871210,48873333,5,"chất lượng sách tốt và cuốn sách bổ ích ,",Cực kì hài lòng,1,244,102
18118699,48873333,5,,Cực kì hài lòng,1,318,102
9135558,48873333,5,,Cực kì hài lòng,1,206,102
7180204,48873333,5,,Cực kì hài lòng,1,162,102
10969139,49549978,5,"sách hay, chúng ta cứ khuyên người khác phải nỗ lực, phải cố gắng, nhưng cái môi trường người ta sống tạo ra người ta như thế, muốn thay đổi điều đầu tiên phải thay đổi môi trường sống, làm việc và sinh hoạt.. Môi trường thay đổi thì tâm tính thay đổi, tâm tính thay đổi thì thói quen thay đổi, đổi từng chút từng chút một",Cực kì hài lòng,0,228,105
18132503,49549978,5,,Cực kì hài lòng,0,319,105
15188098,49549978,5,Sách rách mất 1 trang,Cực kì hài lòng,0,280,105
12088578,49549978,5,"sách đóng gói cẩn thận, giao hàng đúng hẹn, rất hài lòng ♥️",Cực kì hài lòng,0,249,105
6679874,49549978,4,,Hài lòng,0,148,105
8094853,49549978,4,"cơ bản thấy ổn, chưa đọc kỹ",Hài lòng,0,183,105
10923965,49549978,5,,Cực kì hài lòng,1,226,105
85966,49549978,5,,Cực kì hài lòng,0,8,105
655288,49549978,5,rất đáng đọc,Cực kì hài lòng,0,44,105
17777784,49549978,4,,Hài lòng,0,313,105
16365003,49549978,5,chán,Cực kì hài lòng,0,293,105
5176086,49549978,5,Sách hay nhưng ngắn quá...,Cực kì hài lòng,0,108,105
411083,49549978,5,,Cực kì hài lòng,0,28,105
19065387,49549978,5,,Cực kì hài lòng,0,327,105
6516078,49549978,5,,Cực kì hài lòng,0,143,105
1118879,49549978,5,,Cực kì hài lòng,0,62,105
129385,49549978,5,,Cực kì hài lòng,0,14,105
10475359,76826976,5,,Cực kì hài lòng,0,220,130
6765529,76826976,5,Thích,Cực kì hài lòng,0,152,130
24923026,76826976,5,,Cực kì hài lòng,0,359,130
18740986,76826976,4,,Hài lòng,0,326,130
7178520,170298038,5,"Cực kỳ hài lòng. Sản phẩm có chất lượng đúng như mô tả, đóng gói chắc chắn, rất đáng tiền, giao hàng nhanh. . P/s: Không có thời gian chụp hình nên mình lấy đỡ hình trên mạng up",Cực kì hài lòng,0,161,152
15188098,170298038,5,,Cực kì hài lòng,0,280,152
11891788,170298038,5,Nội dung rất hay. Làm thức tỉnh lòng người,Cực kì hài lòng,3,245,152
5757175,170298038,5,,Cực kì hài lòng,0,124,152
12151124,170298038,5,"Sách hay. Tạo động lực để mọi người dốc sức học tập, tiến bộ.",Cực kì hài lòng,0,251,152
23783813,170298038,5,,Cực kì hài lòng,0,358,152
22588512,170298038,5,,Cực kì hài lòng,0,353,152
10681858,170298038,4,,Hài lòng,0,223,152
28056883,170298038,5,,Cực kì hài lòng,0,366,152
947920,170298038,5,,Cực kì hài lòng,0,55,152
27837115,170298038,4,,Hài lòng,0,363,152
19523592,170298038,4,,Hài lòng,0,333,152
10036447,170298038,5,,Cực kì hài lòng,0,216,152
1624472,170298038,5,,Cực kì hài lòng,0,78,152
17777784,170298038,5,,Cực kì hài lòng,0,313,152
586855,170298038,5,,Cực kì hài lòng,0,38,152
18740986,170298038,4,,Hài lòng,0,326,152
8838101,170298038,5,,Cực kì hài lòng,0,203,152
10025671,170298038,5,,Cực kì hài lòng,0,215,152
16188247,177117491,5,,Cực kì hài lòng,0,291,156
6018022,177117491,5,,Cực kì hài lòng,0,134,156
955944,177117491,5,,Cực kì hài lòng,0,56,156
10025671,177117491,5,,Cực kì hài lòng,0,215,156
318283,93327797,3,"Có khá nhiều lời nhận xét dành khen tặng cho cuốn sách. Tuy nhiên, theo nhận xét cá nhân, thì nội dung không đủ sức gánh hết những lời khen. Có quá nhiều những ”tên đặt”, ví dụ nhận thức lỏng, nhận thức căng… càng nhiều tên đặt thì càng gây chán. Có quá nhiều những câu chuyện lồng vào để dẫn dắt nhưng vì quá nhiều nên gây chán vì chả liên quan gì. Nửa đầu cuốn sách còn hấp dẫn, càng về sau càng chán, kiểu lảm nhảm.. Nhìn chung, với 600 trang ngốn hơn 12 giờ đọc thì hơi phí. Nếu lược bớt lảm *** còn 250 trang thì may ra hấp dẫn hơn tí. . 5/10 điểm. Đọc xong thấy thu nhặt chẳng được bao nhiêu kiến thức, haizz chắc tại *** quá.",Bình thường,1,20,134
6296758,93327797,5,"Cuốn này do tiến sĩ Dương Ngọc Dũng giới thiệu nên phải mua cho được để đọc. Sách bảo quản OK, đóng gói tốt, vận chuyển nhanh.",Cực kì hài lòng,0,138,134
7707283,93327797,5,,Cực kì hài lòng,0,172,134
22454445,93327797,5,,Cực kì hài lòng,0,350,134
28420073,93327797,5,,Cực kì hài lòng,0,368,134
28059010,93327797,4,Móp nặng trời ơi,Hài lòng,0,367,134
1811174,93327797,5,Sách hay giúp mình nhận biết được nhiều thiếu sót khi tư duy,Cực kì hài lòng,0,86,134
21940481,93327797,5,,Cực kì hài lòng,0,347,134
21440634,93327797,5,,Cực kì hài lòng,0,340,134
1356818,93327797,5,,Cực kì hài lòng,0,71,134
17321473,93327797,5,,Cực kì hài lòng,0,305,134
6599221,93327797,5,,Cực kì hài lòng,0,146,134
8993466,93327797,5,,Cực kì hài lòng,0,204,134
1635513,93327797,5,,Cực kì hài lòng,0,79,134
8253980,93327797,5,,Cực kì hài lòng,0,189,134
204624,93327797,5,,Cực kì hài lòng,0,16,134
8838101,93327797,5,,Cực kì hài lòng,0,203,134
16487754,93327797,4,Khá ok,Hài lòng,0,295,134
25519269,93327797,5,,Cực kì hài lòng,0,360,134
1128327,93327797,5,,Cực kì hài lòng,0,63,134
14219155,93327797,5,,Cực kì hài lòng,0,271,134
748040,93327797,5,,Cực kì hài lòng,0,50,134
6295657,93327797,5,,Cực kì hài lòng,0,137,134
17546940,93327797,5,,Cực kì hài lòng,0,310,134
25656266,734872,5,,Cực kì hài lòng,0,361,15
5176086,734872,1,Sách rất bẩn và trầy xước rất nhiều. Không có bìa nilông bọc sách. Dù là hàng giảm giá nhưng Tiki nên tôn trọng khách hàng.,Rất không hài lòng,0,108,15
6679874,734872,4,,Hài lòng,0,148,15
2232401,734872,5,,Cực kì hài lòng,0,104,15
12088578,56753902,5,"sách hay, bọc cẩn thận, Giao hàng đúng hẹn, rất hài lòng ♥️",Cực kì hài lòng,0,249,113
6746297,56753902,5,"Tiki gói hàng cẩn thận, giao hàng cực nhanh với dịch vụ Tikinow. Sách mới, không nhàu nát, giá còn khá rẻ so với giá bìa. Nói chung khá hài lòng về dịch vụ của Tiki.",Cực kỳ hài lòng,0,151,113
8678460,56753902,5,"sách hay, chất lượng tốt. về phần phục vụ của tiki mình rất hài lòng vận chuyển và đóng gói cũng khá OK, shiper giai hàng thân thiện nhiệt tình",Hai lòng,0,200,113
19455780,56753902,5,,Cực kì hài lòng,0,331,113
7621628,56753902,5,,Cực kì hài lòng,0,170,113
5181540,56753902,5,"Một cuốn sách rất đáng đọc, giúp bạn hiểu và phá vỡ các khuôn mẫu đã hình thành trong quá khứ. Tiki giao hàng nhanh.",Cực kì hài lòng,0,109,113
21883162,56753902,5,ok,Cực kì hài lòng,0,346,113
7333002,56753902,5,good,Cực kì hài lòng,0,165,113
678138,56753902,5,,Cực kì hài lòng,0,47,113
1782676,56753902,5,Sách đẹp,Cực kì hài lòng,0,85,113
2065541,1353611,5,"Là một người viết đồng thời là một người học trọn đời. Dù đã trải qua nhiều năm cải thiện bản thân, tôi phải thừa nhận rằng tôi luôn gặp khó khăn trong việc làm cho mọi việc trong ngày trôi chảy. May mắn là tôi gặp cuốn sách này, tác giả nổi tiếng thế giới Twyla Tharp đưa ra những ""nghi lễ"" để khiến ngày làm việc của bạn đạt được cả hai tiêu chí quan trọng nhất, kiên định và sáng tạo.",Cực kì hài lòng,1,98,18
18343577,32802799,5,"1 cuốn sách hay của Shark Daymond.Cuốn sách thể hiện sự hiểu biết và kinh nghiệm từng tiếp xúc của Shark với doanh nghiệp Mỹ đặc biệt là giới khởi nghiệp.Các dẫn chứng thuyết đi kèm là những lời khuyên hữu ích về các phẩm chất cần có của 1 Founder Startup: Luôn vượt lên chính mình,Hãy thành thật,Kiểm soát nguồn lực.Đây là cuốn sách hay dành cho mọi Startup",Cực kì hài lòng,3,324,85
5226292,32802799,5,Sách quá hay.🥳..,Cực kì hài lòng,0,111,85
1841457,32802799,5,"Sách mua cùng lượt với các sách khác (TikiNow), các sách khác thì ngay ngày hôm sau đã giao tới, còn sách này thì cả tuần sau mới tới nơi. Tuy nhiên, sách in ấn đẹp, bao bì tốt. Chưa kịp đọc, sẽ từ từ thưởng thức.",Sách giao hơi chậm,0,88,85
22389499,32802799,5,,Cực kì hài lòng,0,349,85
16206233,32802799,5,,Cực kì hài lòng,0,292,85
12631514,32802799,1,Khi nào thì Tiki mới nhận ra việc đóng gói chống sốc rất quan trọng nhờ? Hay mãi mãi là sự ẩu tả ?,Rất không hài lòng,0,255,85
1039840,32802799,5,,Cực kì hài lòng,0,58,85
6827897,32802799,5,,Cực kì hài lòng,0,154,85
18278431,32802799,5,,Cực kì hài lòng,0,323,85
13513176,32802799,5,,Cực kì hài lòng,0,263,85
1503284,32802799,5,,Cực kì hài lòng,0,76,85
8458949,32802799,5,Chưa đọc,Cực kì hài lòng,0,195,85
12705599,32802799,5,,Cực kì hài lòng,0,257,85
19455780,36857503,5,,Cực kì hài lòng,0,331,91
1895509,36857503,5,,Cực kì hài lòng,0,93,91
1428415,36857503,5,"sách hay, bìa đẹp ❣❣",Cực kì hài lòng,0,74,91
7101551,36857503,5,,Cực kì hài lòng,0,158,91
120954,36857503,5,...,Cực kì hài lòng,0,13,91
1503284,36857503,4,,Hài lòng,0,76,91
11679893,36857503,5,,Cực kì hài lòng,0,241,91
12088578,3672853,5,👍👍👍,Cực kì hài lòng,0,249,34
1438406,3672853,5,Tốt,Cực kì hài lòng,0,75,34
18740986,3672853,4,,Hài lòng,0,326,34
12631514,3672853,1,"Ẩu quá ẩu đi Tiki ơi, đóng gói không có tí chống sốc nào cả!",Rất không hài lòng,0,255,34
17545865,3672853,5,,Cực kì hài lòng,0,309,34
9135558,3672853,5,,Cực kì hài lòng,0,206,34
5353717,362226,3,"Những điều đã được nói rồi, không có gì mới.",Bình thường,0,114,4
11359,362226,5,,Cực kì hài lòng,0,1,4
138485,362226,5,,Cực kì hài lòng,0,15,4
7209435,362226,5,,Cực kì hài lòng,0,163,4
14039881,362226,5,"Giao hàng nhanh, đóng gói cẩn thận, chất lượng sản phẩm tốt",Cực kì hài lòng,0,268,4
15169513,322074,5,Ok,Cực kì hài lòng,0,279,0
705448,272877866,5,,Cực kì hài lòng,0,49,171
5953228,272877866,5,,Cực kì hài lòng,0,130,171
16898585,272877866,5,,Cực kì hài lòng,0,300,171
8264530,272877866,5,"Sách hay, 5 sao",Cực kì hài lòng,0,190,171
10519861,272877866,5,,Cực kì hài lòng,0,222,171
14088052,12416731,5,,Cực kì hài lòng,0,269,62
1039840,12416731,5,"Tiki Phục vụ tốt, giao hàng nhanh, đóng gói ok, nội dung mình chưa đọc.....",hài lòng,0,58,62
651562,12416731,4,Một cuốn sách tạo động lực làm chủ bản thân cho những người đang còn loay hoay,Hài lòng,0,43,62
5582356,12416731,5,"Giao hàng nhanh, bao bọc đẹp, rất ôk",Cực kì hài lòng,1,122,62
5672375,12416731,5,,Cực kì hài lòng,0,123,62
5429527,344235,5,,Cực kì hài lòng,0,119,2
15188732,477566,4,,Hài lòng,0,281,7
1635513,477566,5,sách hay lắm. bọc cẩn thận,Cực kì hài lòng,0,79,7
7425617,477566,5,,Cực kì hài lòng,0,166,7
10711911,1353611,5,"Quyển sách gồm những câu nói giúp khám phá định nghĩa về sự tha thứ và những biểu hiện đa dạng của nó. Sách có cả phần tiếng Anh và tiếng Việt. In đẹp, bìa cứng cáp. Tiki giao hàng nhanh.",Cực kì hài lòng,0,224,18
22389499,1353611,5,,Cực kì hài lòng,0,349,18
9886531,1353611,5,"Giao hàng nhanh, giá sale tốt. Cám ơn tiki.",Cực kì hài lòng,0,213,18
7642411,1353611,5,"Sách đẹp nguyên seal, tiki giảm giá xịn",Cực kì hài lòng,0,171,18
8200000,1353611,5,Sách xinh lắm luôn áaaaaaaaaa.,Cực kì hài lòng,0,186,18
9095400,1353611,5,,Cực kì hài lòng,0,205,18
368266,1954475,5,sân phẩm xài rất nhiều sức khỏe và bình an nhé anh thầu trong hoạt động của anh voi a P confirm lịch thi với bé Minh gì đó trước khi giao tiếp xúc gần anh qua chỗ chị Trinh mà chưa chắc ngon hay không đi có rule cua google cho Go ta có xe mới nhiều sức mạnh khỏe thôi chứ không làm gì mình được em là không phải lo đến sữa cho anh chung lịch nè em không mua rồi chạy xuống không có đuối,Cực kì hài lòng,0,24,27
1384584,1954475,5,ok,Cực kì hài lòng,0,73,27
8264530,14447467,5,"Tuyệt vời, rất thích sp của shop Alpha Books Official",Cực kì hài lòng,0,190,67
12185460,14447467,5,,Cực kì hài lòng,0,252,67
1118879,14447467,5,,Cực kì hài lòng,0,62,67
21440634,1954475,4,Shop gói cẩn thận lm ạ nhưng hàng về đến sách bị trầy xước và bên ngoài sách dính gì đó nhìn cuốn sách ko đc trắng cứ bết bết thế nào ấy ạ.Nhưng v cũng tạm rồi ạ🥰 Vì giá như vậy là tuyệt vời r.,Hài lòng,0,340,27
318283,1954475,4,"Luôn đọc hết mới dám nhận xét, đương nhiên nhận xét chỉ là góc nhìn cá nhân. . Phải nói,chưa bao giờ tắt ngọn lửa đam mê với toán học. Nghĩ hồi xưa theo ngành toán chắc thỏa được đam mê, chỉ vì hồi xưa hông có người hướng dẫn.. Vớ được cuốn sách này, cứ nghĩ rằng sẽ gặt hái được nhiều tuyệt chiêu mới lạ hơn, để truyền đạt phương pháp, với truyền lửa tình yêu cho thằng kia. Ai dè..... Cuốn sách có quá nhiều lời khen tặng. Thật ra, cuốn sách không cụ thể riêng về phương pháp học toán, hay nghiên cứu khoa học, theo cách đặc biệt nào mới. Mà chỉ là các phương pháp học và ghi nhớ, cũng như phân loại thông tin...mà bộ sách kỹ năng để sử dụng bộ óc của Tony Buzan hơn 20 năm trước đã có. . Cuốn sách này tạm có ích cho những bạn ở mức độ cơ bản. Nếu muốn nâng cao, nên đọc bộ của Buzan. Kakaa. Đánh giá 6/10 điểm.",Hài lòng,1,20,27
22684527,1954475,5,,Cực kì hài lòng,0,354,27
23783813,1954475,5,,Cực kì hài lòng,0,358,27
18132503,1954475,5,,Cực kì hài lòng,0,319,27
1060680,1954475,5,"Sách mới, đẹp, rất hài lòng",Cực kì hài lòng,0,60,27
891969,1954475,5,,Cực kì hài lòng,0,53,27
1695902,1954475,5,,Cực kì hài lòng,0,81,27
7333002,1954475,5,hai long,Cực kì hài lòng,0,165,27
19065387,1954475,3,,Bình thường,0,327,27
13728255,1954475,5,,Cực kì hài lòng,0,266,27
1118879,1954475,5,,Cực kì hài lòng,0,62,27
13552782,73497218,5,Cuốn sách kể về nhận thuận lợi và bất lợi của mỗi kiểu người trong xã hội và đưa ra kết luận rằng những điểm bất lợi dưới con mắt của người này chưa chắc đã là điểm bất lợi trong lăng kính của người khác thông qua cuốn sách này thì tác giả đã cho thấy chúng ta đã hiểu sai cuộc chiến giữa kẻ yếu và kẻ mạnh như thế nào cách đánh giá thấp thuận lợi của những điều được cho là bất lợi ra sao,Cực kì hài lòng,0,265,122
11195564,73497218,5,,Cực kì hài lòng,0,231,122
664787,73497218,5,sách hay,Cực kì hài lòng,0,45,122
11310754,73497218,5,,Cực kì hài lòng,0,232,122
25519269,73497218,5,,Cực kì hài lòng,0,360,122
12151124,2069357,5,Nội dung ổn dù ko hay bằng cuốn Chiến lược đại dương xanh,Cực kì hài lòng,0,251,29
11992154,2069357,4,,Hài lòng,0,248,29
411083,2069357,5,Sách khá hay giành cho bạn nào đang là chủ hoặc người hoạch định cho doanh nghiệp để tìm hướng đi mới. Fahasa thì đóng gói sách khỏi chê rồi.,Cực kì hài lòng,0,28,29
11944614,2069357,5,"Sách đẹp, giao hàng nhanh, bọc cẩn thận. ❤️",Cực kì hài lòng,0,246,29
1970940,2069357,4,sếp tôi thích cuốn này này tôi cũng tò mò lây ?,Hài lòng,0,94,29
1223824,2069357,3,Sách hơi khó hiểu nhưng cũng đáng đọc,Bình thường,0,65,29
7707283,614801,5,,Cực kì hài lòng,0,172,13
18387707,9994836,5,,Cực kì hài lòng,0,325,48
12631514,9994836,1,"Sách cũ, màu nhợt nhạt, bìa ố lem màu, sách dơ.. Và đương nhiên, Tiki à nhớ đóng gói chống sốc dô đơn hàng sách dùm iem ạ!",Rất không hài lòng,0,255,48
13513176,9994836,4,,Hài lòng,0,263,48
558142,175798778,5,,Cực kì hài lòng,0,36,155
6018022,175798778,5,,Cực kì hài lòng,0,134,155
11391731,175798778,5,"sách tốt, nội dung tuyệt vời",Cực kì hài lòng,0,234,155
17864394,175798778,5,,Cực kì hài lòng,0,316,155
16145848,10118600,5,"Hài lòng sản phẩm, đóng gói cẩn thận. Nhìn chung ok chưa xem nội dung. Sẽ review sau!",Cực kì hài lòng,0,290,51
15286816,10118600,4,,Hài lòng,0,283,51
19466064,10118600,5,,Cực kì hài lòng,0,332,51
7800274,173515946,4,"Sách mua hộ, mình vô tri.",Hài lòng,0,177,153
21440634,173515946,5,,Cực kì hài lòng,0,340,153
15194285,173515946,5,,Cực kì hài lòng,0,282,153
7768967,160754106,5,,Cực kì hài lòng,0,175,148
22454445,160754106,5,,Cực kì hài lòng,0,350,148
204624,160754106,5,,Cực kì hài lòng,0,16,148
20262036,160754106,5,,Cực kì hài lòng,0,337,148
1728034,160754106,5,,Cực kì hài lòng,0,82,148
19334327,160754106,5,,Cực kì hài lòng,0,329,148
11511151,160754106,5,,Cực kì hài lòng,0,238,148
6296758,160754106,5,Giá tốt.,Cực kì hài lòng,0,138,148
6679874,160754106,4,,Hài lòng,0,148,148
11391731,160754106,5,tốt,Cực kì hài lòng,0,234,148
2118484,160754106,4,,Hài lòng,0,100,148
12119040,160754106,5,,Cực kì hài lòng,0,250,148
13552782,200780115,5,"Sách bổ ích, những ai mới bước đầu muốn tìm hiểu về kinh tế đều nên đọc, những kiến thức nền tảng được viết rất dễ hiểu và ngắn gọn, không dùng những cách giải thích đao to búa lớn như ở trường đại học mà giải thích thẳng vào vấn đề. Nên mua",Cực kì hài lòng,0,265,167
1384584,200780115,5,,Cực kì hài lòng,0,73,167
12119040,200780115,5,,Cực kì hài lòng,0,250,167
16188247,48905222,5,,Cực kì hài lòng,0,291,104
642183,48905222,5,"Sách được chèn bìa đóng cẩn thận trong hộp, giá tốt.",Cực kì hài lòng,0,42,104
19213290,48905222,5,"Giao hàng nhanh, đóng gói cẩn thận, chất lượng giấy tốt.",Cực kì hài lòng,0,328,104
411083,48905222,5,,Cực kì hài lòng,0,28,104
7859171,48905222,4,,Hài lòng,0,179,104
8281800,48905222,5,,Cực kì hài lòng,0,191,104
17227913,48905222,5,,Cực kì hài lòng,0,303,104
5672375,12647239,5,,Cực kì hài lòng,0,123,64
10252774,12647239,5,gói bọc cẩn thận. sách đẹp. giao hàng nha nhanh. điểm 10 cho tiki?,Cực kì hài lòng,0,217,64
7089802,12647239,5,Sách hay và cần thiết cho mỗi người để nhận ra nhiều điều mà ta chưa biết,Hài lòng,0,156,64
6827897,12647239,5,,Cực kì hài lòng,0,154,64
2051853,12647239,5,,Cực kì hài lòng,0,96,64
381808,12647239,5,,Cực kì hài lòng,0,25,64
17526178,12647239,5,,Cực kì hài lòng,0,308,64
12571263,12647239,5,,Cực kì hài lòng,0,253,64
748040,12647239,5,,Cực kì hài lòng,0,50,64
18146117,12647239,5,Sách đẹp. Nội dung hay,Cực kì hài lòng,0,320,64
6590616,12647239,5,,Cực kì hài lòng,0,145,64
42438,12647239,5,,Cực kì hài lòng,0,4,64
705448,12647239,5,,Cực kì hài lòng,0,49,64
1349027,12647239,5,,Cực kì hài lòng,0,70,64
13428055,12647239,5,,Cực kì hài lòng,0,262,64
10519861,12647239,5,,Cực kì hài lòng,0,222,64
5429527,12647239,5,,Cực kì hài lòng,0,119,64
1895509,12647239,5,,Cực kì hài lòng,0,93,64
11318425,12647239,5,,Cực kì hài lòng,0,233,64
10475359,12647239,5,,Cực kì hài lòng,0,220,64
17506038,32192499,5,,Cực kì hài lòng,0,307,84
19455780,32192499,5,,Cực kì hài lòng,0,331,84
8425526,32192499,5,,Cực kì hài lòng,0,193,84
18132503,32192499,5,,Cực kì hài lòng,0,319,84
16898585,32192499,5,,Cực kì hài lòng,0,300,84
7491237,32192499,5,Nên đọc,Cực kì hài lòng,0,167,84
13513176,32192499,5,,Cực kì hài lòng,0,263,84
8013552,32192499,5,,Cực kì hài lòng,0,182,84
9723766,32037204,5,"Sách của First News thì hình thức và nội dung đều chất lượng, sách mới ạ tái bản quý IV/2021. Về nội dung, tác giả phân tích về bản ngã và những tác động chi phối lên đời sống con người, để hướng về sự tỉnh thức, trân trọng hiện tại tức các Vô ngã và không còn Chấp ngã vì Hình tướng vốn cuối cùng sẽ bị hoại diệt",Cực kì hài lòng,1,208,83
5363251,32037204,5,"Sách của Eckhart Tolle về tâm linh thì chắc ko cần phải khen gì nhiều vì ai cũng khen rồi. Đi thẳng vào vấn đề, ko có nói lòng vòng, ngôn ngữ bình dân và dễ đi vào lòng người. Cần có chút trải nghiệm và kiến thức về tâm linh để lĩnh hội được nội dung quyển sách và thực hành trong cuộc sống. Cám ơn dịch giả và tác giả và nhà xuất bản!",Cực kì hài lòng,4,117,83
1344932,32037204,5,,Cực kì hài lòng,0,69,83
15188098,32037204,5,,Cực kì hài lòng,0,280,83
8425526,32037204,4,,Hài lòng,0,193,83
7117824,32037204,5,,Cực kì hài lòng,0,159,83
19446943,32037204,5,,Cực kì hài lòng,0,330,83
23783813,32037204,5,,Cực kì hài lòng,0,358,83
5979039,32037204,5,,Cực kì hài lòng,0,132,83
27848083,32037204,5,"Sách ý nghĩa, giấy mỏng và nhẹ, để lâu sẽ bị ố vàng",Cực kì hài lòng,0,364,83
1366077,32037204,5,Đóng gói còn nguyên seal và đc đợt giảm giá tốt,Cực kì hài lòng,0,72,83
947920,32037204,5,,Cực kì hài lòng,0,55,83
22693770,32037204,5,,Cực kì hài lòng,0,355,83
19455780,32037204,5,,Cực kì hài lòng,0,331,83
955944,32037204,5,,Cực kì hài lòng,0,56,83
11944614,32037204,5,Sách đẹp ❤️❤️❤️,Cực kì hài lòng,0,246,83
13311884,32037204,5,,Cực kì hài lòng,0,260,83
17506038,32037204,5,,Cực kì hài lòng,0,307,83
1428415,32037204,5,,Cực kì hài lòng,0,74,83
6000943,32037204,5,,Cực kì hài lòng,0,133,83
21491462,32037204,5,,Cực kì hài lòng,0,341,83
1356818,32037204,5,,Cực kì hài lòng,0,71,83
21940481,32037204,5,,Cực kì hài lòng,0,347,83
7707283,32037204,5,,Cực kì hài lòng,0,172,83
10036447,32037204,5,,Cực kì hài lòng,0,216,83
17419896,32037204,5,,Cực kì hài lòng,0,306,83
18132503,32037204,5,,Cực kì hài lòng,0,319,83
11968992,32037204,5,,Cực kì hài lòng,0,247,83
16487754,32037204,4,Kha sok,Hài lòng,1,295,83
1128327,32037204,5,Sách hay ạ,Cực kì hài lòng,1,63,83
628851,32037204,5,,Cực kì hài lòng,0,41,83
22456806,32037204,5,,Cực kì hài lòng,0,351,83
14457163,32037204,5,"Giao hàng nhanh , sách đẹp",Cực kì hài lòng,4,274,83
24923026,32037204,5,Sách Fahasa lúc nào cũng mới tình và còn kít trong bì nhựa,Cực kì hài lòng,0,359,83
10252774,32037204,5,chưa kịp đọc. sách đẹp. gói bọc cẩn thận. cám ơn tiki,Cực kì hài lòng,0,217,83
22555105,32037204,5,,Cực kì hài lòng,0,352,83
8136353,32037204,5,,Cực kì hài lòng,0,185,83
7089802,32037204,5,Sáh cực kỳ hay về nội dung. Vô cùng cần thiết cho mỗi người,Cực kỳ hài lòng,0,156,83
16365003,32037204,3,sách mang tính triết học hàn lâm. bạn nào muốn mua nên xem xét kỹ. tiki bảo quản sách tốt!!!,Bình thường,0,293,83
6656572,32037204,5,,Cực kì hài lòng,0,147,83
1657646,32037204,5,,Cực kì hài lòng,0,80,83
18118699,32037204,5,,Cực kì hài lòng,0,318,83
1695902,32037204,5,,Cực kì hài lòng,0,81,83
1728729,32037204,5,,Cực kì hài lòng,0,83,83
14361212,32037204,5,sách hay,Cực kì hài lòng,0,272,83
17526178,32037204,5,,Cực kì hài lòng,0,308,83
13428055,32037204,5,,Cực kì hài lòng,0,262,83
12571263,32037204,5,,Cực kì hài lòng,0,253,83
8599820,32037204,5,,Cực kì hài lòng,0,197,83
15194285,32037204,5,,Cực kì hài lòng,0,282,83
7959915,32037204,5,,Cực kì hài lòng,0,181,83
18278431,32037204,5,,Cực kì hài lòng,0,323,83
1231830,32037204,5,,Cực kì hài lòng,0,66,83
7787551,32037204,5,,Cực kì hài lòng,0,176,83
7425617,32037204,5,,Cực kì hài lòng,0,166,83
18256955,32037204,4,,Hài lòng,0,322,83
19594971,72642585,5,"Ngắn, dễ đọc và hài hước. Một điểm trừ nhỏ là người đọc Việt như mình đôi khi chưa quen lắm với những joke có phần thâm sâu của tác giả, dù mình vẫn rất appreciate người dịch đã cố gắng chuyển ngữ cho sát với ngữ cảnh VN hơn rồi. Rất hy vọng dịch giả và NXB tiếp tục làm tốt hơn điểm này trong các bản dịch và tác phẩm sau này. Big thanks!",Cực kì hài lòng,0,334,119
15990063,72642585,5,OK,Cực kì hài lòng,0,288,119
19213290,72642585,5,,Cực kì hài lòng,0,328,119
7101551,262404872,5,,Cực kì hài lòng,0,158,170
11511756,262404872,5,,Cực kì hài lòng,0,239,170
11992154,262404872,4,,Hài lòng,0,248,170
16141175,262404872,5,"Chờ đợi đã lâu để đọc cuốn 3, mua sách đúng NXB nên không lo, sách đẹp giấy tốt. Tập 3 mở ra nhiều chỉ dẫn về hành thiền, đọc chậm để ngẫm, mỗi người sẽ có thu hoạch riêng.",Cực kì hài lòng,1,289,170
17777784,262404872,5,,Cực kì hài lòng,0,313,170
1231830,262404872,5,,Cực kì hài lòng,0,66,170
88133,262404872,5,,Cực kì hài lòng,0,9,170
1344932,262404872,5,,Cực kì hài lòng,0,69,170
11195564,262404872,5,,Cực kì hài lòng,0,231,170
12810369,262404872,5,,Cực kì hài lòng,0,258,170
480605,262404872,5,,Cực kì hài lòng,0,31,170
439058,106362865,5,,Cực kì hài lòng,0,29,140
17794972,106362865,5,,Cực kì hài lòng,0,315,140
10418172,106362865,5,,Cực kì hài lòng,0,219,140
21379518,106362865,5,good,Cực kì hài lòng,0,339,140
8678460,4476279,5,hài lòng hài lòng hài lòng hài lòng hài lòng hài lòng hài lòng hài lòng hài lòng hài lòng,hài lòng,0,200,40
651562,4476279,5,"Áp mã giảm 50%, đóng gói tốt, giao hàng nhanh, Fahasa đóng gói là 5 sao",Cực kì hài lòng,0,43,40
8136353,4476279,5,nội dung hay giấy đẹp,Cực kì hài lòng,0,185,40
17526178,4476279,5,,Cực kì hài lòng,0,308,40
1337470,4476279,5,,Cực kì hài lòng,0,67,40
7316749,4476279,4,,Hài lòng,0,164,40
310648,4476279,5,,Cực kì hài lòng,0,18,40
8453118,4476279,5,,Cực kì hài lòng,0,194,40
6827897,51420872,5,,Cực kì hài lòng,0,154,108
317483,51420872,5,"Đóng gói cẩn thận, hàng mới đẹp, giá rẻ, giao hàng nhanh",Cực kì hài lòng,0,19,108
7859171,51420872,4,,Hài lòng,0,179,108
1657646,51420872,4,,Hài lòng,0,80,108
5399042,51420872,5,,Cực kì hài lòng,0,118,108
1890765,48541755,5,,Cực kì hài lòng,0,92,101
2065541,48541755,4,"Tác phẩm có chất lượng in ấn rất tốt, nội dung thì Lý Minh Tuấn đã tổng hợp các Nhà từ Nho tới Lão, Trang để chúng ta có cái nhìn tổng quan về đạo học đông phương, tác giả nghiên cứu rất sâu, nên đọc cho những ai tâm đắc với Đông phương học.",Hài lòng,0,98,101
651562,48541755,4,"Chúng ta đã quá quen thuộc với triết học phương tây, vậy còn phương đông thì sao?",Hài lòng,0,43,101
1657646,48541755,3,Nếu biết trước sách không có chữ Hán như vầy thì đã không mua !,Bình thường,0,80,101
8200000,48541755,5,Sách mới lắm nhaaaa.... mua về nhưng vẫn chưa đọc....,Cực kì hài lòng,1,186,101
990696,48541755,4,bong keo gắn bìa sách,Hài lòng,0,57,101
6296758,48541755,5,"Sách mới bảo quản tốt, có bọc màng co ❤️",Cực kì hài lòng,0,138,101
15354457,48541755,5,,Cực kì hài lòng,0,284,101
310648,48541755,5,,Cực kì hài lòng,0,18,101
6230513,48541755,5,,Cực kì hài lòng,0,136,101
5399042,48541755,5,,Cực kì hài lòng,0,118,101
7117824,100958464,1,"Sách bị móp góc . Nhà sách đã cố ý đóng quyển này cho mình vì mình mua 3 cuốn, cuốn này xếp ở giữa nên ko thể do vận chuyển đc. ( mình đã quên ko đánh giá ngay)",Rất không hài lòng,0,159,137
14457163,100958464,5,Giao hàng nhanh sách đẹp.Tuyệt vời!!!,Cực kì hài lòng,1,274,137
12810369,100958464,5,,Cực kì hài lòng,0,258,137
5161812,100958464,5,"Sách đáng đọc, giúp bản thân mở ra những thế giới quan mới mẻ.",Cực kì hài lòng,0,106,137
1970940,100958464,5,Những lời bình dị của thầy giúp tâm mình lắng đọng hơn,Cực kì hài lòng,0,94,137
23439954,100958464,5,,Cực kì hài lòng,0,357,137
10025671,100958464,5,,Cực kì hài lòng,0,215,137
17419896,100958464,5,,Cực kì hài lòng,0,306,137
8253980,100958464,5,,Cực kì hài lòng,0,189,137
1341609,100958464,4,Tốt,Hài lòng,0,68,137
18132503,21351937,5,,Cực kì hài lòng,0,319,72
396187,21351937,5,sach nội dung thứ vi,Cực kì hài lòng,0,27,72
1841457,21351937,5,,Cực kì hài lòng,0,88,72
57218,36085781,5,,Cực kì hài lòng,0,6,88
11736484,36085781,5,,Cực kì hài lòng,0,243,88
18278431,36085781,5,,Cực kì hài lòng,0,323,88
1841457,36085781,5,,Cực kì hài lòng,0,88,88
11474751,403086,5,,Cực kì hài lòng,0,236,5
7491237,403086,5,Nên đọc,Cực kì hài lòng,0,167,5
17227913,403086,5,,Cực kì hài lòng,0,303,5
93650,184629951,5,,Cực kì hài lòng,0,10,158
14655468,184629951,5,,Cực kì hài lòng,0,275,158
23439954,184629951,5,,Cực kì hài lòng,0,357,158
10781891,173515993,5,Huu ich,Cực kì hài lòng,1,225,154
11476110,173515993,5,,Cực kì hài lòng,0,237,154
15194285,173515993,5,,Cực kì hài lòng,0,282,154
642183,42177986,5,"Sách được đóng gói rất cẩn thận, còn nguyên màng bọc nylon. Hy vọng nội dung truyện hay như mọi người review. Tiki ship hàng siêu nhanh. Mình mua được sách với giá tốt nên rất hài lòng.",Cực kì hài lòng,0,42,93
386342,42177986,5,"Sách mới, chất lượng tốt. Nội dung thì mình đang đọc. Nói chung ok.",Cực kì hài lòng,0,26,93
16650557,42177986,5,Sách ok có ý nghĩa hình ảnh đẹp săc nét dale nhiều nên mua sẽ ung ho tiki nua,Cực kì hài lòng,0,297,93
17794972,42177986,5,,Cực kì hài lòng,0,315,93
9886531,42177986,5,"Giao hàng siêu nhanh, giá sêu rẻ, xin cám ơn tiki",Cực kì hài lòng,0,213,93
9907965,42177986,5,,Cực kì hài lòng,0,214,93
5582356,42177986,5,Bọc sách rất đẹp,Cực kì hài lòng,0,122,93
7859171,42177986,5,,Cực kì hài lòng,0,179,93
98653,42177986,5,,Cực kì hài lòng,0,11,93
522878,50668886,5,Một cuốn sách ấn tượng về những thực trạng không chỉ ở Việt Nam mà còn trên toàn thế giới về việc sử dụng các phương tiện truyền thông và mạng xã hội qua những mặt tối và tiêu cực nó mang lại cho con người.,Đáng đọc,1,34,107
17765243,50668886,5,Phân tích vấn đề đa chiều,Cực kì hài lòng,0,312,107
10491118,50668886,5,,Cực kì hài lòng,0,221,107
21584134,50668886,5,,Cực kì hài lòng,0,344,107
113590,50668886,5,,Cực kì hài lòng,0,12,107
8253980,50668886,5,Tuyệt…!,Cực kì hài lòng,0,189,107
7959915,50668886,5,,Cực kì hài lòng,0,181,107
27802358,50668886,5,,Cực kì hài lòng,0,362,107
15990063,50668886,5,Ngon bổ rẻ,Cực kì hài lòng,0,288,107
51302,50668886,5,,Cực kì hài lòng,0,5,107
2415,50668886,4,,Hài lòng,0,0,107
1624472,50668886,5,,Cực kì hài lòng,0,78,107
22588512,50668886,4,,Hài lòng,0,353,107
9862708,50668886,4,,Hài lòng,0,212,107
5811028,50668886,5,,Cực kì hài lòng,0,125,107
1635513,50668886,5,,Cực kì hài lòng,0,79,107
13728255,50668886,4,Hay,Hài lòng,0,266,107
5871435,50668886,5,,Cực kì hài lòng,0,127,107
13552782,50668886,4,"sách hay, nên đọc",Hài lòng,0,265,107
7890496,50668886,5,,Cực kì hài lòng,0,180,107
1118879,50668886,5,,Cực kì hài lòng,0,62,107
748040,50668886,5,,Cực kì hài lòng,0,50,107
7800274,273690134,4,,Hài lòng,0,177,173
5757175,273690134,5,,Cực kì hài lòng,0,124,173
18132503,273690134,5,,Cực kì hài lòng,0,319,173
11359,21927043,5,,Cực kì hài lòng,0,1,75
138485,21927043,5,,Cực kì hài lòng,0,15,75
21654527,21927043,5,,Cực kì hài lòng,0,345,75
7752697,21927043,5,,Cực kì hài lòng,0,173,75
11685153,21927043,5,,Cực kì hài lòng,0,242,75
5871435,21927043,5,,Cực kì hài lòng,0,127,75
8458949,21927043,4,,Hài lòng,0,195,75
15525144,362226,5,,Cực kì hài lòng,0,285,4
651562,353323,4,"Quyển sách ""nhỏ mà không nhỏ"" này mang lại những điều lý thú trong cuộc sống từ cách xử lý thông tin cho đến cách áp dụng nó . Cuộc sống có muôn vàn rắc rối và mỗi ngày nó càng nhiều lên việc xuất hiện của nó là điều không thể tránh khỏi . Tuy nhiên hãy áp dụng những thông tin hữu ích trong quyển sách này giúp bạn vượt qua ít nhiều gì rắc rối , khó chịu từ những việc không đâu trong cuộc sống . Đọc để chấp nhận và xử lý nó một cách hiệu quả nhất.",Thiết thực cho cuộc sống ,0,43,3
7425617,322074,4,,Hài lòng,0,166,0
16854681,322074,5,,Cực kì hài lòng,0,299,0
18387707,22172884,5,,Cực kì hài lòng,0,325,77
8599820,22172884,5,"Một cuốn sách hay, giao nhanh, sách đẹp, mua hàng ở tiki luôn yên tâm về chất lượng. đầu tư cho tri thức là khoản đầu tư đúng đắn",Cực kì hài lòng,0,197,77
15525144,22172884,5,,Cực kì hài lòng,0,285,77
11195564,40933971,5,,Cực kì hài lòng,0,231,92
22684527,40933971,5,,Cực kì hài lòng,0,354,92
30200011,40933971,5,,Cực kì hài lòng,0,369,92
28056883,40933971,5,,Cực kì hài lòng,0,366,92
5181540,40933971,5,"Tiki giao hàng đúng hẹn. Sách có nội dung hay, là trải nghiệm cả đời của tác giả.",Cực kì hài lòng,0,109,92
15195,40933971,5,"Mình đã mua đủ bộ 3 cuốn sách của Thầy Trường, cuốn nào cũng tuyệt vời. Chất lượng sách cũng rất tốt.",Cực kì hài lòng,0,2,92
1163920,40933971,5,,Cực kì hài lòng,0,64,92
16487754,40933971,5,Sách đẹp,Cực kì hài lòng,0,295,92
11310754,40933971,5,,Cực kì hài lòng,0,232,92
319626,40933971,5,,Cực kì hài lòng,0,21,92
14361212,40933971,5,sách hay,Cực kì hài lòng,0,272,92
5363251,40933971,5,Chỉ biết nói là hay và bổ ích,Cực kì hài lòng,0,117,92
306044,40933971,5,,Cực kì hài lòng,0,17,92
655288,40933971,5,nên mua,Cực kì hài lòng,0,44,92
1503284,40933971,5,,Cực kì hài lòng,0,76,92
8013552,40933971,5,,Cực kì hài lòng,0,182,92
6304722,40933971,5,,Cực kì hài lòng,0,140,92
9860625,40933971,4,,Hài lòng,0,211,92
18278431,40933971,5,,Cực kì hài lòng,0,323,92
1782676,40933971,4,Bản tái bản in đẹp hơn.,Hài lòng,0,85,92
605135,40933971,5,,Cực kì hài lòng,0,39,92
5399042,40933971,5,,Cực kì hài lòng,0,118,92
6746297,8835167,3,"Mua nhiều sách của Tiki rồi nhưng hôm nay gặp quyển này khá thất vọng. Sách không mới và còn bị ố trên đầu, trang nào cũng bị. Luôn cho 5 sao nhưng lần này cho 3 sao để cải thiện chất lượng hơn.",Bình thường,0,151,43
5956105,8835167,5,"sách đố, nhiều hình ảnh minh họa, rất bổ ích.. mua được giá khuyến mãi rất ưng.. 5 sao! nên mua",Cực kì hài lòng,0,131,43
5235982,8835167,5,Sách là các bài tập câu đố. Nhỏ gọn có thể đem theo để giải thư giãn với các mức dễ và luyện trí với các mức khó.,Cực kì hài lòng,0,112,43
16801221,8835167,5,,Cực kì hài lòng,0,298,43
20262036,8835167,5,,Cực kì hài lòng,0,337,43
8716138,8835167,4,,Hài lòng,0,202,43
98653,8835167,5,,Cực kì hài lòng,0,11,43
6682650,8835167,5,Sách còn mới giấy tốt!,Cực kì hài lòng,0,150,43
15662073,8835167,5,Sách hay,Cực kì hài lòng,0,287,43
19213290,8835167,5,,Cực kì hài lòng,0,328,43
306044,8835167,5,,Cực kì hài lòng,0,17,43
2114763,8835167,5,,Cực kì hài lòng,0,99,43
17300476,8835167,5,,Cực kì hài lòng,0,304,43
5253296,8835167,5,,Cực kì hài lòng,0,113,43
120954,8835167,5,.,Cực kì hài lòng,0,13,43
1112242,8835167,5,,Cực kì hài lòng,0,61,43
5899621,8835167,5,,Cực kì hài lòng,0,128,43
17155291,8835167,5,Ok good!,Cực kì hài lòng,0,302,43
5357379,8835167,5,,Cực kì hài lòng,0,115,43
10781891,1527519,1,Nhà cung cấp giao sai sản phẩm,Rất không hài lòng,0,225,22
891969,1527519,5,,Cực kì hài lòng,0,53,22
11736484,1527519,5,,Cực kì hài lòng,0,243,22
7787551,1527519,4,,Hài lòng,0,176,22
15557505,344235,5,,Cực kì hài lòng,0,286,2
678138,344235,4,,Hài lòng,0,47,2
16854681,344235,5,,Cực kì hài lòng,0,299,2
642183,48895048,4,"Sách hơi lem nhem, không được mới lắm",Hài lòng,0,42,103
2051853,48895048,5,,Cực kì hài lòng,0,96,103
13513176,48895048,4,,Hài lòng,0,263,103
7755698,48895048,5,,Cực kì hài lòng,0,174,103
16650557,72646195,5,Sách xinh những câu chuyện rất ý nghĩa giao hàng cũng rất nhanh nói chung là mình hài lòng,Cực kì hài lòng,0,297,120
9886531,72646195,5,Giao hàng nhanh đúng hẹn. Giá sale tốt. Đánh giá được 1000 xu,Cực kì hài lòng,0,213,120
17300476,72646195,4,,Hài lòng,1,304,120
11679893,72646195,5,,Cực kì hài lòng,0,241,120
7178520,101782486,5,"Cực kỳ hài lòng. Sản phẩm có chất lượng đúng như mô tả, đóng gói chắc chắn, rất đáng tiền, giao hàng nhanh. . P/s: Không có thời gian chụp hình nên mình lấy đỡ hình trên mạng up",Cực kì hài lòng,4,161,138
1736908,101782486,5,"Tiki giao hàng rất nhanh và đóng gói kỹ càng, cẩn thận. Sách đẹp và thơm mùi mới.",Cực kì hài lòng,0,84,138
12596678,101782486,5,Sách rất hay,Cực kì hài lòng,0,254,138
778461,101782486,5,,Cực kì hài lòng,0,51,138
8227804,101782486,5,,Cực kì hài lòng,0,188,138
19523592,101782486,5,,Cực kì hài lòng,0,333,138
17506038,101782486,5,,Cực kì hài lòng,0,307,138
558142,101782486,4,,Hài lòng,0,36,138
10970692,101782486,5,"Sách đẹp, còn seal, chưa đọc nên chưa review được nội dung",Cực kì hài lòng,0,229,138
28001953,101782486,5,"cảm ơn tác giả, định vị lại cách làm việc và tập trung hơn",Cực kì hài lòng,0,365,138
21440634,101782486,5,5  sao nhé sách tuyệt vời lm ạ,Cực kì hài lòng,0,340,138
28059010,101782486,5,,Cực kì hài lòng,0,367,138
5137461,101782486,5,,Cực kì hài lòng,0,105,138
18132503,101782486,5,,Cực kì hài lòng,0,319,138
12679410,101782486,5,,Cực kì hài lòng,0,256,138
25656266,21927043,5,,Cực kì hài lòng,0,361,75
15525144,11255050,5,,Cực kì hài lòng,0,285,59
5235982,11255050,5,"Sách là các bài tập, câu đố với các mức độ từ dễ đến khó. Sách cũng nhỏ gọn có thể đem theo giết thời gian khi đi xe.",Cực kì hài lòng,0,112,59
1039840,11255050,5,"Tiki giao hàng nhanh, phục vụ tốt, đóng gói đẹp, chấm 5 sao.....",Cực kì hài lòng,0,58,59
16801221,11255050,5,,Cực kì hài lòng,0,298,59
8610986,11255050,5,"sách đọc ổn, tiki giao hàng cực nhanh luôn",Cực kì hài lòng,0,198,59
8716138,11255050,4,,Hài lòng,0,202,59
6682650,11255050,5,"Sách mới, giấy láng mịn đẹp.",Cực kì hài lòng,0,150,59
15662073,11255050,5,Sách hay,Cực kì hài lòng,0,287,59
306044,11255050,4,,Hài lòng,0,17,59
535593,11255050,4,,Hài lòng,0,35,59
2114763,11255050,5,,Cực kì hài lòng,0,99,59
14039881,11255050,5,"Giao hàng nhanh, đóng gói cẩn thận, chất lượng sản phẩm tốt",Cực kì hài lòng,0,268,59
5253296,11255050,5,,Cực kì hài lòng,0,113,59
5899621,11255050,5,,Cực kì hài lòng,0,128,59
17155291,11255050,5,Ok good!,Cực kì hài lòng,0,302,59
5357379,11255050,5,,Cực kì hài lòng,0,115,59
18343577,353323,5,"Tất cả đều là chuyện nhỏ.1 cuốn sách nhỏ nhưng giá trị to.Cuốn sách như 1 ng thầy 1 ng bận đồng với mn.Về việc đối mặt với cs ra sao,xử tn là hợp lí trong mọi tình huống.Giúp mn có 1 tâm thế bình tĩnh tr mọi vc,suy nghĩ chín chắn,xử lí khách quan và hợp tình hợp lí.Sổ tay dành cho tất cả ng VN",Cực kì hài lòng,2,324,3
15557505,353323,5,"Sách mới, đóng gói cẩn thận, săn được giá ưu đãi, nội dung tôi chưa đoc hết. Cảm ơn Tiki, sẽ tiếp tục ủng hộ",Cực kì hài lòng,0,286,3
778461,276289479,5,,Cực kì hài lòng,0,51,176
21558077,276289479,5,,Cực kì hài lòng,0,343,176
15188098,276289479,5,Hay,Cực kì hài lòng,0,280,176
5531649,276289479,5,,Cực kì hài lòng,0,121,176
5353717,1699251,3,"Nội dung không có gì mới, chủ yếu quote lại",Bình thường,0,114,24
10986596,1699251,5,Sách hay và Dịch Vụ OK.,Cực kì hài lòng,0,230,24
12185460,1699251,5,,Cực kì hài lòng,0,252,24
628851,1699251,5,,Cực kì hài lòng,0,41,24
1341609,1699251,5,,Cực kì hài lòng,0,68,24
2006871,1699251,5,,Cực kì hài lòng,0,95,24
18343577,1699251,5,"15 nguyên tắc gần như chân lí về phát triển bản thân.K nghi ngờ j đây là cuốn sách hay nhất và xuất sắc nhất trong việc phát triển bản thân.Các nguyên tắc có chủ đích,dây chun...là chắt lọc đúc kết nghiên cứu của tác giả như kim chỉ nam vĩnh cửu cho mọi ng",Cực kì hài lòng,2,324,24
11396202,1699251,5,sách mới ok chất lượng ổn không phụ sự kì vọng . giao hành nhanh đóng gói cẩn thận . ( hình ảnh mang tc minh hoạ ),Cực kì hài lòng,1,235,24
1864681,1699251,5,"Sách hay, các bí quyết đều dễ hiểu và dễ áp dụng",Cực kì hài lòng,1,90,24
9766945,1699251,4,sách có tính thực hành cao nên hs c3 không thích hợp mua quyển này lắm vì các bạn này không có nhiều tg để thực hành. nội dung sách có vẻ chung chung đại khái không có gì mới mẻ mấy nhưng nói chung là cũng tạm được,Hài lòng,0,209,24
319626,1699251,5,sách của John này đọc thích. sách giao nhanh.,Cực kì hài lòng,0,21,24
6827897,1699251,5,,Cực kì hài lòng,0,154,24
17786300,1699251,5,Sách mới ạ,Cực kì hài lòng,0,314,24
6599221,1699251,5,,Cực kì hài lòng,0,146,24
17545865,1699251,5,,Cực kì hài lòng,0,309,24
15286816,1699251,4,,Hài lòng,0,283,24
1112242,1699251,5,,Cực kì hài lòng,0,61,24
21500023,1699251,5,Một cuốn sách hay cho những ai muốn phát triển bản thân . Hãy đọc nó càng sớm càng tốt để ngẫm hiểu những giá trị tác giả manh lại,Cực kì hài lòng,0,342,24
642183,115897978,5,Bìa đẹp theo cảm nhận của cá nhân mình,Cực kì hài lòng,0,42,142
7333002,115897978,5,good,Cực kì hài lòng,0,165,142
5205321,115897978,5,,Cực kì hài lòng,0,110,142
15188098,1639671,5,,Cực kì hài lòng,0,280,23
11891788,1639671,5,"Khổ sách nhỏ, cầm tiện dụng. Nội dung hay, đọc dễ hiểu",Cực kì hài lòng,1,245,23
17506038,1639671,5,,Cực kì hài lòng,0,307,23
15525144,1639671,5,,Cực kì hài lòng,0,285,23
7165593,1639671,5,Ok,Cực kì hài lòng,0,160,23
17864394,1639671,5,,Cực kì hài lòng,0,316,23
28420073,1639671,5,,Cực kì hài lòng,0,368,23
8425526,1639671,5,,Cực kì hài lòng,0,193,23
8663058,1639671,5,,Cực kì hài lòng,0,199,23
19778514,1639671,5,,Cực kì hài lòng,0,335,23
22235987,1639671,5,,Cực kì hài lòng,0,348,23
1060680,1639671,5,,Cực kì hài lòng,0,60,23
14361212,1639671,5,,Cực kì hài lòng,0,272,23
18278431,1639671,5,,Cực kì hài lòng,0,323,23
16898585,1639671,5,,Cực kì hài lòng,0,300,23
6402106,1639671,5,,Cực kì hài lòng,0,141,23
7787551,1639671,5,,Cực kì hài lòng,0,176,23
7518989,50586033,5,,Cực kì hài lòng,0,168,106
21584134,50586033,5,,Cực kì hài lòng,0,344,106
23439954,50586033,5,Hay,Cực kì hài lòng,0,357,106
13807875,50586033,5,,Cực kì hài lòng,0,267,106
8118174,50586033,5,rất hay,Cực kì hài lòng,1,184,106
16854681,50586033,5,,Cực kì hài lòng,1,299,106
7038371,614801,5,"Sách hay nhé mọi người. Tiếc là mình bây giờ mới đọc. Đọc và cảm nhận nhé mọi người, rất thích hợp cho những ai muốn loại bỏ thói quen xấu của cá nhân, tổ chức. Dịch vụ tiki trên cả tuyệt vời. Mới đặt hàng tối hôm trước mà sáng hôm sau Anh ship tia chớp đã gọi cho lúc chưa mở mắt rồi. Điểm 10 cho chất lượng.Cảm ơn anh ship hài hưóc, cảm ơn tiki nhiều nha.",Sách hay mọi người nên đọc,0,155,13
5169835,614801,5,Không phải tự nhiên là New York Times bestseller nhỉ :). Chỉ chê là giấy hơi mỏng khiến chất lượng sách không như ý !!!,Cực kì hài lòng,0,107,13
18343577,614801,5,"Chúng ta là chính những gì chúng ta làm đi làm lại.Sức mạnh của thói quen đã chỉ ra các thói quen của 1 cá nhân thành công,của 1 tổ chức thành công,và của 1 cộng đồng thành công.",Cực kì hài lòng,0,324,13
17864394,614801,4,,Hài lòng,0,316,13
1039840,614801,5,Sách chất lượng tốt,Cực kì hài lòng,0,58,13
1970940,614801,4,,Hài lòng,0,94,13
699960,614801,5,,Cực kì hài lòng,0,48,13
7959915,614801,5,,Cực kì hài lòng,0,181,13
13428055,614801,5,,Cực kì hài lòng,0,262,13
7425617,614801,5,,Cực kì hài lòng,0,166,13
2157989,614801,5,,Cực kì hài lòng,0,102,13
7752697,614801,4,,Hài lòng,0,173,13
1818107,614801,5,,Cực kì hài lòng,0,87,13
18278431,614801,5,,Cực kì hài lòng,0,323,13
7209435,614801,5,,Cực kì hài lòng,0,163,13
6516078,614801,5,,Cực kì hài lòng,0,143,13
18070225,614801,5,,Cực kì hài lòng,0,317,13
2065541,3344943,4,"Ngoại quan khá ổn, mình chưa đọc kỹ để đánh giá, nhưng đây là một tác giả có uy tín, mình mua vì từng đọc vài bài về Osho của cô, nhân sinh quan của cô khá hay và đáng để thưởng thức cũng như suy ngẫm.",Hài lòng,1,98,32
6534469,3344943,5,Sách đọc hay lắmmmmm ❤️,Cực kì hài lòng,0,144,32
317483,3344943,5,,Cực kì hài lòng,0,19,32
12631514,3344943,1,Tôi tự hỏi là “tại sao Tiki đóng gói hàng không bao giờ cho chống sốc vào!”,Rất không hài lòng,0,255,32
17526178,3344943,5,,Cực kì hài lòng,0,308,32
9723766,142002263,5,"Lần này mình đặt giao luôn xem sao mà vẫn lo vì Tiki hay giao sách rất ẩu, nhưng may lần này nhận được e nguyên vẹn, mới tinh còn nguyên màng co và không bị móp méo gì",Cực kì hài lòng,0,208,146
11511756,142002263,5,,Cực kì hài lòng,0,239,146
27837115,142002263,4,"Sách đẹp, đóng gói cẩn thận, giao hàng nhanh, cảm ơn shop",Hài lòng,0,363,146
28420073,142002263,5,,Cực kì hài lòng,0,368,146
7101551,142002263,5,,Cực kì hài lòng,0,158,146
8508799,142002263,5,,Cực kì hài lòng,0,196,146
2415,142002263,4,,Hài lòng,0,0,146
21379518,142002263,5,đợi mãi mới ra bản bìa cứng. sách đẹp. giấy đẹp,Cực kì hài lòng,0,339,146
6000943,142002263,5,,Cực kì hài lòng,0,133,146
17419896,142002263,5,rất hay và rất hữu ích,Cực kì hài lòng,0,306,146
13311884,142002263,5,Okee,Cực kì hài lòng,0,260,146
12631514,142002263,1,Đóng gói chống sốc dô Tiki ơi!,Rất không hài lòng,5,255,146
16141175,7986380,5,"Sách ngắn gọn dễ đọc, rất tốt để thiết lập mục tiêu!",Cực kì hài lòng,0,289,42
7165593,7986380,5,Ok,Cực kì hài lòng,0,160,42
10986596,7986380,5,Sách hay và Dịch Vụ OK.,Cực kì hài lòng,0,230,42
12631514,42240721,1,"Góp ý thẳng mặt ông bà nào đứng đầu những khâu sau:. - Sách Tiki giao thì luôn bị dơ bẩn phần ruột sách, cái này thì chắc ai cũng bị không cần phải nói rồi nhỉ?. - Đóng gói không bao giờ có chống sốc hay có bất kỳ một phương pháp bảo vệ sách nào cả! Gáy sách hoặc phần bìa sách luôn bị cấn/móp/trầy/xước!. Ẩu tả, thiếu ý thức, vô trách nhiệm trong khâu kiểm tra chất lượng sản phẩm và đóng gói sản phẩm trước khi vận chuyển. SLOGAN MỚI CỦA TIKI HAY GÌ VẬY?",Rất không hài lòng,3,255,94
2118484,42240721,5,Nội dung sách rất hay và hữu ích. Cách nói về triết không khô khan như mình tưởng. Nên đọc nhiều lần để thấm hơn.,Cực kì hài lòng,0,100,94
21500023,42240721,5,Schs đẹp giao hàng nhanh đóng gói cẩ thận tuyệt vời luôn,Cực kì hài lòng,0,342,94
15354457,42240721,5,,Cực kì hài lòng,0,284,94
306044,42240721,5,,Cực kì hài lòng,0,17,94
535593,42240721,5,,Cực kì hài lòng,0,35,94
499721,54380457,4,"Chất lượng đóng sách cực tệ, nội dung khá thiết thực, mn có thể đọc từ nửa sau cuốn sách trở đi và mục thư giãn chất lượng cao rất hay, còn lại thì gợi ý cách thực hành và kinh nghiệm",Hài lòng,1,32,110
810311,54380457,5,"Lối sống tối giản thời công nghệ số- Cal Newport. Sách có bộc giấy bookcare ở phía sau bị lem gốc bên phải của sách. Sách Lối sống tối giản thời công nghệ số là cuốn cẩm nang mà mỗi người cần có trong kỹ nguyên số. Hầu như tất cả những người mà tiếp xúc đều tin tưởng vào sức mạnh của Internet. Mục đích của cuốn sách này là đưa ra những lập luận ủng hộ cho chủ nghĩa tối giản số, tiếp đến là phần hướng dẫn cách áp dụng triết lý này sống nếu bạn quyết định lựa chon nó.",Lối sống tối giản thời công nghệ số- Cal Newport,2,52,110
10681858,54380457,5,"Sách khá hay, nhưng một số đoạn viết khá dài dòng, chủ yếu là chứng minh quan điểm của tác giả qua những ví dụ thực tế. M ko nghĩ là combo của cùng 1 tác giả với cuốn "" Deep work"" nên mình đã mua 2 quyển 2 lần. Đọc xong cũng rút ra đc khá nhiều bài học.",Cực kì hài lòng,0,223,110
1366077,54380457,5,"đợt nhận hàng này ưng ghê. giao hàng nhanh, sách thì full seal cả 4 quyển. nội dung sách thì mình có xem nhiều review khá tốt . ưng lắm các bác à",Cực kì hài lòng,0,72,110
17864394,54380457,5,,Cực kì hài lòng,0,316,110
22555105,54380457,5,,Cực kì hài lòng,0,352,110
5205321,54380457,5,,Cực kì hài lòng,0,110,110
748040,54380457,5,,Cực kì hài lòng,0,50,110
1728729,54380457,5,,Cực kì hài lòng,0,83,110
17227913,54380457,5,"hàg tốt , nhân viên giao hàg thân thiện",Cực kì hài lòng,0,303,110
677395,54380457,5,,Cực kì hài lòng,0,46,110
12088578,807719,5,"sách đóng gói cẩn thận, giao hàng nhanh, rất hài lòng 👍",Cực kì hài lòng,1,249,16
93650,807719,5,"sách hay, chất lượng giấy đẹp, quyên sách nên đọc cho phụ nữ chúng ta. Chị cơ quan minh mượn đọc con nói các sếp thi càng nên đọc",sách hay,0,10,16
18118699,807719,5,,Cực kì hài lòng,0,318,16
14982315,614801,5,"giao hành nhanh, sách bọc cẩn thận, chất lượng in tốt",Cực kì hài lòng,0,276,13
6656572,614801,5,"Nội dung rất hay, trình bày khoa học rõ ràng dễ hiểu. Thay thói quen đổi tính cách...",Cực kì hài lòng,0,147,13
7165593,614801,5,Ok,Cực kì hài lòng,0,160,13
28420073,614801,5,,Cực kì hài lòng,0,368,13
21558077,614801,4,,Hài lòng,0,343,13
15194285,614801,5,,Cực kì hài lòng,0,282,13
21940481,614801,5,,Cực kì hài lòng,0,347,13
5917418,614801,5,,Cực kì hài lòng,0,129,13
1635513,614801,5,,Cực kì hài lòng,0,79,13
14219155,614801,5,,Cực kì hài lòng,0,271,13
19778514,614801,5,,Cực kì hài lòng,0,335,13
5956105,8835169,5,"sách đố chứa nhiều hình ảnh, rất bổ ích.. mua được giá khuyến mãi rất ưng.. 5 sao! nên mua",Cực kì hài lòng,0,131,44
5235982,8835169,5,"Sách gọn nhẹ, là các bài tập từ dễ đến khó. Có thể làm lúc rảnh rỗi hoặc luyện trí não.",Cực kì hài lòng,0,112,44
16801221,8835169,5,,Cực kì hài lòng,0,298,44
8610986,8835169,5,"sách có bao bảo vệ, chiếu khấu cao, giao siêu nhanh",Cực kì hài lòng,0,198,44
8716138,8835169,4,,Hài lòng,0,202,44
9766945,8835169,2,về nd sp thì mình không có ý kiến gì nhưng cho mình hỏi sao mình đặt 2 cuốn mà chỉ bọc book care 1 cuốn là sao ạ,Không hài lòng,1,209,44
15662073,8835169,5,Sách hay,Cực kì hài lòng,0,287,44
306044,8835169,4,,Hài lòng,0,17,44
17300476,8835169,5,,Cực kì hài lòng,0,304,44
8691757,8835169,5,,Cực kì hài lòng,0,201,44
5253296,8835169,5,,Cực kì hài lòng,0,113,44
1112242,8835169,5,,Cực kì hài lòng,0,61,44
5899621,8835169,5,,Cực kì hài lòng,0,128,44
120954,8835169,5,.,Cực kì hài lòng,0,13,44
17155291,8835169,5,Ok good!,Cực kì hài lòng,0,302,44
5357379,8835169,5,,Cực kì hài lòng,0,115,44
8599820,342428,5,"Một cuốn sách hay, giao nhanh, sách đẹp, mua hàng ở tiki luôn yên tâm về chất lượng, đầu tư cho tri thức luôn là khoản đầu tư đúng đắn. Luôn ủng hộ tiki",Cực kì hài lòng,0,197,1
21654527,342428,5,,Cực kì hài lòng,0,345,1
9723766,342428,5,"Vận chuyển từ SG ra nên hộp móp méo may là bên trong không ảnh hưởng gì, sách date mới chuẩn nxb ạ",Cực kì hài lòng,0,208,1
14457163,342428,5,sách đẹp nội dung hay giao hàng nhanh !,Cực kì hài lòng,3,274,1
19455780,342428,5,,Cực kì hài lòng,0,331,1
1128327,342428,5,,Cực kì hài lòng,0,63,1
88133,342428,5,,Cực kì hài lòng,0,9,1
24923026,342428,5,Tiki chất lượng tốt và giá rẻ,Cực kì hài lòng,0,359,1
9907965,342428,5,"cuốn này đọc rất thu hút, nên sở hữu",Cực kì hài lòng,0,214,1
12679410,342428,5,,Cực kì hài lòng,0,256,1
22456806,342428,5,,Cực kì hài lòng,0,351,1
7178520,442424,5,"Cực kỳ hài lòng. Sản phẩm có chất lượng đúng như mô tả, đóng gói chắc chắn, rất đáng tiền, giao hàng nhanh. . P/s: Không có thời gian chụp hình nên mình lấy đỡ hình trên mạng up",Cực kì hài lòng,0,161,6
14039881,442424,5,"Giao hàng nhanh, đóng gói cẩn thận, chất lượng tốt",Cực kì hài lòng,1,268,6
8094853,442424,4,,Hài lòng,0,183,6
21654527,75284565,5,,Cực kì hài lòng,0,345,124
22970362,75284565,5,,Cực kì hài lòng,0,356,124
15169513,75284565,5,"Sách hay, ý nghĩa",Cực kì hài lòng,0,279,124
16920235,75284565,5,,Cực kì hài lòng,0,301,124
12679410,75284565,5,,Cực kì hài lòng,0,256,124
11944614,2071483,5,"Sách hay, bọc Sách cẩn thận. ❤️",Cực kì hài lòng,0,246,30
1039840,2071483,5,"Cho 5 sao về chất lượng phục vụ của tiki, giao hàng nhanh, đóng gói tốt",Cực kì hài lòng,0,58,30
1877233,2071483,5,,Cực kì hài lòng,0,91,30
7752697,2071483,5,,Cực kì hài lòng,0,173,30
7316749,2071483,4,,Hài lòng,0,164,30
2232401,2071483,5,,Cực kì hài lòng,0,104,30
14216937,2071483,5,,Cực kì hài lòng,0,270,30
7755698,2071483,5,,Cực kì hài lòng,0,174,30
6301744,2071483,5,Sách hay và bổ ích. Mua về làm quà tặng cho bé ở nhà. Cảm ơn Tiki.,Sách hay và bổ ích. Mua về làm quà tặng cho bé ở nhà. Cảm ơn Tiki.,0,139,30
1344932,198208145,5,,Cực kì hài lòng,0,69,165
23783813,198208145,5,,Cực kì hài lòng,0,358,165
5362631,198208145,5,Rất hay,Cực kì hài lòng,0,116,165
17864394,198208145,5,,Cực kì hài lòng,0,316,165
14452799,198208145,5,,Cực kì hài lòng,0,273,165
605135,198208145,5,,Cực kì hài lòng,0,39,165
22235987,198208145,5,,Cực kì hài lòng,0,348,165
14219155,198208145,5,,Cực kì hài lòng,0,271,165
1728729,194205620,3,"Lần đầu tiên mình gặp tình trạng in thiếu trang, thật là ảnh hưởng dòng cảm xúc.",Bình thường,1,83,163
9786862,194205620,5,,Cực kì hài lòng,0,210,163
8303642,194205620,5,,Cực kì hài lòng,0,192,163
1861160,194205620,5,,Cực kì hài lòng,0,89,163
1384584,194205620,5,,Cực kì hài lòng,0,73,163
6534469,139296420,5,Robin Sharma- tác giả của những cuốn sách hay xuất sắc ❤️❤️❤️must have mn nhé . Tiki giao hàng nhanh và cẩn thận lắm,Cực kì hài lòng,0,144,145
19778514,139296420,5,,Cực kì hài lòng,0,335,145
22588512,139296420,4,,Hài lòng,0,353,145
11476110,57791776,5,,Cực kì hài lòng,0,237,115
11396202,57791776,5,sách mới ok chất lượng ổn không phụ sự kì vọng . giao hành nhanh đóng gói cẩn thận . ( hình ảnh mang tc minh hoạ ),Cực kì hài lòng,0,235,115
925720,57791776,5,,Cực kì hài lòng,0,54,115
8264530,57791776,5,Cuốn sách rất hữu ích với mình. Thanks,Cực kì hài lòng,0,190,115
18118699,57791776,5,,Cực kì hài lòng,0,318,115
7180204,57791776,5,,Cực kì hài lòng,0,162,115
6301744,57791776,5,,Cực kì hài lòng,0,139,115
1223824,57791776,3,,Bình thường,0,65,115
1058859,54653530,5,Đóng gói cẩn thận. Giao hàng nhanh. Phí ship cần điều chỉnh.,Cực kì hài lòng,0,59,111
8118174,54653530,5,,Cực kì hài lòng,0,184,111
18156841,54653530,5,,Cực kì hài lòng,0,321,111
5253296,54653530,5,,Cực kì hài lòng,0,113,111
5811028,108130846,5,,Cực kì hài lòng,0,125,141
522878,117595293,5,Tốc độ giao hàng và chất lượng sản phẩm từ tiki chưa bao giờ làm mình thất vọng,Cực kì hài lòng,0,34,144
12923385,117595293,5,THẬT TUYỆT VỜI,Cực kì hài lòng,0,259,144
5362631,117595293,5,,Cực kì hài lòng,0,116,144
5672375,117595293,5,,Cực kì hài lòng,0,123,144
678138,117595293,4,,Hài lòng,0,47,144
15990063,72165437,5,OK,Cực kì hài lòng,0,288,118
19594971,72165437,4,,Hài lòng,0,334,118
778461,72165437,5,,Cực kì hài lòng,0,51,118
18132503,26412712,5,,Cực kì hài lòng,0,319,80
20101189,26412712,4,,Hài lòng,0,336,80
480605,26412712,4,,Hài lòng,0,31,80
5429527,26412712,5,,Cực kì hài lòng,0,119,80
13807875,26412712,5,,Cực kì hài lòng,0,267,80
8458949,26412712,5,,Cực kì hài lòng,0,195,80
5917418,152740748,5,,Cực kì hài lòng,0,129,147
8508799,152740748,5,,Cực kì hài lòng,0,196,147
22456806,152740748,5,,Cực kì hài lòng,0,351,147
19455780,152740748,5,,Cực kì hài lòng,0,331,147
5979039,152740748,5,,Cực kì hài lòng,0,132,147
25656266,152740748,5,,Cực kì hài lòng,0,361,147
8227804,88797361,5,,Cực kì hài lòng,0,188,133
925720,88797361,5,"Sách mỏng, nội dung hay",Cực kì hài lòng,0,54,133
1890765,88797361,5,,Cực kì hài lòng,0,92,133
13513176,88797361,5,,Cực kì hài lòng,0,263,133
10288229,108130846,5,.,Cực kì hài lòng,0,218,141
17688041,108130846,5,,Cực kì hài lòng,0,311,141
30200011,187824619,4,,Hài lòng,0,369,159
28056883,187824619,5,,Cực kì hài lòng,0,366,159
11992154,187824619,5,,Cực kì hài lòng,0,248,159
480605,187824619,5,,Cực kì hài lòng,0,31,159
27848083,187824619,5,Sách hay!,Cực kì hài lòng,0,364,159
9860625,187824619,4,,Hài lòng,0,211,159
27802358,187824619,5,,Cực kì hài lòng,0,362,159
7846265,32802799,5,,Cực kì hài lòng,0,178,85
17506038,13624088,5,,Cực kì hài lòng,0,307,66
7100618,13624088,5,"Bọc gói cẩn thận,",Cực kì hài lòng,0,157,66
9636076,13624088,5,"Cảm ơn, cảm ơn, cảm ơn!",Cực kì hài lòng,0,207,66
17321473,13624088,5,,Cực kì hài lòng,0,305,66
8678460,13624088,5,hài lòng với chất lượng phục vụ của tiki. Hình ảnh mang tính chất kiếm xu,hài lòng,0,200,66
2065541,13624088,5,"Mình mua cả 2 cuốn của tác giả, rất thích cái tiêu đề, sẽ đọc để review cho các bạn sau.",Cực kì hài lòng,0,98,66
21883162,13624088,5,ok,Cực kì hài lòng,0,346,66
7333002,13624088,5,good,Cực kì hài lòng,0,165,66
11318425,13624088,5,,Cực kì hài lòng,0,233,66
9860625,13624088,5,,Cực kì hài lòng,0,211,66
1163920,13624088,4,,Hài lòng,0,64,66
17688041,13624088,5,,Cực kì hài lòng,0,311,66
10252774,13624088,5,,Cực kì hài lòng,0,217,66
306044,13624088,4,,Hài lòng,0,17,66
57218,13624088,5,,Cực kì hài lòng,0,6,66
8013552,13624088,5,,Cực kì hài lòng,1,182,66
642183,21391592,5,"Bìa sách mát mắt, sách mới",Cực kì hài lòng,0,42,73
651562,21391592,5,Hoà mình cùng thiên nhiên là giúp bản thân giải toả những áp lực trong cuộc sống để yêu đời hơn,Cực kì hài lòng,0,43,73
10036447,21391592,5,,Cực kì hài lòng,0,216,73
332605,21391592,5,,Cực kì hài lòng,0,22,73
51302,21391592,5,,Cực kì hài lòng,0,5,73
11944614,142002263,5,Sách đẹp,Cực kì hài lòng,1,246,146
1058859,48266442,5,Đóng gói cẩn thận. Giao hàng nhanh. Phí ship cần điều chỉnh. Hình ảnh minh hoạ,Cực kì hài lòng,0,59,100
18156841,48266442,5,,Cực kì hài lòng,0,321,100
5253296,48266442,5,,Cực kì hài lòng,0,113,100
6680036,48266442,5,Sách hay,Cực kì hài lòng,0,149,100
1223824,273822779,5,Sách hay. Nên mua,Cực kì hài lòng,0,65,174
28056883,273822779,5,,Cực kì hài lòng,0,366,174
138485,273822779,5,,Cực kì hài lòng,0,15,174
11476110,273822779,5,,Cực kì hài lòng,0,237,174
1428415,4070543,5,rất nhiều nội dung được truyền tải - giúp chúng ta biết đâu là sức mạnh của bản thân. John luôn đặc biệt trong những cuốn sách của mình. cảm ơn,Cực kì hài lòng,0,74,39
17786300,4070543,5,Sách đẹp ạ,Cực kì hài lòng,0,314,39
2052582,4070543,5,,Cực kì hài lòng,0,97,39
17545865,4070543,5,,Cực kì hài lòng,0,309,39
6765529,32802799,4,Tốt,Hài lòng,0,152,85
11195564,10866305,5,,Cực kì hài lòng,0,231,58
20262036,10866305,5,,Cực kì hài lòng,0,337,58
7800274,10866305,5,,Cực kì hài lòng,0,177,58
17506038,10866305,5,,Cực kì hài lòng,0,307,58
13334059,10866305,5,,Cực kì hài lòng,0,261,58
21558077,10866305,5,,Cực kì hài lòng,0,343,58
6746297,10866305,5,"Tiki gói hàng cẩn thận, giao hàng cực nhanh với dịch vụ Tikinow. Sách mới, không nhàu nát, giá còn khá rẻ so với giá bìa. Nói chung khá hài lòng về dịch vụ của Tiki.",Cực kì hài lòng,0,151,58
8281800,10866305,5,,Cực kì hài lòng,0,191,58
18256955,10866305,4,,Hài lòng,0,322,58
5848334,10866305,5,,Cực kì hài lòng,0,126,58
2127834,486536,4,"Nhận xét về hình thức của sản phẩm này là bìa in đẹp, chất lượng giấy không  tốt, mực in rõ. Sách nhỏ, mỏng nhẹ dễ cầm,.Tiki giao hàng nhanh, sách hay, thú vị",Hài lòng với sản phẩm này,0,101,8
1058859,486536,5,Đóng gói cẩn thận. Giao hàng nhanh. Phí ship cần điều chỉnh. Hình ảnh minh hoạ,Cực kì hài lòng,0,59,8
18156841,486536,5,,Cực kì hài lòng,0,321,8
5253296,486536,5,,Cực kì hài lòng,0,113,8
6680036,486536,5,Sách hay,Cực kì hài lòng,0,149,8
