customer_id,product_id,rating,content,customer_index,product_index
2119875,12416734,5,,451,126
22628730,12416734,4,Đóng gói ok . Chất lượng OK. Nội dung ko hay lắm,1685,126
21351313,12416734,5,cực hài lòng. giao sớm hơn dự kiến. sách chất lượng tốt,1612,126
522878,12416734,4,,163,126
11736484,12416734,5,,1089,126
120954,12416734,5,.,52,126
14088052,10752430,5,,1239,117
22555105,10752430,5,,1681,117
21654527,10752430,5,,1636,117
22049169,10752430,5,"Cuốn sách viết đơn giản, dễ hiểu, dễ áp dụng",1657,117
6468863,10752430,5,,654,117
1736908,162530673,5,"Tiki giao hàng rất nhanh và đóng gói kỹ càng, cẩn thận. Sách đẹp và thơm mùi mới.",385,402
29376378,162530673,3,Giao hàng chậm so với dự kiến,1812,402
1481082,162530673,5,,353,402
10720391,162530673,5,,1011,402
6519097,162530673,5,,660,402
10970692,162530673,4,"Sách của bác Cần rất hay, câu từ chuẩn văn phong miền nam ngày trước , nhưng phong chữ rối mắt mình, không thích kiểu phong chữ hoa văn này",1031,402
26687346,162530673,5,"Nội dung sách hay, dễ hiểu",1757,402
15188098,162530673,5,,1289,402
473488,162530673,5,,149,402
9730722,162530673,5,,930,402
5161812,162530673,5,,477,402
11195564,162530673,5,,1046,402
26026701,162530673,5,Cuốn này được cô giáo dạy văn của mình recomm,1744,402
24296995,162530673,5,sách hay,1726,402
7117824,162530673,5,,726,402
6275845,162530673,5,,632,402
1890765,162530673,5,,409,402
23783813,162530673,5,,1717,402
18340420,162530673,5,,1477,402
20301537,162530673,5,,1568,402
12563176,162530673,1,Bọc bìa bị nhăn nhiều lắm.,1145,402
11359,162530673,5,,16,402
1126424,162530673,5,"Rất hay nên đọc, đọc ngay khi còn ngồi mài ghế nhà trường được thì quá tốt",294,402
628851,162530673,5,"Một quyển sách dễ hiểu, hay mà tất cả ai cũng nên đọc",190,402
9863319,162530673,3,"font chữ khó đọc lắm luôn á, nhưng ráng đọc mấy trang đầu thấy cũng ổn",946,402
23140062,162530673,5,,1705,402
29268505,162530673,5,Cám ơn Tiki,1811,402
8895228,162530673,5,,898,402
10491118,162530673,5,,994,402
28909665,162530673,5,,1805,402
9834489,162530673,5,,940,402
17304381,162530673,5,,1396,402
21491462,162530673,5,,1622,402
870629,162530673,5,,251,402
5979039,162530673,5,,600,402
13901071,162530673,5,,1233,402
22555105,162530673,5,,1681,402
955944,162530673,5,,271,402
7772,162530673,5,,12,402
5267640,162530673,5,,495,402
27577592,162530673,5,,1775,402
5421567,162530673,5,,517,402
16728544,162530673,5,,1363,402
21584134,162530673,5,,1628,402
5917418,162530673,5,,593,402
10632917,162530673,5,,1006,402
1163920,162530673,5,,300,402
1356818,162530673,5,,329,402
1631210,162530673,5,,372,402
15258656,162530673,5,,1293,402
8118174,162530673,5,,833,402
5435801,162530673,5,,520,402
21793044,162530673,5,,1640,402
22693770,162530673,5,Tốt,1688,402
10288229,162530673,5,,979,402
1947456,162530673,5,,416,402
310648,162530673,5,,103,402
620317,162530673,5,,187,402
6714139,162530673,5,,687,402
22906506,162530673,5,,1697,402
10781891,273386447,5,Huu ich,1013,556
10025671,273386447,5,,962,556
21654527,273386447,5,,1636,556
1842873,2316583,5,Giao hàng nhanh chóng. Sách mới không tì vết. Nội dung thì trong 4 ngày tiki giao 70 cuốn thì không thể đọc được hết. Hihi,402,74
17651957,2316583,5,,1423,74
317483,2316583,5,,105,74
16264638,2316583,1,"Không như kỳ vọng, nội dung sơ sài",1340,74
10881299,2316583,2,,1020,74
16426556,22172572,5,,1350,152
17389840,196517620,5,"Sách hay, nên đọc. Good book. Sách bác Giang thì khỏi bàn, sắc - sâu lắm",1403,437
18217701,196517620,5,nội dung sách quá tuyệt vời. sách bác Giang quá sâu sắc.Cảm ơn Bác Giang rất nhiều!,1467,437
19596037,196517620,5,,1537,437
12542002,196517620,5,,1141,437
15258656,196517620,5,,1293,437
11511756,10118594,5,,1073,109
19116535,10118594,5,,1509,109
325734,10118594,5,,109,109
143219,10118594,4,Dc,60,109
9890934,13579551,5,Sách Tốt. Giao Nhanh. Kỹ Càng. Có Túi Xốp Chống Nước. Nhưng Không Tặng Kèm Book mark của TiKi. Hơi thất vọng. Lần sau chắc cho ít sao quá.,950,131
124036,13579551,5,Tuyệt vời. Sách rất hay dành cho mọi người,53,131
8663058,13579551,5,,883,131
810311,10118596,5,"Haker lược sử- Chiến công của những kẻ mê máy tính thông minh và lập dị thời ký đầu của cuộc cách mạng máy tính- Steven Levy được gọi là đạo đức hacker phác học bức tranh đa màu gồm những trí thông minh tuyệt đỉnh, ghi lại những chiến công của hacker thời kỳ đầu trong cuộc cách mạng máy tính của những kẻ mê máy tính thông minh những năm 1950- 1980, đã dám mạo hiểm, bẻ cong các quy tắc và đẩy thế giới vào một hướng đi hoàn toàn mới. Nhân viên giao hàng Tiki vui vẻ dù đã cận kề tết ngày 23 âm lịch. Ngày 28/01/2019.",237,110
6301744,10118596,5,"Cuốn sách nói về những nhân vật, cỗ máy, sự kiện định hình cho văn hóa và đạo đức hacker từ những hacker đời đầu ở đại học MIT.. Câu chuyện hấp dẫn bắt đầu từ các phòng thí nghiệm nghiên cứu máy tính đầu tiên đến các máy tính gia đình.. Tập hợp tài liệu cập nhật từ các tin tặc nổi tiếng như Bill Gates, Mark Zuckerberg, Richard Stallman…. Những sự thật về cuộc sống và con đường trở thành “tin tặc” của những con người đã thay đổi lịch sử phát triển của ngành Công nghệ.. Cuốn  sách của Steven Levy ghi lại những chiến công của các tin tặc thời kỳ đầu trong cuộc cách mạng máy tính - những kẻ mê máy tính thông minh và lập dị từ cuối những năm 1950 đến đầu thập niên 1980, dám mạo hiểm, bẻ cong quy tắc và đẩy thế giới vào một hướng đi hoàn toàn mới.",639,110
21558077,10118596,4,,1626,110
6081017,10118596,5,,615,110
21221657,10118596,5,"Giao hàng nhanh, sách còn mới, nội dung khá hay. Khá hài lòng với sản phẩm",1606,110
8130585,10118596,5,,836,110
13102321,10118596,5,,1181,110
1996312,10118596,5,"sách còn mới, được bọc bookcare cẩn thận. Shipper giao nhanh, hàng đến trước dự kiến một ngày",427,110
1340,10118596,5,,2,110
1592543,10118596,5,,368,110
9972247,10118596,5,,955,110
5917418,10118596,5,,593,110
1560337,10118596,5,,365,110
1964416,10118596,5,,420,110
2157989,10118596,5,,459,110
18146117,10118596,5,,1461,110
295,10118596,3,"Đọc khá khó vô, không cuốn hút như cuốn Gián điệp mạng. Chắc để lúc khác sẽ đọc lại",0,110
20352727,22367134,5,,1572,155
14361212,22367134,5,sách hay,1253,155
15047944,22367134,4,,1282,155
1003429,12141178,1,Mở sách ra là rơi liểng xiểng hết. Xem lại cách đóng gáy sách. Yêu cầu trả hàng,276,124
5838409,12141178,5,,580,124
9735687,21054302,4,,931,144
17546940,3858595,5,,1415,85
15110452,3858595,5,,1285,85
6986403,3858595,5,,711,85
751953,3858595,5,,217,85
9135558,3858595,5,,916,85
10519861,3858595,5,,997,85
10605513,3858595,4,,1004,85
1118879,3858595,5,,292,85
5838409,22367144,5,,580,156
5692427,22367144,5,"Sách khá hay nhưng hơi mỏng nên đọc ko đã lắm :)) nhưng dù sao vẫn ổn và thú vị, cách trò chuyện gần gũi và rất dễ hiểu",562,156
14509380,22367144,5,,1261,156
645227,22367144,5,,196,156
8691757,22367144,5,,887,156
17506038,22367144,5,,1411,156
5301019,22367144,5,,497,156
10252774,22367144,5,vô cùng hài lòng. cám ơn tiki,975,156
16145848,22367144,5,"Sách giao nhanh, bìa sách đẹp. Chất lượng sách tốt. Rất hài lòng.",1328,156
2052582,22367144,5,,441,156
12989425,22367144,5,,1174,156
6853056,22367144,5,Hay,704,156
503584,22367144,5,,157,156
19685945,22367144,5,,1544,156
2147883,22367144,5,,458,156
10929964,22367144,5,,1027,156
5226292,22367144,3,,488,156
17641317,57767468,4,"Đóng gói đẹp, sách đẹp, giấy đẹp, nhưng nội dung không mới. Quyển sách chứa đựng những tip có thể bạn đã biết nhưng đã lãng quên. Nội dung mỗi phần ngắn, ko trọng tâm, ko sâu sắc và giải quyết hết vấn đề. Đọc không đã cái nư hoặc là ko đáp ứng được kỳ vọng của mình.",1419,219
7571785,57767468,5,,772,219
5332543,57767468,1,"Tiki làm ơn lần sau gói sách thì bọc một lớp chống sốc ở ngoài giúp em ạ. Sách thì quăng bìa còn móp nữa chứ, đối với một đứa giữ sách kỹ như em thì việc này không chấp nhận được. Mong tiki khắc phục",504,219
15188098,57767468,5,,1289,219
30171493,57767468,4,,1825,219
6656572,57767468,5,"Một quyển sách tuyệt vời với những lời khuyên mang tính xây dựng và khoa học, cách viết cũng khá hài hước. Điểm đặc biệt là cuốn sách rất nhỏ gọn, và nội dung súc tích, mình cảm giác như tác giả viết ko bị dư một chữ nào luôn á, nên rất thích hợp để đọc lại nhiều lần. Thị trường bây giờ nhiều quyển sách viết dày cộp mà nội dung rất thừa thãi và khó hiểu, chẳng bù cho quyển sách này.",677,219
5811028,57767468,5,,575,219
25847357,57767468,5,,1741,219
6804321,57767468,2,"Sách bị bong tróc gáy sách khi lật, tôi muốn đổi cuốn khác.",698,219
20629555,57767468,5,,1584,219
7165593,57767468,5,"Đúng sản phẩm, đóng gói cẩn thận!",729,219
7100618,57767468,3,"giao hàng siêu lâu, đợi chờ mòn mỏi",723,219
20074240,57767468,5,Đọc sách này để có động lực đi tiếp về phía trước! Cứ làm đi ! Cứ dọc đi !,1562,219
7512075,57767468,5,,764,219
17506038,57767468,5,,1411,219
10036447,57767468,5,Hay,965,219
28001953,57767468,5,,1790,219
6599221,57767468,5,,671,219
22320881,57767468,5,,1667,219
12119040,57767468,5,,1117,219
10288862,57767468,3,"Bọc Bookcare bị rách rồi, nội dung nhẹ nhàng, dành cho nữ, nam hổng hợp.",980,219
11141734,57767468,5,,1040,219
126944,57767468,5,,54,219
1503284,57767468,5,,354,219
12631514,57767468,1,"Đóng gói thiệt tình, nói quài luôn á Tiki.. Bỏ thêm lớp chống sốc dô dùm iem ạ ?",1148,219
1553755,57767468,5,,361,219
65010,57767468,5,,34,219
5524164,468077,5,"Như những lời tâm tình nhẹ nhàng của hai tác giả, gửi gắm những thông điệp quan trọng cho mỗi người để làm chủ bản thân và ứng xử thông minh, hoà hợp hơn với những người xung quanh, cả trong gia đình và xã hội.",537,31
5827839,468077,5,,578,31
14156527,468077,5,Tốt,1245,31
15557505,468077,5,,1305,31
5917418,22172572,5,,593,152
12781004,22172572,5,,1157,152
5137461,22172572,5,"Sách hay,có những ý tưởng hay và phát triển ý tưởng đó rất thú vị.",473,152
870629,22172572,5,,251,152
25519269,22172572,5,Sách hay,1738,152
18070225,22172572,5,,1447,152
9840079,22172572,5,,942,152
6307897,22172572,4,,641,152
26730196,22172572,5,,1759,152
7052506,17944552,5,"Rất hay, rất ý nghĩa!",718,140
14124041,17944552,5,Nên có cuốn này,1242,140
22686806,17944552,2,giao hàng trễ ngày . tốt !,1687,140
15444681,17944552,5,,1301,140
996559,17944552,5,Chưa đọc. Nhưng chất lượng Ok,275,140
18106501,17944552,4,,1454,140
2052582,17944552,5,Sản phẩm tốt đóng gói kỹ đẹp còn nội dung thì chưa đọc nên sẽ đánh giá sau,441,140
1968632,17944552,5,,421,140
9997822,17944552,5,,959,140
10474437,17944552,5,,992,140
5461671,106362503,5,,524,295
12117108,106362503,3,"sách ổn, hàng nên bao cẩn thận.",1116,295
368266,46107066,5,sân phẩm ok không em biêt em ghi lại trong việt nam đã support em trong cty bên Sin ma áp vô cùng anh em nhau la vay anh qua cho mình để mình tìm hiểu thêm nhé 2tr tiền lại giúp anh tiền cọc với em nhưng bạn này nice day anh Giang trên đoa của mình nhưng bản,121,196
8599820,46107066,5,"Một cuốn sách hay, giao nhanh, sách đẹp, mua hàng ở tiki luôn yên tâm về chất lượng. đầu tư cho tri thức là khoản đầu tư đúng đắn",878,196
19446943,46107066,5,,1526,196
7571785,46107066,5,,772,196
865999,46107066,4,"Mình chưa đọc hết nhưng sách khá hay và hữu ích, đặc biệt cho các bạn teen và người thiếu tập trung.",249,196
13677685,46107066,5,"nội dung hay, thu hút, hấp dẫn, tuy nhiên dịch ngôn ngữ tiếng anh sang tiếng việt bị cứng và nhiều đoạn đọc bị khó hiểu vì sử dụng nguyên văn phong tiếng anh.",1218,196
5531649,46107066,5,,539,196
829130,46107066,5,"mình được bạn gth mua quyển này, đọc oke, nên mua. . sách ship nhanh, tiki giá rẻ hơn so với bên ngoài",242,196
15905220,46107066,5,,1315,196
13521340,46107066,4,,1201,196
2104434,46107066,5,,446,196
326163,46107066,5,,110,196
2227428,46107066,5,,468,196
1349027,46107066,5,"Kiến thức trong sách rất giá trị, tác giả viết sách mình từng gặp và đọc bản sách tiếng Anh. :)",328,196
17243662,46107066,3,Đóng gói sách chưa cẩn thận,1393,196
57218,46107066,5,"“Học cách học là một trong những kỹ năng giỏi nhất mà bạn cần để sở hữu”. Mình đọc cuon sách với một tâm thế da biết hết những thứ trong sách rồi, nhưng thật sự đã bất ngờ trước những điều cuốn sách mang lại. quả thật xứng đáng là tác giả của một trong những khoá học được nhiều người học nhất thế giới.",31,196
25519269,46107066,5,,1738,196
16716920,46107066,5,fffffff,1361,196
19300182,46107066,5,,1519,196
17864394,46107066,5,,1439,196
7068125,46107066,5,,721,196
8136353,46107066,3,"nội dung bình thường, giao hàng nhanh",838,196
586855,46107066,5,,178,196
19802861,46107066,5,cảm ơn shop đã gửi lời nhắn. chúc shop làm ăn thành công,1551,196
7963836,46107066,5,sách hay,822,196
15195,46107066,5,Sách rất hay về tự học. Có thể kết hợp thêm với khoá học online.,17,196
12802075,46107066,5,,1159,196
11310754,46107066,5,,1052,196
10025671,46107066,5,,962,196
16650557,46107066,5,,1359,196
175822,46107066,5,,68,196
1384584,46107066,5,,335,196
22555105,46107066,5,,1681,196
990696,46107066,5,,273,196
9099133,46107066,5,,914,196
22502296,46107066,5,,1678,196
11280300,46107066,5,,1050,196
18117716,46107066,5,Sách rất hay phù hợp với nhiều lứa tuổi.,1455,196
18070225,46107066,5,,1447,196
7658490,46107066,4,,781,196
920496,46107066,5,,263,196
7621628,46107066,5,,777,196
12989425,46107066,5,,1174,196
7846265,46107066,5,,806,196
1503284,46107066,5,"Sách rất hay, giải thích một cách rất khia học và dễ hiểu, có đi kèm rất nhiều giải pháp cụ thể.",354,196
11891788,46107066,5,hay,1101,196
1060680,46107066,5,"Sách đẹp, giao hàng nhanh, rất hài long",284,196
1419293,46107066,5,,341,196
6376847,46107066,5,,648,196
11135866,46107066,5,,1039,196
801674,46107066,5,Hay lắm,234,196
11586173,46107066,5,,1078,196
1695902,46107066,4,,381,196
503584,46107066,5,,157,196
13513176,46107066,5,,1198,196
1970253,46107066,5,,423,196
217821,46107066,5,,85,196
5953228,46107066,5,,596,196
15370336,46107066,5,,1299,196
1818107,46107066,5,,397,196
8264530,46107066,5,Sách hay,849,196
13553924,46107066,5,,1208,196
6014554,46107066,5,,605,196
12542830,46107066,5,,1142,196
11888921,46107066,5,,1100,196
5176086,46107066,5,Rất hay,481,196
6516078,46107066,5,,659,196
891969,46107066,5,,255,196
28240391,21053410,5,Sp tốt giấy in sắc nét,1796,143
7909175,21053410,5,,818,143
9752826,21053410,5,Tốt,933,143
1105768,707347,5,Sách hay.,290,53
21151479,707347,5,"sách hay, giao nhanh",1603,53
8458949,707347,4,,867,53
6898187,707347,5,giao hàng ok.,709,53
20253417,3653513,5,,1565,81
21654527,3653513,5,,1636,81
10108002,3653513,5,sách được gói cẩn thận,968,81
381808,3653513,5,,124,81
1657646,3653513,4,,377,81
17790721,3653513,5,,1435,81
13136773,3653513,5,,1182,81
13102321,3653513,5,,1181,81
204530,2014917,2,"Mình chưa đọc sách, nhưng sách nhận được không có bao bóng bên ngoài, sách gẫy gáy 3 lần. phần đầu mấy chục trang hơi dài thò ra ngoài, xong phần còn lại gáy gãy làm đôi. tách quyển sách ra làm ba phần. Đến giờ vẫn chưa đọc luôn. sách nhận được quá thất vọng",79,70
386342,2014917,5,"Sách giao nhanh, chất lượng. Rất hài lòng về Tiki. Sẽ luôn ủng hộ Tiki và các nhà bán.",125,70
17765243,2014917,5,Hay,1430,70
11372399,2014917,5,,1059,70
7695722,2014917,5,Nhà văn là cánh chim báo bão,795,70
651562,2014917,3,"Giá 55k, cuốn được sale nhiều do không quá hấp dẫn",197,70
9907965,2014917,5,,951,70
11376362,2014917,5,Cuốn sách rất cuốn hút. Nội dung đậm tính nhân văn.,1060,70
6018022,46107066,5,,606,196
9078,337881,5,"Không như những cuốn sách triết học vô cùng khô khan thì ""Học cách sống"" có một sức hấp dẫn vô cùng tuyệt vời đối với người đọc. Nội dung đến với người đọc trên con đường vô cùng dễ hiểu và dễ hình dung, không đao to búa lớn như nhan đề. Cũng như những từ ngữ được sử dụng trong cuốn sách này không nặng nề về từ ngữ chuyên môn mà dùng những ví dụ, minh họa vô cùng gần gũi, sống động. Cuốn sách nói về những kinh nghiệm và chuẩn mực lối sống mà con người cần phải học tập và trau dồi, liên hệ chặt chẽ đến đời sống, giúp con người dễ dàng định hướng và phân biệt đúng - sai, phải - trái.. Cuốn sách này là món quà tặng vô giá cho bạn và người thân, giúp mọi người dễ dàng hiều được bản chất và hướng đến cách sống đẹp.",13,6
20073,337881,4,"Đây là một tác phẩm lôi cuốn và hấp dẫn độc giả ngay từ những trang sách đầu tiên, một tác phẩm triết học hay nhất mà mình được đọc từ trước đến nay. ""Học cách sống"" có một cách tiếp cận thật mới lạ, độc đáo, đem đến những hiểu biết cơ bản nhưng cần thiết nhất về triết học. Không có những diễn giải khó hiểu, khô khan, cuốn sách là những bài học gần gũi, thú vị về triết học, với những ví dụ sinh động, cho thấy mối liên hệ chặt chẽ giữa triết học và cuộc sống. Thông qua mỗi trang viết, người đọc không chỉ mở rộng hiểu biết về một lĩnh vực xưa nay bị coi là khó nhằn, mà còn thu lượm được nhiều bài học bổ ích về cuộc sống. Một cuốn sách không nên bỏ qua.",22,6
2795,337881,5,Bỏ qua tiêu đề sách gây “tranh cãi” thì đây chính là cuốn sách dành cho những ai quan tâm  và muốn khám  phá “triết học” .. Một đề tài mới nghe thôi đã thấy nản lòng. Nhưng cuốn sách này mình cảm thấy sự khác biệt trong từng trang sách nó gần như là cuốn “nhập môn triết học” theo đúng nghĩa . Triết học được diễn giải trong cuốn sách không dùng những từ hàn lâm chuyên môn mà dùng những ví dụ sinh động nhất dễ hiểu nhất . . Và trên hết “triết học ” là một đề tài quá lớn mà bạn dễ bị lạc lối khi trên đường tìm tòi nó. Cuốn sách còn định hướng những điều đúng đắn cho chúng ta.Cuốn sách này là món quà dành cho những người muốn khám phá bản chất của thế giới,4,6
7131398,12138654,5,,727,123
16726778,12138654,5,,1362,123
15281672,12138654,5,"Giao hàng đúng hẹn ,đóng gói đẹp .. Nội dung sách cực kỳ chất lượng phù hợp cho doanh nghiệp lớn nhỏ tại VN",1294,123
1303604,12138654,5,sách nội dung hay,319,123
6469736,12138654,5,,655,123
17546940,12138654,5,,1415,123
5226292,12138654,5,"Mình mua 2 cuốn luôn. Nội dung hay, dễ hiểu.💯",488,123
699960,12138654,5,,209,123
846786,12138654,5,,245,123
17687102,12138654,4,,1426,123
6119623,12138654,4,,618,123
783624,12138654,5,,228,123
9907965,12138654,5,,951,123
18278431,12138654,5,,1473,123
9928568,12138654,5,,953,123
7642320,12138654,5,,778,123
1503284,12138654,5,,354,123
15104042,170298025,5,"Đây là cuốn sách hay nhất mà mình đã từng đọc, tên sách nên là Hồi ký của Guy Kawasaki, một người châu Á đã thành công ở Mỹ (nhận vào làm việc ở Apple mới thành lập mà chưa được qua đào tạo CNTT), lời văn của tác giả ngắn gọn, dễ hiểu, đáng là cuốn cẩm nang mang theo bên mình cho nhiều bạn trẻ và bạn già ở Việt Nam",1284,409
98653,170298025,5,,48,409
990696,170298025,5,,273,409
19455780,170298025,5,,1528,409
7781198,170298025,5,good,802,409
20357408,2254441,5,"Giao hàng nhanh nhưng hộp móp méo ok là điều thường xảy ra ở tiki mà, đã quen, có bọc nhưng vẫn thấy bụi chắc do quyển này cũ rồi, giá sale nên cực rẻ luôn đánh giá cao việc này ở tiki.",1573,73
16898585,2254441,5,,1376,73
11470446,2254441,1,"Mình mua 3 cuốn , mà có 1 cuốn Vác xin bị bụi và sách bị dơ mất rồi, rất buồn, hi vọng lần sau các anh em làm kĩ hơn",1066,73
1778805,619275,5,,391,51
18343577,619275,5,"Nổi tiếng từ rất lâu nhưng nay mới dc cầm trên tay.Đúng như những gì đã dc xem review qua,sách chỉ cho ta thấy cách thức để đánh thúc tài năng bằng phương pháp tập luyện sâu,thắp lửa đam mê,phương pháp huấn luyện bậc thầy.Đây là cuốn sách mà mọi ng có tố chất và tài năng mong muốn dc trui rèn tài năng đó lên tầm cao mới",1478,51
7165593,619275,5,Ok,729,51
7100618,619275,5,Giao nhanh,723,51
14655468,619275,5,,1266,51
26606984,619275,5,,1755,51
21715164,619275,5,,1637,51
6680442,619275,5,,683,51
6183653,619275,5,,625,51
22684527,619275,4,ok,1686,51
14361212,619275,4,sach hay,1253,51
22069714,619275,5,,1658,51
334762,619275,5,,113,51
7419963,619275,5,,756,51
15608334,619275,5,,1306,51
8691757,619275,5,,887,51
677395,619275,5,,206,51
8672276,619275,5,,885,51
6516078,619275,4,,659,51
18241876,619275,5,,1469,51
14089040,195801687,4,"Đóng gói cẩn thận, kỹ càng, nguyên seal nhưng hơi cấn góc chút, bóc seal ra thì có vết cào khá sâu ở mặt trong bìa trước, nói chung ko ảnh hưởng gì đến mặt ngoài. Tạm ổn.",1240,436
19446943,195801687,5,,1526,436
8227804,195801687,5,,846,436
17506038,195801687,5,,1411,436
953241,195801687,4,,270,436
5169835,76176359,1,"Nhiều lần Tiki đóng hàng sơ sài, thùng đựng xộc xệch. Sách hay bị hỏng góc, gập bìa, gập trang !!!",479,238
16104618,76176359,4,"Mình vô tình trông thấy quyển sách này trong cuộc tìm kiếm về “thiên kiến xác nhận” và đáng lẽ ra mình không nên đặt kì vọng cho 1 cuốn sách học thuật, 100% nghiên cứu về “thiên kiến xác nhận” vì nó... không hề như thế ! Mỗi chương là mỗi mẫu truyện, tuỳ vào việc vấn đề có được giải quyết hay không thì một câu truyện sẽ được tiếp nối ở chương tiếp theo, TKXN chỉ là 1 phần của câu truyện và cách người ta đối phó với nó ra sao mới là cái.. chưa chính luôn, lê thê, dông dài, nhiều đoạn dịch bị tối nghĩa. Nhiều lúc tui tưởng mình đang đọc giai thoại về các “thiên tài” như Daniel Kahneman hay Amos Tversky, bản thân chỉ biết trầm trồ và cái não bé tẹo của mình chỉ biết có thế, tất nhiên tác giả cũng nhắc đến các nghiên cứu, thành tựu của họ nhưng chúng chỉ được nhắc đến qua loa, chủ yếu là sự toẹt vời của các thiên tài Do Thái và.. tui mới đọc đến 1/3 quyển sách thôi. Đây chẳng phải là 1 review đáng cậy, ngay từ đầu nó đã rất chủ quan rồi, tui không tìm thấy cái mình cần tìm và tui chỉ nêu cảm nghĩ của mình thôi. Cảm ơn Tiki vì dịch vụ giao hàng",1324,238
5917418,76176359,5,,593,238
1344932,76176359,5,,325,238
10418172,76176359,5,,987,238
21558077,76176359,5,,1626,238
7768967,76176359,5,,800,238
13541376,76176359,5,SÂU SẮC,1204,238
5915847,76176359,5,"Tiki giao nhanh, đóng gói chắc chắn cẩn thận. Về nội dung thì đọc xong sẽ đánh giá sau nhưng xem tóm tắt thấy khá thú vị!!!!",592,238
16206233,76176359,5,,1337,238
396187,76176359,5,sách rất hay,126,238
13513176,76176359,5,,1198,238
22936431,76176359,5,,1699,238
7329204,76176359,5,,746,238
8453118,76176359,5,,865,238
792606,76176359,5,,231,238
7513783,76176359,5,,765,238
5848334,76176359,5,,582,238
664787,76176359,5,,201,238
22970362,21435644,5,Hay và bổ ích. Nên mua,1701,147
17786300,21435644,5,Sách của idol mãi đỉnh,1434,147
1782676,21435644,4,,392,147
17616385,1387539,5,"Mik mua hàng trên tiki cũng lâu r nhưng đây là lần đầu tiên mik mua sách của alpha và mik thật sự rất bất ngờ khi nhận đc sách:>>. Alpha thật sự làm việc rất chỉnh chu👍 khi mik nhận gói hàng bóc ra thì hết hồn lun, do thấy alpha bọc những 3 lớp kĩ ơi là kĩ. Nhờ kĩ vậy nên sách của mik nhìn mới tinh xịn xò cực😊 Mọi ng nên ủng hộ sách của nhà alpha nha😚",1418,62
11476110,1387539,5,,1068,62
831198,1387539,5,"Quyển sách tâm lý nên có cho những ai muốn thành công. Thành công là phải thay đổi tư duy, khiến mình có những hành động mới, thay thế những hành động cũ. Hành động mới mới có kết quả mới",243,62
7518989,1387539,5,,768,62
17313427,1387539,4,,1397,62
22049169,1387539,5,Cuốn sách cực hay nói về tâm lý học tích cực. Nên đọc,1657,62
11944614,1387539,5,Sách rất đẹppp,1105,62
16920235,1387539,5,"M đặt về ĐN nên ship lâu hơn nhiều so với trước, nhưng sách vẫn đẹp lắm ạ",1377,62
8264530,1387539,5,Sách hay,849,62
13677819,1387539,5,"Được recommend cuốn này, mình chưa đọc nhưng chắc chắn cuốn sách này sẽ mang lại cho mình nhiều kiến thức bổ ích",1219,62
28288321,1387539,5,,1797,62
9786862,1387539,5,,937,62
57410,1387539,4,"Sách bàn về 2 loại tư duy (Fixed mindset và Growth mindset), giải thích vì sao nhiều thần đồng khi còn trẻ nhưng lúc lớn lại thui chột tài năng, vì sao các ngôi sao thể thao lại có thể ngự trị trên vị trí đỉnh cao lâu như vậy. Nói chung là mình rất ưng ý quyển này.",32,62
27566433,1387539,5,Sách rất đẹp,1773,62
334762,1387539,5,,113,62
451499,1387539,5,,142,62
8993466,1387539,5,,906,62
5461671,1387539,5,Chưa đọc nữa,524,62
19796206,1387539,5,,1550,62
10452635,1387539,5,"Cuốn sách này giúp mk thay đổi tư duy rất nhiều, nhưng lần đầu đọc sẽ có vẻ hơi Hàn lâm 1 chút :v",991,62
93650,1387539,5,,47,62
6002072,1387539,4,,603,62
5251673,1387539,5,,491,62
9614591,15180358,2,"Bên nhà sách có thể kiểm tra chất lượng sách trước khi giao hàng được không ạ? Đặt sách và háo hức ngày nhận sách để rồi nhận sách thì thật sự thất vọng. Gáy sách chưa dùng đã bung thế này, có chỗ còn lòi hết cả keo ra. Tiki luôn là lựa chọn hàng đầu trong việc mình mua sách, nhưng chưa bao giờ mua đồ ở Tiki làm mình thất vọng như lần này.",921,137
6746297,15180358,5,"Tiki gói hàng cẩn thận, giao hàng cực nhanh với dịch vụ Tikinow. Sách mới, không nhàu nát, giá còn khá rẻ so với giá bìa. Nói chung khá hài lòng về dịch vụ của Tiki.",692,137
386342,15180358,4,"Vì là nhà cung cấp khác Tiki Trading nên thời gian chuẩn bị hàng lâu (khoảng 1 tuần), nhưng sách nhận rất đẹp, còn mới, bookmark đúng như hình mô tả. Hài lòng.",125,137
16920235,15180358,5,"Tiki giao hàng siêu nhanh ạ, m đặt t7 mà t2 đã giao rồi, cảm ơn tiki",1377,137
21500023,15180358,5,Còn mới đóng gói đẹp chắc chắn giao hàng nhanh,1624,137
21347262,15180358,5,"sách đẹp, giao hàng nguyên vẹn.",1611,137
20666204,15180358,5,đóng gói cẩn thận,1589,137
11242102,15180358,5,,1048,137
845376,15180358,5,Ok,244,137
252592,15180358,5,,91,137
5188675,15180358,5,,484,137
10018863,15180358,5,,961,137
1191294,15180358,5,,304,137
716305,15180358,5,,213,137
20311397,15180358,4,,1570,137
15912867,15180358,5,,1318,137
9148321,15180358,5,Sách đẹp lắm ạ. Hàng đúng y hình,918,137
5506267,15180358,5,,535,137
1694570,15180358,4,,380,137
9046230,15180358,5,,908,137
10014470,15180358,5,,960,137
6590616,15180358,5,,670,137
6562054,15180358,5,,665,137
6680036,15180358,5,,682,137
17502822,15180358,5,,1410,137
16141175,55066553,5,,1326,216
6682650,55066553,5,"Sách còn mới mặc dù ko có áo bọc, chất liệu giấy tốt. Hài lòng với dịch vụ của Tiki!",684,216
21654527,55066553,5,,1636,216
17672646,55066553,5,,1425,216
6790143,55066553,5,,697,216
7571785,1387539,5,,772,62
335209,1387539,5,,114,62
6468863,1387539,5,,654,62
12917525,116396339,5,"sách giao hàng nhanh, ko bị móp méo, bọc hàng cẩn thận",1169,337
12088578,116396339,5,"sách đóng gói cẩn thận, giao hàng nhanh, rất hài lòng 👍",1114,337
1728034,116396339,5,,382,337
22235987,116396339,5,,1665,337
98653,116396339,5,,48,337
8955914,79104663,5,,902,244
325734,79104663,5,,109,244
5789236,79104663,5,,570,244
28001953,274927641,4,nội dung ko dễ hiểu với người tay ngang,1790,586
11458517,274927641,5,,1065,586
17506038,274927641,5,,1411,586
22693770,274927641,5,,1688,586
11474751,274927641,5,,1067,586
1778805,36085774,4,,391,172
11474751,36085774,4,,1067,172
14424624,36085774,5,5 sao,1255,172
27837115,36085774,4,"Mình chưa đọc, nên chưa biết nội dung gửi shop 4 sao trước he",1785,172
334762,36085774,5,,113,172
11318425,36085774,5,,1053,172
129385,36085774,5,,56,172
16206233,36085774,5,,1337,172
15557505,67694211,5,"Sách mới, đóng gói cẩn thận, săn được giá ưu đãi, nội dung tôi chưa đoc hết. Cảm ơn Tiki, sẽ tiếp tục ủng hộ",1305,223
12923385,67694211,5,Rất rất hài lòng,1171,223
5498876,67694211,5,,532,223
1438406,67694211,5,Tốt,345,223
98653,67694211,5,,48,223
18278431,67694211,4,,1473,223
7672176,67694211,5,,788,223
6230513,67694211,5,,628,223
13513176,67694211,4,,1198,223
5253296,67694211,5,,493,223
6534469,578262,5,"Sách của Michael Heppell rất hay mn nhé, đọc cuốn “ Mỗi ngày tiết kiệm được 1 giờ “của tác giả xuất sắc quá nên mình mua luôn tất cả các cuốn của tác giả ❤️vote sách hay",663,47
12703320,578262,5,,1150,47
15169513,578262,5,Ok,1288,47
19455780,578262,5,,1528,47
22093998,578262,5,,1659,47
23120888,578262,5,,1704,47
381808,578262,5,,124,47
6018022,273822776,5,tuyet,606,565
18132503,20555379,5,,1459,141
1174165,20555379,5,"Sách được đóng gói cẩn thận, sử dụng được bookcare và giao hàng nhanh. Hình ảnh trong sách cũng đơn giản và dễ hiểu.",301,141
7890496,20555379,4,,812,141
18118699,20555379,5,,1456,141
227195,20555379,4,"Mình đã mua phiên bản trước của sách, nội dung ok nhưng khá dài dòng, trình bày bìa đẹp mắt",87,141
30376777,9948027,5,,1830,107
562328,36399722,5,,173,176
1315476,36399722,5,,320,176
10565532,36399722,5,,1002,176
810311,8845822,5,"Nghệ thuật Ẩn mình- Bảo mật cá nhân trong kỷ nguyên dữ liệu lớn- Kevin Motnick- Robert Vamosi. là Hacker nổi tiếng nhất thế giới kiêm anh hùng không gian mạng đã mô tả kỹ thuật cho an ninh hệ thống dựa trên chính nững trải nghiệm của mình dành cho các chuyên gia lĩnh vực Công nghệ thông Tin, An Ninh Mạng, Internet công chúng và giới hàn lâm.",237,104
6301744,8845822,5,"Trong cuốn sách này, Kevin Mitnick, hacker nổi tiếng nhất thế giới, sẽ hướng dẫn các biện pháp dễ thực hiện (và ít tốn kém) giúp bạn – trên cương vị một cá nhân bình thường và một người tiêu dùng – có thể giấu các thông tin nhận dạng cá nhân của mình trong kỷ nguyên của Dữ liệu Lớn, vốn không thiếu những scandal quy mô quốc tế về những vụ vi phạm dữ liệu người dùng thường xuyên xuất hiện trên các mặt báo. Mitnick bàn đến nhiều phương tiện mà chúng ta sử dụng hằng ngày – từ điện thoại, email, cho đến tin nhắn,… – chỉ ra những lỗ hổng mà người khác có thể lợi dụng để giành quyền kiểm soát các dữ liệu của chúng ta, đồng thời đưa ra những giải pháp phòng chống cụ thể và hữu hiệu mà bất kỳ ai cũng có thể thực hiện để tự bảo vệ mình.. Nhưng có lẽ một trong những giá trị quan trọng nhất của cuốn sách là qua đó, tác giả đã giải ảo niềm tin thơ ngây của đại đa số chúng ta rằng những hoạt động của mình trên mạng là đàng hoàng và lành mạnh nên có thể công khai, rằng chỉ những người có ý đồ xấu mới phải tìm cách che giấu các dữ liệu cá nhân. Hay nói như Mikko Hypponen, nhà nghiên cứu trưởng của hãng bảo mật F-Secure, thì: “Có thể bạn không có gì phải giấu diếm. Nhưng bạn có rất nhiều thứ phải bảo vệ đấy.”. “Hacker bị săn lùng gắt gao nhất của FBI.” – Wired. “Hacker nổi tiếng nhất thế giới kiêm người hùng trong nền văn hóa mạng […] vừa viết cuốn cẩm nang về an ninh hệ thống dựa trên chính những kinh nghiệm của mình. Đây là tài liệu phải đọc đối với các chuyên gia IT, nhưng đồng thời còn dành cho cả công chúng nói chung, giới hàn lâm, và các doanh nghiệp.” – Library Journal. “Còn ai khác xứng đáng hơn Mitnick – hacker bị truy nã quốc tế rồi trở thành cố vấn an ninh cho các doanh nghiệp Fortune 500 – trong vai trò người thầy hướng dẫn bạn cách giữ an toàn cho dữ liệu trước những cuộc tấn công *** đảo, sâu máy tính, và những tổ chức gián điệp mạng như Fancy Bears?” – Esquire . “[Nghệ thuật ẩn mình] là lời cảnh tỉnh, nhắc nhở chúng ta rằng các dữ liệu thô – từ email, ô tô, mạng wifi ở nhà – khiến chúng ta dễ dàng trở thành nạn nhân như thế nào.” - New York Times Book Review",639,104
13334059,8845822,5,,1191,104
21221657,8845822,5,"Hàng giao nhanh, sách đẹp, nội dung hay. Rất hài lòng với Tiki, nên chú ý hơn ở khâu đóng gói.",1606,104
23656199,8845822,5,,1714,104
8130585,8845822,5,,836,104
9921244,8845822,5,"Nội dung sách không bàn tới nhưng mà anh/chị nào làm cái background gì kì quá vậy? Cắt xén thay cái background nhìn ngứa mắt quá, để nguyên ảnh gốc còn đẹp hơn :)",952,104
1325860,8845822,5,,321,104
9972247,8845822,5,,955,104
8716787,8845822,5,Sách hay,889,104
18146117,8845822,5,,1461,104
535593,8845822,5,,166,104
2157989,8845822,4,"Sách được gói kỹ, có hộp. Nhân viên giao hàng nhiệt tình.",459,104
2065541,599037,4,"Cuốn sách khá mỏng, do vậy dù  đã đưa ra rất nhiều ý tưởng nhưng không lột tả được sâu sắc, chỉ có thể dùng để tham khảo, và phải tự mình rèn luyện lấy, Thu Giang là một tác giả rất uyên bác nên đây có thể lâyß làm tài liệu nghiên cứu.",442,49
8678460,599037,5,"sách xịn, đẹp giao hàng nhanh chóng đóng hàng cẩn thận shiper thân nhiệt tình thân thiện. Chúc các bạn đọc sách vui vẻ",886,49
1231830,599037,5,,309,49
1049918,599037,5,,282,49
813621,599037,4,tác giả có kiến thức rất uyên bác và tư duy sắc sảo.dù có nhiều chỗ hơi khó hiểu,238,49
5814517,599037,5,"Rất hâm mộ tác giả (cụ Cần), sách đưa đến chon người độc những phương pháp hay để rèn luyện tư duy, ý trí, tư tưởng cho người tự học đặc biệt là với sinh viên sắp ra trường như mình. Tiếp tục ủng hộ tác giả, cảm ơn nhà xuất bản trẻ . Linh",576,49
14156527,599037,5,,1245,49
7242080,599037,5,,740,49
42438,599037,5,,28,49
13997825,599037,5,,1235,49
11827451,599037,5,,1095,49
20159175,599037,5,rất ok,1564,49
10554,599037,5,,14,49
765496,599037,5,,220,49
6742789,599037,5,,690,49
5301213,599037,5,Good,498,49
18132503,599037,5,,1459,49
16229309,599037,5,Rất hàu lòng về tốc độ giao hàng và chất lượng sách tốt của tiki trading,1339,49
14845159,599037,4,,1272,49
8426458,599037,5,,864,49
85966,599037,5,,43,49
12547482,599037,4,,1144,49
14216937,599037,5,hay,1247,49
8941875,599037,5,,901,49
1736842,599037,5,,384,49
10901832,599037,5,,1023,49
6370959,599037,5,,647,49
1503284,599037,5,,354,49
797174,599037,5,,233,49
1506169,599037,5,,355,49
1895509,599037,5,,410,49
1337470,599037,5,,323,49
68951,599037,5,,37,49
5582356,599037,5,,548,49
8136353,599037,5,hài lòng,838,49
439058,599037,5,Sách rất hay. Mình mua về cho cháu đọc,137,49
5956105,599037,5,,597,49
8453118,599037,5,,865,49
5523055,599037,5,"Sách đẹp, giấy bìa mịn êm tay nói chung là thích hj",536,49
5799680,599037,4,,571,49
17454398,599037,5,,1408,49
7854826,9948027,5,,807,107
8293230,9948027,5,,854,107
6081017,10118602,5,,615,112
7089802,10118602,5,Sách hay nên đọc cho các lứa tuổi dc. Ghét phải ghi thế này quá,722,112
20758903,10118602,5,,1594,112
1861160,10118602,5,,403,112
16188247,561056,5,,1335,46
13334059,561056,5,,1191,46
14361212,561056,5,sách hay,1253,46
1227152,561056,1,"Nhân viên giao hàng khu vực không gọi điện trước gây phiền nhiễu, phải tự đi nhận hàng tại đại lý trung chuyển hàng.",308,46
1656337,561056,5,"Hình thức và chất lượng giấy tốt. Nội dung sách như tác giả đã nêu trong lời giới thiệu giống một ghi chú tổng hợp về các lỗi tư duy thường mắc phải. Là tổng hợp nên những kiến thức sẽ khái quát ngắn gọn, không quá nặng cho người mới bắt đầu tìm hiểu, để hiểu rõ thêm các bạn có thể tìm đọc các tài liệu tác giả đã dẫn nguồn.",376,46
1426658,561056,5,,343,46
15312,561056,5,,18,46
15404322,561056,5,Ok,1300,46
1153710,561056,5,,298,46
6301294,561056,4,,638,46
1081759,561056,5,"Sách rất hay, Sách rất hay, Sách rất hay, Sách rất hay,",286,46
16526,561056,5,"bao bì đẹp, hài lòng với sản phẩm, cám ơn dịch vụ của Tiki",19,46
12088578,3230749,5,"sách hay, đóng gói cẩn thận, giao hàng nhanh, rất hài lòng 👍",1114,77
1239573,3230749,5,Mình rất thích bìa sách màu cam Aspire,312,77
18191776,3230749,5,,1466,77
537155,3230749,5,,167,77
8908907,3230749,5,,899,77
27968509,100347903,5,,1789,262
469959,30757177,5,"“  Tôi cũng nghe kể chuyện về một tiểu đội lính Hàn quốc được phái đi chiến trương Việt Nam. Bọn họ lùa hết phụ nữ, trẻ em , người già ra đình làng rồi thiêu chết sạch . Có những người đã được nhận thưởng sau khi thực thi những việc đó vào thời chiến , một bộ phận trong số họ mang ký ức ấy đến giết chúng tôi. Giống như người ta đã làm ở  đảo Jeju, ở Quảng Đông hay ở Nam Kinh , ở Bosnia , ở tất cả mọi nơi tại Tân Thế Giới , với mọi sự tàn nhẫn giống hệt nhau như thể đã được khắc sâu trong AND vậy..”. Bằng lối kể chuyện mang tính tự sự, “Bản chất của người” là những mảnh hồi ức rời rạc về những sự kiện trong quá khứ xoay quanh vụ thảm sát ở Kwangju ở Hàn Quốc những năm 1980. Không đi sâu vào nguyên nhân , bối cảnh chính trị xã hội, tác phẩm là những suy tư trăn trở mộc mạc, giản dị của những người khác nhau về nỗi đau thân xác, về cái chết, về ý nghĩa của cuộc sống và trên hết là về bản chất của con người.",146,163
7560578,30757177,5,"Một nhận thức sâu sắc và khác biệt về vai trò, thể xác, cái chết và tâm hồn của con người.",771,163
18387707,30757177,5,,1481,163
7514594,30757177,5,,766,163
2415,30757177,4,,3,163
7277126,30757177,5,Sách rất hay nên mua,742,163
22166103,30757177,5,,1662,163
11525835,30757177,5,"Nội dung gây ám ảnh về nỗi đau, mất mát của con người do chiến tranh, bạo loạn gây nên. Gồm những lời tự sự của nhiều người đều có mối quan hệ, móc xích với nhau, và họ đều là nạn nhân của phong trào dân chủ Gwangju 1980.",1074,163
8227537,30757177,5,,845,163
1366077,30757177,5,"mua đợt dọn kho cuối năm của Nhã Nam giá sale tốt, nhưng giao hàng lâu. vận chuyển đến mình hộp bị móp méo, sách còn nguyên. một số ít gáy sách hơi bong nhẹ",333,163
12088578,30757177,5,"sách đóng gói cẩn thận và giao hàng nhanh, rất hài lòng 👍",1114,163
642183,30757177,4,Giấy bị lượn sóng nên trông sách không được mới,195,163
9862708,30757177,4,"Giao hàng chậm mất nửa tháng nhưng bù lại sách đẹp, bọc kĩ càng. Nội dung sách ám ảnh, đáng đọc",945,163
24880944,30757177,3,"Cảm giác như sách cũ vậy , bị ố vàng với xước nhiều",1734,163
632189,30757177,5,,193,163
19329965,30757177,5,,1520,163
1624472,30757177,5,,371,163
90147,30757177,5,,46,163
1635513,30757177,5,,373,163
1255032,30757177,5,,314,163
7859171,30757177,3,"Sách cũ, bẩnnnnnnnnnnnnnnnnn",808,163
5398769,30757177,5,,512,163
9907965,30757177,5,,951,163
51302,30757177,5,,29,163
5253296,30757177,5,,493,163
70466,30757177,3,Mình thấy cũng không đặc sắc lắm. Chắc tủy gu đọc của mỗi người,39,163
1340,30757177,5,"Noi dung tuyet voi, the hien sau sac cau hoi ve ban nga cua con nguoi",2,163
451499,30757177,4,,142,163
29023261,44017483,5,,1808,194
2052582,44017483,5,"Sao lần này Tiki giao sách bìa bị dơ vậy? Tuy nhiên, dịch vụ tốt tôi vẫn đánh giá 5 sao",441,194
12088578,44017483,5,"sách đóng gói kỹ, giao hàng nhanh, rất hài lòng 👍",1114,194
831198,44017483,5,Đối với dân kinh doanh thì việc kể câu chuyện là chìa khoá để thành công. Quyển sách rất hữu ích. Đây là rất kĩ năng cần thiết,243,194
1862441,44017483,5,,404,194
17769621,44017483,5,Hài lòng cảm ơn  thạt nhièu,1431,194
12151124,44017483,5,Nội dung hay,1121,194
6468863,44017483,5,,654,194
18138952,44017483,5,,1460,194
11944614,44017483,5,"Sách hay, bọc Sách cẩn thận. ❤️",1105,194
15555424,44017483,5,,1304,194
9928568,44017483,5,,953,194
7041059,44017483,5,,717,194
9135558,44017483,5,,916,194
5899621,44017483,5,,589,194
12301549,44017483,5,,1128,194
16119396,188282978,5,“Thành thực với chính mình trước tiên.” Một câu rất rất sâu sắc và tôi phải ngưng đọc bởi nó như tiếng chuông đánh động điều gì trong tâm can.,1325,429
21930331,188282978,5,,1646,429
10288229,188282978,5,,979,429
1890765,188282978,5,,409,429
10491118,188282978,5,,994,429
1555027,13579551,1,nhìn cách cắt xén giấy như vậy thì nghi là sách lậu quá.,362,131
20666204,13579551,5,,1589,131
6282836,13579551,5,chất lượng tốt,633,131
2114763,13579551,5,,448,131
21487650,13579551,5,,1621,131
943300,13579551,5,,267,131
16898585,13579551,5,,1376,131
19065387,13579551,3,,1506,131
1906693,13579551,5,,413,131
8691757,13579551,5,,887,131
1818107,13579551,5,Ok,397,131
10929964,13579551,5,,1027,131
318030,14447467,5,"Rất hài lòng. Sách mới, đóng gói cẩn thận! Nội dung kể về những thử thách, khó khăn của các start-up, đặc biệt là start-up về công nghệ",106,133
15127736,109515302,5,,1286,333
920496,109515302,5,,263,333
1895509,109515302,5,,410,333
26858230,1954471,5,,1761,67
29990552,277600246,5,"Sách đẹp, giao hàng cẩn thận",1824,692
1344932,277600246,5,,325,692
499721,73593776,5,"Mới đọc lướt qua thì thấy sách cũng nhẹ nhàng, giúp ta buông bỏ bớt những mối bận tâm, hay tính nhị nguyên trong cuộc sống, sách mỏng nên cũng dễ đọc cho mọi người.",156,230
12364510,73593776,5,,1131,230
7976592,73593776,5,"chúng ta cứ nghĩ rằng cuộc sống là ở ngoài kia, giá trị là những khái niệm mà xã hội tôn vinh. Cứ mãi chạy ra ngoài - để nội tâm thành khu vườn cỏ dại.",824,230
21500023,73593776,5,Sản phẩm mới đúng như mô tả cảm ơn shop sẽ ủng hộ shop lần sau và lần sau nữa,1624,230
8383156,73593776,5,"Sách rất hay, bổ ích. Mang lại rất nhiều thú vị",862,230
1438406,73593776,5,,345,230
8303642,73593776,5,,855,230
20393180,73593776,5,Sách hay,1575,230
18332696,73593776,4,,1476,230
1820478,73593776,5,,398,230
115319,73593776,5,,51,230
10025671,73593776,5,,962,230
18740986,73593776,4,,1492,230
13561154,73593776,5,❤️,1209,230
396187,73593776,5,,126,230
8334524,73593776,5,,859,230
332605,73593776,4,,112,230
13513176,73593776,5,,1198,230
8227804,29907194,5,,846,162
11195564,29907194,5,,1046,162
5915847,29907194,5,"Thích sách của MG, ông có những góc nhìn rất thú vị. Tiki đóng gói cẩn thận, giao hàng nhanh chóng. Về nội dung chi tiết đọc xong sẽ review sau",592,162
5137461,29907194,5,"Chất lượng sách ổn,ý tưởng trong sách dù không có ích lắm nhưng đọc khá thú vị",473,162
10969139,29907194,3,tập trung vào tiềm thức nhưng dẫn chuyện lan man.,1030,162
12211911,29907194,5,Sách xuất bản năm 2021 chứ kp 2018. Rất mới trắng không tì vết cảm ơn Tiki. Sẽ đọc vì thấy review rất hay,1125,162
13601558,29907194,5,"cắt sách k đẹp lắm, còn lại ổn, chất lượng giấy mỏng, vẫn đọc tốt",1213,162
6075811,29907194,5,,613,162
18070225,29907194,5,,1447,162
6307897,29907194,4,,641,162
1444131,29907194,5,,348,162
2065541,29907194,5,"Một cuốn sách tuyệt vời nữa của Gladwell, mặc dù ý tưởng không nhiều.",442,162
25519269,29907194,5,,1738,162
347548,29907194,5,,117,162
13471215,29907194,5,,1195,162
16426556,29907194,5,,1350,162
18278431,29907194,5,,1473,162
605135,29907194,5,,184,162
1866106,29907194,5,Hay,406,162
6588832,29907194,4,,669,162
6301744,29907194,5,"Sách rất OK, mua về cho bé 6 tuổi ở nhà, đọc xong thấy khôn hẳn ra.",639,162
11871210,29907194,5,"giao hàng nhanh,  sách rất đẹp và mới,  nội dung hay",1097,162
1481082,184629945,5,,353,425
21715164,184629945,5,,1637,425
439058,184629945,5,,137,425
16728544,184629945,5,,1363,425
1939069,200751333,5,,415,444
27704071,137569857,5,Very good!Nội dung + hình thức rất tốt!,1779,358
21151479,137569857,5,sách rất hay,1603,358
12463841,137569857,5,,1137,358
1512161,106362717,2,"QUÁ THẤT VỌNG! MUA PHÍ TIỀN.. Nội dung về 09 loại hình trí thông minh, văn phong dễ hiểu, phù hợp với học sinh, sinh viên, người mới bắt đầu tìm hiểu Tâm lí học. Kiến thức hữu ích, áp dụng thực tế.. Về hình thức, sách RẤT BẨN, bìa bụi bặm, giấy ố vàng, loang lổ như bị ngấm nước. Thậm chí còn tệ hơn mua sách lậu cũ bán ngoài lề đường. Hộp đóng gói méo móp. . Đây không phải lần đầu mình gặp phải tình trạng này. Mình thường xuyên mua hàng Tiki và đến giờ gần như mất lòng tin, và khi mua hàng luôn chuẩn bị tâm thế rằng 50/50 sẽ nhận hàng kém chất lượng, nếu đặt 3, 5 cuốn sách thì có đến 2, 3 cuốn bụi bẩn, quăn queo.. Giao hàng nhanh (2 ngày), đúng thời hạn.",357,312
18998750,106362717,3,,1502,312
9048165,106362717,5,,909,312
8552728,36085774,4,,874,172
11525835,3957065,5,"Sách đẹp, có ảnh minh họa màu. Mở đầu rất thú vị, tác giả dẫn dắt vấn đề bắt đầu từ những khái niệm đơn giản như số 0 và nguồn gốc của nó, hư không, chân không, ether... cùng với các thí nghiệm của những nhà khoa học chứng minh sự tồn tại của chân không...",1074,87
8678460,3957065,5,"cuốn sách tuyệt vời các bạn nên đọc. ghn , shipper thân thiện nhiệt tình tiki đóng hàng cần chèn lót SP đảm bảo hơn",886,87
8508799,3957065,5,,869,87
16079245,3957065,5,,1322,87
13541376,3957065,5,HAY,1204,87
2028240,3957065,5,,437,87
21883162,3957065,5,tốt,1644,87
12781004,3957065,5,,1157,87
20101189,3957065,4,,1563,87
7859171,3957065,5,,808,87
8456371,3957065,5,,866,87
11324055,3957065,5,,1054,87
5856262,3957065,5,,584,87
1118879,3957065,5,,292,87
562328,619275,5,"Tác phầm đến tay tôi chưa đến 01 tuần và tôi cũng chỉ mới đọc được 3 chương của tác phẩm. Tuy nhiên tác phẩm đã mang lại cho tôi rất nhiều thứ. Tài năng không phải tự nhiên mà có, đó là quá trình rèn luyện đúng cách, mỗi chúng ta đều mang những yếu tố của những thiên tài, chủ yếu là ta có thể vận dụng chúng đúng cách hay không? Bạn có tin không ""một con chuột tuy không thể gầm lên như hổ, nhưng bằng cách nào đó vẫn có thể thống trị cả một khu rừng.""Khi đọc xong tác phẩm này, chắc hẳn bạn sẽ có câu trả lời.",173,51
2083263,6512121,5,Hay nha!. Có nhiều nguyên lý hay để áp dụng vào đời sống thực tiễn.,445,94
98653,6512121,5,,48,94
7512075,6512121,5,,764,94
1736908,46107066,5,"Tiki giao hàng rất nhanh và đóng gói kỹ càng, cẩn thận. Sách đẹp và thơm mùi mới.",385,196
12596678,46107066,5,Sách rất hay,1147,196
7406022,46107066,5,Học cách học là kỹ năng quan trọng nhất,754,196
29990552,46107066,5,sách dễ đọc,1824,196
17506038,46107066,5,,1411,196
5169835,46107066,4,Một cuốn sách nên đọc !!!,479,196
15188098,46107066,5,,1289,196
1239573,46107066,5,,312,196
16153491,46107066,5,,1329,196
19523592,46107066,5,,1534,196
558142,46107066,5,Tốt,172,196
11142265,46107066,5,Cuốn này hay. Mình mua 5 quyển tặng bạn bè dịp năm mới,1041,196
12431046,46107066,4,,1135,196
7905331,46107066,5,,817,196
6008670,46107066,5,,604,196
11391731,46107066,5,,1062,196
17364737,276509016,5,,1401,668
7178520,165030731,5,"Cực kỳ hài lòng. Sản phẩm có chất lượng đúng như mô tả, đóng gói chắc chắn, rất đáng tiền, giao hàng nhanh. . P/s: Không có thời gian chụp hình nên mình lấy đỡ hình trên mạng up",731,403
21558077,165030731,5,,1626,403
17506038,165030731,5,,1411,403
17794972,165030731,5,,1436,403
11511151,165030731,5,,1072,403
5217268,165030731,5,,487,403
368266,12141178,5,sân phẩm xài rắt và gia đình mạnh khỏe thôi chứ khong phải không đi có rule cua google cho Go ta có xe mối liên hệ anh trực thiếp đi trong thần võ sĩ thầy không nhắn tin anh thấy sợ nhầm qua nhà bên nội em a Hải đưa giúp ba 5 5 tuần,121,124
5993404,12141178,5,,601,124
5169835,12141178,3,"Tiki cần xem lại cách đóng gói, dạo này mình hay bị nhận sản phẩm lỗi do đóng gói. Không vui :(",479,124
11992914,12141178,5,"Sách đẹp, giấy thơm, cuốn lý thuyết giấy dày hơn cuốn thực hành xíu, có tặng kèm bookmark. Săn sale Tiki mua được giá rất ngon. Hy vọng đọc xong cả combo sẽ có được những kỹ năng cần thiết.",1108,124
13311884,12141178,5,like like,1189,124
6173294,12141178,5,"Giao hàng nhanh, đóng gói kỹ",623,124
14133021,12141178,5,,1243,124
14982315,12141178,5,,1278,124
21979852,12141178,5,,1651,124
10518445,12141178,5,ưng cái bụng,996,124
11488492,12141178,5,,1070,124
5205321,12141178,5,Hay,486,124
1552431,12141178,5,,360,124
5227242,12141178,2,"Mua về trầy sướt và bị lem mực, chưa gì đã hết muốn đọc :)",489,124
1788729,12141178,5,Kiến thức là vô giá,393,124
17397879,12141178,4,,1404,124
8094853,12141178,1,Đánh giá thấp do chất lượng dịch vụ của tiki,831,124
503584,12141178,5,,157,124
11041481,12141178,5,,1038,124
18452362,12141178,5,,1484,124
6711122,12141178,5,,686,124
8063224,12141178,5,,829,124
10977,12141178,5,,15,124
1969117,12141178,5,,422,124
19412722,12141178,5,,1525,124
1174165,12141178,5,,301,124
5466701,12141178,5,"Mua sách làm mẫu, hướng dẫn cho sinh viên. Sách hữu ích.",526,124
6301744,12141178,5,"Sách Rất OK, Mua Về Cho Bé 6 Tuổi Ở Nhà, Đọc Xong Thấy Bé Khôn Hẳn Ra.",639,124
2198103,337881,5,,464,6
57218,337881,5,,31,6
810311,95497508,5,"Muôn kiếp nhân sinh tập 2- Nguyên Phong- Đúng vậy, tất cả hành vi con người chính là nguồn gốc kích hoạt những hiện tượng này. Thông qua lịch sử, chúng ta đều biết các xu hướng chính trị, kinh tế, văn hóa đều có tính chu kỳ. Cuốn sách vén bí ẩn về hành trình bất tận của những người linh hồn muôn vàn kiếp sống, sự thức tỉnh từ cõi chết để tìm ra con đường chuyển hóa nghiệp quả bằng cuộc cách mạng chuyển đổi tâm thức- con đường minh triết có thể cứu lấy thế giới đang đứng trước những biến động và hiểm họa khôn lường. Sách hay hấp dẫn.",237,260
1428415,95497508,5,"tuyệt vời, sau phần một, phần hai với nhiều câu chuyện đặc biệt và rất ý nghĩa đối với tình hình thế giới hiện tại. Cảm ơn tác giả Nguyễn Văn Du. cảm ơn First New",344,260
7896565,95497508,5,Đã đọc xong bộ 1 nên khi có phần 2 liền đặt mua. Thiệt đáng bỏ công chờ đợi ???????????,814,260
6079982,95497508,5,"Giao hàng nhanh, đóng gói chuẩn, được tặng bookmark! giá hợp lý! nên mua của shop nhé",614,260
13549039,95497508,5,"Giao hàng nhanh, sách tốt, hài lòng với sản phẩm, cảm ơn shop",1206,260
22029768,95497508,1,"giao hàng rất tốt , tôi muốn nói lời cảm ơn đến TiKi .",1655,260
12714000,95497508,5,,1154,260
14297507,95497508,5,,1252,260
21739240,95497508,5,Sach mới và đẹp,1638,260
12822742,95497508,5,,1161,260
1416184,95497508,4,nice,340,260
13649666,95497508,5,,1216,260
8959764,95497508,5,,903,260
21639464,95497508,5,,1633,260
7657987,95497508,5,ok,780,260
1038652,95497508,5,,278,260
6299654,95497508,5,,637,260
18092355,95497508,5,,1451,260
11704505,95497508,5,,1086,260
16881682,95497508,5,,1373,260
22039397,95497508,4,,1656,260
2065820,95497508,5,,443,260
16308310,95497508,5,,1343,260
9439189,95497508,5,,920,260
6838066,95497508,5,,703,260
5569073,95497508,5,,546,260
21131955,95497508,5,,1601,260
891969,95497508,5,,255,260
549427,95497508,5,,170,260
12474394,95497508,5,,1138,260
13679330,95497508,5,,1220,260
10133786,95497508,5,,971,260
68698,95497508,5,,36,260
865999,79104661,5,Sách cũng khá hay nhưng quá trừu tượng với những ai chưa từng học tâm lý,249,243
8592492,79104661,5,,877,243
325734,79104661,5,,109,243
18092180,1954473,5,,1450,68
8536324,1954473,4,.,872,68
6301744,1954473,5,Sách hay và bổ ích. Mua về làm quà tặng cho bé ở nhà. Cảm ơn Tiki.,639,68
19104908,48873347,5,,1508,206
15047944,22073006,4,,1282,150
7157754,179546672,5,"Sách bìa mềm áo ôm in có hình minh họa rất đẹp. Nhã Nam như thường lệ vẫn làm mát lòng người yêu sách với công phu biên tập chỉn chu & dịch thuật tinh tế. Lời văn dung dị, gần gũi nhưng đầy uyên thâm. Những việc rất đời nhưng được thiền sư nhìn qua lăng kính của người giác ngộ đã trở nên nhẹ nhàng thấm đẫm thiền vị. Chiêm nghiệm những bài giảng của thầy để sống từng giây phút an lạc thảnh thơi trong giây phút thực tại.",728,423
620317,179546672,4,"Nội dung vừa mang giọng chiêm nghiệm, vừa an ủi, tuy nhiên có một số phần viết mối quan hệ giữa cha mẹ lớn tuổi vs con cái cần nhiều trải nghiệm mới thấm được, nên sau này sẽ đọc lại. Một điểm cộng là ảnh tranh minh hoạ trong sách khá đẹp.",187,423
21379518,179546672,5,,1615,423
22029768,179546672,5,"Sách hay , rất giá trị , trình bày đẹp , chữ rõ nét",1655,423
711282,179546672,5,,212,423
27848083,179546672,5,Ok,1786,423
12810369,179546672,5,,1160,423
433959,179546672,5,,136,423
17506038,179546672,5,,1411,423
8800724,179546672,5,,891,423
7768967,179546672,5,,800,423
18340420,179546672,5,,1477,423
12088578,179546672,5,"sách hay, đóng gói cẩn thận, giao hàng đúng hẹn, rất hài lòng ♥️",1114,423
5169835,179546672,5,"Nội dụng hấp dẫn, sách đẹp :)",479,423
16389420,179546672,5,Hay,1347,423
24679735,179546672,5,,1731,423
5161812,179546672,5,,477,423
21491462,179546672,5,Sách hay lắm mn oiii,1622,423
8508799,179546672,5,,869,423
17765243,179546672,5,"Sách hay, bọc kỹ",1430,423
5531649,179546672,5,,539,423
12563176,179546672,5,Sách tốt,1145,423
10367667,179546672,3,"Nội dung bt, dc cái thiết kế đẹp",983,423
16459990,179546672,5,có ý nghĩa,1352,423
5267640,179546672,5,Hay,495,423
6081017,179546672,5,,615,423
1861160,179546672,5,,403,423
2227428,179546672,5,,468,423
14281166,179546672,5,,1251,423
6000943,179546672,5,,602,423
27802358,179546672,4,,1781,423
20262036,179546672,5,,1566,423
22899147,179546672,5,,1696,423
2159154,75948573,5,"Sách rất hay, nó như chữa lành mọi vết thương từ cái tư duy cũ mà bản thân phải chịu đựng bấy lâu nay bằng cách nhìn nhận sự việc của tác giả. Dễ hiểu, nên mua",460,236
17506038,75948573,5,,1411,236
18592448,75948573,5,,1487,236
2052582,75948573,5,Nội dung sách hay ai thích thể loại sách này thì nên mua trọn bộ đọc mới thấy thích. Tiki giao hàng nhanh chóng. Cám ơn shop và Tiki nhiều!,441,236
7209435,75948573,5,,737,236
947920,75948573,5,,268,236
19466064,75948573,5,"chất lượng sách còn khá tốt, giao hàng nhanh",1530,236
10025671,75948573,5,,962,236
6676050,75948573,5,giao hàng nhanh chóng,680,236
9659037,75948573,5,,924,236
4952,75948573,4,,7,236
10644652,75948573,4,,1008,236
516261,340167,5,"Những chiếc lá nhỏ bé, chắp vá thành hình trái tim, không trọn vẹn không hoàn mỹ có phải là một trong những hàm ý nhỏ nhoi mà người thiết kế bìa muốn nói đến, tựa như nội dung của cuốn sách vốn được tạo nên bằng cách diễn đạt giản đơn với những ngôn từ không chút màu mè, cầu kỳ? Những tâm trạng của con người qua nhiều cung bậc khác nhau trở nên vô cùng chân thực, đồng điệu với người đọc, bất kể đó là vui hay buồn... Tôi rất hài lòng cuốn sách Hiểu Về trái tim, nó giúp chúng ta nhận ra, trân trọng những gì mình đang có, thuận theo điều trái tim mách bảo là một trong những cách sống hài hoà với cuộc đời này nhất",160,8
591071,340167,5,"mình sẽ cho cuốn sách này 5 sao mà không cần suy nghĩ ^^ cuốn sách này cho mình rất nhiều bài học, kiến thức trong cuộc sống hay và ý nghĩa. Mình biết đến cuốn sách này là tình cờ mình thấy trên trang cá nhân của một người đàn anh đang tải, mình thực sự rất tò mò và mình hỏi thì anh ấy bảo là do cô giáo dạy văn của anh ý giới thiệu và lúc đó mình thực sự không còn lí do gì để đắn đo nữa, mình quyết định mua luôn quyển này. Đây thực sự là cuốn sách tuyệt vời tới mức không có gì để diễn tả, để chê bai nữa, những từ ngữ nhẹ nhàng sâu lắng từ từ lắng đọng trong lòng người đọc để ta suy ngẫm, để ta nhìn nhận lại cuộc sống. Thực sự đây là một cuốn sách trên cả tuyệt vời bởi trong đó chứa những bài học VÔ GIÁ mà tác giả muốn gửi gắm đến người đọc",179,8
624571,340167,5,"Nội dung sách được viết dựa trên nền tảng thiền của Phật giáo, giúp tôi nhận ra bản thân mình về những sai lầm, những thiếu sót trong hành xử trong đời sống hằng ngày. Hơn thế nữa, sách còn dạy tôi những cách đối nhân xử thế, trải qua những vấn đề khó khăn, những bế tắc, dằn vặt tình thần trong cuộc sống. Sách được viết bởi một vị thiền sư nhưng nội dung lại rất dễ chịu, gần gũi, không mang tính giáo chúng Phật pháp nhiều nên tôi cảm thấy hoàn toàn thấm nhuần tư tưởng sách đã truyền đạt.. Thiết kế bìa vô cùng mát mắt, dễ chịu với hình ảnh trái tim ghép từ những chiếc lá màu xanh, được in UV định vị vô cùng tinh tế, kĩ lưỡng. giấy sách dày, màu ngà nên dù đọc nhiều lần vẫn không thấy nhức mắt!",188,8
389,340167,5,"mình biết cuốn sách này khá lâu rồi, thấy giới thiệu rất nhiều trên TV và nhớ có cả diễn viên Chi Bảo, Ngô Thanh Vân... hình như là ""đại sứ"" của cuốn sách này... Nhưng mình vẫn chưa mua, cho tới một ngày thấy nó trên bàn của một anh bạn đồng nghiệp, mở ra đọc thử, và trưa đó mình đã không đi ăn trưa, ko ngủ trưa như thường lệ. . Đây thực sự là một cuốn sách ""self-help"" nhẹ nhàng. Tác giả đã có những suy ngẫm sâu sắc, giúp cho người đọc định hình lại được những cảm xúc của bản thân, và điều khiển chúng. Hạn chế được tối đa những cảm xúc tiêu cực và khơi nguồn cho những dòng chảy tích cực. . Cuốn sách phù hợp cho những kỳ nghỉ cuối tuần, thân xác được nghỉ hơi thì tinh thần cũng nên được bồi bổ, thanh lọc, để loại những đám mây mờ đen tối trong suốt tuần qua. .",1,8
776854,340167,4,"Đây là cuốn sách hay nhất trong tất cả cuốn sách trước đó. Hiểu về trái tim giúp mình tập quan sát hành vi và quan tâm đến cảm xúc của mình hơn từ đó biết được điểm mạnh và yếu trong vấn đề cân bằng cảm xúc. Mỗi lần đọc lại là một cái hiểu rất khác. Bản thân mình đã lấy nó làm nền tảng để rèn luyện cho bản thân, và rèn luyện tâm hồn, phần bên trong, quan tâm vào đời sống nội tâm của bản thân vì cái bên trong sẽ quyết định ra bên ngoài. Chúc các bạn có thêm nhiểu hiểu biết sau khi đọc sách này.",224,8
473130,340167,5,"Nếu bạn muốn đọc thật nhanh và lĩnh hội được những gì nội dung cuốn sách đề cập đến thì đây không phải là cuốn sách dành cho bạn.. Hiểu về trái tim được chia thành 50 phần nhỏ, phân tích cặn kẽ từng ngóc ngách của trái tim. Có lẽ để hiểu về trái tim của bản thân mình, thật là không hề đơn giản, thật may mắn khi tác giả Thích Minh Niệm đã cố gắng giảng giải, truyền đạt cho người đọc một cách dễ hiểu (nhưng thực sự là không dễ thực hiện một chút nào). Mình để cuốn sách này ở đầu giường, khi nào có thời gian rỗi thì lại mở ra đọc một phần. Mình cũng tìm trên mạng thấy có file mp3 để tải về điện thoại nghe, thích nhất là nghe bài hát ở cuối mỗi phần, phần lớn là nhạc Trịnh Công Sơn, còn nội dung thì mình thích cầm sách tự đọc hơn.",148,8
309333,340167,5,"Khi mà cuộc sống đã quá tấp nập và xô vồ, khi mà vật chất đã kéo con người đi qua xa chính mình thì vô tình ta đã đánh mất đi sự bình yên trong tâm. Bình yên chẳng phải là món ăn ngon, quần áo đẹp, nhà cao cửa rộng....Đọc xong cuốn sách Hiểu về trái tim, tôi càng hiểu rõ rằng. Bình yên từ chính trong mỗi chúng ta. Đọc để sống chậm lại, đọc để cảm nhận, để mình ko bị cơn lốc cuộc sống, tham vọng, hưởng thụ kéo đi. Để quay trở lại với chính mình, mình hạnh phúc có  nghĩa những người xung quanh mình cũng hạnh phúc.. Mình đã đọc lại lần 2, mỗi 1 lần đọc lại thêm 1 cảm nhận mới. hi. --------------------------------. 1 quyển sách thật sự giá trị cho mọi người",102,8
456366,340167,5,"Cuộc sống hiện đại ngày nay,gấp gáp vội vã và đôi khi chúng ta mải bận rộn rơi vào vòng xoáy kim tiền mà quên đi chăm sóc cái cây trong mình,đó chính là tâm hồn trái tim của ta.Đọc cuốn sách này,nó sẽ đưa ta vào trong một thế giới mà ở đó ta có thể tĩnh tâm ,soi xét lại thân tâm mình và bỏ lại sự ồn ào ngoài kia.Gần 50 đề mục vô cùng gần gũi :Tức giận,ghen tuông,...khiến ta hiểu mình,hiểu người và hiểu đời hơn.Tâm ta bình yên,và thấy yêu cuộc đời hơn.Cuốn sách khiến bạn không thể đọc nhanh,đọc lướt mà đòi hỏi bạn phải đọc chậm,nghiền ngẫm và chiêm nghiệm,có tốn một chút hơn các cuốn sách bình thường nhưng những gì cuốn sách đem lại thật quý giá và tuyệt vời làm sao :)",144,8
303773,340167,5,"Hiểu Về Trái Tim bày ra một bàn ăn với những món ăn thật lạ, thật đong đầy cảm xúc.. 50 câu chuyện với những màu sắc khác nhau, những cảm xúc khác nhau. Làm tâm hồn mình thấy thật nhẹ nhàng và thư thái. Đọc từng câu chuyện và lòng mình lại mơn man những cảm xúc thật khó tả. Như lời của trái tim thì thầm vào tai mình vậy. Thực sự rất đặc biệt.. Với quyển sách này, không đơn giản, bạn không thể đọc nhanh, đọc lướt qua nó được. Bạn có thể vẫn hiểu, nhưng mình chắc rằng bạn sẽ không cảm thấy đọng lại nhiều trong mình, bởi vì đây là một quyển sách quá nhiều điều để suy ngẫm. Chỉ khi nào từ tốn đọc và suy ngẫm bạn mới thấu hiểu được hết những gì mà trang sách nói lên!. Một lời tâm tình, một lời chia sẽ, một lời động viên, an ủi thực sự rất cần, rất đáng trân trọng!",99,8
109067,340167,5,"Mình rất thích cách viết của tác giả trong cuốn sách này, vừa nhẹ nhàng, vừa tinh tế, nhưng vẫn gần gũi và quen thuộc. Càng đọc lại càng thấy hay, càng nghiệm ra được nhiều điều ý nghĩa cho cuộc sống của mình. Những cảm xúc chúng ta bắt gặp hàng ngày như buồn, vui, giận dữ, ích kỷ...tưởng như rất đơn giản, nhưng thực ra để hiểu được chúng là cả một quá trình dài. Cuốn sách dẫn dắt người đọc vào một hành trình thú vị khám phá những góc ẩn khuất trong tâm hồn và trái tim, tìm kiếm những giá trị đích thực và cao đẹp trong cuộc sống. Để rồi, mỗi chúng ta sẽ hiểu rằng, trái tim con người là một nơi chốn kỳ diệu, một nơi dành cho sự yêu thương, sự trân trọng và sự sẻ chia.",49,8
20073,340167,5,"Cuốn sách này làm mình liên tưởng đến những ""Hạt giống tâm hồn"" của nước ngoài. Nhưng đây là một cuốn sách của tác giả Việt nam nên nó gần gũi và dễ hiểu hơn rất nhiều. Bằng việc dẫn dắt độc giả vào những khám phá mới mẻ và thú vị, cuốn sách đã chỉ rõ rằng khi bạn hiểu về trái tim, tâm hồn, tình cảm của mình, mọi thứ sẽ trở nên tuyệt diệu biết bao. Hiểu về trái tim để biết mình là ai, mình cần gì, mình nên làm gì, để yêu thương nhiều hơn, sống trọn vẹn hơn từng giây phút. Cuốn sách chứa đựng vô số bài học tuyệt vời để mọi người áp dụng trong cuộc sống của mình.",22,8
18137,340167,5,"Mình rất thích xem chương trình ""Hiểu về trái tim"" trên tv, và lên tiki phát hiện ra cuốn sách này rất vui. Đúng như tên gọi ""Hiểu về trái tim"", cuốn sách giúp chúng ta hiểu rõ về chính mình, về bản chất của lòng ích kỉ, nhân hậu, sự lo lắng....Những chủ đề tâm lý tuyệt vời được viết nên bởi tác giả Minh Niệm- sau khi đã qua nhiều trải nghiệm nghiên cứu. Hiểu về trái tim - Nghệ thuật sống hạnh phúc của Minh Niệm là một cuốn sách rất nên đọc, hữu ích đối với mọi người, là một cẩm nang sống đúng đắn định hướng phẩm chất , tính cách mỗi con người, đặc biệt là những người đang đi tìm hạnh phúc. Cảm ơn tác giả và cả tiki đã giới thiệu quyển sách này.",20,8
23953,340167,5,"Hiểu Về Trái Tim là một cuốn sách rất có chiều sâu. Chiều sâu ấy hết sức tinh tế. Nó chiếu đến những từ mặt của cuộc sống xã hội hiện đại ngày nay, bằng một cái nhìn hết sức tinh tế và sắc sảo của những tác giả.. Trong cuộc sống bây giờ, có nhiều giá trị dường như bị lãng quên. Chúng chỉ bị lãng quên mà thôi, thật ra vẫn còn nằm sâu trong tim mỗi con người, bị cuộc sống hối hả, bận rộn cuốn vào trong những khe sâu. Hiểu Về Trái Tim đã đào sâu vào những cái khe trong tim ấy, để con người lại trở nên hiền hòa, để cuộc sống dần trôi chậm lại, để những giá trị tinh thần không bao giờ bị lãng quên nữa. Mãi mãi.... Tôi không được thấy nhiều những tác phẩm thường thức đời sống trong văn học Việt Nam, có lẽ những năm gần đây, văn học ta chạy theo những loại văn nhanh như ""mì ăn liền"" quá, không còn có chiều sâu nữa. Nhưng Hiểu Về Trái Tim là một cuốn sách hoàn toàn trái ngược. Nó quá tuyệt vời..",23,8
1349027,21054302,5,"Sách viết hấp dẫn, tôi từng đọc bản tiếng Anh, giờ mua thêm bản tiếng Việt cất trong nhà cho bản thân và người khác được cùng đọc :)",328,144
6230513,21054302,5,,628,144
6516078,21054302,5,,659,144
29268505,48873347,5,"Cẩn thận, gọn gàng, nhanh chóng và tin cậy",1811,206
26393060,48873347,5,,1749,206
1782676,3717003,5,"Các tips để làm slide đẹp đúng, hợp lý và dễ áp dụng. Phong cách rất giống Thiết kế chuẩn Ted. Có thể tải được bản tiếng anh coi trước khi quyết định mua đó.",392,83
7674687,3717003,5,,790,83
16145848,3717003,5,"Hài lòng sản phẩm, đóng gói cẩn thận. Nhìn chung ok chưa xem nội dung. Sẽ review sau!",1328,83
88133,3717003,5,"Những hướng dẫn và kiến thức uyên thâm của tác giả trong lĩnh vực trình bày, thuyết trình được thể hiện rất cụ thể, sinh động và dễ hiểu trong quyển sách này. Sách cực kì hữu ích cho việc ứng dụng làm thuyết trình một cách sống động và đạt mức kết nối cao nhất với khán giả.",45,83
5890260,3717003,4,,588,83
16726778,107428036,5,"giao hàng nhanh, dịch vụ tốt",1362,331
7157754,272582676,5,"Hàng đúng mô tả, giá tốt, đóng gói cẩn thận. Gửi hàng & giao hàng rất nhanh. Bìa cứng phía trong dạng vân nhám rất đẹp. Cảm ơn NXB Trẻ đã cho in lại tác phẩm quý này.",728,551
14089040,272582676,4,"Sách được đóng gói cẩn thận, ko cấn móp, xước xát gì nhưng hơi cũ bẩn.",1240,551
482963,272582676,5,,154,551
11992154,272582676,4,,1107,551
699960,36085774,5,,209,172
12571263,36085774,5,,1146,172
21584134,7954373,5,"Sách có nội dung hay, đóng gói cẩn thận, bìa đẹp, in đẹp, cái gì cũng đẹp",1628,98
21500023,7954373,5,Sách mới đảm bảo chất lượng . Bao gói chắc chắn giao hàng nhanh . Cảm ơn shop,1624,98
23152419,7954373,5,Chất lượng tốt,1706,98
6602742,7954373,5,,673,98
5582356,7954373,5,Bọc sách rất đẹp,548,98
16273433,7954373,5,,1341,98
7316749,7954373,4,,745,98
5607455,7954373,5,Sách hay . Chị gari tuy trẻ nhưng viết rất hay,552,98
6025343,77733318,4,"Mình mua sách về ban đầu vì tò mò thôi, ko ngờ đọc 1 lèo hết cả cuốn trong 1 ngày. Phần một phân tích về sự đáng sợ khi một mình, mình thấy hơi dài dòng. Những phần sau đọc rất cuốn. Những bạn nào mới kết thúc một mối quan hệ hoặc đang lúng túng trong việc duy trì một mối quan hệ có thể đọc để chữa lành nhé",607,242
13499616,77733318,5,"sách của cô giáo yêu quý, hay lắm ạ",1196,242
14930086,77733318,5,"Sách rất hay, dành cho những ai đang cô đơn và cả những ai đang đi tìm một nửa của đời mình. Giá rẻ nữa!",1275,242
16514926,77733318,5,"Sách rất hay , đáng để đọc ạ",1356,242
8274074,77733318,5,,850,242
15127736,77733318,5,,1286,242
18740986,77733318,4,,1492,242
18070225,77733318,5,,1447,242
5775661,77733318,5,,569,242
5707509,77733318,5,Chưa đọc xong...,564,242
7720745,77733318,5,,797,242
2118049,77733318,5,,449,242
4289,77733318,5,,6,242
30476627,10638278,5,,1831,114
921336,10638278,4,"sách nội dung chán do viết bởi 1 tay viết non nớt, nội dung k nhiều mà cứ cố viết dài. Mua rồi phải cố đọc cho hết. Shop bán hàng chuẩn.",264,114
1259563,10638278,5,Cuốn này viết chi tiết pha chút văn phong bình dân nhưng có phần khó hiểu nếu chưa có nền tảng về thiên văn vũ trụ.,315,114
11525835,10638278,5,"Sách sạch đẹp, bọc gói cẩn thận.",1074,114
8610986,10638278,5,"sách rẻ, chiết khấu cao, dịch ổn, giao nhanh",880,114
20101189,10638278,4,,1563,114
16504802,10638278,5,,1355,114
15006678,45175777,5,,1280,195
2065541,45175777,4,"Mình mua cuốn sách này vì tiêu đề bởi nó phù hợp với một nghiên cứu của riêng mình về vấn đề này. Và đúng như dự đoán nó làm mình khá thất vọng, bởi tác giả không đưa ra được những điều mới, ngoài các mẩu chuyện từ những người nổi tiếng, và đó chỉ là ví dụ, không thể được coi là tập hợp nghiên cứu khoa học. Bạn vẫn phải dựa vào mình để xét xem Messy hay Orderly là phù hợp hơn.",442,195
21654527,45175777,5,,1636,195
5549816,45175777,5,sách sạch sẽ,541,195
2232401,45175777,5,,470,195
5899621,45175777,5,,589,195
14004869,179546672,5,,1236,423
21338395,41092564,5,,1610,189
439058,41092564,5,,137,189
1635513,41092564,5,,373,189
17825685,41092564,4,sản phẩm,1438,189
414919,344235,5,"""Bí mật của hạnh phúc"" là một cuốn sách rất hay, rất bổ ích. Cuốn sách có bìa ngoài đẹp, cuốn hút, giấy in cũng rất mịn, đẹp... chữ không hề bị nhoè, sai chính tả một từ nào. Biên dịch cũng rất tốt, rất hay. Cuốn sách như một cái nhìn mới, một hơi thở mới góp vào đời sống nội tâm, phong phú của con người. Chúng ta cứ tưởng rằng, hạnh phúc là một thứ gì đó cao sang lắm, khó tìm lắm,... Nhưng thực ra, nó luôn bên cạnh chúng ta mà vô tình ta không nhận ra. Cuốn sách đã thay đổi hoàn toàn tư duy và nhận thức của mình về hạnh phúc. Qua cuốn sách, mình còn học được rất nhiều điều để tìm kiếm và giữ gìn hạnh phúc,... Đây thực sự là một cuốn sách rất hay, rất nên đọc.",133,13
7800274,222655553,4,,804,496
8818692,222655553,5,,893,496
6295657,222655553,5,,635,496
17506038,222655553,5,,1411,496
1736908,199895788,5,"Tiki giao hàng rất nhanh và đóng gói kỹ càng, cẩn thận. Sách đẹp và thơm mùi mới.",385,441
12596678,199895788,5,Sách rất hay,1147,441
14088052,199895788,5,,1239,441
19664494,199895788,5,,1540,441
18221613,199895788,5,,1468,441
8227537,199895788,5,,845,441
27511851,199895788,5,,1772,441
25006621,199895788,5,,1736,441
25654,199895788,5,,25,441
18028890,199895788,4,,1446,441
26687346,199895788,5,"Nội dung sách hay, dễ hiểu",1757,441
7209435,199895788,5,,737,441
10711911,1353615,5,"Là tập hợp những lời trích dẫn sâu sắc, cùng các gợi mở để bạn nhìn nhận lòng trắc ẩn theo cách mới. Cuốn sách sẽ truyền nguồn cảm hứng để bạn lấp đầy mỗi ngày với tình yêu thương, sự hiểu biết, lòng tốt và sự mãn nguyện.",1010,61
8288502,1353615,5,"sách trích các châm ngôn, khổ nhỏ, nhẹ. Nội dung nhiều suy ngẫm. Giá 50% thì cực hợp lý.",853,61
19652604,1353615,5,"Sách có nên mua không? Sách có phù hợp với trẻ hay không? Giá sách liệu có hợp lí? Giao hàng liệu có đảm bảo: thuận tiện, nhanh? Trải nghiệm và cảm nhận. Thực sự phù hợp và hài lòng.",1539,61
18242196,1353615,5,Sản phẩm đúng như hình. Gói hàng kỹ. Ship đến nhanh. Hài lòng với chất lượng sản phẩm ?,1470,61
9886531,1353615,5,"Giá sale quá re, giao hàng rất nhanh. 5 sao cho tiki",948,61
7642411,1353615,5,"Sách rất đẹp, mình rất thích",779,61
11679893,1353615,5,,1083,61
9095400,1353615,5,,912,61
29023261,10752047,5,,1808,116
12923300,10752047,5,"Giao hàng nhanh, bìa sách đẹp. Mới đọc nửa cuốn thôi nên chưa review hết nội dung đc, đọc phần đầu thấy cũng đc, nhưng thường phù hợp với ng làm nghề tự do, nghiên cứu hoặc làm chủ hơn, người làm thuê thì khó mà tự mình tách biệt với ng khác như sách nói (như ở phần đầu của sách)",1170,116
19468460,10752047,5,Nhà bán đã giao sản phẩm chất lượng cho tôi,1531,116
2065541,10752047,5,"Một tác phẩm quá tuyệt vời không còn lời nào để nói. Bạn phải đọc cuốn này!! Vì đây sẽ là tác phẩm thay đổi không chỉ cách bạn làm việc mà còn là cách bạn sống. Hãy sống thật trọn vẹn, làm những gì thật sự quan trọng với đời mình. Muốn như vậy, hy sinh những thứ vô nghĩa đi, chúng ta dành quá nhiều thời gian để làm những điều vụn vặt, chẳng ích lợi gì cho cuộc sống mình rồi.",442,116
9862708,10752047,5,"Giao hàng siêu nhanh, sách sạch đẹp, chất lượng rất tốt. Nội dung hay, có nhiều thông điệp, bài học đánh lưu tâm về sự tập trung!",945,116
28909665,10752047,5,"Sách rất hay, nên đọc kèm cuốn ""Flow""",1805,116
1939069,10752047,5,,415,116
13728255,10752047,5,,1222,116
5789236,10752047,5,"Sách rất hay. Cuốn này bổ trợ cho cuốn ""Kỹ năng đi trước đam mê"". Muốn tìm được đam mê của mình bạn cần có kiến thức và trải nghiệm và chỉ có làm việc sâu mới giúp bạn có được điều này!",570,116
6581464,10752047,2,"Hơn 300 trang sách, nhưng nội dung thì chỉ cần tóm lược trong nội dung 1 bài báo là đủ. Đại ý là cần tập trung làm việc, ngắt kết nối, tránh phân tâm sẽ có hiệu suất cao. Ví dụ thì vòng vèo, không hiểu bôi ra như thế nào được 350 trang.. Cũng đã đọc cuốn “Kỹ năng đi trước đam mê” cùng tác giả, cuốn này viết kém hay hợ hẳn. Mọi người mua cuốn này cân nhắc đọc cuốn HBR Guide to Get thing done “ Làm đúng việc. Ngắn gọn xúc tích hơn nhiều",667,116
10533403,10752047,5,Tác giả chia sẻ về khái niệm làm việc sâu rất cần thiết trong cuộc sống hiện đại của tất cả mọi người. Sách dễ hiểu và đưa ra những phương pháp thực hành dễ thực hiện.,999,116
10681858,10752047,5,Cuốn sách mang tới góc nhìn mới. Làm việc sâu thực sự cần thiết đối với mình. Nhưng để làm thế nào thì vẫn chưa có giải pháp cụ thể.,1009,116
8663058,10752047,5,,883,116
13411888,10752047,2,Một cuốn sách lan man và không trọng tâm. Nó như 1 cuốn cho bạn ví dụ về thành công thông qua việc tập trung sâu chứ không cho bạn phương pháp. Không nền mua,1193,116
368266,10752047,4,"Nội dung sách lòng vòng, mơ hồ, viết kiểu lan man lắm. Nên cân nhắc khi mua.",121,116
19371423,10752047,5,Mê cuốn này lâu rồi mà bây h mới có time tậu về :)),1523,116
11685153,10752047,1,Minh ko nhận dc sáh tuy nhiên đơn vẫn done.. báo cáo lại nhưng ko dc phản hồi,1084,116
620317,10752047,5,"Nội dung hay, bổ ích với mình",187,116
18850744,10752047,5,"nhà sách giao hàng nhanh, chất lượng sách tốt",1497,116
7846265,10752047,5,,806,116
162669,10752047,5,,63,116
1136391,10752047,4,,296,116
15673899,10752047,5,,1309,116
7684023,10752047,5,"Rất hay, thay đổi hoàn toàn thói quen và lối sống thiếu lành mạnh của mình",792,116
6402106,10752047,5,,651,116
2010352,10752047,4,ok.,433,116
10920849,10752047,5,"Sách hay, mọi người nên mua đọc.",1024,116
5448410,10752047,5,,522,116
1315476,10752047,5,,320,116
692199,10752047,5,"giao nhanh, nội dung sách hay",208,116
1553755,10752047,5,,361,116
1746928,10752047,5,,387,116
6671936,10752047,5,,679,116
2003707,10752047,5,,430,116
1090767,10752047,5,,289,116
603239,10752047,4,,183,116
12900766,10752047,5,,1167,116
18256955,10752047,5,,1471,116
16074585,10752047,5,,1321,116
68951,10752047,5,,37,116
5856511,10752047,5,,585,116
7755698,10752047,5,,799,116
13892996,10752047,3,,1232,116
6128989,10752047,4,Sách chất lượng!. Giao hàng nhanh!,620,116
98653,2782217,5,,48,75
21221657,2782217,5,"Giao hàng nhanh, sách còn mới, nội dung khá hay. Khá hài lòng với sản phẩm",1606,75
5801759,2782217,5,,572,75
15990063,2782217,5,good,1320,75
113590,2782217,5,,50,75
21654527,10118594,5,,1636,109
42438,10118594,5,,28,109
1366230,10118594,5,,334,109
8993466,10118594,5,,906,109
1426207,10118594,5,,342,109
7401724,10118594,5,,753,109
774455,10118594,5,,223,109
5494410,10118594,5,,531,109
16777770,10118594,5,,1365,109
6243447,10118594,5,sách rất đáng mua đó. những ai cần tăng trình độ quản lý thì nên mua ạ,629,109
11757791,10118594,5,Good,1090,109
10271166,10118594,5,,978,109
10996140,48035329,3,"Đọc cuốn sách này và quay lại với các cuốn sách cùng chủ đề của các tác giả Việt Nam như thiền sưThích Nhất Hạnh... mới thấy triết lý và văn hóa phương Đông của mình sâu sắc và đáng đề đào sâu biết nhường nào. . Nói chung là cuốn sách viết theo những ngôn từ mới đi so với triết lý phật giáo và có sự sắp xếp bố cục khá khoa học, dễ đọc đối với những người mới tiếp cận. . Nhưng với những người đã đọc nhiều sách triết học, sách Phật giáo thì cuốn sách này không nên đọc nữa vì lối hành văn đơn giản quá nên ko sâu sắc, các ví dụ cũng ko thực sự thú vị.",1034,200
14655468,48035329,5,,1266,200
17691148,48035329,5,,1428,200
562328,48035329,5,,173,200
1428415,48035329,5,,344,200
7787551,48035329,5,,803,200
11769760,10752045,3,"Sách bẩn, bụi bặm bám quanh sách. Nhận sách mà bực mình",1091,115
16145848,10752045,5,"Hài lòng sản phẩm, đóng gói cẩn thận. Nhìn chung ok chưa xem nội dung. Sẽ review sau!",1328,115
6581464,10752045,1,"Cuốn sách trước đây tên là Câu hỏi quyền năng, tựa gốc Power Question mình đã từng mua và đọc, bây giờ thay bìa, thay tên sách lại không có đọc thử làm mình phải mua lại 1 lần nữa, cảm giác như bị ***",667,115
11493375,10752045,5,,1071,115
19776829,10752045,5,,1547,115
818654,10752045,5,,240,115
21654527,76732671,5,,1636,239
5827839,76732671,5,,578,239
482963,76732671,5,Tiki cung cấp hàng sách thì không hết hạn sử dụng. Còn cung cấp hàng sữa thì không phù hợp vì hết hạn.,154,239
1428415,76732671,5,"cuốn sách ý nghĩa, người bạn đồng hành không thể thiếu của chúng ta. cảm ơn Thái Hà. cảm ơn tiki",344,239
1105768,76732671,5,,290,239
12763099,76732671,5,,1156,239
11570394,76732671,5,,1077,239
1895509,76732671,5,"Sách đẹp, giao hàng nhanh",410,239
10891336,76732671,5,,1021,239
6590616,76732671,5,,670,239
13513176,76732671,5,,1198,239
22911273,9948027,5,,1698,107
14089040,10767515,5,"Sách mới tinh, nguyên seal, đến tay ko chút cấn móp gì. Giá sale rất tốt. Tks Tiki.",1240,118
7665214,10767515,5,"sách ổn, giấy tốt, hình thức ko vấn đề gì. nội dung khá khó đọc với những ai mới bắt đầu tìm hiểu về phân tâm học (dù đây là sách nhập môn). nhiều từ ngữ chuyên dùng khó đọc cũng như khoảng cách ngôn ngữ qua dịch thuật nên cũng có khó khăn trong việc đọc hiểu. mình nghĩ nên đọc lại nhiều lần hoặc tìm hiểu nền tảng tâm lý học trước rồi bắt qua phân tâm sẽ dễ hơn, nếu tự mò mấy cái này thì theo mình có vẻ hơi gian nan thậm chí là nản trong đoạn đầu.",783,118
30192990,10767515,5,Sách ổn cho người mới tìm hiểu phân tâm học,1826,118
5757175,10767515,5,,568,118
11942741,10767515,5,,1104,118
7768967,10767515,5,,800,118
22454445,10767515,5,,1674,118
330572,10767515,5,Nên mua,111,118
12088578,10767515,5,"sách đóng gói cẩn thận và giao hàng nhanh, rất hài lòng 👍👍",1114,118
7859171,10767515,3,"Sách gãy dập gáy, bẩnnnnnnnn",808,118
10605581,10767515,5,,1005,118
20262036,10767515,5,,1566,118
18785483,10767515,5,,1494,118
5658926,10767515,5,Thấy 1 số nhận xét không hài lòng vì văn phong cũ. Mình thấy cuốn này in lại ấn bản năm 1970 do không liên hệ được với dịch giả. Mình nghĩ giữ nguyên văn phong là thể hiện sự tôn trọng với dịch giả,557,118
19550380,10767515,5,,1535,118
19334327,10767515,5,,1521,118
586855,10767515,5,,178,118
2118484,10767515,5,"Sách nên đọc nhiều lần để hiểu kỹ hơn. Nhiều ý nói dài dòng, lang mang gây khó hiểu không vô rỏ trọng tâm.",450,118
14142627,10767515,5,,1244,118
439058,10767515,5,,137,118
11511151,10767515,5,,1072,118
23068231,10767515,5,"Sách đẹp lắm, hi vọng đọc hay, gói khá kĩ",1702,118
14216937,10767515,5,,1247,118
9886696,10767515,5,,949,118
180794,10767515,5,sách đẹp và hay 👍🏻👍🏻👍🏻,69,118
16514926,10767515,5,Chất lượng sách tuyệt zời,1356,118
21151479,10767515,5,"giao nhanh, sách hay",1603,118
470771,10767515,5,,147,118
15652833,10767515,5,hay,1307,118
27860833,10767515,5,,1787,118
452535,10767515,5,,143,118
14452799,10767515,5,,1259,118
5362631,10767515,5,,509,118
15908216,10767515,5,"Giao hàng nhanh, chuẩn, không có lỗi gì cả. Nếu có chống sốc giảm quăn mép sách nữa thì tốt!",1316,118
6086126,10767515,5,giao hàng nhanh chứ chưa đọc :))),616,118
11968992,10767515,5,,1106,118
22766307,10767515,5,,1691,118
14361212,10767515,5,sách hsy,1253,118
26594576,10767515,5,,1754,118
18278431,10767515,5,Tốt.,1473,118
22389499,10767515,5,,1668,118
13571486,10767515,5,,1211,118
24578950,10767515,5,ok,1730,118
21979852,10767515,5,,1651,118
10518445,10767515,5,,996,118
150535,10767515,5,"Sách đẹp và dc trau chuốt, dc kiểm soát lỗi in cẩn thận, như các cuốn khác của nhã nam",61,118
901889,10767515,5,,259,118
1877233,10767515,5,,407,118
562328,10767515,5,,173,118
21793044,10767515,5,Thanks,1640,118
13570863,10767515,5,,1210,118
10125023,10767515,5,giao hàng nhanh chất lượng tốt,969,118
21371106,10767515,5,,1614,118
11663997,10767515,5,,1081,118
16780283,10767515,5,,1366,118
11871210,10767515,5,chất luọng sách tốt,1097,118
1039706,10767515,5,,280,118
6173294,10767515,5,,623,118
1181258,10767515,5,,302,118
85966,10767515,5,,43,118
1238920,10767515,5,,311,118
5185848,10767515,5,"Xách in chất lượng, giao hàng nhanh. Ủng hộ rất thường xuyên sách của tiki",483,118
12995689,10767515,5,,1175,118
9708336,10767515,5,,927,118
668413,10767515,5,,202,118
7537813,10767515,5,,770,118
1524428,10767515,5,,359,118
20101189,10767515,4,,1563,118
19666056,10767515,5,hshhdjdj,1541,118
6296758,10767515,5,,636,118
1337470,10767515,5,,323,118
13673999,10767515,5,,1217,118
10945522,10767515,5,,1028,118
10929964,10767515,5,,1027,118
16815622,10767515,5,,1368,118
68951,10767515,5,,37,118
10805001,10767515,5,,1017,118
5399042,10767515,5,,513,118
856697,10767515,5,,246,118
5477955,100347903,5,Sách có nội dung ứng dụng cao. Bổ ích. Giao hàng rất nhanh.,528,262
499721,100347903,5,"Sách dễ hiểu và hữu ích, nên mua tham khảo",156,262
10131584,100347903,4,"Tác giả viết trên cơ sở các nguyên tắc và thời gian luyện tập của bản thân. Cách viết khá dễ đọc, dễ hiểu",970,262
29793913,100347903,5,,1819,262
12971968,100347903,5,"giao hàng nhanh, đặt 1 ngày đã có, sản phẩm đóng gói cẩn thận",1173,262
12088578,100347903,5,"sách đóng gói cẩn thận, giao hàng nhanh, rất hài lòng 👍",1114,262
17506038,100347903,5,,1411,262
10367667,100347903,4,Sách nhỏ mỏng nhưng khá hay . Bìa đẹp,983,262
11387046,100347903,5,,1061,262
480121,100347903,5,,152,262
12001467,100347903,5,Tiki ship hàng rất nhanh kể cả trong mùa giãn cách. Cám ơn Tikj,1109,262
27019704,100347903,5,,1762,262
7518989,100347903,5,,768,262
10025671,100347903,5,,962,262
8094853,100347903,5,,831,262
517945,100347903,5,,161,262
1658568,100347903,5,Hay và bổ ích,379,262
6226020,100347903,5,ok,627,262
14451798,100347903,5,,1258,262
2205920,100347903,5,,467,262
13865970,83619850,5,"Giao nhanh dù mình chọn giao hàng tiêu chuẩn thôi. Đặt ngày 9 là sáng ngày 10 giao tới rồi. Nhưng đóng gói thì rất sơ sài. Mấy lần trước mình mua còn có cái bao nilong bọc ngoài sách rồi mới bỏ vô hộp, lần này thì chỉ bỏ nguyên cuốn sách không bao bì gì vô hộp luôn. May là sách còn nguyên.. Nội dung mình chưa đọc hết nhưng khá thú vị để tìm hiểu. Nhất là trong những ngày mình đang phải đi cách ly ?",1228,245
29583079,83619850,4,,1816,245
227195,83619850,4,Góc nhìn tình yêu theo khoa học. Nội dung hay. Cho bạn nào tò mò về cách mà các cặp đôi và chọn người yêu ra sao. Làm sao để thu hút đc tình yêu,87,245
9766945,83619850,4,sách này không cần thiết phải làm dài đến thế. nội dung cần được thu gọn lại. so với lượng thông tin sách truyền tải thì không hợp lí cho lắm 🙂 nội dung cũng bình thường,935,245
16188247,83619850,5,,1335,245
11511151,83619850,5,,1072,245
27968509,83619850,5,,1789,245
1728034,83619850,5,,382,245
16470666,83619850,5,,1353,245
16514926,83619850,5,Sách chất lượng lắm luôn ạ. Sách của Nhã Nam mãi đỉnhhhh,1356,245
5871435,83619850,5,"Cuốn sách trình bày đẹp, nội dung hấp dẫn",586,245
5967957,83619850,5,,598,245
11871210,83619850,5,,1097,245
1512161,83619850,5,,357,245
668455,83619850,5,,203,245
5482865,191148802,4,,530,430
17506038,191148802,5,,1411,430
14655468,191148802,5,,1266,430
6780614,191148802,5,,695,430
2415,191148802,4,,3,430
10025671,191148802,5,,962,430
16104618,3284719,5,"Tiki giao nhanh, chất lượng đảm bảo :)",1324,78
317483,3284719,3,,105,78
8264530,3284719,5,"10 điểm, mới đọc qua trang đầu thấy rất hay",849,78
19187,276965037,5,,21,679
11142265,273921648,5,"Tuyệt, thực tế!",1041,569
15188098,273921648,5,,1289,569
11387046,273921648,5,,1061,569
27826456,273921648,5,,1784,569
16487754,57767468,5,Ok,1354,219
11396202,1938903,5,sách mới ok chất lượng ổn không phụ sự kì vọng . giao hành nhanh đóng gói cẩn thận . ( hình ảnh mang tc minh hoạ ),1063,66
17864805,1938903,5,sách rất có ý nghĩa,1440,66
2052582,1938903,5,,441,66
8716138,1938903,4,,888,66
6986403,1938903,5,,711,66
69597,532593,4,"Điều mình thích nhất là sách được viết song ngữ Anh-Việt, dù k liên quan lắm nhưng sách giúp cho mình vừa giải trí vừa học Tiếng Anh. Vì chuyển thể từ bản gốc Tiếng Anh nên văn phong đôi chỗ hơi vòng vo, đòi hỏi người đọc phải tư duy, cách diễn đạt đôi chỗ hơi khó hiểu đối với người Việt.",38,43
1742706,532593,5,"Ngôn từ bắt bạn suy ngẫm nhiều nhưng càng suy ngẫm bạn lại càng chiêm nghiệm được nhiều, những ai đang trêm con đường tìm kiếm ước mơ hay mục đích sống hay cảm thấy nản chí thì đây là cuốn sách tuyệt vời, sách có song ngữ rất tốt cho các bạn muốn trau dồi từ ngữ tiếng Anh, còn mình thì chỉ đọc tiếng Việt thôi ;)))",386,43
2195147,532593,5,Sách đẹp giao hàng nhanh ạ thích nhất sách song ngữ,463,43
876876,532593,4,"Tiêu đề cuốn sách khá hấp dẫn,nhưng nội dung tiếng Việt đọc khá khó hiểu, có thể do dịch giả dịch sát với tiếng Anh hơn là ý nghĩa của tác giả muốn truyền đạt.",254,43
6822580,532593,5,"tôi nhận được sách. vô cùng hài lòng với dịch vụ giao hàng cuat tiki. đã đọc sách, nội dung hay. tôi vô cùng thích thú với cuốn sách này.",700,43
6606813,532593,3,Bìa sách kém quá. Lần sau cần lưu ý. ngay từ cái nhì n đầu tiên hơ mất thiện cảm chút,674,43
5890260,532593,5,"Sách hay, các bạn nên đọc. Dịch vụ tiki tốt, mà hình như web tiki có cài plugin tự động theo dõi (không hỏi trước)",588,43
17197286,36085776,5,,1390,173
20002429,36085776,5,Sách nội dung hay. Hình thức đẹp. 5 sao cho tiki:'))),1558,173
15110452,36085776,5,,1285,173
6827897,36085776,5,,701,173
777024,36085776,5,,225,173
5159856,36085776,4,,475,173
1358463,36085776,5,,330,173
7244713,36085776,5,,741,173
2232401,36085776,5,,470,173
6402106,36085776,5,,651,173
13807875,36085776,5,,1225,173
1118879,36085776,5,,292,173
1911999,272000029,5,Shop đóng gói cẩn thận. Giao hàng nhanh chóng!,414,547
9786862,272000029,5,,937,547
11820456,13362303,5,Biết ơn tác giả đã viết sách ạ,1094,128
15494712,13362303,5,"Sách hay , chất lượng",1302,128
1959360,13362303,5,"Một cuốn sách hay, dễ đọc và định hướng tư duy tích cực trong cuộc sống.",419,128
319626,36855316,5,,108,178
1895509,36855316,5,,410,178
862558,36855316,5,,248,178
1503284,36855316,5,,354,178
5253296,36855316,5,,493,178
19941675,36855316,5,,1556,178
120954,36855316,5,...,52,178
787970,36855316,5,,229,178
10475359,76105908,5,,993,237
5435801,76105908,5,,520,237
5253296,76105908,5,"Sách đẹp, giao nhanh, nhưng mà hộp hơi móp nhưng sách vẫn ổn, sẽ ủng hộ",493,237
12802075,585139,5,,1159,48
7591959,585139,5,Hay,776,48
12023668,585139,4,"Nội dung hay , nhưng sách có vẻ hơi cũ",1111,48
17468549,73207098,5,Đẹp,1409,228
174222,73207098,5,,67,228
6715285,73207098,5,,688,228
1341609,73207098,4,Tốt,324,228
8599820,73207098,5,"Một cuốn sách hay, giao nhanh, sách đẹp, mua hàng ở tiki luôn yên tâm về chất lượng. đầu tư cho tri thức là khoản đầu tư đúng đắn",878,228
15188098,73207098,5,,1289,228
5161812,73207098,5,,477,228
6534469,73207098,5,"Sách của Robert Greene hay xuất sắc luôn, cuốn nào tác giả mà đã viết là viết sâu, chi tiết nhưng phải đọc ngẫm kĩ sẽ thấm dần. Trân trọng tác giả đã viết ra các siêu phẩm có giá trị cao ❤️❤️❤️ vote 5 sao, nên mua mn nhé",663,228
5363251,73207098,5,"Sách viết khá hay và phân tích sâu, cầm trên tay thấy dày, giấy khá mịn. Mình thấy xứng đáng về chất lượng nội dung, ngoại hình. Chất lượng như nào thì có thể mua về trải nghiệm và đúc rút cho bản thân mỗi người",510,228
19793017,73207098,5,,1549,228
13887026,73207098,5,"Một số ý tưởng hay. Quan trọng. Nh giá như viết ngắn gọn, bớt rườm rà thì tốt",1230,228
29814242,73207098,5,,1820,228
15006678,73207098,5,,1280,228
71239,73207098,5,,40,228
2128174,73207098,5,,455,228
21558077,73207098,5,,1626,228
18087350,73207098,5,,1448,228
990696,73207098,5,,273,228
12520350,73207098,5,Rất hay,1140,228
29755269,73207098,5,,1818,228
18382611,73207098,5,,1480,228
25006621,73207098,5,,1736,228
6296758,73207098,4,Bị dập góc xíu.,636,228
22428998,73207098,5,,1673,228
620317,73207098,5,,187,228
5463955,73207098,4,,525,228
13541376,73207098,5,KINH NGẠC VỀ NHÂN SINH,1204,228
306044,73207098,5,"sách của tác giả Robert Green thì ổn r, mình mua đủ bộ sách, còn thiếu cuốn này chờ mãi chắc cũng gần 5 năm từ lúc tve có bản dịch cộng động ?",100,228
6780614,73207098,5,,695,228
1811174,73207098,4,"Giao hàng nhanh . Sách bọc cẩn thận , Mới đọc vài trang đầu đánh giá sách ổn mong phần sau hay hơn nữa",395,228
22214739,73207098,5,,1664,228
17688041,73207098,5,,1427,228
13513176,73207098,5,,1198,228
2227428,73207098,5,,468,228
22235987,73207098,5,,1665,228
925720,73207098,5,Sách của Robert Greene đọc vô cùng cuốn hút,265,228
577977,73207098,5,,176,228
14219155,73207098,5,,1248,228
129385,73207098,5,,56,228
10986596,73207098,4,Ok,1033,228
26549453,73207098,5,,1753,228
18929752,73207098,5,,1500,228
8838101,73207098,5,,895,228
7787551,73207098,5,,803,228
15195,73207098,5,Giao sách đẹp. Sách hay và vô cùng thực tế.,17,228
14452799,73207098,5,,1259,228
10587347,73207098,5,sách rất hay,1003,228
6804321,73207098,5,"Sách hay, dày, giấy đẹp",698,228
11685153,73207098,5,,1084,228
11968992,73207098,5,,1106,228
6282836,73207098,5,,633,228
10036447,73207098,5,ok,965,228
6295657,73207098,5,,635,228
7846265,73207098,5,,806,228
2052582,73207098,5,,441,228
1315476,73207098,5,,320,228
5181540,73207098,5,,482,228
5351057,73207098,5,,506,228
1756230,73207098,5,,388,228
1085162,73207098,5,,287,228
1254867,73207098,5,,313,228
6288926,73207098,5,,634,228
12301549,73207098,5,"Những lộ trình cụ thể, hấp dẫn người đọc.",1128,228
20299484,73207098,5,,1567,228
21551755,73207098,5,,1625,228
18979157,73207098,5,Cuốn sách vô cùng ý nghĩa,1501,228
396187,73207098,5,"Sách hay, nên đọc",126,228
705448,73207098,5,,210,228
5638859,73207098,5,,553,228
20568764,73207098,5,,1582,228
1999390,73207098,5,Tuyệt,428,228
10923965,73207098,5,,1026,228
22022932,73207098,5,,1653,228
6226020,73207098,5,ok,627,228
677395,73207098,5,,206,228
1840437,73207098,5,,400,228
1553755,73207098,5,,361,228
12211911,73207098,5,,1125,228
2006871,73207098,5,,432,228
12185460,73207098,5,,1124,228
317483,73207098,5,,105,228
15312,73207098,5,,18,228
18278431,73207098,5,,1473,228
19050356,73207098,5,,1505,228
11191628,73207098,5,,1045,228
150535,73207098,4,,61,228
1757466,73207098,5,,389,228
12705599,1954471,3,Hqua mình vừa đặt 2 cuốn sách thì hnay có luôn.mình cảm ơn tiki rất nhiều ạ. Nhma 1 quyển mình nhận đc có nhiều nếp gấp và bị bẩn.tiki có thể giúp mình đổi lại cuốn khác đc ko ạ.mình cảm ơn ạ,1152,67
5953228,1954471,5,"Sách cần thiết cho các nhà giáo, học sinh và những ai quan tâm đến các quy luật của Trí não. Sách hay, nên đọc.",596,67
18343577,1954471,5,"Vực kì hấp dẫm và bổ ích.Luật chỉ não dựa trên các nghiên cứu khoa học về bộ não,cùng với các kn rèn luyện hc tập trong thực tế để đưa ra 12 quy luật về pt trí não",1478,67
7038371,1954471,3,"Mình mua bản tái bản 2018 là tái bản lần 3 rồi, nhưng bản dịch vẫn ko được tốt lắm, rất nhiều câu tối nghĩa",716,67
17506038,1954471,5,,1411,67
19471888,1954471,5,,1532,67
441373,1954471,5,"giao hàng nhanh, sách mới đẹp, hi vọng nhiều điều bổ ích sau khi đọc......",138,67
5439219,1954471,3,"Dịch vụ giao hàng tốt. Thời gian nhanh, hình thức sản phẩm đẹp. Tuy nhiên nội dung sách thì mình thấy chưa hài lòng, biên dịch chưa thoát hết đựoc ý của bản gốc. Khiến ngừoi đọc cảm thấy rất nhàm chán khi đọc, dài dòng, lan man.",521,67
10533403,1954471,5,"Đối với cá nhân mình cuốn sách khá là cuốn hút, dễ hiểu về các phần khác nhau của não bộ",999,67
18118699,1954471,5,,1456,67
42438,1954471,5,,28,67
638536,1954471,5,,194,67
280440,1954471,5,"Đọc được vài chương thì bị mất, huhu",96,67
18132503,1954471,5,,1459,67
8908907,1954471,5,,899,67
12001467,1954471,5,,1109,67
20026042,1954471,5,,1561,67
5336218,1954471,5,,505,67
7413371,1954471,4,"có phần trên của sách hơi bẩn, sách giấy đẹp tốt, giao hàng ok.",755,67
1506169,1954471,5,,355,67
520065,342896,5,"Mình biết cuốn này qua cuốn ""Tại sao cần đơn giản?"". Đang đi lang thang trong Nhà Sách thì mình bị hút hồn bởi 2 cuốn sách này. Cuốn TSCDG thì mình mua trong Nhà Sách, còn lại cuốn này mình mua trên Tiki. Thật sự đọc vào vô cùng lôi cuốn. Tác giả ko nói dài dòng mà đi thẳng vào vấn đề, dạy ta từng buớc 1 để thành công trong công việc. Nội dung bên trong thì khỏi chê, tác giả chỉ ta chi tiết cụ thể những cách để làm từ việc nhỏ đến việc lớn. Ngoài ra còn có những hình ảnh dễ thương phụ hoạ kèm theo vô cùng dễ thương. Đối với mình thì cuốn sách này ko hề có khuyết điểm :)",162,11
355396,342896,3,"Tôi đến với cuốn sách này qua tác phẩm đầu tay của tác giả: ""Tại sao lại chần chừ?"" - một cuốn sách thay đổi cuộc đời tôi. . Ở cuốn sách này, nội dung rất hay nhưng có lẽ không đúng tiêu đề. Tác giả đã để người đọc bơ vơ với những câu hỏi sau:. 1. Tầm quan trọng của việc hành động.. 2. Duy trì hành động thành thói quen như thế nào?. 3. Biết lúc nào là dừng hành động lại để suy nghĩ.. Nếu cuốn sách đổi thành How take action? thì sẽ rất hay.. Cám ơn các bạn đã lắng nghe ý kiến của tôi.",119,11
40504,342896,5,"Cuốn sách này khá thú vị. Tôi đọc khá nhiều về những cuốn sách kỹ năng nên những kiến thức trong này không thể gọi là “mới”, tuy nhiên, tác giả cũng chiêm thêm một số góc nhìn cá nhân về việc đặt mục tiêu như “đặt những mục tiêu phù hợp với nỗ lực” hay định lý “ăn cả một con hà mã” khá thú vị. Vì từng là người vẽ tranh biếm họa nên cuốn sách có những hình minh họa khá dễ thương, văn phong gần gũi và dễ hiểu. Hầu hết những ví dụ trong sách đều được kết hợp bởi những câu chuyện triết lý và kinh nghiệm của anh, khiến cho việc áp dụng vào thực tế trở nên rất dễ dàng.. Cuốn sách chỉ viết chuyên biệt về vấn đề đặt mục tiêu,nội dung súc tích, kích cỡ gọn nhẹ, phù hợp với các bạn học sinh, sinh viên đang muốn lập kế hoạch cho bản thân. .",27,11
20073,342896,5,"Công ty First News luôn cho ra đời những cuốn sách có giá trị, những cuốn dạy kỹ năng cho mọi lứa tuổi, với những bài học gần gũi, dễ áp dụng với nhiều đối tượng khác nhau. ""Tại sao phải hành động"" là một trong những cuốn sách như thế, thậm chí là một trong những cuốn nổi bật nhất mình từng được đọc. Cuốn sách không truyền tải theo lối thông thường, khô cứng và nặng nề, mà thông qua những câu chuyện đơn giản, nhẹ nhàng và sống động, đưa đến cho độc giả những cách thức hiệu quả và thiết thực. Bên cạnh đó là ngôn ngữ dễ hiểu, hình minh họa đẹp mắt, tạo nên cảm giác hứng thú cho mỗi người. Cuốn sách chỉ ra được tầm quan trọng của những hành động, chúng thực sự góp phần vào thành công của chúng ta.",22,11
21558077,54002545,5,,1626,213
7800274,54002545,4,,804,213
17506038,54002545,5,,1411,213
12119040,54002545,5,,1117,213
7203061,54002545,5,,735,213
20012792,54002545,5,,1559,213
15354457,54002545,5,,1298,213
5398769,54002545,4,,512,213
17135138,54002545,5,,1384,213
5953228,54002545,5,,596,213
1118879,54002545,5,,292,213
1818107,54002545,5,Ok,397,213
12703320,276509022,5,,1150,669
21894993,191782162,5,,1645,431
16160481,191782162,5,,1330,431
30200011,191782162,5,,1827,431
8895228,191782162,5,,898,431
14986327,191782162,5,,1279,431
29817985,191782162,5,,1821,431
27930693,191782162,5,,1788,431
9636076,191782162,5,"Cảm ơn, cảm ơn, cảm ơn!",923,431
29412931,191782162,5,,1813,431
5161812,191782162,5,Sách hay,477,431
28446769,191782162,5,Cuốn này được bọc lại để tránh làm dơ nên rất ổn,1800,431
12069553,191782162,5,,1113,431
8255967,191782162,5,,848,431
13198286,191782162,5,,1185,431
5435801,191782162,5,,520,431
5638859,191782162,5,,553,431
28059010,191782162,5,,1794,431
10984735,191782162,5,,1032,431
22970362,191782162,5,,1701,431
6745190,191782162,5,,691,431
19816851,191782162,4,,1552,431
22149268,191782162,5,,1661,431
27212427,322063,5,Mới nhé. Xin cảm ơn,1765,1
672386,322063,5,"Trước đó mình đã học hỏi được khá điều nhiều hay của Khổng Tử trước khi mua sách. Và khi hoàn thành xong việc đọc cuốn sách đã tiếp tục đem cho cho tôi những điều mới mẻ từ ông. Những điều này không thể học nào được từ các trường học, triết lý sống của Khổng Tử ở trạng thái xuất phát điểm từ năm 15 tuổi và những suy nghĩ ngày càng thông suốt và sâu sắc được ông đạt đỉnh điểm tới năm 70 tuổi. Cuốn sách giúp ta xây dựng 1 yếu tố nội tâm vững chắc và các đạo lý giữ mình trong mọi tình huống. Dĩ nhiên đây không phải những điều mà con người có thể đạt đến độ tuyệt đối nhưng cũng đưa chúng ta đến với sự bình tĩnh,thông thái để có 1 cuộc sống ý nghĩa hơn.",205,1
20073,322063,4,"Ban đầu mình nghĩ cuốn sách này sẽ rất khó đọc và khó cảm nhận, vì nó liên quan đến những triết lý nho giáo của Khổng Tử. Nhưng chỉ sau khi đọc nhưng trang đầu tiên, mình mới biết là đã nhầm. Tác phẩm thực sự lôi cuốn, khác biệt và độc đáo. Những bài viết, những phân tích của tác giả trong cuốn sách này vừa sâu sắc, vừa tinh tế nhưng cũng gần gũi với người đọc. Triết lý Khổng Tử được tác giả lồng ghép tài tình, hài hòa vào những bài học thực tế trong đời sống hàng ngày. Chính điều này tạo nên sức hấp dẫn không ngờ cho cuốn sách. Một cuốn sách của những tinh hoa nhân loại, một cuốn sách của những thông điệp sâu sắc và ý nghĩa!",22,1
10711911,1353613,5,"Sống trọn vẹn từng khoảnh khắc có nghĩa là sống ở hiện tại, tập trung nhận thức của bạn vào những thứ đang diễn ra ngay lúc này. Sách in đẹp, bìa cứng cáp. Tiki giao hàng nhanh.",1010,60
8200000,1353613,5,Sach hơi nhỏ nhưng được cái vẫn còn seal và mới nha.,843,60
7642411,1353613,5,"Sách đẹp, bìa cứng, sale nguyên seal",779,60
16898585,1353613,4,,1376,60
6333,1353613,5,,8,60
9095400,1353613,4,,912,60
318283,75630581,5,"Câu chuyện, câu chuyện, và những câu chuyện.. Cuốn hút, thú vị, nhiều điều học hỏi.. #1 cuốn sách được khuyên đọc nhiều nhất trên thế giới.. Phù hợp với các nhà hoạch định chiến lược cho công ty, lãnh đạo, người đổi mới… có cách nhìn hay hơn, tốt hơn.. 9/10 đ",107,235
19594971,75630581,5,"Quá đỉnh, dịch ổn và nhắc mình nhớ lại sự quan trọng của những ý tưởng mới, đột phá có thể thay đổi cục diện cũng như sự cần thiết của việc phát triển khoa học - kĩ thuật (mình đã đọc hết 3 chương đầu)",1536,235
15006678,75630581,5,,1280,235
98653,75630581,5,,48,235
15525144,75630581,3,"Sách hơi cũ, không mới như mong đợi",1303,235
22550951,75630581,5,,1680,235
13620930,75630581,5,,1214,235
792606,75630581,5,,231,235
17252446,75630581,5,,1394,235
473130,403086,4,"Tác giả đề cập đến những điều quan trọng cần được nuôi dưỡng trong mỗi con người như: sự dũng cảm, sự giúp đỡ, lòng tốt, sự cam kết, sáng tạo, hạnh phúc... Ngoài câu chuyện về nhân vật có thật dám từ bỏ vật chất, cuộc sống nhàm chán, đơn điệu để sống một cuộc sống mà họ mong muốn như một tấm gương cho người đọc thì cuối mỗi chương là những bài tập luyện nho nhỏ để người đọc có thể thực hành nuôi dưỡng tâm hồn, chạm được vào ước muốn thực sự của bản thân và trên hết là dám sống theo lựa chọn của mình.",148,26
414919,403086,3,"""Hãy Sống Cuộc Đời Như Bạn Muốn"" là một cuốn sách khá hay. Cuốn sách có nhiều ưu điểm khá hay mà mình đánh giá cao. Bìa ngoài đẹp, sáng tạo,.. giấy in rất mịn, màu đẹp... Nội dung cuốn sách giúp định hướng bạn đạt đến những mục tiêu, thành công một cách nhanh chóng bằng việc nghĩ lớn, làm lớn, thay đổi lối tư duy, rèn luyện những kĩ năng cần có như: kĩ năng giao tiếp, kĩ năng hiểu ngôn ngữ cơ thể, kĩ năng ứng xử, tác phong làm việc,.. Tác giả cũng đưa ra những kinh nghiệm được đúc kết từ rất nhiều ví dụ thực tế..... Nội dung cuốn sách thiết thực, hấp dẫn mọi lứa tuổi. Nhược điểm: lỗi dịch thuật ở phần đầu: biên dịch khá chán nên đọc không hiểu lắm, từ chương 2 trở đi mới thấy dễ chịu hơn và nội dung cuốn sách mà đem áp dụng với người việt nam thì cần lưu ý.",133,26
7658490,14524745,4,,781,135
11187491,14524745,5,,1044,135
14627481,14524745,5,,1265,135
14714309,14524745,5,,1269,135
5323098,367654,5,Sản phẩm rất hay giá cả hợp lý,500,23
6822580,367654,5,"Giao hàng nhanh. Cuốn sách này là cuốn mà tôi vô cùng thích. Nội dung đơn giản, dễ thấm nhuần",700,23
72874,367654,5,"Đôi khi trong cuộc sống, chúng ta hay quan trọng hóa vấn đề lên mà không biết rằng chính những lúc như vậy nó sẽ làm vấn đề trở nên khó giải quyết hơn và bản thân ta cũng sẽ thấy rắc rối. Vì thế sao chúng ta không tự đơn giản hóa bản thân? Chúng ta đơn giản bản thân thì cuộc đời sẽ đơn giản hóa hơn. Phải như thế thì trước bất kì một việc gì ta cũng có thể giải quyết nhanh chóng và bản thân ta cũng thấy thoải mái chứ không phải gánh áp lực nặng nề nữa. Cuốn sách vì thế mà trở nên hữu ích. Nó mang lại một triết lí sống đúng đắn cho mỗi người. Chúng ta lấy nó làm kinh nghiệm sống quý báu để trang bị hành trang cho mình vững bước trên cuộc đời. Đời đơn giản khi chúng ta đơn giản! Chuẩn không thể nói gì hơn nữa các bạn à!",41,23
9860625,8855456,5,,944,105
2051853,8855456,5,,440,105
2227428,8855456,5,,468,105
1900692,216090597,5,,411,492
29133797,216090597,5,,1809,492
22130171,216090597,5,Good 👍,1660,492
5561480,216090597,5,,545,492
22389499,216090597,5,,1668,492
30277997,275715872,5,,1828,649
109067,340161,5,"Mình cực kỳ yêu thích tác phẩm ""Ăn, cầu nguyện, yêu"" của Elizabeth Gilbert, nên khi biết được phần 2 ""Làm lành với hôn nhân"" được ra mắt, mình đã ""tức tốc"" đi mua ngay cho mình một cuốn. Phải nói là đọc xong hai cuốn sách này, mình đã trở thành một fan hâm mộ của tác giả Liz Gilbert. Cô viết rất hay, nhẹ nhàng, gần gũi, nhưng vẫn có được sự sống động, đầy màu sắc trong mỗi con chữ. Những hành trình của cô không chỉ truyền cảm hứng mạnh mẽ cho người đọc, mà còn làm họ thấu hiểu thêm nhiều điều về giá trị của tình yêu và hôn nhân. Cô cùng người yêu của mình đã bước vào một chuyến khám phá văn hóa, phong tục của những miền đất mới lạ. Càng đi nhiều nơi, họ càng có thêm nhiều hiểu biết, đồng thời càng gắn bó khăng khít với nhau hơn. Quan trọng hơn cả, là hai người họ đã dám bước qua những thử thách trong hôn nhân của mình, để tự làm chủ cuộc sống, để yêu và được yêu một lần nữa.. Một cuốn sách tuyệt vời cho những trái tim luôn khao khát yêu thương.",49,7
20073,340161,4,"Mình đã tìm đọc cuốn sách này vì quá yêu mến tác phẩm trước đó của Eliz Gilbert, Ăn, cầu nguyện, yêu. Trong tác phẩm mới lần này, cô vẫn giữ được lối viết tâm tình, thủ thỉ rất chân thành nhưng không kém phần hài hước và dịu dàng. Một chuyến hành trình nữa mở ra với biết bao những chờ đón, hứa hẹn và cả thử thách dành cho đôi tình nhân này. Eliz cùng với người bạn trai thực hiện một chuyến hành trình tuyệt diệu, tìm hiểu về văn hóa, lịch sử hôn nhân ở những nơi họ đặt chân đến. Chính sự tìm tòi  và vốn hiểu biết rộng của tác giả đã làm cuốn sách trở nên đầy lý thú, như một cuốn sách du ký, nhưng cũng là một câu chuyện tình yêu lãng mạn và đam mê. Hai người họ đi cả một hành trình dài chỉ để rồi hiểu ra rằng mình cần có nhau trong đời đến thế nào, với ý nghĩa cao đẹp đó thì chuyến hành trình này quả không uổng phí chút nào.. Mỗi người sẽ tự rút ra cho mình những bài học về tình yêu, hôn nhân, hạnh phúc khi đọc xong cuốn sách. ""Ăn, cầu nguyện, yêu"" và ""Làm lành với hôn nhân"", Eliz đã thực sự thành công khi viết nên những cuốn tự truyện tuyệt vời và chân thành đến vậy..",22,7
6565,340161,5,"Nếu như Hillary Clinton cũng là fan của Elizabeth, thì tôi tin rằng bạn cũng vậy. Tôi yêu Elizabeth bởi sự nhẹ nhàng, chân thực, đôi khi hài hước của cô. Cô không cường điệu hóa giọng văn mình, nên chẳng gì bất ngờ khi tôi đã đọc ngấu nghiến cuốn sách trong vòng 2 tiếng đồng hồ mà không hề cảm thấy mệt mỏi. Những muộn phiền mà Elizabeth và Fellipe - 2 con tim đã bị thương tổn sâu sắc phải trải qua, đã làm rung động trái tim tôi hơn hết thảy. Tôi yêu cách họ cuối cùng quyết định đến với nhau, như một lẽ tự nhiên, không thể nào cưỡng lại được. :)",11,7
6914536,13528493,5,với mình quan tâm về môi trường. mình thích Nomoreplastic' nhưng là tiêu đề và dự án 2 phút thôi. nội dung thì mình thực sự cũng thấy hơi xơ xài. vẫn chấm 5* vì mình muốn lan tỏa và động viên NHB' Cty sách làm nhiều hơn các sách về môi trường và đánh 5* cho dự án thiết thực,710,130
27346454,13528493,5,Sách k được bọc seal và đóng gói hàng chưa cẩn thận,1767,130
16851817,13528493,5,giao hàng nhanh chóng sách đẹp không bị nhăn còn rất mới nói Chung là chuẩn 5* thanks TiKi,1371,130
201316,13528493,5,"Trong 15 loại rác được tìm thấy nhiều nhất, 7 loại là những món đồ mà chúng ta sử dụng hàng ngày:. - nắp chai (9,03%). - các chai đồ uống (6,01%). - ống hút/dao, dĩa, thìa nhựa (4,25%). - vỏ túi khoai tây rán/giấy gói kẹo (3,89%). - que tăm bông (3,7%). - túi nhựa (3,25%). - giấy ướt/ băng vệ sinh (1,81%). Với mỗi loại, cuốn sách chỉ ra giải pháp hạn chế rác thải với chỉ 2 phút mỗi ngày. Các giải pháp cho gia đình, cho trẻ em, cho nơi làm việc.",78,130
18588346,13528493,5,,1486,130
1840367,13528493,5,,399,130
8303642,13528493,5,,855,130
13001842,13528493,5,"Sách đẹp và hay vô cùng, giao rất  nhanh. Cảm ơn tiki",1176,130
514795,13528493,5,,159,130
17506038,103569998,5,,1411,267
12917525,103569998,5,"sách giao đúng hẹn, ko hư hỏng",1169,267
7333002,103569998,5,good,748,267
23152419,103569998,5,,1706,267
113590,103569998,5,,50,267
19466064,103569998,5,,1530,267
332605,103569998,5,,112,267
4289,103569998,5,,6,267
10034065,47438231,1,"Quý công ty giao nhầm sách rồi đặt sách"""" Câu cá trên trời"" mà gửi sách ""Trần gian muôn nỗi""""",964,199
21446277,47438231,5,"đóng gói cẩn thận, giao hàng nhanh, cực kỳ hài lòng !!!",1620,199
18092180,47438231,5,,1450,199
15110452,47438231,5,,1285,199
25096321,47438231,5,Ổn,1737,199
12223751,47438231,5,"Tuyệt ,đọc ban đầu tưởng chuyện mà về sau tác giả đưa Nội dung với chuyện song song nhau lòng ghép rất hay.Nghệ Thuật câu cá xanh",1126,199
6853056,47438231,5,rất hay và ý nghĩa,704,199
7491237,47438231,5,Nên đọc,761,199
7859171,47438231,4,,808,199
13513176,47438231,5,,1198,199
265512,106362795,5,,93,321
20306686,106362227,5,Good,1569,274
5351057,4070555,4,"định hướng để bạn tham khảo, và thực hiện!",506,89
5805473,4070555,5,,573,89
17169324,4070555,2,"Sách hơi bẩn, bị phai màu chữ",1387,89
6034280,4070555,5,dành cho những ai chưa biết phải làm gì và cần làm gì,608,89
17574745,106362844,5,Ok,1416,324
22029768,277570576,5,"Một cuốn sách hay , trình bày đẹp và chữ rõ nét dễ đọc",1655,691
18132503,10281398,5,,1459,113
17506038,10281398,5,,1411,113
451499,10281398,1,Toi dat hang 2 cuon sach 1) tri nho khong gioi han va 2)Sketchnote Ly thuyet va thuc hanh . Khi toi nhan hang trong hoa don ghi 2 cuon sach nhung khi toi mo ra khong co cuon Tri nho khong gioi han. Toi mua hang cua Tiki rat nhieu va danh gia rat tot ve Tiki nhung lan nay lam toi kha that vong. Mong Tiki kiem hang truoc khi giao de tranh nhung loi nhu the nay.,142,113
5560852,10281398,5,"Sách lôi cuốn, mình dành 1 ngày để đọc hết luôn ^^",543,113
17643805,10281398,5,oki,1420,113
652897,10281398,5,,198,113
1969117,10281398,5,,422,113
10422572,10281398,4,,989,113
11727524,10281398,4,,1088,113
8691757,10281398,5,,887,113
14755883,10281398,4,,1270,113
7180204,10281398,5,,732,113
5807359,10281398,5,,574,113
1864681,550432,5,"Là quyển sách thú vị và đầy ý nghĩa. Sách ngắn gọn, dễ đọc. Mọi người nên đọc 1 lần",405,44
5452780,550432,5,"Bí mật của may mắn quả là một cuốn sách kì diệu, cuốn sách phù hợp cho mọi lứa tuổi, mọi tầng lớp. Dù bạn là ai chỉ cần đọc cuốn sách này bạn sẽ thay đổi nhận thức về tư duy của bản thân chỉ từ những câu chuyện vô cùng giản dị. Hãy đọc và cảm  nhận đừng quên chia sẻ cho mọi người bạn nhé!",523,44
8629404,550432,5,"Thật sự mọi người nên mua đọc cuốn này,cực kỳ hay luôn,đọc xong thấy rút ra được rất nhiều bài học cho bản thân luôn",881,44
7033908,550432,4,"Truyện hay đóng gói đẹp, giao hàng nhanh, nói chung ổn lắm anh",714,44
11150769,550432,5,"Sách nhỏ gọn, nội dung rất hay và ý nghĩa luôn ạ...",1043,44
2110026,550432,5,Giao hàng nhanh. Sách nhỏ nhưng nội dung rất sâu sắc. Phù hợp mọi lứa tuổi. Mn nên mua về đọc thử nha,447,44
7668829,550432,4,Tiki giao hàng nhanh nhưng khi kiểm thì thấy 1 trang bị rách,784,44
818878,550432,1,Sách in thiếu trang nên bị mất nội dung.. Nếu ko sửa sớm thì sẽ huỷ hoại danh tiếng của sách lẫn Tiki.,241,44
1573931,550432,5,Sách đọc rất hay và ý nghĩa. Tôi sẽ lấy quyển Bí mật của may mắn để làm quyển gối đầu giường.,366,44
6112344,550432,4,"dịch vụ tiki chất lượng, nội dung sách phù hợp giới trẻ",617,44
6271600,550432,5,"hài lòng,  cuốn sách hay nên đọc , giá hợp lý.....",631,44
26475640,41294591,5,,1751,190
11280300,41294591,5,,1050,190
1746928,41294591,5,,387,190
2006871,14524625,5,,432,134
19594971,14524625,5,"Thầy viết sâu sắc và hóm hỉnh, nhiều chiêm nghiệm và bài học",1536,134
15286816,14524625,5,"Hay, rất đáng để dành thời gian đọc quyển này luôn.",1295,134
7859171,14524625,5,,808,134
355396,322074,5,"Nhận được sách sau 24h đặt hàng trên Tiki, mình xin có vài nhận xét như sau:. 1. Về hình thức. - Không biết do NXB Tổng hợp TPHCM hay First News - Trí Việt để máy in hết mực hay do sách in mờ mà khi mình lật bìa ra thì cảm thấy hơi thất vọng. Giấy sáng và trắng nhưng màu chữ đen + mờ khiến cho khá nhòe mắt nếu đọc lâu. Cũng may nhờ bookcare bao bìa đẹp gỡ gạc lại tí :).. 2. Về nội dung. - Khi đọc đến phần giới thiệu sách do tác giả Spencer Johnson viết, mình đã cảm nhận được ngay sách này viết ra là để dành cho những người như mình - những người đang sống quá nhanh, mất phương hướng, cảm giác không biết làm gì để thoát khỏi tình trạng này... . - Truyện xoay quanh một chàng trai gặp được một ông bác sĩ giàu vốn sống (có lẽ là hiện thân của Spencer Johnson), và được ông chỉ dạy phương pháp ""một phút nhìn lại mình"". Từ đó, cuộc sống chàng trai đã thay đổi (dĩ nhiên là theo chiều hương tích cực). Không dừng lại ở đó, những phần sau còn nối tiếp những câu chuyện về ""một phút dành cho bản thân"", ""một phút dành cho người khác"" và ""một phút dành cho chúng ta"". Bạn sẽ gặp ở đâu đó hình ảnh của mình xuyên suốt những câu chuyện hấp dẫn này.. - Mình đã đọc xong sách này trong 2 ngày và đang tiến hành đọc lại và áp dụng những quy tắc, phương pháp mà tác giả đưa ra. Đối với những người đang mất phương hướng như mình, đây đúng là liều tiên dược không hơn không kém, nó có thể vựt dậy cuộc sống tưởng chừng như bế tắc của mình.. - Mình không thể kể hết những điều tuyệt vời về quyển sách này, mình mong các bạn nên xem xét và hãy mua cuốn sách này về đọc để nhận được những trải nghiệm tuyệt vời giống như mình.. CHỈ MỘT PHÚT, MỘT PHÚT THÔI CÓ THỂ THAY ĐỔI CUỘC ĐỜI BẠN. Cám ơn các bạn đã lắng nghe ý kiến.",119,2
473130,322074,5,"Trong mối quan hệ giữa một cá nhân và một tập thể, lợi ích của cá nhân được đặt lên trên tập thể thường được cho là sự ích kỷ, tuy nhiên, nhìn theo một khía cạnh khác, bạn chỉ có thể giúp đỡ được người khác khi chính bạn cảm thấy mình ổn. Đó cũng là điều cuốn sách này muốn gửi gắm đến bạn.. Mỗi ngày, với mỗi tình huống xảy ra, bạn chỉ cần dành ra một phút để tự hỏi liệu mình có thể làm gì tốt hơn cho bản thân không? Khi bạn dành thời gian chăm sóc cho bản thân đủ tốt, bạn sẽ tìm thấy câu trả lời về sự hạnh phúc và niềm vui không chỉ đối với cá nhân bạn mà với những người xung quanh.",148,2
10253864,828647,1,mua mấy lần bị rồi nhưng lần này mới review. càng ngày càng thất vọng. nếu không bận quá thì ra Nhã Nam mua cho lành.,976,58
396193,36399672,5,"Sách mới, đóng gói chống sốc kỹ càng",127,175
15188098,36399672,5,,1289,175
16459990,36399672,5,,1352,175
8227537,36399672,5,,845,175
10970692,36399672,5,"sách rất hay dịch thuật mượt, vấn đề tư duy hiện đại được Nassim nhìn nhận rất sâu sắc",1031,175
10969139,36399672,5,"tác phẩm xuất sắc nên đọc, nhưng tính kết nối giữa các phần không cao, đọc có cảm giác mỗi một phần tác giả viết để viết vậy",1030,175
5466701,36399672,1,Lại một cuốn nữa mua nhầm khi chỉ xem qua mô tả online. Tác giả cậy vốn liếng hiểu biết của mình nêu nhiều quan điểm “bla bla” và phê phán nhiều đối tượng. Không thuyết phục gì. Đọc xong chắc đem cho ai khác!,526,175
138485,36399672,5,,58,175
10781891,36399672,5,Hữu ích,1013,175
98653,36399672,5,,48,175
8303642,36399672,5,,855,175
12705599,36399672,5,Cuốn sách có thể hơi khó đọc vì có 1 số thuật ngữ chuyên ngành nhưng chỉ cần đọc chậm và tập trung thì chúng ta có thể hiểu được rất nhiều điều của sự ngẫu nhiên trong cuộc sống.Cảm ơn tác giả và tiki rất nhiều,1152,175
14216937,36399672,5,,1247,175
204624,36399672,5,,80,175
1811174,36399672,4,Sách hay đã đọc và đang nghiền ngẫm,395,175
10418172,36399672,5,,987,175
451499,36399672,5,,142,175
19334327,36399672,5,,1521,175
17506038,36399672,4,,1411,175
7333002,36399672,5,good,748,175
18132503,36399672,5,,1459,175
5805473,36399672,5,,573,175
6363265,36399672,5,,645,175
16504802,36399672,5,Nội dung rất sâu sắc. Chất lượng in tốt.,1355,175
24558734,36399672,5,,1729,175
1877233,36399672,5,,407,175
10923965,36399672,5,,1026,175
21438034,36399672,5,,1618,175
9951640,36399672,4,,954,175
7373367,36399672,1,sách không có bọc nilong bên ngoài và bị dích bụi bẩn,751,175
705448,36399672,5,,210,175
17087943,36399672,5,A,1382,175
184781,36399672,5,,71,175
306044,36399672,5,,100,175
8281800,36399672,5,,851,175
774455,36399672,5,,223,175
7588129,36399672,5,,775,175
17907906,36399672,4,,1441,175
7329374,36399672,5,,747,175
15188732,36399672,3,,1290,175
445345,36399672,5,,140,175
11714799,36399672,5,,1087,175
2026685,36399672,5,,436,175
19065387,36399672,5,,1506,175
898744,36399672,5,,256,175
8370013,36399672,5,,860,175
5848334,36399672,5,,582,175
18106501,36399672,4,,1454,175
1953453,36399672,5,,417,175
228750,36399672,5,,88,175
771492,36399672,5,Amazing,221,175
1866106,36399672,5,Hay,406,175
535593,36399672,5,,166,175
5650527,48362504,5,"sách dễ thương phù hợp với lứa tuổi thiếu nhi và tuổi teen, nhưng tiki giao sách bị quăn góc",556,202
5900422,48362504,5,,590,202
15286816,48362504,5,,1295,202
19300093,48362504,4,"Giao hàng nhanh, tốt!",1518,202
8288502,48362504,4,,853,202
7206485,48362504,5,,736,202
14420518,828647,5,Bọc gói kỹ càng!,1254,58
1864681,828647,5,"Nội dung hay, có nhiều điều hữu ích. Tiki giao nhanh, giá tốt",405,58
1039840,828647,5,"Tiki giao hàng nhanh, đóng gói đẹp, phục vụ nhiệt tình, sách ok",281,58
5848201,828647,5,"Sách rất hay, trình bày đẹp",581,58
655288,828647,5,rata hữu ích,199,58
16969405,828647,5,,1379,58
6304722,828647,4,Bìa sách bẩn và hơi lem nhem keo dán phần tem.,640,58
6780614,828647,5,,695,58
7890496,828647,4,,812,58
210902,828647,5,,84,58
7430221,828647,4,"Giao hàng nhanh, chất lượng sách in tốt.. Lần sau sẽ ưu tiên tìm mua sản phẩm trên tiki",758,58
12703320,276841585,5,,1150,673
18187689,8835539,5,,1465,103
7621628,8835539,5,,777,103
98653,8835539,5,,48,103
10528515,8835539,5,,998,103
24578950,174614168,5,,1730,420
6230513,174614168,5,,628,420
5856511,174614168,5,,585,420
317483,273691878,5,Tốt,105,563
8818692,273691878,5,,893,563
953241,273691878,4,,270,563
6599221,13385364,5,,671,129
14156527,13385364,5,Tốt,1245,129
14269387,13385364,5,,1250,129
2120523,1938903,5,"Giấy đẹp, sách mới. Hài lòng!",452,66
21500023,1938903,5,,1624,66
7038371,8835539,5,"Siêu phẩm đúng với lời đồn "" Cuốn sách ảnh hưởng nhất mọi thời đại"". Đọc đoạn hành trình 20 dặm thôi là đã trúng tim đen rồi. Cuốn sách nội dung hay lắm các bạn nhé. Cảm ơn Tác giả, cảm ơn Tiki ( dịch vụ không chê được: sách mới+ giá rẻ+ chị giao hàng thân thiện)",716,103
8872432,8835539,5,,897,103
21558077,8835539,5,,1626,103
27635778,8835539,5,,1777,103
23153412,8835539,5,,1707,103
9786862,8835539,5,,937,103
9636076,8835539,5,Tuyệt vời!,923,103
14982315,8835539,5,"Giao hàng siêu nhanh. Sách đẹp, bọc cẩn thận. Cảm ơn shop.",1278,103
11396202,8835539,5,sách mới ok chất lượng ổn không phụ sự kì vọng . giao hành nhanh đóng gói cẩn thận . ( hình ảnh mang tc minh hoạ ),1063,103
13620930,8835539,5,Sách được bọc plastic nên còn rất mới. Mua được giảm giá nhìu. Nội dung thì chưa đọc nhưng theo nhận xét thì rất hay,1214,103
18790509,8835539,5,,1495,103
2127834,8835539,5,"Một trong 3 quyển sách hay của Jim Collins. Sách hay, các khái niệm đưa ra rất mới, được tổng kết từ thực tiễn",454,103
6254635,8835539,5,,630,103
17321473,8835539,5,,1398,103
18618473,8835539,3,Chữ in hơi nhỏ và mờ mực chất lượng chưa thực sự tốt,1489,103
28599255,8835539,5,,1801,103
19455780,8835539,5,,1528,103
26544271,8835539,5,,1752,103
2065541,8835539,5,"Tác phẩm này thì không còn gì để bàn rồi, mình đã từng mua đọc, và tặng cho bạn, lần này tái bản mình lại mua lần nữa.",442,103
11327346,8835539,5,tốt,1055,103
27442097,8835539,5,Sịn quá,1771,103
10252774,8835539,5,"nhận được sách, mà muốn mua tiếp thôi ạ. sách rất đẹp! cám ơn tiki",975,103
24531899,8835539,5,,1727,103
6765529,8835539,5,Thích,694,103
11944614,8835539,5,"Sách hay, bọc Sách cẩn thận. ❤️",1105,103
20738505,8835539,5,,1593,103
7053613,8835539,5,Tốt,719,103
274729,8835539,5,,95,103
451499,8835539,5,Giao hàng nhanh.,142,103
18097632,8835539,5,good,1453,103
8538778,8835539,5,,873,103
23785062,8835539,5,,1718,103
733427,8835539,5,Sách hay,214,103
17087943,8835539,5,A,1382,103
6468863,8835539,5,,654,103
143219,8835539,5,,60,103
6304722,8835539,5,,640,103
16426556,8835539,5,,1350,103
818878,8835539,5,,241,103
5602054,8835539,5,Sách về quản trị doanh nghiệp tuyệt vời! Mình rất thích!,551,103
12151124,8835539,5,Sách hay nên đọc,1121,103
19358343,8835539,5,,1522,103
8837112,8835539,5,,894,103
19407471,8835539,5,sp tốt tôi rất thích,1524,103
5175031,8835539,5,,480,103
15188732,8835539,3,,1290,103
664787,8835539,5,"Tiki giao hàng tốt. Chất lượng đóng sách tốt . Nội dung hay, không đọc thì tiếc lắm",201,103
9840079,8835539,5,,942,103
558142,275783010,5,,172,650
6468863,23930107,5,,654,159
16365003,23930107,5,đáng để đọc,1345,159
15312,23930107,5,,18,159
5353717,230009482,5,,507,499
8094853,230009482,4,,831,499
9786862,230009482,5,,937,499
2127834,560565,4,"Nhận xét về hình thức của sản phẩm này là bìa in đẹp, chất lượng giấy không  tốt, mực in rõ. Sách nhỏ, mỏng nhẹ dễ cầm,.Tiki giao hàng nhanh, OK",454,45
18132503,560565,5,,1459,45
21966591,560565,5,,1648,45
5253296,560565,5,,493,45
6112344,560565,3,"tiki  giao hàng nhanh, bìa đẹp, nhưng sách viết theo thị hiếu, hoặc do bản thân đã lớn tuổi nên nội dung không phù hợp, nhưng giá rẻ",617,45
8599820,59047889,5,"Một cuốn sách hay, giao nhanh, sách đẹp, mua hàng ở tiki luôn yên tâm về chất lượng. đầu tư cho tri thức là khoản đầu tư đúng đắn",878,221
1231830,59047889,5,,309,221
13901071,59047889,5,,1233,221
28392420,59047889,5,,1798,221
12923385,59047889,5,Rất hài lòng,1171,221
10252774,59047889,5,Nội dung thì mình chưa đọc. Tiki giao hàng rất tốt. an tâm luôn ạ. cám ơn tikj,975,221
8303642,59047889,5,,855,221
25955464,59047889,5,,1743,221
21145599,59047889,5,,1602,221
13518698,59047889,4,,1200,221
11493375,59047889,5,,1071,221
1864681,3750479,4,"Sách nhận lần 1 bị lỗi, tiki đã đổi lại sách mới nhưng vẫn khá cũ.. Nội dung sách có nhiều điều thú vị",405,84
5570085,3750479,5,hình ảnh mang tính chất kiếm xu. Đánh giá 5 sao về chất lượng phục vụ.......,547,84
990696,3750479,5,,273,84
678138,3750479,5,,207,84
8117999,3750479,5,,832,84
9758671,3750479,4,,934,84
1438601,3750479,5,,347,84
16161022,3750479,5,,1331,84
1419293,3750479,5,,341,84
5947376,3750479,5,,595,84
16650557,48873333,5,"Sản phẩm ok, giao hàng nhanh, mình hài lòng về sản phẩm. Mình sẽ ủng hộ  Tiki tiếp tục nè",1359,205
21883162,48873333,5,Sách hàng chuẩn các bạn nhé,1644,205
16145848,48873333,5,"Sách giao hình thức đẹp, giao hàng cẩn thận không bị bẩn, xước. Rất hài lòng.",1328,205
11871210,48873333,5,"chất lượng sách tốt và cuốn sách bổ ích ,",1097,205
18118699,48873333,5,,1456,205
9135558,48873333,5,,916,205
7180204,48873333,5,,732,205
10969139,49549978,5,"sách hay, chúng ta cứ khuyên người khác phải nỗ lực, phải cố gắng, nhưng cái môi trường người ta sống tạo ra người ta như thế, muốn thay đổi điều đầu tiên phải thay đổi môi trường sống, làm việc và sinh hoạt.. Môi trường thay đổi thì tâm tính thay đổi, tâm tính thay đổi thì thói quen thay đổi, đổi từng chút từng chút một",1030,209
18132503,49549978,5,,1459,209
15188098,49549978,5,Sách rách mất 1 trang,1289,209
16168364,49549978,5,"nội dung em chưa đọc nên sẽ quay lại nhận xét sau. Cám ơn Trading Tiki đã có những ưu đãi cho khách hàng, đợt này sách mình nhận 99% là nguyên vẹn, đẹp, chất lượng.Mn nên ủng hộ nhé !",1333,209
12088578,49549978,5,"sách đóng gói cẩn thận, giao hàng đúng hẹn, rất hài lòng ♥️",1114,209
6679874,49549978,4,,681,209
8094853,49549978,4,"cơ bản thấy ổn, chưa đọc kỹ",831,209
8312739,49549978,5,Chưa đọc nhưng cứ cho 5 sao vì tên sách,857,209
10923965,49549978,5,,1026,209
85966,49549978,5,,43,209
12489312,49549978,5,,1139,209
655288,49549978,5,rất đáng đọc,199,209
7591959,49549978,5,Bổ ích!,776,209
1524428,49549978,5,,359,209
17777784,49549978,4,,1433,209
2163889,49549978,5,,461,209
16365003,49549978,5,chán,1345,209
5176086,49549978,5,Sách hay nhưng ngắn quá...,481,209
411083,49549978,5,,132,209
14915860,49549978,5,,1274,209
19065387,49549978,5,,1506,209
16074585,49549978,5,,1321,209
8672276,49549978,5,,885,209
6516078,49549978,5,,659,209
1118879,49549978,5,,292,209
129385,49549978,5,,56,209
247953,371709,3,"Sau khi đọc quyển sách này bạn sẽ phải thay đổi suy nghĩ của mình theo chiều hướng tích cực, sách rất bổ ích cho những bạn trẻ.. Dám Nghĩ Lớn! giới thiệu đến bạn một phương pháp tư duy đơn giản nhưng hiệu quả đến kỳ diệu. Quyển sách này trình bày một cách sinh động và dễ hiểu tiến trình giúp bạn đạt được sự mãn nguyện cao nhất trong nghề nghiệp, trong cuộc sống gia đình và trong cộng đồng của bạn. Bạn không cần phải thông minh tuyệt đỉnh hay tài năng xuất chúng mới đạt được thành tích lớn lao, bạn chỉ cần rèn luyện và thực hành thường xuyên thói quen dám nghĩ lớn.",89,24
772755,371709,4,"Cuốn sách chỉ cho ta thấy được sự cần thiết của một thái độ sống tích cực. Thái độ tích cực như một chất xúc tác cho những hành động tạo nên sự khác biệt. Con người chúng ta hãy biết mơ ước và bắt tay vào hành động để những mơ ước đó thở thành sự thật, đừng chờ đợi cơ hội hoàn hảo vì sẽ không bao giờ có một cơ hội nào hoàn hảo 100%, cơ hội do chúng ta tạo ra. Tuy nhiên cuốn sách này khá nhấn mạnh việc thành công là phải kiếm được nhiều tiền, giàu có, đạt được mục tiêu là của cải vật chất. Mình nghĩ còn có rất nhiều hệ quy chiếu khác cho sự thành công ví dụ như đam mê nghệ thuật, về các giá trị tâm linh tín ngưỡng v...v...",222,24
520065,371709,3,"1 chữ HAY.. Đối với mình đây là 1 cuốn sách đứng thứ 2 sau cuốn Đắc Nhân Tâm . Khổ bỏ túi này rất tiện lợi cho việc mang theo bên người để đọc mọi lúc, mọi nơi. Nó tiếp cho ta thêm sức mạnh và ý chí để vươn lên dẫn đầu. Nó giúp cho ta có những suy nghĩ mới mẻ hơn và làm những việc vĩ đại hơn. Nhưng điểm trừ ở chỗ Tiki giao cho mình sách bị cong vẹo, hơi cũ nên thất vọng xíu. Dù sao mình nghĩ đây là 1 cuốn sách hay mọi người cần nên đọc",162,24
456366,371709,5,"Đây thực sự là một trong những cuốn sách mà mình rất tâm đắc,nó đã cuốn hút mình từ ngay những trang đầu tiên.Tác giả viết các đề mục rất logic ,cụ thể hơn nữa là dễ hiểu nữa chứ.Và cuốn sách ,mình đã hiểu hơn về chính mình ,đặc biệt là sự khác biệt giữa người nghĩ lớn và người nghĩ nhỏ.Quan trọng hơn hết là tuy bạn thực hành nghĩ lớn,nhưng theo mình bạn hãy bắt đầu từ những hành động nhỏ.Cuốn sách này nhỏ,dễ mang theo..nó sẽ là bạn đồng hành của bạn trên đường Thành Công Rực Rỡ.Và mình cảm thấy rất may mắn khi có trong tay cuốn sách nhỏ này ^^.",144,24
9786862,275155619,5,,937,589
2198103,206784506,5,,464,459
9078,335315,5,"Câu chuyện ấm áp này mang đến cho tôi một suy nghĩ mới về tình yêu thương và sự cô đơn của trẻ con. Cô bé Sheila không đơn thuần chỉ là một cô bé mang nỗi đau về thân thể lẫn tinh thần muốn được chia sẻ mà câu trong đó là một tâm hồn chai sạn, bất hạnh và đầy thù hận, có lẽ cô bé đã trải qua quá nhiều biến cố. Nhưng khi đặt chân đến lớp học đặc biệt, mọi thứ dường như đã có biến chuyển, người đọc có thể thấy sự đấu tranh mãnh liệt, bền bỉ nhưng vô cùng thầm kín của cô bé, cho một tương lai tươi sáng hơn. Với cốt truyện đơn giản, mộc mạc nhưng lại vô cùng sâu sắc và ý nghĩa, nhà văn nữ Torey Hayden đã mang đến cho chúng ta thấy về sự yêu thương vô điều kiện của cô giáo trẻ đến Sheila, và cũng khẳng định rằng phép màu vẫn còn đang hiện diện trên thế giới này.",13,5
109067,335315,4,"Đôi mắt ngây thơ nhưng đầy bí ẩn ngoài bìa sách đã thu hút mình tìm đến tác phẩm này. Thực sự là một câu chuyện tuyệt vời, mà mỗi cảm xúc dù nhỏ nhất sẽ đều đọng lại trong lòng người đọc. Lời kể chân tình, thủ thỉ của Torey Hayden, tác giả và cũng là người giáo viên đã dạy dỗ Sheila đã lột tả một cách quá chân thực những góc khuất tăm tối trong tâm hồn của một đứa bé. Đọc sách mới thấy hết sự khủng khiếp mà chứng rối loạn tâm lý có thể gây ra: từ một đứa trẻ tinh nghịch, đáng yêu có thể biến thành một đứa trẻ lầm lì, đầy giận dữ và đau đớn. Câu chuyện nhiều đoạn có quá nhiều bế tắc cảm tưởng không thể vượt qua. Nhưng tình yêu thương và sự nhiệt tình của Torey đã mang lại biết bao điều kỳ diệu cho Sheila và những đứa trẻ bị bệnh khác.. Một cuốn sách hấp dẫn, cảm động, mỗi trang sách là một hành trình tuyệt vời. Câu chuyện cũng như một lời nhắc nhở đầy tinh tế gửi đến những bậc phụ huynh trong việc quan tâm, chăm sóc những đứa con bé bỏng của mình.",49,5
20073,335315,4,"Câu chuyện có thật này có khả năng lôi cuốn độc giả đến tận cùng và làm họ chìm đắm trong những suy tưởng và cảm xúc của quá khứ và hiện tại. Từng hình ảnh, chi tiết, từng mảnh ghép trong cuộc đời cô bé Sheila hiện lên quá chân thực và sắc nét. Những nỗi đau của việc bị mẹ bỏ rơi trên đường cao tốc, bị ***, bị đánh đập dẫn đến việc cô bé bị trầm cảm nặng, tất cả được viết ra bằng những ngôn từ gần gũi, như tâm tình thủ thỉ, nhưng cũng mãnh liệt và dữ dội hơn bao giờ hết. Nhưng không chỉ có vậy, sau đêm tối là ánh sáng, cuộc đời cô bé đã chuyển hướng khi em gặp được người biết yêu thương và chăm sóc em, biết dẫn em đến với những chân trời mới. Đan xen nhiều cảm xúc khác nhau, cùng lối kể truyện tuyệt diệu đã làm nên một câu chuyện về tình yêu thương bao la mà con người dành đến cho nhau.",22,5
12133998,76826976,5,,1120,240
10475359,76826976,5,,993,240
11628287,76826976,5,hay,1079,240
6765529,76826976,5,Thích,694,240
5642070,76826976,5,,555,240
24923026,76826976,5,,1735,240
18740986,76826976,4,,1492,240
7178520,170298038,5,"Cực kỳ hài lòng. Sản phẩm có chất lượng đúng như mô tả, đóng gói chắc chắn, rất đáng tiền, giao hàng nhanh. . P/s: Không có thời gian chụp hình nên mình lấy đỡ hình trên mạng up",731,410
13740668,170298038,4,Cuốn này nói chung về sự nỗ lực và kiên trì . Bảo quát về góc nhìn của những người ở trường Harvard về hai kỹ năng đó,1223,410
27622963,170298038,5,"Tiki chuẩn bị hàng kĩ, nhanh gọn. Đóng gói khá cẩn thận. Sách hay lắm nha. Giao hàng nhanh",1776,410
15188098,170298038,5,,1289,410
7197095,170298038,5,,734,410
11891788,170298038,5,Nội dung rất hay. Làm thức tỉnh lòng người,1101,410
8137839,170298038,5,"Sách rất đẹp, mình chưa đọc hết nên không thể đánh giá toàn diện nội dung được nhưng cảm nhận ban đầu thấy đây là một cuốn sách khá đáng đọc.",839,410
8872432,170298038,5,,897,410
5757175,170298038,5,,568,410
12151124,170298038,5,"Sách hay. Tạo động lực để mọi người dốc sức học tập, tiến bộ.",1121,410
27820963,170298038,4,"Cuốn sách ""định mệnh"" ,thay đổi cuộc đời tôi mặc dù t chx đọc",1783,410
23783813,170298038,5,,1717,410
22588512,170298038,5,,1683,410
10681858,170298038,4,,1009,410
27677383,170298038,5,Sách dày mong là đọc được),1778,410
28056883,170298038,5,,1793,410
1384877,170298038,5,,336,410
920496,170298038,5,"Sách đẹp, giao hàng nhanh. Mình chưa đọc nên chưa review nội dung được.",263,410
26416478,170298038,5,"Đóng gói cẩn thận, giao hàng nhanh, sách siu sịn",1750,410
20026042,170298038,4,Có lẽ do do đọc mấy quyển sách khác rồi nên khi đọc quyển này thấy ko hấp dẫn nữa,1561,410
20691801,170298038,5,sách hay nên mua,1591,410
947920,170298038,5,,268,410
16987502,170298038,5,"rất đẹp nha, k có trầy xước gì hết🥰",1380,410
10418631,170298038,5,,988,410
27837115,170298038,4,,1785,410
22405575,170298038,5,,1670,410
19523592,170298038,4,,1534,410
10036447,170298038,5,,965,410
1624472,170298038,5,,371,410
21969937,170298038,5,Sách hay,1650,410
5116829,170298038,5,,471,410
17777784,170298038,5,,1433,410
26475640,170298038,5,,1751,410
586855,170298038,5,,178,410
18740986,170298038,4,,1492,410
23850008,170298038,5,,1720,410
8838101,170298038,5,,895,410
10025671,170298038,5,,962,410
16188247,177117491,5,,1335,422
6018022,177117491,5,,606,422
955944,177117491,5,,271,422
547234,177117491,5,,169,422
10025671,177117491,5,,962,422
318283,93327797,3,"Có khá nhiều lời nhận xét dành khen tặng cho cuốn sách. Tuy nhiên, theo nhận xét cá nhân, thì nội dung không đủ sức gánh hết những lời khen. Có quá nhiều những ”tên đặt”, ví dụ nhận thức lỏng, nhận thức căng… càng nhiều tên đặt thì càng gây chán. Có quá nhiều những câu chuyện lồng vào để dẫn dắt nhưng vì quá nhiều nên gây chán vì chả liên quan gì. Nửa đầu cuốn sách còn hấp dẫn, càng về sau càng chán, kiểu lảm nhảm.. Nhìn chung, với 600 trang ngốn hơn 12 giờ đọc thì hơi phí. Nếu lược bớt lảm *** còn 250 trang thì may ra hấp dẫn hơn tí. . 5/10 điểm. Đọc xong thấy thu nhặt chẳng được bao nhiêu kiến thức, haizz chắc tại *** quá.",107,259
13149321,93327797,5,,1183,259
26105955,93327797,5,"Sách đẹp, mới tinh, đóng gói hơi ổn",1746,259
28056229,93327797,5,,1792,259
13008421,93327797,5,"Tiki tuyệt vời quá, mới đặt sáng hôm qua mà hôm nay có rồi..  Quyển sách rất hay về tâm lý, giúp  ta đưa ra quyết định sáng suốt hơn.",1177,259
6296758,93327797,5,"Cuốn này do tiến sĩ Dương Ngọc Dũng giới thiệu nên phải mua cho được để đọc. Sách bảo quản OK, đóng gói tốt, vận chuyển nhanh.",636,259
28747770,93327797,5,,1804,259
27374324,93327797,5,"Giao hàng nhanh, sách rất đẹp.",1770,259
7305525,93327797,5,Mọi thứ ok lắm,744,259
26196160,93327797,5,tôt,1748,259
7707283,93327797,5,,796,259
12897111,93327797,5,,1166,259
22454445,93327797,5,,1674,259
28420073,93327797,5,,1799,259
21309136,93327797,5,,1609,259
28059010,93327797,4,Móp nặng trời ơi,1794,259
10891336,93327797,5,,1021,259
1811174,93327797,5,Sách hay giúp mình nhận biết được nhiều thiếu sót khi tư duy,395,259
23892324,93327797,4,,1721,259
21940481,93327797,5,,1647,259
21440634,93327797,5,,1619,259
10368512,93327797,5,,984,259
12542002,93327797,5,,1141,259
14157271,93327797,5,,1246,259
1356818,93327797,5,,329,259
7664901,93327797,5,,782,259
17321473,93327797,5,,1398,259
191670,93327797,5,,76,259
6599221,93327797,5,,671,259
8993466,93327797,5,,906,259
17352605,93327797,5,,1400,259
1635513,93327797,5,,373,259
8253980,93327797,5,,847,259
204624,93327797,5,,80,259
15918498,93327797,5,Ok,1319,259
8838101,93327797,5,,895,259
22720770,93327797,5,🥰,1690,259
26393060,93327797,5,,1749,259
13515195,93327797,5,,1199,259
692199,93327797,5,"Giao nhanh, chất lượng sách tốt",208,259
16487754,93327797,4,Khá ok,1354,259
23893415,93327797,5,Sách hay,1722,259
23842109,93327797,5,hay nhé,1719,259
22700568,93327797,5,,1689,259
25519269,93327797,5,,1738,259
1128327,93327797,5,,295,259
809440,93327797,5,,236,259
14219155,93327797,5,,1248,259
24097350,93327797,5,,1725,259
748040,93327797,5,,216,259
1264700,93327797,5,,316,259
10640306,93327797,4,ok,1007,259
6295657,93327797,5,,635,259
21353765,93327797,5,,1613,259
2201250,93327797,4,,465,259
17546940,93327797,5,,1415,259
801850,734872,3,"Sách hơi dơ, gấp mép nhẹ. Bookcare bọc cẩn thận. Đóng gói không chèn lót, băng keo dán đè cả lên sách trên cùng. Trang giấy khá mỏng. Giao hàng nhanh.",235,54
1105768,734872,5,,290,54
25656266,734872,5,,1739,54
5176086,734872,1,Sách rất bẩn và trầy xước rất nhiều. Không có bìa nilông bọc sách. Dù là hàng giảm giá nhưng Tiki nên tôn trọng khách hàng.,481,54
6679874,734872,4,,681,54
21228601,734872,5,,1607,54
2232401,734872,5,,470,54
459871,355208,4,"Mình đã từng đọc khá nhiều sách của First New nhưng đây là một trong những cuốn sách hay nhất và mình trân trọng nhất. Đọc sách, mình ngẫm ra được nhiều điều về tất cả những gì đã, đang và sẽ xảy ra trong cuộc sống của bản thân: chuyện học hành, bạn bè, gia đình, tình yêu... Cuốn sách giúp mình tìm ra được phương pháp để cân bằng thời gian cho các mối quan hệ, các công việc thường ngày; giúp mình có thêm nhiều suy ngẫm, nhận thức về các mối quan hệ; có thêm những cái nhìn mới về các vấn đề trong cuộc sống thường ngày và tình yêu...:). Một cuốn sách hay, đáng đọc và suy ngẫm.",145,18
414919,355208,5,"Mình rất thích các tác phẩm của First News Trí Việt vì nó mang tính giáo dục và thực tế cao. Ở cuốn ""Bí quyết trưởng thành"" này, tác giả đã phản ánh đúng vấn đề đang gặp phải ở hầu hết các bạn trẻ như: chuyện học tập, bạn bè, thầy cô, gia đình, tình yêu, lối sống,... Tất cả những vấn đề đó được tác giả phân tích một cách cặn kẽ và tỉ mỉ như thể chính tác giả đang là những bạn trẻ còn đang rất bỡ ngỡ trước cuộc đời. Trải qua rất nhiều nghiên cứu, khảo sát và bài học thực tế về tâm lý học, tác giả đã chỉ ra những phương pháp đơn giản mà hiệu quả nhất giúp các bạn trẻ cân bằng thời gian cho các mối quan hệ, mà không sao nhãng học tập, phát triển một cách toàn diện và lành mạnh, rèn luyện cho bản thân những phẩm chất quý giá của công dân tương lai. Hy vọng đây sẽ là ""người bạn"" tin cậy này giúp các bạn trẻ vững bước trên chặng đường đời phía trước.",133,18
20073,355208,4,"Có nhiều cuốn sách bàn về chủ đề này nhưng cuốn ""Bí quyết trưởng thành"" của Sean Covey vẫn là cuốn mà mình tâm đắc và yêu thích nhất. Những vấn đề được đề cập có thể không mới, nhưng được tác giả dẫn dắt tài tình, với lời văn nhẹ nhàng, gần gũi và dễ hiểu. Tác giả đưa người đọc đến những khía cạnh rất quen thuộc trong đời sống hàng ngày, để cùng nhau chia sẻ và bàn luận chúng, từ đó rút ra những bài học cần thiết cho bản thân. Bên cạnh đó là những hình vẽ đáng yêu giúp người đọc dễ tiếp nhận tác phẩm này hơn. Đây là một hành trang cần thiết cho mỗi bạn teen khi sắp bước vào một cuộc sống mới.",22,18
396193,273823282,5,"Sách bọc kiếng, giấy đẹp, mịn. Giao hàng nhanh",127,567
13541376,273823282,5,HAY,1204,567
10418172,273823282,5,,987,567
127819,467187,5,"Nói thực thì chưa có cuốn sách nào để lại cho tôi nhiều suy ngẫm và triết lí đúng đắn như của Osho. Quyển sách này vô cùng quý giá và đáng để đọc, giá cả lại rất rẻ so với những cuốn sách khác mà tôi mua. Osho đã gây ra rất nhiều tranh cãi nội tâm trong tôi khi đưa ra những quan điểm và cái nhìn khác biệt, thâm sâu và mang đầy tính triết lí của tôn giáo cùng với niềm tin vào Đấng Tạo hóa tự nhiên. Ông không chỉ nói về hạnh phúc thực sự, ông còn chỉ ra những giá trị ảo mà con người bấu víu vào cùng hy vọng tìm được hạnh phúc thực sự thông qua sự dối trá. Rất hay! Rất đáng đọc. Những người yêu nhau hay những ai muốn sống một cuộc đời tràn ngập yêu thương thì nhất định phải đọc quyển sách này.",55,30
26475640,106362413,5,,1751,289
12088578,56753902,5,"sách hay, bọc cẩn thận, Giao hàng đúng hẹn, rất hài lòng ♥️",1114,218
6746297,56753902,5,"Tiki gói hàng cẩn thận, giao hàng cực nhanh với dịch vụ Tikinow. Sách mới, không nhàu nát, giá còn khá rẻ so với giá bìa. Nói chung khá hài lòng về dịch vụ của Tiki.",692,218
8678460,56753902,5,"sách hay, chất lượng tốt. về phần phục vụ của tiki mình rất hài lòng vận chuyển và đóng gói cũng khá OK, shiper giai hàng thân thiện nhiệt tình",886,218
5524164,56753902,5,Là sự tìm hiểu về Đạo của phương Đông được viết bởi tác giả người phương Tây đac mang lại những cái nhìn thú vị và mới mẻ.,537,218
19455780,56753902,5,,1528,218
11875205,56753902,1,"Nghe tên thì hay thôi, nhưng nội dung không có gì đặc biệt",1098,218
7621628,56753902,5,,777,218
5181540,56753902,5,"Một cuốn sách rất đáng đọc, giúp bạn hiểu và phá vỡ các khuôn mẫu đã hình thành trong quá khứ. Tiki giao hàng nhanh.",482,218
11881876,56753902,5,"sách rất hay, cuốn hút, hữu dụng",1099,218
21883162,56753902,5,ok,1644,218
5325613,56753902,5,"Nếu đang học môn triết học, có thể đây là một quyển sách đáng dùng để tham khảo",502,218
11280300,56753902,5,,1050,218
7333002,56753902,5,good,748,218
678138,56753902,5,,207,218
1782676,56753902,5,Sách đẹp,392,218
16521833,84457155,5,"Nội dung cũng tạm được thôi, cũng khó cho mấy bạn teen, yêu mèo nhưng chưa có trải nghiệm nhiều về cuộc sống.",1357,247
11769760,84457155,3,Sách bẩn và bám bụi nhiềuu,1091,247
25096321,84457155,5,Ổn nhưng khá bụi,1737,247
8303642,84457155,5,,855,247
1610504,84457155,5,,370,247
1070246,84457155,5,,285,247
6524403,84457155,5,,662,247
6584622,1353611,5,,668,59
2065541,1353611,5,"Là một người viết đồng thời là một người học trọn đời. Dù đã trải qua nhiều năm cải thiện bản thân, tôi phải thừa nhận rằng tôi luôn gặp khó khăn trong việc làm cho mọi việc trong ngày trôi chảy. May mắn là tôi gặp cuốn sách này, tác giả nổi tiếng thế giới Twyla Tharp đưa ra những ""nghi lễ"" để khiến ngày làm việc của bạn đạt được cả hai tiêu chí quan trọng nhất, kiên định và sáng tạo.",442,59
12703320,1353611,5,,1150,59
860246,1353611,5,,247,59
18343577,32802799,5,"1 cuốn sách hay của Shark Daymond.Cuốn sách thể hiện sự hiểu biết và kinh nghiệm từng tiếp xúc của Shark với doanh nghiệp Mỹ đặc biệt là giới khởi nghiệp.Các dẫn chứng thuyết đi kèm là những lời khuyên hữu ích về các phẩm chất cần có của 1 Founder Startup: Luôn vượt lên chính mình,Hãy thành thật,Kiểm soát nguồn lực.Đây là cuốn sách hay dành cho mọi Startup",1478,167
5226292,32802799,5,Sách quá hay.🥳..,488,167
15042522,32802799,5,,1281,167
1841457,32802799,5,"Sách mua cùng lượt với các sách khác (TikiNow), các sách khác thì ngay ngày hôm sau đã giao tới, còn sách này thì cả tuần sau mới tới nơi. Tuy nhiên, sách in ấn đẹp, bao bì tốt. Chưa kịp đọc, sẽ từ từ thưởng thức.",401,167
22389499,32802799,5,,1668,167
16206233,32802799,5,,1337,167
27788657,32802799,5,,1780,167
27139409,32802799,5,,1764,167
12631514,32802799,1,Khi nào thì Tiki mới nhận ra việc đóng gói chống sốc rất quan trọng nhờ? Hay mãi mãi là sự ẩu tả ?,1148,167
11483560,32802799,5,,1069,167
1039840,32802799,5,,281,167
6827897,32802799,5,,701,167
19910672,32802799,3,sách giao bị quăn góc đầu sách,1553,167
535135,32802799,5,,165,167
18278431,32802799,5,,1473,167
5814517,32802799,5,,576,167
13513176,32802799,5,,1198,167
1503284,32802799,5,,354,167
6387396,32802799,5,,649,167
8458949,32802799,5,Chưa đọc,867,167
9782275,32802799,1,"Gọi điện cho khách nói trống không, giao hàng thái độ không tốt.",936,167
12705599,32802799,5,,1152,167
628546,32802799,5,"Sách đẹp, giao hàng nhanh.",189,167
11646757,32802799,5,"Nội dung hay, có nhiều ý nghĩa trong cuộc sống, nên đọc :)",1080,167
6043580,36857503,5,"Sách nhìn vừa mắt, là các câu danh ngôn thôi! Nói chung mua đocj để đa dạng thêm ngôn từ",609,179
19455780,36857503,5,,1528,179
1895509,36857503,5,,410,179
862558,36857503,5,,248,179
1279614,36857503,5,Sách hay cho những người cha yêu thương con cái,318,179
1428415,36857503,5,"sách hay, bìa đẹp ❣❣",344,179
7101551,36857503,5,,724,179
120954,36857503,5,...,52,179
6914536,36857503,5,,710,179
12800368,36857503,5,tạm,1158,179
1503284,36857503,4,,354,179
11679893,36857503,5,,1083,179
7890560,106362745,5,Sách hay. Giao hàng tốt,813,315
1259563,510934,5,Một cuốn sách mộc mạc về những kỳ nhân xứ Huế. Nội dung không nhiều nhất là cái tình của người viết.,315,41
17517042,510934,5,"Sách rất hay, đóng gói cẩn thận, giao hàng nhanh. Cảm ơn fahasa, sẽ tiếp tục ủng hộ",1412,41
1576425,510934,3,Mình thấy nội dung không ấn tượng lắm.,367,41
12088578,3672853,5,👍👍👍,1114,82
17517042,3672853,5,"Sách cực hay, giao hàng nhanh, đóng gói cẩn thận, sẽ tiếp tục ủng hộ",1412,82
1438406,3672853,5,Tốt,345,82
18740986,3672853,4,,1492,82
12631514,3672853,1,"Ẩu quá ẩu đi Tiki ơi, đóng gói không có tí chống sốc nào cả!",1148,82
1346349,3672853,5,,326,82
17545865,3672853,5,,1414,82
9135558,3672853,5,,916,82
10440121,3672853,5,,990,82
12359694,3672853,5,,1130,82
638536,143144253,5,Quyển sách đáng đọc. Tác giả Phan Văn Trường đã đúc 70 năm cuộc đời giàu trải nghiệm của mình trong quyển sách này.,194,393
22500606,362226,5,Giao nhanh đóng gói kĩ,1677,20
5353717,362226,3,"Những điều đã được nói rồi, không có gì mới.",507,20
11359,362226,5,,16,20
138485,362226,5,,58,20
7209435,362226,5,,737,20
14039881,362226,5,"Giao hàng nhanh, đóng gói cẩn thận, chất lượng sản phẩm tốt",1237,20
15169513,322074,5,Ok,1288,2
20073,322074,4,"Mình cảm thấy hứng thú với cách dẫn dắt câu chuyện trong ""Phút nhìn lại mình"". Một cách đơn giản, chân thực, với lời văn nhẹ nhàng, không đưa ra những triết lý đao to búa lớn nặng nề, mà đi sâu vào việc phân tích những trạng thái, cảm xúc, tình cảm rất gần gũi với mỗi chúng ta. Một chàng trai, mà có thể là bất cứ ai trong xã hội này, gặp những khó khăn, áp lực trong cuộc sống, công việc, tìm kiếm lại chính bản thân mình. trên hành trình ấy anh gặp được những con người sẽ đông hành với mình. Họ cùng nhau đi tìm lại giá trị đích thực của cuộc sống, của bản thân, những điều tốt đẹp bị lãng quên từ lâu. Qua nhiều bài học, thông điệp quý báu được dành đến, quá nhiều cảm xúc được tạo ra, ""Phút nhìn lại mình"" là một trong những cuốn thể loại self-help ấn tượng và đáng đọc nhất! Một cuốn sách tuyệt vời!",22,2
705448,272877866,5,,210,552
5953228,272877866,5,,596,552
16898585,272877866,5,,1376,552
8264530,272877866,5,"Sách hay, 5 sao",849,552
10519861,272877866,5,,997,552
13820622,272877866,5,,1226,552
76823,324681,5,"Quyển sách này rất đặc biệt, đó là do cô giáo dạy ngữ văn tặng tôi, vào ngày cô chuyển trường đi nơi khác…. Đối với tôi, những cuốn hạt giống tâm hồn luôn rất sâu sắc, nhẹ nhàng mà sâu sắc. luôn là một bài học nào đó ta vỡ lẽ, đơn giản thôi, nhưng rất ngỡ ngàng. Cho lòng dũng cảm và tình yêu cuộc sống – sẵn sàng đối mặt với mọi thử thách, đối mặt bằng tình yêu. dũng cảm cũng có nghĩa là mạnh mẽ, và tình yêu là vũ khí lớn nhất của con người, chẳng phải tôi đã đọc thấy điều này trong bộ truyện yêu thích Harry Potter đấy sao?. Mỗi câu chuyện ẩn trong mình một ý nghĩa, một sự chiêm nghiệm đầy xúc cảm. “Lòng can đảm giúp chúng ta chống lại nỗi sợ hãi, tìm cách khống chế nó, chứ không phải giúp chúng ta chối bỏ sự tồn tại của nó”, “hết thảy chúng ta đều là những thiên thần một cánh; và chúng ta chỉ bay khi ôm chặt lấy nhau”. Hạt giống tâm hồn, quyển sách chỉ giúp bạn nhận ra mọi chuyện, không phải dạy bạn làm mọi chuyện. hãy tự khám phá, và làm cho cuộc sống đẹp hơn!.",42,3
14088052,12416731,5,,1239,125
21131955,12416731,5,,1601,125
1039840,12416731,5,"Tiki Phục vụ tốt, giao hàng nhanh, đóng gói ok, nội dung mình chưa đọc.....",281,125
651562,12416731,4,Một cuốn sách tạo động lực làm chủ bản thân cho những người đang còn loay hoay,197,125
5582356,12416731,5,"Giao hàng nhanh, bao bọc đẹp, rất ôk",548,125
5672375,12416731,5,,559,125
570018,102513019,5,,174,265
16487754,102513019,5,Ok,1354,265
20417691,46107066,5,Cuốn sách quá hay!!!. Không chỉ dành cho các bạn trẻ đang Đi học mà dành cho Tất cả mọi người luôn mong muốn học hỏi mỗi ngày. . Thật sự sau mỗi một chương sách đều khiến tôi cảm thấy được “mở mắt” và ước rằng giá mà mình được biết những điều này từ khi còn nhỏ. . Nhưng không sao! Biết muộn còn hơn ko biết.,1576,196
5429527,344235,5,,519,13
7591959,344235,5,,776,13
5384292,477566,4,Chưa đọc nên kb hay không. Giao hàng nhanh. Nhìn chung sách ổn. Tuy nhiên mình cảm thấy chất lượng giấy in k đc tốt lắm.,511,33
5911136,477566,5,"Sách đẹp, đóng gói tốt",591,33
15188732,477566,4,,1290,33
1635513,477566,5,sách hay lắm. bọc cẩn thận,373,33
7425617,477566,5,,757,33
10711911,1353611,5,"Quyển sách gồm những câu nói giúp khám phá định nghĩa về sự tha thứ và những biểu hiện đa dạng của nó. Sách có cả phần tiếng Anh và tiếng Việt. In đẹp, bìa cứng cáp. Tiki giao hàng nhanh.",1010,59
19652604,1353611,5,"Sách có nên mua không? Sách có phù hợp với trẻ hay không? Giá sách liệu có hợp lí? Giao hàng liệu có đảm bảo: thuận tiện, nhanh? Trải nghiệm và cảm nhận. Thực sự phù hợp và hài lòng.",1539,59
22389499,1353611,5,,1668,59
18242196,1353611,5,Sản phẩm đúng như hình. Gói hàng kỹ. Ship đến nhanh. Hài lòng với chất lượng sản phẩm ?,1470,59
9886531,1353611,5,"Giao hàng nhanh, giá sale tốt. Cám ơn tiki.",948,59
7642411,1353611,5,"Sách đẹp nguyên seal, tiki giảm giá xịn",779,59
8200000,1353611,5,Sách xinh lắm luôn áaaaaaaaaa.,843,59
9095400,1353611,5,,912,59
12704097,11801227,4,"Tác giả có ác cảm với hôn nhân, còn lại okay",1151,122
1049918,11801227,5,,282,122
12705959,11801227,5,,1153,122
1239573,270145715,5,,312,539
6201752,100289392,5,Sách đẹp,626,261
1904519,100289392,5,,412,261
551223,100289392,5,,171,261
2122740,100289392,5,,453,261
14595628,100289392,5,,1263,261
368266,1954475,5,sân phẩm xài rất nhiều sức khỏe và bình an nhé anh thầu trong hoạt động của anh voi a P confirm lịch thi với bé Minh gì đó trước khi giao tiếp xúc gần anh qua chỗ chị Trinh mà chưa chắc ngon hay không đi có rule cua google cho Go ta có xe mới nhiều sức mạnh khỏe thôi chứ không làm gì mình được em là không phải lo đến sữa cho anh chung lịch nè em không mua rồi chạy xuống không có đuối,121,69
1384584,1954475,5,ok,335,69
175822,1954475,5,,68,69
22502296,1954475,5,,1678,69
5640085,74173570,5,rất tốt,554,231
2120523,74173570,5,"Giấy xốp đọc không loá. Tuy nhiên, theo thời gian sẽ bị ố vàng.",452,231
8536324,74173570,4,.,872,231
13214412,74173570,5,,1187,231
7669271,74173570,5,,785,231
139184,367021,5,"Mua sách từ năm 2013, quá trình giao nhận hàng của Tiki khá tốt. Thủ tục giao nhận hàng đơn giản. Đặc biệt thích cách Tiki bọc sách, bìa dày và bền bỉ.. Còn về nội dung, tôi thích cách Nick truyền tải thông điệp của mình cho mọi người. Động viên người khác từ câu chuyện của chính bản thân mình. Tôi tìm chính tôi qua những câu chuyện Nick. . Trang giấy vàng, ổn đinh, không mỏi mắt khi đọc lâu. Bìa cứng cáp.. Tuy nhiên, quá trình giao hàng khá lâu. mất gần 10 ngày để có hàng đến Gia Lai.",59,21
24486,367021,5,"Không phải nói nhiều về Nick Vujicic, bởi anh là người đã truyền cảm hứng, truyền lửa cho rất rất nhiều người trên thế giới, đặc biệt là người khuyết tật. Cuốn sách ""Sống cho điều ý nghĩa hơn"" là tập hợp những câu chuyện ngắn của Nick, những câu chuyện về cuộc sống, về suy nghĩ, về cảm nhận của bản thân anh. Một điều đặc biệt nữa làm nên giá trị của cuốn sách, là được dịch bởi chị Nguyễn Bích Lan - người được gọi là ""người con gái bên giường bênh"", và chị cũng đã dịch cuốn sách này của Nick khi đang nằm trên giường bệnh. Tác giả và người dịch cuốn sách đã khiến cho rất nhiều người không khỏi suy nghĩ, tiếp thêm động lực cho nhiều người vượt qua nghịch cảnh, chiến thắng bệnh tật để sống một cách tích cực. Không bàn đến hình thức là một cuốn sách đẹp, thì đây là tác phẩm đẹp bởi nghị lực sống, ý chí của con người.",24,21
86842,367021,4,"Nếu so sánh thì quyển sách này không hay bằng ""Cuộc sống không giới hạn"" cũng của  Nick. Mình thích quyển kia hơn. . Nội dung quyển này có đôi chỗ lặp lại với  những quyển sách khác của Nick. Giọng văn thì không đổi, luôn truyền lửa, luôn giúp người khác mạnh mẽ để chạm đến những khao khát bên trong mình. Con người chúng ta luôn tự do lựa chọn, tự do lựa chọn tương lai, tự do lựa chọn niềm hi vọng để bấu vào khi gặp khó khăn và tự do lựa chọn dự mạnh mẽ để quyết định mình sẽ trở thành người như thế nào..",44,21
168271,367021,5,"""Sống cho điều ý nghĩa hơn"" quyển sách có đầy những câu chuyện,những đắng cay,những đau khổ nhưng cũng có tràn đầy tình yêu thương,khát vọng sống.Thực sự,tôi chỉ mới biết Nick lúc anh mới lần đầu tiên sang Việt Nam,bữa đó được truyền hình trực tiếp trên TV,xem anh mà tôi thực sự đã khóc.Tại sao một con người gặp đủ bất hạnh như anh lại có thể vươn lên và đạt tới những đỉnh cao trong học tập,sự nghiệp cũng như cuộc sống như thế chứ?Đọc quyển sách ta sẽ tìm ra câu trả lời:Sống để làm sao cho ý nghĩa hơn,tôi đã mua 2 quyển:1 quyển cho tôi,1 quyển cho bạn tôi nhân dịp sinh nhật.Vì vậy,tôi muốn bạn cũng mua và đọc sách này để những ý nghĩa tốt đẹp của cuộc sống có thể đến với chúng ta!",65,21
414919,367021,5,"Mình thực sự ấn tượng với hình ảnh anh nick, một người sinh ra vốn dĩ đã không tay không chân, thiệt thòi đủ thứ so với người bình thường, nhưng anh mang trong mình một niềm tin mạnh mẽ, một khát vọng không bao giờ ngừng nghỉ,,.... Bằng những tâm huyết lớn lao nhất với hy vọng đem thành công đến nhiều độc giả, anh đã viết ra cuốn tự truyện thứ 3 mang tên ""Sống cho điều ý nghĩa hơn"" cuốn sách đã có ảnh hưởng mạnh mẽ với mình (dĩ nhiên là theo hướng tích cực), làm thay đổi tư duy và nhận thức của mình về sự đời , sự người , niềm tin, khát vọng sống và ý nghĩa cao cả của cuộc sống. Có thể nói, cuốn sách này như một bản nhạc tuyệt vời góp vào bản giao hưởng tuyệt đẹp của cuộc sống. Cuốn sách mang đậm tính nhân văn sâu sắc và phu hợp với nhiều lứa tuổi.",133,21
109067,367021,3,"Mình đã tìm đọc những tác phẩm tự truyện của Nick Vujicic, và càng đọc thì mình càng cảm thấy sự gần gũi, chân thành trong từng chia sẻ, từng câu chuyện của anh. Dù chưa từng gặp mặt nhưng có lẽ giờ đây Nick đã trở nên thân quen với mình như một người bạn vậy. ""Sống cho điều ý nghĩa hơn"" cuốn thứ ba mà mình đọc của anh, và cũng là một cuốn sách để lại những ấn tượng không thể quên. Đúng, những câu chuyện của Nick có thể không mới, có thể chúng ta đã từng bắt gặp, đã đọc ở đâu đó rồi. Nhưng qua lời kể của Nick vẫn có một sức thu hút kỳ lạ. Chính cảm xúc đong đầy trong từng trang sách, chính ý nghĩa nhân bản đến giản dị, không màu mè đã đem lại những bài học sâu sắc về nghị lực, về sức mạnh để chiến thắng những nghịch cảnh trong cuộc sống. Trong cuốn sách, câu chuyện của Nick và của rất nhiều những con người mạnh mẽ kiên cường khác, đã tạo thành một bản nhạc tuyệt vời ca ngợi lòng tốt, tình người, sự cao đẹp của tâm hồn và ý chí chiến đấu đến cùng. Cuốn sách khiến ta tin vào những điều kỳ diệu, rằng chúng hoàn toàn có thể xảy ra nếu mỗi người biết ""sống cho những điều ý nghĩa hơn"".",49,21
40504,367021,5,"Cuốn sách không chỉ nói về cuộc sống hằng ngày của Nick, mà còn cho tôi biết thêm nhiều điều, về những điều mà tôi, hay truyền thông, đã vô tình bỏ quên mất.. Nếu được hỏi, tình yêu có thể làm được những gì, tôi sẽ không ngần ngại mà trả lời rằng: tất cả.. Đừng ngạc nhiên. Trước đây tôi cũng giống như các bạn thôi, cho rằng tình yêu là một thứ phù phiếm, sến ***, là điều mà những tiểu thuyết gia cố tô hồng lên. Nhưng “tình yêu” mà tôi nói ở đây, không phải là “tình yêu” theo kiểu nam nữ yêu nhau bất chấp tất cả, mà đó là tình yêu vô điều kiện, một tình yêu mạnh mẽ đúng nghĩa, để khiến cho một người con dù không có chân tay, vẫn cảm thấy đầy đủ hơn ai hết.. Nếu nói rằng tôi ngưỡng mộ Nick 1, thì tôi còn ngưỡng mộ cha mẹ anh gấp nhiều lần vì đã có thể khiến anh trở nên vĩ đại như thế..",27,21
9797338,828645,5,,939,57
617599,828645,4,"Tác giả là người giỏi, bản lĩnh, thành công, những điều tác gia viết về cuộc đời mình giúp người đọc mở mang tầm nhìn về con đường, cách thức vươn lên thành công trong cuộc sống. Rất đáng đè mọi mọi tìm mua và đọc, sẽ giúp ích cho bạn trẻ và tạo thêm niềm tin hơn trên con đường khởi nghiệp.",186,57
256241,828645,5,,92,57
11000339,828645,5,rat hay,1037,57
899346,828645,5,"Một cuốn sách rất hay, nó thúc đẩy người trẻ làm việc hết mình vì gia đình và vì cộng đồng!",258,57
7890560,160082478,5,"Sách hay, cuốn hút",813,399
8818692,160082478,5,,893,399
6487,160082478,5,,9,399
8264530,14447467,5,"Tuyệt vời, rất thích sp của shop Alpha Books Official",849,133
22166103,14447467,5,,1662,133
8293230,14447467,5,,854,133
12185460,14447467,5,,1124,133
7537813,14447467,5,,770,133
6512083,14447467,5,sách hay,658,133
1118879,14447467,5,,292,133
10945522,11313169,4,"mua cuốn sách này lúc sale 91%, giá hời. sách được giao về cũng sạch đẹp. chỉ có điều đơn này tiki giao hơi lâu. Nhưng không sao, giá thế là đc rồi. tks tikiiiiiiiii!!!!!!!!!!!",1028,121
90147,11313169,5,,46,121
18242196,11313169,5,Sản phẩm đúng như hình. Gói hàng kỹ. Ship đến nhanh. Hài lòng với chất lượng sản phẩm ?,1470,121
7672081,408671,5,"sách hay. đóng gói đẹp, vận chuyển nhanh",787,27
389,408671,5,"Tập hợp những câu chuyện người thật, việc thật ngay tại Việt Nam. Mỗi khi bạn thất vọng, hay chán chường muốn buông xuôi, có thể lấy ra, đọc... để thấy rằng, chúng ta còn may mắn hơn các hoàn cảnh khác gấp vạn lần, mà thêm nghị lực vượt qua những khó khăn của mình trong cuộc sống. Ngoài ra, chúng ta không chỉ đọc để tự ""AQ"" với bản thân, mà đọc để cảm thông hơn với những hoàn cảnh trong xã hội. Mỗi con người, mỗi số phận, mỗi hoàn cảnh khác nhau, nhưng đều tựu chung lại ở 1 điểm là họ đều có nghị lực phi thường và không đầu hàng số phận. Thật đáng ngưỡng mộ!",1,27
456366,408671,5,"Cuốn này mình đặt cho bạn hàng xóm cạnh nhà mình và đã đọc nó,dù đã lâu rồi nhưng những câu truyện ngắn trong cuốn sách này đã luôn truyền cho mình những động lực sống mạnh mẽ,rằng ý chí con người sẽ vượt lên trên tất cả mọi khó khăn nghịch cảnh của cuộc sống.Mình thiết nghĩ cần có nhiều cuốn sách chan đầy tấm gương sống mạnh mẽ như thế này để chúng ta những con người đang mắc kẹt bởi những cảm xúc rối beng hay những trở ngại sẽ thấy mình can đảm hơn,quyết tâm hơn rồi bước qua mọi chông gai.Bìa sách Trí Việt-First New trang trí rất là đẹp,thể hiện ngay ý nghĩa tựa đề của cuốn sách.Đôi khi,đọc lại cuốn này và cuốn Nơi nào có ý chí nơi đó có con đường quả thực trong mình vẫn đong đầy những xúc cảm bồi hồi,thấy mình may mắn quá và lòng thầm biết ơn Cuộc sống rất nhiều.Cuốn sách rất ý nghĩa,mong nhiều bạn trẻ hãy đọc và tiến bước phía trước.",144,27
414919,408671,5,"""Tìm lại tình yêu cuộc sống"" là một cuốn sách rất hay. Nhìn qua đã thấy. bìa sách được trang trí rất đẹp và ấn tượng, gợi cho mình cảm hứng mạnh mẽ để chinh phục cuốn sách. Giấy in rất chất lượng, có độ trắng và mịn thích hợp. Sách có bố cục rất rõ ràng với, lập luận chặt chẽ, lôgic đi kèm với rất nhiều những câu chuyện gần gũi, ví dụ dễ hiểu về tinh thần vượt khó, vươn lên, hướng thiện và tinh thần vượt khó, ý chí vương lên gây dựng sự nghiệp từ những bàn tay trắng. Khi mà cuộc sống xô đẩy, xã hội khó khăn, công việc không như ý muốn, các mối quan hệ đổ vỡ,.. Và còn rất nhiều yếu tố chớ trêu khác xảy đến với chúng ta nhưng chỉ cần ta mạnh mẽ lên, có một tinh thần thép, sống không ngại gian khó để đương đầu với những khó khăn thách thức và khiến bạn trưởng thành hơn từng ngày.",133,27
21440634,1954475,4,Shop gói cẩn thận lm ạ nhưng hàng về đến sách bị trầy xước và bên ngoài sách dính gì đó nhìn cuốn sách ko đc trắng cứ bết bết thế nào ấy ạ.Nhưng v cũng tạm rồi ạ🥰 Vì giá như vậy là tuyệt vời r.,1619,69
318283,1954475,4,"Luôn đọc hết mới dám nhận xét, đương nhiên nhận xét chỉ là góc nhìn cá nhân. . Phải nói,chưa bao giờ tắt ngọn lửa đam mê với toán học. Nghĩ hồi xưa theo ngành toán chắc thỏa được đam mê, chỉ vì hồi xưa hông có người hướng dẫn.. Vớ được cuốn sách này, cứ nghĩ rằng sẽ gặt hái được nhiều tuyệt chiêu mới lạ hơn, để truyền đạt phương pháp, với truyền lửa tình yêu cho thằng kia. Ai dè..... Cuốn sách có quá nhiều lời khen tặng. Thật ra, cuốn sách không cụ thể riêng về phương pháp học toán, hay nghiên cứu khoa học, theo cách đặc biệt nào mới. Mà chỉ là các phương pháp học và ghi nhớ, cũng như phân loại thông tin...mà bộ sách kỹ năng để sử dụng bộ óc của Tony Buzan hơn 20 năm trước đã có. . Cuốn sách này tạm có ích cho những bạn ở mức độ cơ bản. Nếu muốn nâng cao, nên đọc bộ của Buzan. Kakaa. Đánh giá 6/10 điểm.",107,69
1911999,1954475,5,"Tiki giao hàng nhanh, đóng gói cẩn thận!",414,69
22684527,1954475,5,,1686,69
26544271,1954475,5,,1752,69
1695902,1954475,5,,381,69
23783813,1954475,5,,1717,69
27826456,1954475,5,,1784,69
21866816,1954475,4,,1643,69
2104434,1954475,5,,446,69
326163,1954475,5,,110,69
16716920,1954475,5,ggggg,1361,69
7963836,1954475,5,sách hay . lên mua nha mọi người,822,69
7068125,1954475,5,,721,69
6376847,1954475,5,"Cuốn sách rất hay, phù hợp với học sinh, sinh viên, từ đây, mọi người có thể tìm ra được những cách thức, nguyên lý để nâng cao khả năng học tập.",648,69
25831114,1954475,5,tuyệt vời,1740,69
18132503,1954475,5,,1459,69
21423507,1954475,5,hay,1617,69
20306686,1954475,5,Good,1569,69
22829710,1954475,5,Nice,1695,69
270492,1954475,5,"Sách hay, đã đọc và đang áp dụng.",94,69
20428340,1954475,5,Good,1577,69
16091139,1954475,5,,1323,69
1060680,1954475,5,"Sách mới, đẹp, rất hài lòng",284,69
13157776,1954475,5,,1184,69
6520123,1954475,4,"Sách hơi bị bám bụi một chút, còn lại ổn",661,69
891969,1954475,5,,255,69
12733507,1954475,5,,1155,69
5560852,1954475,3,Sách hay nhưng sách hơi bị bẩn tí.,543,69
18117716,1954475,5,,1455,69
5805473,1954475,5,,573,69
6763365,1954475,5,Cũng xem đc,693,69
20520993,1954475,5,,1578,69
7333002,1954475,5,hai long,748,69
1523614,1954475,5,,358,69
19065387,1954475,3,,1506,69
13728255,1954475,5,,1222,69
137413,1954475,5,,57,69
6145173,1954475,5,,621,69
7874287,1954475,5,,810,69
11888921,1954475,5,,1100,69
1118879,1954475,5,,292,69
8288502,1954475,3,,853,69
13552782,73497218,5,Cuốn sách kể về nhận thuận lợi và bất lợi của mỗi kiểu người trong xã hội và đưa ra kết luận rằng những điểm bất lợi dưới con mắt của người này chưa chắc đã là điểm bất lợi trong lăng kính của người khác thông qua cuốn sách này thì tác giả đã cho thấy chúng ta đã hiểu sai cuộc chiến giữa kẻ yếu và kẻ mạnh như thế nào cách đánh giá thấp thuận lợi của những điều được cho là bất lợi ra sao,1207,229
5829457,73497218,4,"Đây là một trọng combo 6 cuốn của Malcolm Gladwell rất đáng để đọc, cuốn này mỏng hơn những cuốn khác nhưng nội dung khá là ổn, đọc để biết thêm nhiều kiến thức mới, recommend moii người nên thử nhé và đọc phải suỹ ngẫm sẽ hiểu hơn suy nghĩ của tác giả và giá trị của cuốn sách.",579,229
11195564,73497218,5,,1046,229
664787,73497218,5,sách hay,201,229
11310754,73497218,5,,1052,229
25519269,73497218,5,,1738,229
12703320,276976864,5,,1150,680
14243798,276653743,5,"Chất lượng tốt, trân trọng cảm ơn",1249,671
9886696,276653743,5,,949,671
12151124,2069357,5,Nội dung ổn dù ko hay bằng cuốn Chiến lược đại dương xanh,1121,71
11992154,2069357,4,,1107,71
411083,2069357,5,Sách khá hay giành cho bạn nào đang là chủ hoặc người hoạch định cho doanh nghiệp để tìm hướng đi mới. Fahasa thì đóng gói sách khỏi chê rồi.,132,71
5659881,2069357,5,,558,71
11944614,2069357,5,"Sách đẹp, giao hàng nhanh, bọc cẩn thận. ❤️",1105,71
1970940,2069357,4,sếp tôi thích cuốn này này tôi cũng tò mò lây ?,424,71
10795355,2069357,5,,1016,71
1223824,2069357,3,Sách hơi khó hiểu nhưng cũng đáng đọc,307,71
11148772,2069357,5,"Gáy sách đóng chắc chắn, chất lượng in ấn tốt, chữ dễ đọc",1042,71
9796708,2069357,5,,938,71
126944,9843948,5,,54,106
17672646,9843948,5,,1425,106
163796,9843948,5,,64,106
72874,324688,5,"Nhiều lúc trong bộn bề cuộc sống, chúng ta vội vã chạy theo những thứ cao sang, quyền quý mà quên đi những điều bình dị nhất. Không phải tất cả những gì khó khăn, phức tạp cũng có ích cho chúng ta mà đôi khi những điều tưởng chừng như đơn giản, quá đỗi bình thường ấy lại cứu rỗi linh hồn chúng ta, kéo chúng ta về lại với cuộc sống! Một sự mong muốn bình thường, giản dị với ước mơ hết sức nhỏ nhoi lại rất dễ thực hiện chứ không khó khăn như những ước mơ cao lớn. Tuy nhiên, ước mơ lớn lao sẽ giúp chúng ta nỗ lực không ngừng để phấn đấu, rèn luyện bản thân nhưng nhiều người đi xa ranh giới ấy để khi không đạt được thì chẳng nhớ đến mình vẫn còn những điều giản dị nhất. Có thể nói, những điều bình dị mang đến rất nhiều ý nghĩa lớn lao mà chúng ta không khám phá hết, chỉ khi chúng ta biết cách tiếp cận nó thì mới hiểu được rằng: đó cũng là một giá trị mà cuộc sống mang lại.",41,4
6502,324688,4,"Từ lâu rồi những câu chuyện cảm động của cuốn Hạt Giống Tâm Hồn Từ Những Điều Bình Dị đã như một liều thuốc thần kỳ nuôi dưỡng trái tim tôi. Những câu chuyện về tình yêu thương thật giản đơn mà lại vô cùng ý nghĩa. Có những điều tưởng chừng nhỏ nhoi mà qua những câu chuyện ấy tôi mới nhận ra được những giá trị cao đẹp mà đôi lúc vì cuộc sống gấp gáp xô bồ mình đã lãng quên. Ở cuốn Hạt Giống Tâm Hồn tập 3 này không chỉ ý nghĩa mà còn rất rất hay và hấp dẫn, mỗi câu chuyện ngắn đều mang đến cho tôi sự bất ngờ, thích thú. Và những cuốn Hạt Giống Tâm Hồn sẽ mãi mãi là người bạn đồng hành của tôi, đọc để tâm hồn mình luôn lắng lại mỗi phút giây.",10,4
20073,324688,4,"Mình biết đến những câu chuyện hạt giống tâm hồn từ khi còn rất nhỏ. Những câu chuyện ấy ít nhiều cũng để lại những ấn tượng trong mình. Một vài chuyện mình còn rất rất thích. Đó là những bài học giản dị về tình yêu thương, lòng vị tha, sử sẻ chia, giúp đỡ nhau trong cuộc sống. Chúng được kể không phải bằng cách giảng giải lý thuyết khô cứng mà bằng những câu chuyện đời thường, giàu tính nhân văn, có những chuyện nội dung đơn giản nhưng vô cùng độc đáo. Đọc những cuốn sách này giống như đang trò chuyện với một người bạn, bạn sẽ luôn tìm thấy niềm tin vào tương lai, tìm thấy tình yêu cuộc sống, con người quanh mình. Hạt giống tâm hồn sẽ gieo vào bạn rất nhiều điều quý giá đấy!. Đừng bỏ lỡ nó nhé!",22,4
15188098,106362638,5,,1289,304
138485,106362638,5,,58,304
26730196,614801,5,,1759,50
21761965,614801,5,,1639,50
7707283,614801,5,,796,50
18387707,9994836,5,,1481,108
12631514,9994836,1,"Sách cũ, màu nhợt nhạt, bìa ố lem màu, sách dơ.. Và đương nhiên, Tiki à nhớ đóng gói chống sốc dô đơn hàng sách dùm iem ạ!",1148,108
13513176,9994836,4,,1198,108
558142,175798778,5,,172,421
12431046,175798778,4,,1135,421
6018022,175798778,5,,606,421
11391731,175798778,5,"sách tốt, nội dung tuyệt vời",1062,421
17864394,175798778,5,,1439,421
1303604,10118600,4,ko dễ đọc lắm,319,111
16145848,10118600,5,"Hài lòng sản phẩm, đóng gói cẩn thận. Nhìn chung ok chưa xem nội dung. Sẽ review sau!",1328,111
5159856,10118600,3,"Sách hơi cũ, nội dung rất ok",475,111
15286816,10118600,4,,1295,111
19466064,10118600,5,,1530,111
197282,10118600,5,Sách tốt. Hài lòng khi mua hàng ít Tiki,77,111
7800274,173515946,4,"Sách mua hộ, mình vô tri.",804,416
27570077,173515946,5,"Sách còn mới tinh, rất hài lòng.",1774,416
21440634,173515946,5,,1619,416
15194285,173515946,5,,1292,416
30192990,160754106,4,Rất tốt cho tâm lý học,1826,400
11942741,160754106,5,,1104,400
7768967,160754106,5,,800,400
22454445,160754106,5,,1674,400
204624,160754106,5,,80,400
29437410,160754106,5,,1814,400
20262036,160754106,5,,1566,400
18785483,160754106,5,,1494,400
1728034,160754106,5,,382,400
19334327,160754106,5,,1521,400
19550380,160754106,5,ye,1535,400
11511151,160754106,5,,1072,400
6296758,160754106,5,Giá tốt.,636,400
115319,160754106,5,,51,400
470771,160754106,5,,147,400
1799508,160754106,5,,394,400
5482865,160754106,4,,530,400
6679874,160754106,4,,681,400
11391731,160754106,5,tốt,1062,400
2118484,160754106,4,,450,400
12119040,160754106,5,,1117,400
13552782,200780115,5,"Sách bổ ích, những ai mới bước đầu muốn tìm hiểu về kinh tế đều nên đọc, những kiến thức nền tảng được viết rất dễ hiểu và ngắn gọn, không dùng những cách giải thích đao to búa lớn như ở trường đại học mà giải thích thẳng vào vấn đề. Nên mua",1207,445
794362,200780115,4,,232,445
11387046,200780115,5,,1061,445
1384584,200780115,5,,335,445
6868933,200780115,4,,707,445
12119040,200780115,5,,1117,445
16188247,48905222,5,,1335,208
642183,48905222,5,"Sách được chèn bìa đóng cẩn thận trong hộp, giá tốt.",195,208
19213290,48905222,5,"Giao hàng nhanh, đóng gói cẩn thận, chất lượng giấy tốt.",1512,208
411083,48905222,5,,132,208
7859171,48905222,4,,808,208
9735687,48905222,5,,931,208
8281800,48905222,5,,851,208
17227913,48905222,5,,1392,208
632150,48905222,5,,192,208
17925764,40429235,4,"Giao hàng nhanh, chất lượng sách tốt . Nội dung sách là những thông tin cần phải biết khi muốn xin học bổng du học tại các trường đại học tại Mỹ. Ngoài ra, sách tập trung hướng dẫn viết bài luận cá nhân, phân tích các bài luận mẫu   của những sinh viên nộp vào Ivy các năm trước.. Sách là cuốn cẩm nang cho việc du học.",1443,187
28003408,40429235,4,"sách đọc chán do cách hành văn, tuy v nhưng giải thích đủ để ng muốn đi du học hiểu chứ kh đào sâu nên mik vẫn hơi mơ hồ",1791,187
23850008,40429235,5,,1720,187
21423507,40429235,5,hay.,1617,187
20791403,40429235,5,,1595,187
17127058,40429235,5,,1383,187
16091139,40429235,5,,1323,187
22028770,106362276,5,,1654,277
20384867,12647239,5,khi đặt mình đã biết là sẽ khó đọc rồi nhưng thực sự vẫn muốn chữa lành để có thể bình an tận hưởng cuộc sống này trong hiện tại và tương lai. ko hiểu sao có thể giao hàng nhanh đến thế hqua đặt hnay sách đã về tay @@,1574,127
6857655,12647239,3,"Theo ý kiến chủ quan nhận xét thì đây là sách dành phù hợp với ai đã có nền tảng học của ngành tâm lý học. Hoặc bạn đang là chuyên gia tư vấn tâm lý và muốn dùng liệu pháp ""Chữa lành đứa trẻ bên trong"" hay theo lời chuyên môn là ""Cái tôi đích thực"" mà trong cuốn sách này đề cập tới. Sách sẽ không phù hợp lắm với các bạn nào không thích đọc (ahihi) hoặc bạn nào mới nhập môn ""tập đọc sách"" hoặc các bạn nào không thích hay không có nhu cầu tìm hiểu khám phá về cách chữa trị tám lý nọ kia, đọc sẽ thấy khá nặng và không hiểu, hàn lâm!",705,127
5672375,12647239,5,,559,127
22493128,12647239,5,,1676,127
5461671,12647239,5,,524,127
5448410,12647239,5,"Giao hàng nhanh, sách còn mới ko hư hỏng. Nội dung sách hay",522,127
10252774,12647239,5,gói bọc cẩn thận. sách đẹp. giao hàng nha nhanh. điểm 10 cho tiki?,975,127
12168711,12647239,5,Chữa lành đứa trẻ bên trong bạn từ những ngóc ngách nhỏ bé nhất. Highly recommended cho mn nha,1123,127
13879493,12647239,5,Sách rất hay. Ai cũng cần có nó để hiểu chính mình hơn.,1229,127
7089802,12647239,5,Sách hay và cần thiết cho mỗi người để nhận ra nhiều điều mà ta chưa biết,722,127
6827897,12647239,5,,701,127
14678435,12647239,5,"Cuốn sách giúp tôi hiểu ra đc giá trị bản thân mình hơn , những cảm xúc tâm lý bị đè nén , bản thân mình có quyền trong mọi cảm xúc . Cám ơn cuốn sách hữu ích",1267,127
11250661,12647239,5,"chất giấy đẹp, giao hàng nhanh,",1049,127
21990253,12647239,5,Giao hàng đúng hẹn,1652,127
10729949,12647239,5,,1012,127
5549816,12647239,4,"ko có bao bì ni lông ngoài , nhưng ko bị cong vênh",541,127
2051853,12647239,5,,440,127
381808,12647239,5,,124,127
17526178,12647239,5,,1413,127
9723225,12647239,5,,928,127
18790509,12647239,5,ok,1495,127
10028573,12647239,5,,963,127
12571263,12647239,5,,1146,127
21025145,12647239,5,,1598,127
54109,12647239,5,nice,30,127
11867797,12647239,5,,1096,127
748040,12647239,5,,216,127
1186180,12647239,4,,303,127
8955914,12647239,4,,902,127
21560503,12647239,5,,1627,127
12429415,12647239,5,,1134,127
18146117,12647239,5,Sách đẹp. Nội dung hay,1461,127
21608031,12647239,5,,1631,127
19258494,12647239,5,,1516,127
10998872,12647239,4,,1035,127
6120153,12647239,5,tuyệt vời,619,127
6590616,12647239,5,,670,127
410453,12647239,5,,131,127
42438,12647239,5,,28,127
15688482,12647239,5,,1311,127
705448,12647239,5,,210,127
1349027,12647239,5,,328,127
8202874,12647239,5,,844,127
13428055,12647239,5,,1194,127
14297507,12647239,5,,1252,127
14100078,12647239,5,Sách rất hay,1241,127
10922306,12647239,5,sách hay,1025,127
12402567,12647239,5,,1133,127
419455,12647239,5,Sách rất đẹp,134,127
5658926,12647239,5,"Sản phẩm tái bản bìa đẹp, nhỏ gọn hơn phiên bản cũ",557,127
20023909,12647239,5,,1560,127
161644,12647239,5,,62,127
19642364,12647239,5,,1538,127
16815622,12647239,5,,1368,127
16161022,12647239,5,,1331,127
7291891,12647239,4,,743,127
10519861,12647239,5,,997,127
7457145,12647239,5,Sách hay,760,127
18094759,12647239,5,,1452,127
11299379,12647239,5,,1051,127
10558345,12647239,5,,1001,127
5429527,12647239,5,,519,127
6866048,12647239,5,,706,127
1895509,12647239,5,,410,127
11318425,12647239,5,,1053,127
10264910,12647239,5,,977,127
10475359,12647239,5,,993,127
16198034,12647239,5,,1336,127
8799089,12647239,5,,890,127
17506038,32192499,5,,1411,165
27368990,32192499,5,,1769,165
19455780,32192499,5,,1528,165
8425526,32192499,5,,863,165
18132503,32192499,5,,1459,165
2198103,32192499,5,,464,165
16898585,32192499,5,,1376,165
7491237,32192499,5,Nên đọc,761,165
13513176,32192499,5,,1198,165
8013552,32192499,5,,825,165
9723766,32037204,5,"Sách của First News thì hình thức và nội dung đều chất lượng, sách mới ạ tái bản quý IV/2021. Về nội dung, tác giả phân tích về bản ngã và những tác động chi phối lên đời sống con người, để hướng về sự tỉnh thức, trân trọng hiện tại tức các Vô ngã và không còn Chấp ngã vì Hình tướng vốn cuối cùng sẽ bị hoại diệt",929,164
5363251,32037204,5,"Sách của Eckhart Tolle về tâm linh thì chắc ko cần phải khen gì nhiều vì ai cũng khen rồi. Đi thẳng vào vấn đề, ko có nói lòng vòng, ngôn ngữ bình dân và dễ đi vào lòng người. Cần có chút trải nghiệm và kiến thức về tâm linh để lĩnh hội được nội dung quyển sách và thực hành trong cuộc sống. Cám ơn dịch giả và tác giả và nhà xuất bản!",510,164
20885155,32037204,5,"Cuốn sách mình ấn tượng ngay từ những trang đầu tiên khi đọc thử bản online, sau đó mình quyết định đặt sách ngay lập tức☺️",1597,164
1344932,32037204,5,,325,164
15188098,32037204,5,,1289,164
8425526,32037204,4,,863,164
17993810,32037204,5,,1445,164
7117824,32037204,5,,726,164
9183139,32037204,4,,919,164
19446943,32037204,5,,1526,164
23783813,32037204,5,,1717,164
5979039,32037204,5,,600,164
27848083,32037204,5,"Sách ý nghĩa, giấy mỏng và nhẹ, để lâu sẽ bị ố vàng",1786,164
18147398,32037204,5,,1462,164
1366077,32037204,5,Đóng gói còn nguyên seal và đc đợt giảm giá tốt,333,164
947920,32037204,5,,268,164
23579085,32037204,5,,1712,164
18294861,32037204,5,,1474,164
71239,32037204,4,,40,164
22693770,32037204,5,,1688,164
19455780,32037204,5,,1528,164
955944,32037204,5,,271,164
18645981,32037204,5,Nội dung hay. Mọi người nên đọc,1490,164
11944614,32037204,5,Sách đẹp ❤️❤️❤️,1105,164
13311884,32037204,5,,1189,164
17506038,32037204,5,,1411,164
1428415,32037204,5,,344,164
13601558,32037204,3,khó hiểu đọc k nổi các b ơi,1213,164
6067160,32037204,5,,612,164
16989541,32037204,5,,1381,164
9886696,32037204,5,,949,164
6000943,32037204,5,,602,164
12157598,32037204,5,,1122,164
21491462,32037204,5,,1622,164
10958377,32037204,5,,1029,164
1356818,32037204,5,,329,164
21940481,32037204,5,,1647,164
7707283,32037204,5,,796,164
5659881,32037204,5,,558,164
10036447,32037204,5,,965,164
17419896,32037204,5,,1406,164
18132503,32037204,5,,1459,164
26393060,32037204,5,,1749,164
1983139,32037204,5,,425,164
11968992,32037204,5,,1106,164
17404524,32037204,5,,1405,164
16487754,32037204,4,Kha sok,1354,164
1128327,32037204,5,Sách hay ạ,295,164
21040960,32037204,5,,1599,164
8607960,32037204,5,,879,164
628851,32037204,5,,190,164
19683980,32037204,5,,1543,164
14599281,32037204,5,,1264,164
22456806,32037204,5,,1675,164
14457163,32037204,5,"Giao hàng nhanh , sách đẹp",1260,164
7532913,32037204,5,"Sách hay, bìa đẹp",769,164
7966417,32037204,5,"Sách mới, đóng gói kỹ càng và shop giao hàng nhanh. mình đang đọc nên chưa review nội dung sách được nhé!",823,164
22493128,32037204,5,"đóng gói cẩn thận, sách mới. Cảm ơn nhà sách và những người vận chuyển đến cho tôi.",1676,164
1126424,32037204,5,"Sách rất đẹp còn rất mới, đóng gói kĩ lưỡng và giao hàng rất nhanh",294,164
441373,32037204,5,một quyển sách cực kì tuyệt vời mà bất kì ai cũng nên đọc. đoạn đầu hơi khó hiểu cũng cứ đọc.,138,164
10133786,32037204,5,,971,164
8500833,32037204,5,"Sản phẩm đẹp, chất lượng, đóng gói cẩn thận. giao hàng nhanh",868,164
24923026,32037204,5,Sách Fahasa lúc nào cũng mới tình và còn kít trong bì nhựa,1735,164
22827414,32037204,5,"Sách bọc kĩ càng , chất lượng tốt",1694,164
8132192,32037204,5,Quyển sách này thực sự rất hay và mình nghĩ là ai cũng nên đọc 1 lần trong đời,837,164
10252774,32037204,5,chưa kịp đọc. sách đẹp. gói bọc cẩn thận. cám ơn tiki,975,164
57410,32037204,5,Thế giới tâm linh rất dễ tiếp cận qua cách hành văn của tác giả cũng như cách dịch hết sức giản dị và dễ hiểu của dịch giả. Xin cám ơn!,32,164
22555105,32037204,5,,1681,164
13101505,32037204,5,Thay đổi suy nghĩ của mình luôn,1180,164
9723225,32037204,5,,928,164
22414987,32037204,5,,1671,164
8136353,32037204,5,,838,164
21761965,32037204,5,,1639,164
5428207,32037204,5,,518,164
7089802,32037204,5,Sáh cực kỳ hay về nội dung. Vô cùng cần thiết cho mỗi người,722,164
14986327,32037204,5,,1279,164
16168364,32037204,5,,1333,164
16365003,32037204,3,sách mang tính triết học hàn lâm. bạn nào muốn mua nên xem xét kỹ. tiki bảo quản sách tốt!!!,1345,164
1820478,32037204,5,,398,164
16729866,32037204,5,,1364,164
2023979,32037204,5,,435,164
1453116,32037204,5,🌸🌸🌸,349,164
6656572,32037204,5,,677,164
13888330,32037204,5,g,1231,164
16184195,32037204,5,Rất hay,1334,164
5922782,32037204,5,Tốt,594,164
21614396,32037204,5,,1632,164
7053613,32037204,5,,719,164
1657646,32037204,5,,377,164
16881682,32037204,5,,1373,164
18118699,32037204,5,,1456,164
1695902,32037204,5,,381,164
756606,32037204,5,,219,164
8522260,32037204,5,,871,164
1728729,32037204,5,,383,164
14361212,32037204,5,sách hay,1253,164
1186180,32037204,5,,303,164
2193585,32037204,5,,462,164
1399048,32037204,4,,338,164
15884683,32037204,5,,1314,164
17526178,32037204,5,,1413,164
13428055,32037204,5,,1194,164
13076036,32037204,5,,1179,164
7497898,32037204,5,,763,164
12571263,32037204,5,,1146,164
7669518,32037204,5,,786,164
18369974,32037204,4,,1479,164
8599820,32037204,5,,878,164
13214412,32037204,5,,1187,164
15194285,32037204,5,,1292,164
21025145,32037204,5,,1598,164
21494737,32037204,5,,1623,164
7959915,32037204,5,,821,164
8837112,32037204,5,,894,164
19740663,32037204,5,,1545,164
9752826,32037204,5,,933,164
6671936,32037204,5,,679,164
18278431,32037204,5,,1473,164
12705959,32037204,5,,1153,164
1231830,32037204,5,,309,164
5120956,32037204,5,,472,164
7787551,32037204,5,,803,164
7457145,32037204,5,ok,760,164
6727576,32037204,5,,689,164
15911236,32037204,5,,1317,164
7425617,32037204,5,,757,164
18685604,32037204,5,,1491,164
18256955,32037204,4,,1471,164
17920770,32037204,5,,1442,164
10264910,32037204,5,,977,164
670441,103284673,5,"Sức khỏe tinh thần rất quan trọng, phát triển EQ cho bạn nhỏ. Bạn nhà mình rất thích.",204,266
7574428,103284673,5,,773,266
920496,103284673,5,sách hay nhé,263,266
23922655,103284673,5,,1724,266
21979852,103284673,5,,1651,266
20299484,92004143,5,,1567,252
19594971,274970385,5,"Quyển này anh Thuận dịch ổn lắm. Nhưng chiến lược vẫn là một chủ đề khó và đọc xong hơi kiểu get lost. Và các ví dụ và ngữ cảnh Âu Mỹ từ chiến tranh, chính trị, lịch sử, kinh doanh dù mình hứng thú với ngữ cảnh và các mảng đó thì có những thứ mình cũng k biết hay hiểu hết thì e là hơi khó đọc với nhiều doanh nhân con buôn và dân MKT thường nhiều người chỉ lo sáng tạo hay đu trend ở VN. nhưng mà cũng tốt vì cuối cùng thì chiến lược được sinh ra từ những thứ đó, từ chiến tranh hay lịch sử, có điều nhiều người sẽ không quen. ngoài ra cụ Rumelt kiểu ao trình khi cụ chê cả chiến lược an ninh quốc gia Mỹ và chê luôn style tầm nhìn sứ mệnh bla bla ta hay thấy cũng như cụ bảo chiến lược kiểu phải có hành động rõ ràng thay vì hô khẩu hiệu, ""quyết tâm chính trị"" hay động lực đơn thuần cũng như k nên nhầm chiến lược với mục tiêu, thì đó là những gì đọng lại sau lần đọc lướt đầu tiên. cuốn này phải nghiền ngẫm và nên tra cứu thêm để hiểu ngữ cảnh các câu chuyện và ví dụ trong sách vốn có phần hơi xa lạ với người Việt như mình đã đề cập bên trên. một số chi tiết nhỏ nhỏ mình muốn thay đổi:. mở đầu sách có cụ gì thư ký không quân hay hải quân gì đó, thì chữ thư ký đó nên dịch là bộ trưởng (secretary). Boston Tea Party k hiểu sao nhiều người thích dịch Tiệc Trà nhỉ (kể cả page nghiencuuquocte), trong khi nó là một phong trào đấu tranh và k hề có bữa tiệc nào hết :))) mình nghĩ giữ nguyên tiếng Anh hay dịch party theo hướng đảng phái. ngân hàng thứ hai Mỹ (Second Bank of the United States) thì chắc nên có chú giải một tí là tên một ngân hàng của quốc gia/liên bang kiểu ngân hàng nhà nước, cũng như chắc nên giữ nguyên giống kiểu Bank of America k ai dịch tiếng Việt nàm dì. tại mình có hứng thú một chút về politics nên dịch chưa sát mình hơi khó chịu, nhưng cũng hiểu là k dễ dịch tẹo nào. còn lại thì sách ổn, mong anh Thuận tiếp tục dịch nhiều cuốn khác ổn áp về chiến lược/kinh doanh cũng như được mọi người ủng hộ, nói chung có chuyên gia dịch đàng hoàng phát là khắc phục được điểm yếu trước giờ của Alphabook là hay phá nát mấy cuốn hay bằng cách dịch thảm họa :)))",1536,588
5899621,274970385,5,,589,588
2118049,200851517,5,"Giá như ai cũng đọc được quyển này thì tốt biết mấy. Nó là bạn đồng hành cùng mình trong giai đoạn khủng hoảng hiện sinh. Self-awareness luôn đòi hỏi sự nỗ lực từ bản thân dưới sự dìu dắt của chuyên gia dày dặn. Hãy đọc chậm, chiêm nghiệm và nhờ sự hỗ trợ của chuyên gia nếu bình an và như là lựa chọn cách thế sống của bạn.",449,446
24679735,200851517,5,,1731,446
5638859,200851517,5,,553,446
19594971,72642585,5,"Ngắn, dễ đọc và hài hước. Một điểm trừ nhỏ là người đọc Việt như mình đôi khi chưa quen lắm với những joke có phần thâm sâu của tác giả, dù mình vẫn rất appreciate người dịch đã cố gắng chuyển ngữ cho sát với ngữ cảnh VN hơn rồi. Rất hy vọng dịch giả và NXB tiếp tục làm tốt hơn điểm này trong các bản dịch và tác phẩm sau này. Big thanks!",1536,226
15990063,72642585,5,OK,1320,226
19213290,72642585,5,,1512,226
19941675,72642585,5,,1556,226
14847442,262404872,5,"Giao hàng nhanh, sách đẹp, được đóng gói cẩn thận. Rất hài lòng.",1273,531
19104908,262404872,5,"Từ lúc đặt đến lúc nhận hàng là 30 phút. Đúng rồi đấy ạ, 30 phút. Quá nhanh",1508,531
1364036,262404872,5,,332,531
7101551,262404872,5,,724,531
11511756,262404872,5,,1073,531
11992154,262404872,4,,1107,531
17506038,272000444,5,,1411,549
9124809,217730460,5,,915,495
914212,169712230,5,,262,407
12896341,262404872,5,"Nội dung hay thì ko phải bàn cãi rồi, đóng gói đẹp và giao hàng rất nhanh ❤️❤️❤️",1165,531
16141175,262404872,5,"Chờ đợi đã lâu để đọc cuốn 3, mua sách đúng NXB nên không lo, sách đẹp giấy tốt. Tập 3 mở ra nhiều chỉ dẫn về hành thiền, đọc chậm để ngẫm, mỗi người sẽ có thu hoạch riêng.",1326,531
11697903,262404872,5,"Sách tốt . Rất vừa lòng. Trình bày hợp lí, dễ nắm bắt👍👍👍",1085,531
12103013,262404872,5,Nội dung quá hay trên cả tuyệt vời 👍,1115,531
873740,262404872,5,,252,531
22617968,262404872,5,,1684,531
5854165,262404872,5,Hàng xịn nó có khác,583,531
25860920,262404872,5,,1742,531
17777784,262404872,5,,1433,531
1231830,262404872,5,,309,531
17666700,262404872,5,,1424,531
10188256,262404872,5,,974,531
88133,262404872,5,,45,531
8992170,262404872,5,,905,531
6347975,262404872,5,,644,531
1939069,262404872,5,,415,531
17404524,262404872,5,,1405,531
15525144,69624556,5,,1303,224
15169513,69624556,5,Ok,1288,224
13677685,69624556,3,"Nội dung ý nghĩa, nhưng mình kỳ vọng nhiều hơn thế :V,",1218,224
11802932,69624556,5,Okay,1093,224
989856,69624556,5,,272,224
1344932,262404872,5,,325,531
18221613,262404872,5,,1468,531
11195564,262404872,5,,1046,531
7494376,262404872,5,,762,531
28700659,262404872,5,,1802,531
12810369,262404872,5,,1160,531
1038652,262404872,5,,278,531
480605,262404872,5,,153,531
23672974,262404872,5,,1716,531
865999,83789484,5,"Dành cho những ai theo đạo Phật và sử dụng chánh niệm liệu Pháp trong tâm lý liệu, sách viết hay nhưng còn khá nhiều điểm ko hợp lý với các học thuyết tâm lý học",249,246
21423507,83789484,5,,1617,246
1576425,83789484,5,,367,246
2198103,7191057,5,,464,96
18087350,7191057,5,,1448,96
21643875,7191057,5,,1634,96
17087943,7191057,5,Hay,1382,96
1813559,7191057,5,,396,96
439058,106362865,5,,137,326
17794972,106362865,5,,1436,326
10418172,106362865,5,,987,326
10996140,106362865,5,"Giao nhanh, sách hay",1034,326
21966812,106362865,5,đạo ở bên trong.....,1649,326
21379518,106362865,5,good,1615,326
12129996,106362865,4,,1119,326
469959,4476279,5,"Trước hết phải cám ơn tác giả Nguyễn Duy Cần  về những cố gắng của ông trong việc cho ra đời tủ sách về tinh hoa triết học đạo học phương đông. Ông đã giúp cho đọc giả sau này, đặc biệt các độc giả bình dân có cơ hội tiếp xúc, hiểu biết phần nào các uyên nguyên đạo học phương đông. . Xin mượn lời của học giả Phùng Hữu Lan để thấu tỏ hết các yếu điểm của học thuyết Trang Châu : “ Hết thảy vạn vật đều do “ Đạo” mà ra, và mỗi vật đều có cái “ Đức “ của nó ; nghĩa là hết thảy vạn vật , mỗi vật đều có cái “ tánh tự nhiên “ của nó. Nếu biết thuận theo tánh tự nhiên của mình thì hạnh phúc có ngay trong lúc đó , không cần phải cầu cạnh đâu khác ở ngoài nữa “ .",146,92
8678460,4476279,5,hài lòng hài lòng hài lòng hài lòng hài lòng hài lòng hài lòng hài lòng hài lòng hài lòng,886,92
1015306,4476279,5,Sách triết học đông phương sẽ hay và ý nghĩa với những ai cảm thấy thích hợp với nó,277,92
651562,4476279,5,"Áp mã giảm 50%, đóng gói tốt, giao hàng nhanh, Fahasa đóng gói là 5 sao",197,92
8136353,4476279,5,nội dung hay giấy đẹp,838,92
17526178,4476279,5,,1413,92
1880715,4476279,5,,408,92
6806570,4476279,5,,699,92
7329374,4476279,5,,747,92
6167276,4476279,5,,622,92
19758890,4476279,5,,1546,92
1736842,4476279,5,,384,92
1337470,4476279,5,,323,92
7316749,4476279,4,,745,92
310648,4476279,5,,103,92
5530907,4476279,5,,538,92
8453118,4476279,5,,865,92
6502,344937,4,"Cuốn sách là câu chuyện về một người cha, được kể liền mạch bằng giọng văn chậm rãi, nội tâm nên càng thấm sâu vào trái tim người đọc. Nhân vật người cha đi tìm lại những giá trị đích thực của cuộc sống, tìm ra ý nghĩa của tình thân gia đình. Ông đã dùng tất cả tình yêu thương vô bờ của một người cha để cùng các con mình nâng niu và giữ gìn hạnh phúc. Câu chuyện có thật giản dị mà cảm động, chắc chắn sẽ giúp mỗi người trong chúng ta nhận ra những điều quý giá bên mình mà đôi lúc vì sự vô tâm chúng ta đã lãng quên.",10,14
20073,344937,4,"""Phút dành cho cha"" là một câu chuyện vô cùng cảm động và chân thành về một người cha đi kiếm tìm hạnh phúc. Mỗi chi tiết trong cuốn sách đều đem người đọc trở về với những ký ức thân thương, những kỷ niệm khó quên về cha mẹ, những người thân yêu nhất của mình. Nhiều chia sẻ trong sách thực sự giàu cảm xúc và đem đến những nhìn nhận khác biệt về cuộc sống và gia đình. Theo dõi câu chuyện này, người đọc được thêm một lần hiểu thêm giá trị của tình thân, của sự yêu thương cũng như biết làm sao để gìn giữ yêu thương đó. Một cuốn sách còn hơn cả sách, nó là món quà tuyệt vời dành cho những bậc sinh thành của chúng ta.",22,14
5205230,360134,5,"Lúc đầu khi mua sách mình cũng k có mong chờ gì nhiều về cuốn sách này, k biết tại sao nữa. Nhưng mà thật sự cuốn này rất cuốn hút, lôi cuốn mình cứ đọc và đọc, đặc biệt là những khi buồn lấy sách ra đọc giúp ích rất nhiều cho tâm trạng của mình. Sách rất ya nghĩa, k bị nhàm chán và cải thiện tâm trạng rất tốt",485,19
450112,360134,4,"Quyển sách này thực sự rất hợp với Style của mình. Chính sự dân dã, bình thường ở trong quyển sách đã làm nên thành công cho nó. Những nghịch lý, triết lý ẩn sâu trong mỗi câu chuyện, từng lời nói được chuyển tải theo một cách tự nhiên nhất.. Nếu bạn là một ngừoi thích triết lý và các bài học, đây không phải là quyển sách dành cho bạn. Nhưng nếu bạn muốn tìm một thứ để thư giãn, để cười thoải mái thì đây đúng là thứ bạn cần. Chắc mình sẽ đọc đi đọc lại nó nhiều lần.",141,19
709574,360134,5,Một quyển sách siêu bựa nhưng chứa đựng rất nhiều lời chỉ dạy của người cha trong sách và ông có một hình tượng làm mình luôn liên tưởng đến bố mình nhưng mà bố mình không thô lỗ bằng ông trong truyện thôi. Quyển sách đã làm mình cười nhưng không chỉ cười mà còn suy ngẫm về những lời dạy của ông bố trong truyện. Bìa sách nhìn hấp dẫn từ lúc nhìn thấy quảng cáo trên mạng. Một tác phẩm thô nhưng thật. Giá thành cũng vừa phải.,211,19
504577,360134,5,"Mình bị nghiền cái cuốn này rồi. Thứ nhất là cái tựa đề của sách đập vào mắt xanh của mình. Khi đọc xong cuốn này, tôi cảm thấy bố thật vĩ đại. Một người bố có tính cách cộc cằn, thô lỗ, nóng tính, ông xem con ổng như gì, không chút thương yêu. Nhưng thật sự ông ấy rất tuyệt vời, hài hước nữa. Bề ngoài thì thế nhưng bên trong có một tấm lòng bao dung cao cả và một tình yêu thương dành cho con. ""Cuốn sách này buồn cười đến phát điên lên đi được."" Vâng mình đã phát điên đấy, tự dưng cảm thấy yêu Bố vậy. Cảm ơn Justin Samuel Halpern ạ!",158,19
528389,360134,5,"Mình đang đọc cuốn sách Sh*t my dad says này. Vừa đọc vừa muốn phóng ra những lời như ông bố thẳng thắn chân thực qua những lời nói dung tục chiếm phần lớn là những bài học khá hay dành cho con ông khiến mình bị cuốn hút và cười không đỡ được.. Về hình thức : chất lượng in ấn tốt, bìa sách thiết kế rất đẹp. Tuy nhiên cuốn ""lời vàng của bố"" vì nó chân thực nên lời dịch khó mà lột tả hết được cái hay.. Một cuốn sách đáng đọc. Chúc các bạn đọc sách vui vẻ !. ""Tôi thấy truyền hình rất có tính giáo dục. Mỗi khi ai đó bật ti vi lên, tôi lại sang phòng khác và đọc sách."" - Groucho Marx",164,19
303773,360134,5,"Vừa mua cuốn này cách đây không lâu, đọc cảm thấy rất thích thú. Quyển sách làm cho bạn cười một cách rất thoải mái, không gò bó trong một khuôn khổ nào cả.. Với những lời thô tục, cộc cằn, Lời Vằng Của Bố vẽ ra trước mắt ta một ông bố thật quái gỡ và hợm hĩnh. Một ông bố thật nóng tính và cộc lốc. Nhưng sự thật đằng sau đó là một trái tịm nhân thiện, một trái tim của một ông bố dạt dào xúc cảm. Những lời nói như viên ngọc chưa được mài giũa. Nhưng nó là những viên ngọc đẹp.. Quả thật rất buồn cười và rất sâu sắc!",99,19
20012792,51420872,5,"Nội dung hay. Trình bày khoa học, dễ hiểu. Chất lượng in ấn tốt.",1559,212
6827897,51420872,5,,701,212
317483,51420872,5,"Đóng gói cẩn thận, hàng mới đẹp, giá rẻ, giao hàng nhanh",105,212
5570085,51420872,5,giao hàng nhanh nhưng Tiki đóng gói ngày càng cẩu thả. Nhiều cuốn sau khi nhận sách rất là thất vọng về cách làm việc của Tiki luôn Ý,547,212
7859171,51420872,4,,808,212
1657646,51420872,4,,377,212
7022008,51420872,5,,713,212
5561282,51420872,5,,544,212
630091,51420872,4,,191,212
190542,51420872,5,,74,212
5399042,51420872,5,,513,212
914212,169716099,5,,262,408
1890765,48541755,5,,409,203
2065541,48541755,4,"Tác phẩm có chất lượng in ấn rất tốt, nội dung thì Lý Minh Tuấn đã tổng hợp các Nhà từ Nho tới Lão, Trang để chúng ta có cái nhìn tổng quan về đạo học đông phương, tác giả nghiên cứu rất sâu, nên đọc cho những ai tâm đắc với Đông phương học.",442,203
5400608,48541755,5,"Nếu bạn thích nghiên cứu triết học thì nên kiếm bộ này của tác giả Lý Minh Tuấn,.  thật sự hay. Mua hàng Tiki thì yên tâm về chất lượng , hàng giao nhanh, đóng gói cực kì cẩn thận",514,203
318030,48541755,5,Sách cơ bản cho người bắt đầu tìm hiểu triết học phương Đông. Hài lòng,106,203
651562,48541755,4,"Chúng ta đã quá quen thuộc với triết học phương tây, vậy còn phương đông thì sao?",197,203
10632917,48541755,5,,1006,203
21803842,48541755,5,,1642,203
1657646,48541755,3,Nếu biết trước sách không có chữ Hán như vầy thì đã không mua !,377,203
8200000,48541755,5,Sách mới lắm nhaaaa.... mua về nhưng vẫn chưa đọc....,843,203
12129996,48541755,5,,1119,203
1512161,48541755,5,"Nội dung về các tư tưởng Triết học phương Đông, trình bày logic, văn phong dễ hiểu, phù hợp với ai yêu thích tìm hiểu Đông triết.. Sách đẹp, giao hàng nhanh.",357,203
404264,48541755,3,"Toi khong muon noi gi ca, danh gia bang thang diem thoi",129,203
2075972,48541755,5,,444,203
1880715,48541755,5,,408,203
6494091,48541755,5,,657,203
990696,48541755,4,bong keo gắn bìa sách,273,203
6296758,48541755,5,"Sách mới bảo quản tốt, có bọc màng co ❤️",636,203
15354457,48541755,5,,1298,203
310648,48541755,5,,103,203
6230513,48541755,5,,628,203
5399042,48541755,5,,513,203
5169835,204078079,5,"Sách đẹp, nội dung hay !!!",479,457
12563176,204078079,5,,1145,457
14055084,204078079,5,,1238,457
1139332,353323,5,"Quyển này nhiều phần khác nhau. Mỗi phần như một bài học dành cho mình. Mỗi phần như là 1 kinh nghiệm của tác giả. Cuộc đời vốn là chuyện nhỏ, do chúng ta tự tạo ra phức tạp riêng thôi. Quyển này đọc một lần khiến mình đọc thêm vài lần nữa, hay truyền tải được những điều tác giả muốn nói. Bìa sách đẹp ưa nhìn. Chất liệu sách tốt. Các bạn nên mua nó. Đọc xong quyển này cảm thấy yêu đời hơn, lúc nào bế tắc là lấy ra đọc sẽ khiến tâm trạng tốt hơn",297,15
291670,353323,4,"Trong cuộc sống thường ngày chúng ta đôi khi hay tập trung vào những sự cố, những mối lo vụn vặt và thổi phồng chúng lên mà quên mất những giá trị tốt đẹp và nhìn nhận sự việc với một cái nhìn cởi mở, khách quan hơn. Thái độ tạo nên tất cả! Sách được trình bày theo từng nội dung cụ thể, cô đọng; hình ảnh minh hoạ thú vị. Đây là quyển sách nên có trong tủ sách nhà bạn, nhất là khi những lúc bạn cảm thấy cuộc đời này đầy rẫy những mối lo âu, bực dọc. Nó có thể cứu bạn đấy.",98,15
594841,353323,5,"Tất cả đều là chuyện nhỏ. Đúng vậy, khổ sách nhỏ, chữ in nhỏ, nội dung của mỗi tiểu mục cũng ""nhỏ"". NHƯNG tất cả tạo nên ý nghĩa lớn, sâu sắc, đậm chất triết lý. Khi bạn buồn hoặc cảm thấy bất mãn điều gì đó HÃY mở sách ra đọc, từng câu từng chữ sẽ truyền cho bạn sức mạnh cho bạn cảm thấy mọi chuyện trong cuộc sống này như con muỗi (thật nhỏ), nỗi buồn sẽ lan tỏa vào không khí và biến mất thay vào đó là sự tự tin, là suy nghĩ lạc quan giúp bạn giải quyết vấn đề nhẹ nhàng và ổn thoải mái hơn. Cám ơn tác giả, cám ơn First News và cám ơn Tiki đã mang đến cho mọi người món ăn tinh thần đầy ý nghĩa. Tôi luôn mang theo sách bên mình vì rất nhỏ gọn, xinh xinh, đặc  biệt giúp tôi lấy lại sự cân bằng khi tư duy bị chao đảo. Tất cả đều là chuyện nhỏ..",180,15
456366,353323,5,"Cái gì mà tất cả là chuyện nhỏ á?Mình có nghe nhầm không?Không,đúng vậy và đó chính là cuốn sách này.Mình có được đọc một status của chú Khanh mới gần đây:Đời vốn đơn giản chỉ chính chúng ta phức tạp cuộc sống lên thôi:Life is just  simple.Ồ,hóa ra là vậy ư khi mình đọc cuốn sách bé nhỏ mỏng dính này.Với những đề nghị tuyệt vời của Richard ,chúng ta nếu thưc hành một cách đúng đắn thì mọi chuyện cuộc sống sẽ trở nên dễ thở hơn với chúng ta nhiều.Và không chút thất vọng,First New đã chuyển tải được những gì tác giả viết với bìa sách dễ thương và chất lượng khỏi bàn.À,nói nhỏ một tý trên kệ sách của mình không dưới 30 cuốn sách của First New í ạ.Tuy cuốn sách này mỏng thôi và mình cá bạn cũng sẽ đọc xong chưa đầy hết 1 tiếng đồng hồ nhưng những giá trị trong đó không hề nhỏ nha.",144,15
7117824,100958464,1,"Sách bị móp góc . Nhà sách đã cố ý đóng quyển này cho mình vì mình mua 3 cuốn, cuốn này xếp ở giữa nên ko thể do vận chuyển đc. ( mình đã quên ko đánh giá ngay)",726,263
14457163,100958464,5,Giao hàng nhanh sách đẹp.Tuyệt vời!!!,1260,263
645227,100958464,5,,196,263
19994203,100958464,5,Bìa dày cứng cáp. Đóng gói cẩn thận. Nội dung chưa đọc nên chưa nx dc,1557,263
12810369,100958464,5,,1160,263
5161812,100958464,5,"Sách đáng đọc, giúp bản thân mở ra những thế giới quan mới mẻ.",477,263
14509380,100958464,5,,1261,263
5890260,100958464,4,"Sách hay, mọi người nên tìm hiểu. Cám ơn Sư Ông, Sư Thầy, Sư Cô",588,263
1970940,100958464,5,Những lời bình dị của thầy giúp tâm mình lắng đọng hơn,424,263
14055084,100958464,5,,1238,263
23439954,100958464,5,,1711,263
10025671,100958464,5,,962,263
17419896,100958464,5,,1406,263
8253980,100958464,5,,847,263
23398616,100958464,5,,1710,263
1341609,100958464,4,Tốt,324,263
16442791,100958464,5,"Giao hành cực nhanh, hình thức đẹp, nội dung rất đáng để đọc.",1351,263
19329965,100958464,5,rất đẹp,1520,263
1576425,100958464,5,,367,263
252592,100958464,5,,91,263
16163083,21351937,5,"Sách giao nhanh,còn nguyên vẹn",1332,145
18132503,21351937,5,,1459,145
396187,21351937,5,sach nội dung thứ vi,126,145
17672646,21351937,5,,1425,145
8856931,21351937,5,,896,145
1841457,21351937,5,,401,145
9065596,36085781,5,"Nói chung là đọc một cuốn là mua trọn bộ đó mà 😝. Mình áp dụng phương pháp tác giả hướng dẫn được 5 tháng rồi. Kết quả tuyệt vời.. Mình có nhiều thời gian hơn, buổi sáng tràn đầy năng lượng tích cực, làm việc hiệu quả, tăng sức khoẻ tinh thần và sức khoẻ thể chất. Đó là những gì mình đạt được tính tới ngày hôm nay.. Cảm ơn Tiki đã gói hàng kĩ lưỡng và giao hàng nhanh chóng nhé 😘😘😘",911,174
5328753,36085781,5,,503,174
16207280,36085781,1,"Sách cũ quá, ko phải là sách mới",1338,174
5252484,36085781,5,,492,174
4952,36085781,5,,7,174
8552728,36085781,5,,874,174
57218,36085781,5,,31,174
11736484,36085781,5,,1089,174
18278431,36085781,5,,1473,174
1841457,36085781,5,,401,174
991951,36085781,5,Sách mới,274,174
11000321,36085781,3,,1036,174
11474751,403086,5,,1067,26
13710083,403086,5,😅😅,1221,26
13211321,403086,5,Siu xinh siu rẻ và siu chất lượng,1186,26
23922655,403086,5,,1724,26
484466,403086,4,,155,26
5888196,403086,5,rất vừa lòng,587,26
1348435,403086,5,,327,26
7491237,403086,5,Nên đọc,761,26
17227913,403086,5,,1392,26
17920770,403086,5,,1442,26
93650,184629951,5,,47,426
11344411,184629951,5,,1057,426
14655468,184629951,5,,1266,426
23439954,184629951,5,,1711,426
7089802,7832991,5,Sách hay đóng gói cẩn thận ko mục nát gì nội dung thì xịn,722,97
22285919,7832991,4,,1666,97
16815622,7832991,5,,1368,97
739181,173515993,5,"Hay nha, đúng như tên sách",215,417
330572,173515993,5,Goood,111,417
10781891,173515993,5,Huu ich,1013,417
11476110,173515993,5,,1068,417
7393819,173515993,5,,752,417
15194285,173515993,5,,1292,417
9124809,528422,5,,915,42
15557505,528422,5,"Sách mới, đóng gói cẩn thận, săn được giá ưu đãi, nội dung tôi chưa đoc hết. Cảm ơn Tiki, sẽ tiếp tục ủng hộ",1305,42
8578353,528422,5,,875,42
1911999,42177986,5,"Sách đóng gói cẩn thận, giao hàng nhanh. Nội dung hay!",414,192
642183,42177986,5,"Sách được đóng gói rất cẩn thận, còn nguyên màng bọc nylon. Hy vọng nội dung truyện hay như mọi người review. Tiki ship hàng siêu nhanh. Mình mua được sách với giá tốt nên rất hài lòng.",195,192
2083263,42177986,5,"Cảm động, ý nghĩa và vô cùng nhân văn luôn. Dày thế thôi mà khi đọc cảm xúc tưởng chừng như mỏng manh, rồi mạnh mẽ hơn vậy.",445,192
386342,42177986,5,"Sách mới, chất lượng tốt. Nội dung thì mình đang đọc. Nói chung ok.",125,192
5165462,42177986,5,Quá trời lời khen cho cuốn sách rồi. Mình sẽ đọc sớm❤️,478,192
16650557,42177986,5,Sách ok có ý nghĩa hình ảnh đẹp săc nét dale nhiều nên mua sẽ ung ho tiki nua,1359,192
17794972,42177986,5,,1436,192
9886531,42177986,5,"Giao hàng siêu nhanh, giá sêu rẻ, xin cám ơn tiki",948,192
6067160,42177986,5,,612,192
9907965,42177986,5,,951,192
5582356,42177986,5,Bọc sách rất đẹp,548,192
7859171,42177986,5,,808,192
6512083,42177986,5,sách hay,658,192
98653,42177986,5,,48,192
12703320,275905369,5,,1150,654
17389840,50668886,5,"Sách hay, nên đọc. Good book. Sách bác Giang thì khỏi bàn, sắc - sâu lắm",1403,211
7512075,50668886,5,Nội dung tác giả viết đúng sự thật đang diễn ra trên các nền tảng trực tuyến. Cuốn sách mà ai cũng nên một lần đọc qua vì hiện tại ai cũng đang dùng ít nhất 1 mxh và thường xuyên cập nhật tin tức trên môi trường trực tuyến,764,211
18845440,50668886,4,"- Hàng giao đúng thời gian cam kết , tuy nhiên phải đợi hơi lâu từ ngày đặt đơn. . - Sách ko bị cong mép, tuy nhiên bìa hơn bị bẩn xíu. . - Nội dung sách thì mình chưa đánh giá ngay được, nhưng quyển “Tìm mình ...” thì ban đầu mình mượn đọc, giờ thấy hay quá nên tự mua luôn. ?",1496,211
7872456,50668886,5,Mới đọc đoạn đầu của sách thấy rất hay. Có lẽ sẽ mua thêm sách của tác giả Đặng Hoàng Giang về đọc.,809,211
522878,50668886,5,"Sách giao nhanh, giá rẻ. Nội dung nêu bật những vấn nạn xoay quanh chiếc smartphone.",163,211
19596037,50668886,5,,1537,211
17386788,50668886,5,"sản phẩm đóng gói cẩn thận ,sách chất lượng ạ❤️",1402,211
17765243,50668886,5,Phân tích vấn đề đa chiều,1430,211
10491118,50668886,5,,994,211
12542002,50668886,5,,1141,211
21584134,50668886,5,,1628,211
113590,50668886,5,,50,211
8253980,50668886,5,Tuyệt…!,847,211
7959915,50668886,5,,821,211
190297,50668886,5,"nội dung đặc sắc, cách nhìn nhận và đánh giá khách quan",72,211
7922009,50668886,5,,819,211
16946598,50668886,5,"sách đẹp, đóng gói cẩn thận, chất lượng giấy ngoài mong đợi",1378,211
190330,50668886,5,,73,211
11000339,50668886,4,,1037,211
346572,50668886,5,,116,211
1391325,50668886,5,,337,211
27802358,50668886,5,,1781,211
15990063,50668886,5,Ngon bổ rẻ,1320,211
8063452,50668886,5,nice,830,211
1840367,50668886,5,,399,211
6043880,50668886,5,,610,211
18217701,50668886,5,Rất thik sách của chú Giang.,1467,211
10891478,50668886,5,,1022,211
2136285,50668886,5,,456,211
209404,50668886,5,Sách hay và ý nghĩa. Nên đọc ạ,82,211
655559,50668886,5,Đọc review sách hay. Hi vọng sẽ như mong đợi,200,211
26032702,50668886,5,,1745,211
317050,50668886,5,,104,211
51302,50668886,5,,29,211
2415,50668886,4,,3,211
7901858,50668886,5,,815,211
13324247,50668886,4,1,1190,211
19181736,50668886,5,,1511,211
1624472,50668886,5,,371,211
22588512,50668886,4,,1683,211
9862708,50668886,4,,945,211
2001339,50668886,5,,429,211
1219820,50668886,5,,305,211
5811028,50668886,5,,575,211
1635513,50668886,5,,373,211
8657851,50668886,5,,882,211
12103013,50668886,5,,1115,211
13728255,50668886,4,Hay,1222,211
169341,50668886,5,,66,211
5871435,50668886,5,,586,211
7177399,50668886,5,,730,211
18313868,50668886,5,,1475,211
6335161,50668886,5,,643,211
13552782,50668886,4,"sách hay, nên đọc",1207,211
573794,50668886,5,,175,211
7890496,50668886,5,,812,211
1118879,50668886,5,,292,211
748040,50668886,5,,216,211
14089040,316018,4,,1240,0
24578950,316018,5,Ok,1730,0
17708461,316018,5,,1429,0
18132503,3102767,5,,1459,76
19412722,3102767,5,,1525,76
13553924,3102767,5,,1208,76
1085356,3102767,5,,288,76
7800274,273690134,4,,804,562
5757175,273690134,5,,568,562
18132503,273690134,5,,1459,562
11439643,21927043,5,,1064,149
11359,21927043,5,,16,149
138485,21927043,5,,58,149
8500833,21927043,5,"sách rất hay, rất đẹp, giao hàng rất nhanh. rất hài lòng",868,149
21654527,21927043,5,,1636,149
11663997,21927043,4,"Sách hay, giao hàng nhanh",1081,149
1161567,21927043,5,,299,149
19358343,21927043,5,Tiki giao hàng nhanh,1522,149
8925283,21927043,5,,900,149
537155,21927043,5,,167,149
21228601,21927043,5,,1607,149
7752697,21927043,5,,798,149
7234158,21927043,5,,739,149
9752826,21927043,5,Tốt,933,149
11685153,21927043,5,,1084,149
5871435,21927043,5,,586,149
184048,21927043,5,,70,149
7197095,21927043,4,,734,149
8458949,21927043,4,,867,149
8425526,6756517,5,"Sách rất hay, tôi sẽ đọc nhiều lần",863,95
20568764,6756517,5,,1582,95
7574428,6756517,5,"sách mới, nội dung chất lượng, rất đáng để xem. shipper thân thiện ?",773,95
6667297,6756517,5,,678,95
16688436,6756517,4,,1360,95
16726778,6756517,5,,1362,95
16896754,6756517,5,Sp đúng như hình. Shop đóng gói cẩn thận,1375,95
16091139,6756517,5,,1323,95
15525144,362226,5,,1303,20
651562,353323,4,"Quyển sách ""nhỏ mà không nhỏ"" này mang lại những điều lý thú trong cuộc sống từ cách xử lý thông tin cho đến cách áp dụng nó . Cuộc sống có muôn vàn rắc rối và mỗi ngày nó càng nhiều lên việc xuất hiện của nó là điều không thể tránh khỏi . Tuy nhiên hãy áp dụng những thông tin hữu ích trong quyển sách này giúp bạn vượt qua ít nhiều gì rắc rối , khó chịu từ những việc không đâu trong cuộc sống . Đọc để chấp nhận và xử lý nó một cách hiệu quả nhất.",197,15
402581,353323,5,"Tất Cả Đều Là Chuyện Nhỏ (Khổ Nhỏ) là quyển sách khiến cho mình ngạc nhiên nhất khi mua về bởi vì nó rất nhỏ nên mình nghĩ hẳn là sẽ không hay, nhưng không ngờ chỉ đọc một vài trang đầu thì đã thấy nhiều điều hấp dẫn. Quyển sách thật sự dạy ta những điều rất nhỏ nhặt trong cuộc sống, thậm chí ta còn không để ý đến, nhưng khi chúng ta bỏ qua nó thì lại không ngờ rằng đó lại là một việc nối tiếp cho một việc lớn hơn, vì thế chúng ta có thể học được cách cư xử đúng đắn, phù hợp với môi trường sống của chúng ta hiện giờ",128,15
520065,353323,5,"1 cuốn sách với những Nội Dung mà tôi yêu thích đó là : Tất cả đều là Chuyện Nhỏ. Chúng ta thường suy nghĩ thật phức tạp, thường hay lo lắng, làm quá mọi chuyện lên hay vướng phải vào những rắc rối ko đáng có. Tác giả sẽ giúp ta đơn giản hoá mọi việc xung quanh 1 cách tốt đẹp mà ko cần làm gì nặng nhọc. 1 chút việc làm để đối nhân xử thế, cuốn sách còn nuôi dưỡng bên trong tâm hồn ta càng ngày tốt đẹp hơn.. Dù bạn là ai, quyển sách này sẽ giúp bạn kinh nghiệm sống để đi lên phía trước.. Lời khuyên của toi đây là 1 cuốn sách hay bạn cần nên đọc. Sống chậm lại, nghĩ khác đi và yêu thương nhiều hơn :)",162,15
13380596,322074,4,Cuốn sách rất nên đọc. Bản in ko có lỗi,1192,2
21794591,322074,4,Khá ổn,1641,2
6697480,322074,5,,685,2
7425617,322074,4,,757,2
989856,322074,5,,272,2
16854681,322074,5,,1372,2
934122,22172884,2,"Đùa in sách nhoè xấu dã man, mực trang nào cũng nhoè. Chất lượng in quá kém luôn",266,154
18387707,22172884,5,,1481,154
8599820,22172884,5,"Một cuốn sách hay, giao nhanh, sách đẹp, mua hàng ở tiki luôn yên tâm về chất lượng. đầu tư cho tri thức là khoản đầu tư đúng đắn",878,154
23396541,22172884,5,,1709,154
20344162,22172884,5,Cuốn sách hay nhất mình đọc được trong năm nay. Trời ơi phải nói là đỉnh của đỉnh,1571,154
15525144,22172884,5,,1303,154
22769957,22172884,4,sách nhìn kh đc mới cho lắm nhma tạm chấp nhận,1692,154
21309136,22172884,5,,1609,154
20644856,22172884,5,,1586,154
27805743,22172884,5,,1782,154
109067,355021,4,"Một cuốn sách hay là một cuốn sách hấp dẫn người đọc trong cách viết, cách truyển tải, để lại những ấn tượng sâu đậm, đồng thời gửi gắm nhiều bài học ý nghĩa giúp cuộc sống của chúng ta trở nên tốt đẹp hơn. Đó chính là những gì mà ""10 điều tạo nên số phận"" đã mang lại cho mình. Sẽ không là quá nếu nói đây xứng đáng là một tác phẩm kinh điển, vì nó chứa đựng rất nhiều những triết lý, những thông điệp, những kinh nghiệm được đúc rút bởi những tác giả lớn trên thế giới. Mỗi trang sách mở ra một chân trời mới, giúp bạn hiểu về cuộc sống, về những người xung quanh và chính bản thân mình. Cuốn sách đã cho mình thấy một điều quan trọng, đó là số phận không phải đã được định đoạt trước bởi những thế lực siêu nhiên, mà số phận là do chính mình, chính những ước mong và khát vọng của mình tạo nên.",49,16
11195564,40933971,5,,1046,188
12833351,40933971,5,Nội dung rất hay,1163,188
22684527,40933971,5,,1686,188
473488,40933971,5,,149,188
308972,40933971,5,"Một quyển sách hay về thương thuyết khi nội dung là kinh nghiệm thực tế của tác giả, một nhà thương thuyết một nghệ sĩ thực thụ, từng đàm phán với công ty sừng sỏ, những cuộc đàm phán lên đến hàng tỷ đô la. Câu chữ tác giả rất chân thật, nhẹ nhàng giống như lời nhắn nhủ, tự sự, đây cũng là điểm khiến cuốn sách rất dễ đọc. Một cuốn sách tuyệt vời!!!!",101,188
30200011,40933971,5,,1827,188
28056883,40933971,5,,1793,188
20539475,40933971,5,,1579,188
17517042,40933971,5,chất lượng tốt chất lượng tốt chất lượng tốt chất lượng tốt chất lượng tốt chất lượng tốt chất lượng tốt chất lượng tốt chất lượng tốt,1412,188
29925382,40933971,5,,1822,188
22787455,40933971,4,,1693,188
29793913,40933971,5,,1819,188
409555,40933971,5,"Bác Phan luôn dẫn dắt một cuốn sách bằng một câu chuyện, một bài thơ đậm văn hóa dân gian Việt Nam.. Cuốn Một đời thương thuyết là câu chuyện Thằng Bờm và Phú Ông. Hai nhân vật rất đỗi quen thuộc. Một cuốn sách hay, không chỉ đơn thuần là về các cuộc thường thuyết trong kinh doanh mà còn là nhiều bài học trong cuộc sống, có thể áp dụng trong nhiều lĩnh vực. . Chân thành cảm ơn bác và NXB đã đem đến cho độc giả một tác phẩm chất lượng với ngôn ngữ bình dị nhưng truyền tải nhiều nội dung đặc sắc đến vậy.",130,188
17328517,40933971,5,,1399,188
5181540,40933971,5,"Tiki giao hàng đúng hẹn. Sách có nội dung hay, là trải nghiệm cả đời của tác giả.",482,188
5699693,40933971,5,,563,188
15195,40933971,5,"Mình đã mua đủ bộ 3 cuốn sách của Thầy Trường, cuốn nào cũng tuyệt vời. Chất lượng sách cũng rất tốt.",17,188
9625284,40933971,5,"Thầy dùng từ rất đời. Rất hay, người làm kinh doanh nên đọc.",922,188
5602054,40933971,5,"Còn gì hay bằng những trải nghiệm thực tế được đúc kết thành sách. Vẫn sự ấm áp như ngày nào của thầy nhưng vô cùng hữu ích. Sách dễ đọc, dễ hiểu cảm thấy không áp lực khi thưởng thức.",551,188
20634396,40933971,5,,1585,188
70466,40933971,5,"Mình thích lối viết của bác và những chia sẻ thực tế. Rất hữu ích cho những người làm kinh doanh đi thương lượng, đàm phán cũng như cho những ai muốn thêm kiến thức về kinh doanh trên thương trường quốc tế",39,188
1163920,40933971,5,,300,188
585279,40933971,5,,177,188
13598732,40933971,5,nội dung sách dễ đọc dễ hiểu bên cạnh những bài học về thương thuyết còn là triết lý sống sâu sắc,1212,188
7874287,40933971,5,,810,188
6988261,40933971,5,,712,188
16487754,40933971,5,Sách đẹp,1354,188
11310754,40933971,5,,1052,188
1641572,40933971,5,rất yêu thầy qua mọi video của thầy nên quyết định mua sách,374,188
13521369,40933971,5,,1202,188
6075811,40933971,5,"Sách đc đóng gói cẩn thận, giao hàng nhanh. Mình rất hài lòng. Cám ơn Tiki và Shop!",613,188
1594221,40933971,5,,369,188
9868703,40933971,5,sách hay,947,188
319626,40933971,5,,108,188
14361212,40933971,5,sách hay,1253,188
5363251,40933971,5,Chỉ biết nói là hay và bổ ích,510,188
22200075,40933971,5,,1663,188
8143835,40933971,5,,840,188
1325860,40933971,5,,321,188
306044,40933971,5,,100,188
5848201,40933971,5,,581,188
21585405,40933971,5,,1629,188
655288,40933971,5,nên mua,199,188
10350073,40933971,5,,982,188
2004111,40933971,5,,431,188
346572,40933971,5,,116,188
11203322,40933971,5,,1047,188
1503284,40933971,5,,354,188
2922,40933971,4,sách hay,5,188
289700,40933971,5,,97,188
8013552,40933971,5,,825,188
874522,40933971,5,,253,188
19464830,40933971,5,Sách hay,1529,188
6304722,40933971,5,,640,188
9990351,40933971,4,,957,188
9860625,40933971,4,,944,188
617599,40933971,5,,186,188
8025008,40933971,5,,826,188
15370336,40933971,5,,1299,188
914212,40933971,5,,262,188
18278431,40933971,5,,1473,188
15912867,40933971,5,,1318,188
1782676,40933971,4,Bản tái bản in đẹp hơn.,392,188
1507584,40933971,5,,356,188
605135,40933971,5,,184,188
8590466,40933971,5,,876,188
6366137,40933971,5,Gud,646,188
8941875,40933971,5,đóng gói cẩn thận . nhận hàng nhanh.,901,188
1003429,40933971,5,,276,188
791063,40933971,5,,230,188
9796708,40933971,5,,938,188
13994053,40933971,5,,1234,188
13542514,40933971,5,,1205,188
5399042,40933971,5,,513,188
1560065,40933971,5,,364,188
14939832,21574180,5,Sách giải thích ngắn gọn dễ hiểu theo từng quý tắc. Phù hợp để tham khảo và áp dụng vào tình yêu. Tuy nhiên một số quy tắc chỉ phù hợp khi đã có gia đình.,1276,148
23657001,21574180,5,Giao hàng hơi lâu nhưng mà sách bọc cẩn thận rất là OK,1715,148
1463993,21574180,4,Sách hơi bẩn chút nhưng chất lượng ok,351,148
6746297,8835167,3,"Mua nhiều sách của Tiki rồi nhưng hôm nay gặp quyển này khá thất vọng. Sách không mới và còn bị ố trên đầu, trang nào cũng bị. Luôn cho 5 sao nhưng lần này cho 3 sao để cải thiện chất lượng hơn.",692,101
7560578,8835167,5,"Những câu đố đa dạng, thử thách cùng lời giải chi tiết gây cảm hứng, sự thích thú qua đó rèn luyện tư duy chiến lược hiệu quả, nhạy bén và sáng tạo.",771,101
5956105,8835167,5,"sách đố, nhiều hình ảnh minh họa, rất bổ ích.. mua được giá khuyến mãi rất ưng.. 5 sao! nên mua",597,101
5235982,8835167,5,Sách là các bài tập câu đố. Nhỏ gọn có thể đem theo để giải thư giãn với các mức dễ và luyện trí với các mức khó.,490,101
16801221,8835167,5,,1367,101
20262036,8835167,5,,1566,101
8716138,8835167,4,,888,101
98653,8835167,5,,48,101
6682650,8835167,5,Sách còn mới giấy tốt!,684,101
2075972,8835167,5,,444,101
15662073,8835167,5,Sách hay,1308,101
19213290,8835167,5,,1512,101
306044,8835167,5,,100,101
2114763,8835167,5,,448,101
17300476,8835167,5,,1395,101
5253296,8835167,5,,493,101
120954,8835167,5,.,52,101
1112242,8835167,5,,291,101
5899621,8835167,5,,589,101
17155291,8835167,5,Ok good!,1385,101
5357379,8835167,5,,508,101
10781891,1527519,1,Nhà cung cấp giao sai sản phẩm,1013,63
14451798,1527519,5,,1258,63
891969,1527519,5,,255,63
537155,1527519,5,,167,63
14948368,1527519,5,,1277,63
11736484,1527519,5,,1089,63
7787551,1527519,4,,803,63
1746928,1527519,5,,387,63
15557505,344235,5,,1305,13
678138,344235,4,,207,13
16854681,344235,5,,1372,13
16650557,4366991,5,"Sách đep, giao hàng nhanh, đóng gói cẩn thận. Rất thích luôn ak.",1359,91
15865738,4366991,5,,1313,91
12800368,4366991,5,hay,1158,91
342437,48895048,5,Chưa đọc xong ạ nhưng có vẻ hay,115,207
642183,48895048,4,"Sách hơi lem nhem, không được mới lắm",195,207
14269387,48895048,5,,1250,207
5888196,48895048,5,rất vừa lòng,587,207
2051853,48895048,5,,440,207
13513176,48895048,4,,1198,207
7755698,48895048,5,,799,207
16650557,72646195,5,Sách xinh những câu chuyện rất ý nghĩa giao hàng cũng rất nhanh nói chung là mình hài lòng,1359,227
9886531,72646195,5,Giao hàng nhanh đúng hẹn. Giá sale tốt. Đánh giá được 1000 xu,948,227
17300476,72646195,4,,1395,227
1557791,72646195,5,,363,227
11679893,72646195,5,,1083,227
16521833,481169,5,Hãy thong dong mà sống.,1357,35
1610504,481169,5,,370,35
381626,481169,5,"Giao hàng ok, nội dung sách thì rất hay.",123,35
7178520,101782486,5,"Cực kỳ hài lòng. Sản phẩm có chất lượng đúng như mô tả, đóng gói chắc chắn, rất đáng tiền, giao hàng nhanh. . P/s: Không có thời gian chụp hình nên mình lấy đỡ hình trên mạng up",731,264
1736908,101782486,5,"Tiki giao hàng rất nhanh và đóng gói kỹ càng, cẩn thận. Sách đẹp và thơm mùi mới.",385,264
12596678,101782486,5,Sách rất hay,1147,264
13740668,101782486,3,"Lập luận quá dài dòng và hay lặp lại , chưa rõ ý",1223,264
23644521,101782486,5,,1713,264
5405202,101782486,5,,515,264
15905220,101782486,5,,1315,264
778461,101782486,5,,227,264
8227804,101782486,5,,846,264
777784,101782486,5,,226,264
19523592,101782486,5,,1534,264
12240969,101782486,5,,1127,264
16153491,101782486,5,,1329,264
5503749,101782486,5,,533,264
29259606,101782486,5,,1810,264
27511851,101782486,5,,1772,264
17506038,101782486,5,,1411,264
5477955,101782486,5,Mình tìm mua vì trong quyển sách NÓI MỘT CÁCH ĐƠN GIẢN có đề cập đến. Mình tin là sách sẽ có nhiều kiến thức bổ ích.,528,264
19468460,101782486,5,Nhà bán đã giao sản phẩm chất lượng cho tôi,1531,264
558142,101782486,4,,172,264
10970692,101782486,5,"Sách đẹp, còn seal, chưa đọc nên chưa review được nội dung",1031,264
476294,101782486,2,"Sách bị gấp, rách, nhăn nheo. Mình khi mua và đọc sách thì giữ rất kĩ nên gặp tình trạng này khá khó chịu",150,264
28001953,101782486,5,"cảm ơn tác giả, định vị lại cách làm việc và tập trung hơn",1790,264
756369,101782486,5,,218,264
21647411,101782486,5,,1635,264
21440634,101782486,5,5  sao nhé sách tuyệt vời lm ạ,1619,264
17304381,101782486,4,,1396,264
28059010,101782486,5,,1794,264
90147,101782486,5,,46,264
20552720,101782486,5,,1581,264
10418631,101782486,5,,988,264
7177399,101782486,5,,730,264
6714139,101782486,5,,687,264
5682267,101782486,5,Đóng bọc tốt giao hàng nhanh,561,264
21406438,101782486,5,hay,1616,264
9038444,101782486,4,,907,264
13031056,101782486,5,"Giao hàng nhanh, sách hay và đẹp",1178,264
20818840,101782486,5,,1596,264
5137461,101782486,5,,473,264
6874456,101782486,5,,708,264
17227564,101782486,4,,1391,264
18132503,101782486,5,,1459,264
12679410,101782486,5,,1149,264
17926398,101782486,5,,1444,264
25656266,21927043,5,,1739,149
15525144,11255050,5,,1303,120
28726553,11255050,4,,1803,120
5235982,11255050,5,"Sách là các bài tập, câu đố với các mức độ từ dễ đến khó. Sách cũng nhỏ gọn có thể đem theo giết thời gian khi đi xe.",490,120
1039840,11255050,5,"Tiki giao hàng nhanh, phục vụ tốt, đóng gói đẹp, chấm 5 sao.....",281,120
16801221,11255050,5,,1367,120
8610986,11255050,5,"sách đọc ổn, tiki giao hàng cực nhanh luôn",880,120
5732660,11255050,5,,565,120
8716138,11255050,4,,888,120
6682650,11255050,5,"Sách mới, giấy láng mịn đẹp.",684,120
10380967,11255050,5,,985,120
15662073,11255050,5,Sách hay,1308,120
306044,11255050,4,,100,120
535593,11255050,4,,166,120
2114763,11255050,5,,448,120
20520993,11255050,5,,1578,120
14039881,11255050,5,"Giao hàng nhanh, đóng gói cẩn thận, chất lượng sản phẩm tốt",1237,120
5253296,11255050,5,,493,120
5899621,11255050,5,,589,120
17155291,11255050,5,Ok good!,1385,120
5357379,11255050,5,,508,120
9124809,271784292,5,,915,546
21930331,214598590,5,,1646,489
1958993,214598590,5,Sách hay và bổ ích,418,489
24679735,214598590,5,,1731,489
10288229,214598590,5,.,979,489
7815201,481169,3,"Nhân viên giao hàng(Fahasa) bắt mình kí vào 1 tờ giấy trống trơn(hóa đơn) nhưng ko có nội dung đầy đủ. Ít ra phải nói gì đó là cái gì. Không đưa hàng xem trước, bắt kí trước. .  Thái độ như bắt ép, trịch thượng. Mong lần sau được phục vụ tốt hơn.",805,35
1038732,481169,5,Hay,279,35
10605581,481169,5,,1005,35
7191733,481169,4,Hài lòng.............................................,733,35
5825655,481169,5,"Giao hàng nhanh, đóng gói đẹp. Sẽ luôn ủng hộ tiki",577,35
516261,481169,5,"Khi đọc tựa sách, tôi bị cuốn hút ngay với ba từ ""Sự tử tế""! Rất khó tin, tôi nghĩ như thế, bởi vì tôi chưa từng biết đến một con đường nào đến với sự thành công, dù là thương trường hay chính trị, mà không dùng đến thủ đoạn hoặc thứ gì đó nhẫn tâm với người khác! Tôi rất nể phục samurai vì tư tưởng nhân cách làm người của họ vô cùng chính nghĩa và bất khuất, can trường, cho nên tôi yêu thích cuốn sách này, có lẽ đối với một số người, nó không đáng tin bởi vì nội dung quá lý tưởng trong một thời đại mạnh được yếu thua như hiện nay. Nhưng tôi cảm thấy nó đáng tin, cần nên tin, một phần những gì tác giả nói không chỉ là lý thuyết suông mà còn gồm những câu chuyện giữa quá khứ và hiện tại làm chứng minh... Và đặc biệt hơn cả, cuốn sách có thể là kim chỉ nam cho những ai đang đấu tranh với sự biến chất của mình trước xã hội này!",160,35
1657994,481169,4,Không phải chỉ riêng cấp quản lý mới đọc quyển này mà quyển sách dành cho tất cả chúng ta nếu muốn học cách đối nhân xử thế!,378,35
5267640,214818737,5,,495,490
910590,214818737,5,,260,490
8663058,214818737,5,,883,490
18343577,353323,5,"Tất cả đều là chuyện nhỏ.1 cuốn sách nhỏ nhưng giá trị to.Cuốn sách như 1 ng thầy 1 ng bận đồng với mn.Về việc đối mặt với cs ra sao,xử tn là hợp lí trong mọi tình huống.Giúp mn có 1 tâm thế bình tĩnh tr mọi vc,suy nghĩ chín chắn,xử lí khách quan và hợp tình hợp lí.Sổ tay dành cho tất cả ng VN",1478,15
15557505,353323,5,"Sách mới, đóng gói cẩn thận, săn được giá ưu đãi, nội dung tôi chưa đoc hết. Cảm ơn Tiki, sẽ tiếp tục ủng hộ",1305,15
16145701,353323,5,"Một quyển sách quá dễ đọc nhưng vô cùng giá trị, cuốn sách này có thể đi với mình cả đời",1327,15
1769314,353323,2,giấy xấu xỉn màu quá nhiều,390,15
19452906,353323,5,,1527,15
7532913,353323,5,,769,15
10147033,353323,5,,972,15
18617192,16213361,5,"Sách hay, đúng ở trường về toán học của mình ???",1488,139
18177778,16213361,5,,1464,139
12908227,16213361,4,,1168,139
12703320,29810956,5,,1150,161
5325256,486513,3,"Mình đã mua rất nhiều sách ở tiki rồi, và mỗi lần mua đều có cong bìa một chút. K sao, chắc là do vận chuyển thôi. Thế nhưng, lần này mình thật sự k thể chấp nhận được về chất lượng của sách. Mình mới lật 2 trang đầu mà đã thấy sách bị in dập giấy, nhàu nhè. Mỗi lần đọc mà thấy cuốn sách như vậy thì rất bực, tuy nhiên, do mình lỡ bao bìa nhựa rồi nên cũng không đổi đc. Mình mong tiki lần sau hãy cẩn thận hơn.",501,37
1039840,486513,5,"Bộ này mình mua để tặng, sách hay, tiki dịch vụ tốt",281,37
10789767,486513,5,,1015,37
9977815,486513,5,đóng hàng kỷ sản phẩm tốt giống như trong hình sản phẩm mới tốt cực kỳ hài lòng,956,37
1058859,324681,5,Đóng gói cẩn thận. Giao hàng nhanh. Phí ship cần điều chỉnh. Hình ảnh minh hoạ,283,3
6680036,324681,5,,682,3
778461,276289479,5,,227,659
21558077,276289479,5,,1626,659
15188098,276289479,5,Hay,1289,659
27635778,276289479,5,,1777,659
5531649,276289479,5,,539,659
504577,367635,5,"Thực sự bị cuốn hút bởi cái nhan đề. Không chỉ nhan đề cuốn sách, mà nhan đề của từng chương vừa nghiêm túc, vừa bông đùa. Phớt lờ tất cả và bơ đi mà sống không dạy chúng ta cách vô tâm trước hiện thực cuộc sống mà giúp ta có được những lối tư duy mới mẻ. Đơn giản, là bạn phải hết mình với đam mê, sở thích nhưng cần phải có những điều khác để neo giữ mình lại. Các bạn cứ yên tâm vất nó vào giỏ hàng, rồi về nhà nghiền ngẫm 2 đêm như mình.",158,22
709574,367635,5,"Phớt lờ đây không phải là vô cảm mà phớt lờ ở đây là nói đến những cái xấu ""tự nhiên mà có"" sinh ra như một cách phản ứng lại ta một dạng thử thách đáng ra không nên có đến từ xã hội đến từ người thân bạn bè của mình một khi mình có một ý tưởng quyết định điên rồ táo bạo. Qua cuốn sách này, tôi rút ra được vài điều. Đó là sự khẳng định rằng không nên để tiền bạc chi phối sự sáng tạo. Còn điểm yếu là gần như nó chỉ xoay quanh vấn đề ấy.",211,22
86842,367635,3,"Những nội dung trong quyển sách này khá chủ quan và phù hợp với những người làm nhóm về sáng tạo, đặc biệt là ngành quảng cáo và thiết kế. Một vài giá trị thú vị cũng có thể tìm thấy trong quyển sách này, tuy nhiên, những giá trị này vẫn thường xuyên được đề cập trong những quyển self-help kinh điển khác. Lời khuyên: Nếu bạn là mọt sách, sống ăn nằm với sách và đã kinh qua các quyển self-help kinh điển thì quyển này không dành cho bạn. Ngược lại, nếu bạn thích văn phong bất cần, tự do tự tại và bản thân lại là người không thích đọc sách, không thích phải kiên nhẫn đọc những trang kín đặc chữ thì đây là quyển sách dành cho bạn, vừa dễ đọc, có hình minh họa mà nội dung vẫn đảm bảo chất lượng.",44,22
442758,367635,3,"Tác phẩm là một sự phá cách trong cách viết, cách suy nghĩ và thể hiện của tác giả. Đây sẽ là một quyển sách truyền cảm hứng với những người trong cùng ngành với tác giả, về truyền thông và quảng cáo.. Tuy nhiên, với những người ""ngoại đạo"" (như mình), thì quyển sách hơi khó hiểu. Khi mua quyển này, mình hy vọng nội dung của nó sẽ đại chúng hơn, phù hợp với đa số mọi người hơn, vì tựa sách khá hay và gây hứng thú. Nhưng thật tiếc là tác giả lại nói quá chuyên về ngành quảng cáo, kèm với những bức ảnh châm biếm mà mình cũng không thể hiểu được. Mình không biết là do khác biệt về ngành nghề, văn hóa hay lí do nào khác, nhưng mình không thể hiểu được ý nghĩa những bức vẽ châm biếm, dù theo mình, chúng khá sáng tạo và (có lẽ) hài hước.. Có lẽ người dịch nên giúp tác giả giải thích một chút chăng?",139,22
1403964,367635,4,Một quốn sách dành cho những ai đang cảm thấy mất phương hướng.,339,22
1220377,367635,2,"Tôi thật sự tìm kiếm một quyển sách mới lạ về nội dung lẫn hình thức. Và vô tình gặp ""Phớt lờ tất cả và bơ đi mà sống"". Rất đúng lúc! Tôi đã rất thích thú với những hình ảnh được minh hoạ trong quyển sách. Tôi có thể nhìn nó theo nhiều góc độ khác nhau. Thú vị thật. Nó không thể một khuôn mẫu nào cả. Nội dung của quyển sách cũng thật sự mới lạ. Nhưng có lẽ tôi không thích lắm. Nó mang đậm chất ""Mỹ"", những câu chuyện có vẽ đơn giản, không mang lại nhiều cảm xúc lắm. Dù sao nó cũng hoàn thành nhiệm vụ giải trí.",306,22
600542,367635,1,"Cái tiêu đề và lời giới thiệu thực sự làm ta thích thú! Nhưng không, đọc từng bài viết trong sách vô cùng nhạt nhẽo, mình chưa thấy sự hài hước hay bất cứ bài học nào sau khi đọc xong! (Chắc tại mình *** *** :( Tuy nhiên, một cái mà mình thấy hay ho là những tranh biếm họa ***ệch ngoạc trong sách (cuối và đầu mỗi chương). Nói thật là nhìn tranh mình còn nhận ra nhiều điều hơn là đọc! Với lại sách mỏng, mỗi chương không quá dài (nếu không nói là ngắn) có thể thích hợp để xem thư giãn (xem hình)!",182,22
528389,367635,4,"Phớt lờ đây không phải là vô cảm mà phớt lờ ở đây là nói đến những cái xấu ""tự nhiên mà có"" sinh ra như một cách phản ứng lại ta một dạng thử thách đáng ra không nên có đến từ xã hội đến từ người thân bạn bè của mình một khi mình có một ý tưởng quyết định điên rồ táo bạo. Họ không tự biết rằng phản ứng ""*** ***"" tưởng như giúp đỡ lại đang hại con người phải đưa ra quyết định bởi thế mới phớt lờ mới bơ đi để mà sống mà quyết định chính tương lai mình. Qua tác phẩm tác giả còn gợi ra cách để bạn sinh tồn với ý tưởng với công việc yêu thích phát triển nó cách hưởng thụ .... Về hình thức chất lượng cuốn sách khá tốt.. Chúc các bạn đọc sách vui vẻ! . ""Một người không đọc sách chẳng hơn gì kẻ không biết đọc."" - Mark Twain",164,22
456366,367635,5,"Phải nói rằng nhìn cái bìa của cuốn sách thôi đã để thấy nó cuốn hút mãnh liệt như thế nào rồi.Cả cuốn sách toát lên cá tính độc đáo và suy nghĩ cực sắc sảo thông minh của tác giả.Cuốn sách thực sự rất khác biệt so với nhiều cuốn sách kỹ năng sống mà mình đã từng mua,rất hay và dễ ngấm vô cùng.Mới lạ từ nội dung cho đến hình thức,và mình cực kết cuốn này.Một cuốn sách hay mà giá chưa đến 100K :) rất đáng để đọc và mua đấy chứ nhỉ.Mình bị cuốn hút ngay từ những trang đầu tiên,lời văn giản gị gần gũi đời thường nên chả có sự khó hiểu ở đây.Phớt lơ tất cả và bơ đi mà sống,quan điểm sống đó của tác giả hiện đại nhưng cũng rất văn minh,mình thích nó lắm rồi í :D",144,22
414919,367635,5,"""Phớt lờ tất cả và bơ đi mà sống"" là một cuốn sách rất ấn tượng về cả nội dung và hình thức. Khác với cuốn sách viết về phát triển bản thân mà mình đã từng đọc: đều khuyên chúng ta cách hoà hợp với cuộc sống, với mọi người xung quanh. Nhưng ở cuốn sách này, một quan điểm rất mới, rất riêng của tác giả được thể hiện rõ nét qua từng trang sách, tạo sức hấp dẫn và cuốn hút cho người đọc từ trang đầu tiên cho đến trang cuối cùng. Cuốn sách được viết ngắn gọn, xúc tích với lối hành văn rất hài hước, châm biếm,... khiến người đọc càng thêm thấm thía. Cuốn sách có tính triết lý cao, đề cao quan điểm cá nhân.",133,22
40504,367635,4,"Có lẽ cuốn sách sẽ là một cuộc cách mạng với những lý luận hết sức mới mẻ. Những lời khuyên trong cuốn sách có vẻ như hoàn toàn khác với những điều tôi đã đọc trong những cuốn sách phát triển kỹ năng, nhưng lại vô cùng sát với thực tế. Bạn có băn khoăn về những việc như có nên tập trung vào một công việc vừa là đam mê vừa là cần câu cơm của mình không, tại sao các “nghệ sĩ” lại nghèo đói và đầy đau khổ như thế, và lý do những cố gắng của bạn vẫn chưa ra trái ngọt nhưng sâu bọ (dèm pha) thì đầy rẫy? . Một điểm trừ của cuốn sách, là có những đoạn tôi thực sự không hiểu nổi ý nghĩa của thông điệp mà tác giả muốn truyền tải. (nội dung quá ngắn, quá trừu tượng với tôi). Đó là nguyên tắc số 9 và 14, tôi thực sự không thể tưởng tượng ra được tác giả đã giải quyết vấn đề đó như thế nào..",27,22
72874,367635,5,"Mải mê kiếm tìm,  loay hoay không biết nên giải quyết nhiều vấn đề đang xảy ra với bản thân mình như thế nào thì việc bắt gặp cuốn sách "" Phớt lờ tất cả và bơ đi mà sống"" này thật là hữu ích. Cuốn sách giúp tôi nhận ra một chân lí hay đúng hơn là một triết lí sống đúng đắn để giải quyết rất nhiều vấn đề đang tồn đọng lâu nay. Đôi khi trong nhiều chuyện, cách tốt nhất không phải là tìm cho ra biện pháp hữu ích nhất để thỏa mãn tất cả mọi người mà đôi khi chúng ta phớt lờ đi tất cả lại là một giải pháp tốt. Chẳng ai có thể trách ta được vì như vậy xem như là ta vô tình chứ không phải cố ý để lãng quên! Tuy nhiên, không phải lúc nào chúng ta cũng sử dụng nó mà phải tùy vào từng hoàn cảnh cụ thể để giải quyết theo cách đó. Cám ơn cuốn sách rất nhiều!",41,22
13214412,425589,5,,1187,28
791063,425589,4,"Hệ miễn dịch tâm hồn là một cuốn hay hay và có ích. Nó như là một cẩm nang sức khỏe. Đọc hệ miễn dịch tâm hồn, ta biết cách xua tan những nỗi buồn vu vơ, vớ vẩn ta hay gặp phải trong cuộc sống thường ngày. Cuốn sách được trình bày đẹp và tinh tế. Từ những hình ảnh minh họa rất dễ thương và thú vị tao cho ta cảm giác thích thú, qua đó, những lời dạy, những mẹo đánh tan căng thẳng giúp ta tiếp nhận được một cách tự nhiên mà không cứng nhắc. . Tóm lại, quyển sách này khá là bổ ích. Là một liều thuốc bổ cho tâm hồn của mỗi người chúng ta.",230,28
624571,425589,4,"""Hệ miễn dịch tâm hồn"" là một thầy thuốc, một bài thuốc giúp chữa lành những căn bệnh tâm hồn một cách rất thẳng, rất thật, và rất khoa học. Đọc sách này, mình không thể đọc hết một lượt, một lần, mà mình chỉ đọc khi mình cảm thấy mình đang mắc căn bệnh tâm hồn gì thì nội dung sách sẽ giúp ta thanh thản và rút kinh nghiệm cho cuộc sống hơn, nếu đọc hết một lần thì nội dung sẽ rất loãng, mau quên. Tác gủa ví von những trăn trở, khó chịu của con người như là những căn bệnh,. bởi nếu nó không được chữa trị kịp thời thì nó sẽ tổn thương hết toàn bộ cơ thể ta kể cả tinh thần lẫn thể chất.. Nội dung sách không phải chỉ là những lời khuyên hay triết lý, mà được dựa trên một nền tảng khoa học tâm lý, được viết với ngôn ngữ gần gũi, dễ hiểu nên rất dễ thấm người đọc, đặc biệt người đang mắc bệnh tâm hồn. Bìa sách khá chân phương giản dị, chưa nổi bật bắt mắt, cuốn hút lắm, có hình chữ I , mình nghĩ là tượng trưng cho cái tôi, cùng 2 bông hoa quay ngược đầu, có nghĩa là ta phải sử dụng cái tôi một cách khéo léo, đúng đắn, đúng lúc, nếu không thì một sẽ giúp ta phát triển, hai là ta sẽ bị vùi lấp.",188,28
456366,425589,5,"Khỏi phải bàn nhiều mình thực sự rất rất rất ấn tượng mạnh mẽ chú Mike này.Đọc cuốn Từ giận giữ đến Bình an thấy cũng bình thường nhưng đến cuốn 7 AHAs mới choáng không hề nhẹ chú Mike dễ thương này.Lúc đó mình mới AHA nhận ra chú Mike quả thật không hổ danh là bậc thầy tâm linh tâm hồn.Trong cuốn sách này cũng vậy ,chú viết rất dễ hiểu nhưng cũng không kém phần sâu sắc à nha.Các vấn đề to to nhưng qua lăng kính của chú và ngòi bút tài tình thì lại trở nên siêu siêu dễ hiểu .Hơn nữa là ôi sao thấy mình quý First New thế,trang trí bìa và trình bầy cuốn sách này rất bắt mắt ưa nhìn nhá:nổi bật với màu đỏ của trái tim ^^.Cuốn sách này mà không rinh về tủ sách quả là buồn lắm các bạn đó.Sở hữu nó lại là một điều may mắn đối với mình.",144,28
5353717,1699251,3,"Nội dung không có gì mới, chủ yếu quote lại",507,65
10986596,1699251,5,Sách hay và Dịch Vụ OK.,1033,65
27119748,1699251,5,Giá trị. ⭐️⭐️⭐️⭐️⭐️,1763,65
5640085,1699251,5,tốt ạ,554,65
12377762,1699251,5,"Sách rất hay nha, mọi người nên mua nhé :D",1132,65
12185460,1699251,5,,1124,65
628851,1699251,5,,190,65
1341609,1699251,5,,324,65
2006871,1699251,5,,432,65
10805001,1699251,5,"Cuốn sách rất là hay, highly recommended. Nhưng quan trọng vẫn là hiểu rồi, có kiên trì thực hiện những nguyên tắc trong sách vào cuộc sống hay không. . Tiki vẫn giao nhanh và đóng gói cẩn thận như thường lệ.. Có 1 điều mình muốn góp ý cho Tiki, Tiki có thể tích hợp chức năng chọn những món hàng nào muốn mua trước trong giỏ hàng được không, như vậy thân thiện với người dùng hơn nhiều. Nhiều lúc khách hàng chỉ muốn mua 1 vài món, vậy lại phải xoá hoặc bỏ những món còn lại vào mua sau rất là mất thời gian của khách hàng.",1017,65
18343577,1699251,5,"15 nguyên tắc gần như chân lí về phát triển bản thân.K nghi ngờ j đây là cuốn sách hay nhất và xuất sắc nhất trong việc phát triển bản thân.Các nguyên tắc có chủ đích,dây chun...là chắt lọc đúc kết nghiên cứu của tác giả như kim chỉ nam vĩnh cửu cho mọi ng",1478,65
11396202,1699251,5,sách mới ok chất lượng ổn không phụ sự kì vọng . giao hành nhanh đóng gói cẩn thận . ( hình ảnh mang tc minh hoạ ),1063,65
7966417,1699251,5,"Sách đóng gói cẩn thận. Tiki giao nhanh, shipper thân thiện, nhiệt tình. Sách nội dung nhẹ nhàng, đọc tham khảo nha các bác.",823,65
1864681,1699251,5,"Sách hay, các bí quyết đều dễ hiểu và dễ áp dụng",405,65
21500023,1699251,5,Còn mới đóng gói đẹp chắc chắn giao hàng nhanh,1624,65
9766945,1699251,4,sách có tính thực hành cao nên hs c3 không thích hợp mua quyển này lắm vì các bạn này không có nhiều tg để thực hành. nội dung sách có vẻ chung chung đại khái không có gì mới mẻ mấy nhưng nói chung là cũng tạm được,935,65
319626,1699251,5,sách của John này đọc thích. sách giao nhanh.,108,65
6399267,1699251,5,"Cuốn sách seft-help hay!. Thực ra nội dung không có gì mới, nhưng đọc rất cuốn hút!. Với những quyển sách kiểu này, càng đọc nhiều càng phản tác dụng!. Không quan trọng là bạn đọc bao nhiêu sách, mà quan trọng là bạn thực hành được bao nhiêu!. Nếu được chọn một quyển và làm theo tôi sẽ chọn cuốn sách này!. Nên đọc qua hết một lượt rồi bắt đầu đọc lại từng chương một rồi thực hành!. Cuốn này phải nghiền ngẫm thực hành ít phải trong 6 tháng mới có tác dụng!. Còn nếu chỉ đọc không thì chẳng thể giải quyết được vấn đề gì!. Thậm chí còn tốn thời gian nữa!",650,65
19679592,1699251,5,chất lượng tốt,1542,65
6827897,1699251,5,,701,65
17786300,1699251,5,Sách mới ạ,1434,65
20701090,1699251,5,,1592,65
5900422,1699251,5,,590,65
7581285,1699251,5,đây là cuốn sách bạn nên đọc để hiểu được bản thân mình hơn. để thấy được bản thân mình có những gì chưa hoàn thiện. mọi người nên sở hữu về riêng mình nhé,774,65
10861745,1699251,5,,1018,65
18423262,1699251,5,,1482,65
6599221,1699251,5,,671,65
2163889,1699251,5,,461,65
10528515,1699251,5,,998,65
10040965,1699251,4,,966,65
17545865,1699251,5,,1414,65
8180145,1699251,5,,842,65
15286816,1699251,4,,1295,65
10605513,1699251,5,,1004,65
10403580,1699251,5,Sách hay. Và đáng để đọc lại nhiều lần.,986,65
419455,1699251,5,,134,65
18754202,1699251,5,,1493,65
1112242,1699251,5,,291,65
13634560,1699251,5,,1215,65
6002072,1699251,5,,603,65
5749522,1699251,5,Nếu bạn muốn phát triển bản thân đây là cuốn sách dành cho bạn :),566,65
12359694,1699251,5,,1130,65
11871210,37216547,5,"sach đẹp mới tinh kèm book mark, chất lượng okkkk",1097,181
14711233,37216547,5,Sách rất thú vị,1268,181
541937,37216547,5,,168,181
7406022,274612423,5,"Sách hay nên đọc, để hiểu rằng thiên tài thực ra không như chúng ta vẫn nghĩ , họ cũng là con người như chúng ta.",754,574
14088052,274612423,5,,1239,574
5993404,274612423,5,,601,574
17328517,102513019,5,,1399,265
201316,362226,5,"100 quy tắc trong cuộc sống, chia làm 5 phần ứng với 5 mối quan hệ chính của mỗi người:. -----. 1️⃣ Phần 1: Những quy tắc dành cho bạn (50). 2️⃣ Phần 2: Những quy tắc trong quan hệ với người bạn đời (16). 3️⃣ Phần 3: Những quy tắc trong quan hệ với gia đình và bạn bè (13). 4️⃣ Phần 4: Những quy tắc trong quan hệ xã hội (13). 5️⃣ Phần 5: Những quy tắc trong quan hệ với thế giới (8). -----. Những quy tắc này tương đối giản đơn, có thể một số người sẽ thấy hơi sáo rỗng, có thể chừng mực nào đó không phù hợp nếu bạn là người sáng tạo, khác biệt. Nhưng nó sẽ là la bàn để cân bằng trong cuộc sống, nhất là nếu bạn đang gặp vấn đề trong mối quan hệ nào đó. . -----. P/s: Quyển sách này hiệu quả tương tự như một số quyển khác của cùng tác giả Richard Templar mình đã đọc: Những quy tắc làm cha mẹ, những quy tắc trong công việc, những quy tắc trong quản lý.. (Một số quyển khác cũng tựa đề ""NHỮNG QUY TẮC"" nhưng không phải tác giả này mình chưa đọc nên không rõ nội dung).",78,20
1234201,362226,5,""" sách hay "". cách kỹ năng đc diễn giải ngắn gọn, dễ hiểu, nên mỗi lần có thể đọc nhiều chương mà k cần suy ngẫm quá nhiều như những sách kỹ năng khác. nhìn chung mình rất thích, phù hợp vs các bạn tuổi teen..",310,20
1757466,3859121,5,,389,86
5428207,3859121,5,,518,86
1358614,3859121,1,"Nội dung chán, không thực tế, có nhiều kiến thức sai lệch",331,86
5597859,316018,4,Tiki bảo mua 5 cuốn sách sẽ nhận 1 cuốn tặng. tuy nhiên chẳng có gì nhiều hơn những cuốn mình trả tiền. Chất lượng sách tốt! cảm ơn,549,0
642183,115897978,5,Bìa đẹp theo cảm nhận của cá nhân mình,195,336
5304483,115897978,5,,499,336
7333002,115897978,5,good,748,336
7658490,115897978,4,,781,336
5205321,115897978,5,,486,336
20262036,276246242,5,,1566,658
17644110,3653511,5,khi đọc sách này ta có cảm giác như một cuộc đối thoại giữa một người anh từng trải chia sẻ kinh nghiệm cho chúng ta không giáo điều không khoá trương mà chỉ có sự chia sẻ nhiệt tình và chân thành,1422,80
16823139,3653511,5,,1369,80
15138177,3653511,5,,1287,80
15188098,1639671,5,,1289,64
11891788,1639671,5,"Khổ sách nhỏ, cầm tiện dụng. Nội dung hay, đọc dễ hiểu",1101,64
17506038,1639671,5,,1411,64
8669504,1639671,1,"Ban đầu khi nghe tên sách thì mình thấy khá ấn tượng vì nó thu hút sự chú ý của mình khi mình đang trì hoãn rất nhiều. Nhưng khi mua về thì thật sự rất rất thất vọng, ngoại hình của sách như đồ second hand, hơi bẩn và k bắt mắt, nội dung khô khan, câu từ khó mà thấm thía được",884,64
22405575,1639671,5,,1670,64
15525144,1639671,5,,1303,64
7165593,1639671,5,Ok,729,64
17864394,1639671,5,,1439,64
28420073,1639671,5,,1799,64
8425526,1639671,5,,863,64
8663058,1639671,5,,883,64
13031056,1639671,5,"Đóng gói đẹp,giao nhanh",1178,64
6403174,1639671,5,sản phẩm nhận về rất okla,652,64
23656199,1639671,5,,1714,64
19778514,1639671,5,,1548,64
22235987,1639671,5,,1665,64
1085162,1639671,5,,287,64
1060680,1639671,5,,284,64
1842873,1639671,5,,402,64
6176902,1639671,5,,624,64
14361212,1639671,5,,1253,64
21253813,1639671,5,,1608,64
15281672,1639671,4,Hợp lý lnfjfjfjfjdjdjdjdjdjdjdjd. Bên bê. Hênh. Hẹn,1294,64
12800368,1639671,3,khá sáo rỗng. nhạt nhẽo vô vị,1158,64
18278431,1639671,5,,1473,64
11493375,1639671,5,,1071,64
16898585,1639671,5,,1376,64
16896754,1639671,5,Sp đúng như hình. Shop đóng gói cẩn thận,1375,64
19280721,1639671,5,,1517,64
16882208,1639671,4,,1374,64
6402106,1639671,5,,651,64
1594221,1639671,5,,369,64
7787551,1639671,5,,803,64
5601424,1639671,5,,550,64
1460081,1639671,4,"nội dung cũng được. mà giấy xấu quá, nhám nhám kiểu gì như sách giả vậy",350,64
10014470,50586033,1,"Mua từ đầu tháng nhiều sách nên giờ mới đọc đến, sách bị nhảy trang, thiếu trang rất nhiều. Yêu cầu đổi trả cuốn khác.. Mua sách ở tiki nhiều lần nhưng giờ bị gặp trường hợp lần đầu ?",960,210
11538569,50586033,5,"hàng gói bọc cần thận , giá thành và chất lượng tốt ,  đã mua ở đây nhiều lần , shop rất nhiệt tình tư vấn . sẽ ghé ủng hộ vào những lần sau nữa.",1076,210
7518989,50586033,5,,768,210
28392420,50586033,5,,1798,210
420362,50586033,5,,135,210
8992170,50586033,5,,905,210
12714000,50586033,5,,1154,210
23085503,50586033,5,"Sách chất lượng tốt, mọi người nên mua!",1703,210
21584134,50586033,5,,1628,210
23439954,50586033,5,Hay,1711,210
11242102,50586033,1,"Sách lậu, bán đắt, chất lượng giấy ko tốt",1048,210
13807875,50586033,5,,1225,210
8030368,50586033,4,,828,210
22404128,50586033,5,,1669,210
21100448,50586033,5,,1600,210
1191294,50586033,5,,304,210
8125310,50586033,5,,834,210
716305,50586033,5,,213,210
7669271,50586033,5,,785,210
16607613,50586033,4,,1358,210
8118174,50586033,5,rất hay,833,210
16854681,50586033,5,,1372,210
17449369,50586033,5,,1407,210
7038371,614801,5,"Sách hay nhé mọi người. Tiếc là mình bây giờ mới đọc. Đọc và cảm nhận nhé mọi người, rất thích hợp cho những ai muốn loại bỏ thói quen xấu của cá nhân, tổ chức. Dịch vụ tiki trên cả tuyệt vời. Mới đặt hàng tối hôm trước mà sáng hôm sau Anh ship tia chớp đã gọi cho lúc chưa mở mắt rồi. Điểm 10 cho chất lượng.Cảm ơn anh ship hài hưóc, cảm ơn tiki nhiều nha.",716,50
5169835,614801,5,Không phải tự nhiên là New York Times bestseller nhỉ :). Chỉ chê là giấy hơi mỏng khiến chất lượng sách không như ý !!!,479,50
18343577,614801,5,"Chúng ta là chính những gì chúng ta làm đi làm lại.Sức mạnh của thói quen đã chỉ ra các thói quen của 1 cá nhân thành công,của 1 tổ chức thành công,và của 1 cộng đồng thành công.",1478,50
8274074,614801,1,Sách mới mà gáy sách sắp sút như vậy???...em đề nghi được đổi lại tiki bảo phải đợi từ 10-15 ngày???? Vậy nếu 10-15 ngày có được đổi lại sách?,850,50
6564392,614801,5,"Tiki giao hàng cực nhanh, sách dày 400 trang gà cách viết rất cuốn hút. Lâu rồi mình mới đọc quyển hay như thế",666,50
19935597,614801,5,"Đang đọc , thấy hay , nên mua nha mọi ngừoi , cảm thấy tích cực hẳn ra .",1555,50
6588832,614801,5,,669,50
11187491,614801,5,,1044,50
8374608,614801,5,,861,50
16384165,614801,5,,1346,50
17864394,614801,4,,1439,50
1039840,614801,5,Sách chất lượng tốt,281,50
21353765,614801,5,Ok,1613,50
1970940,614801,4,,424,50
699960,614801,5,,209,50
7959915,614801,5,,821,50
1463993,614801,4,Chất lượng tuyệt vời bọc cẩn thận,351,50
16969405,614801,5,,1379,50
16989541,614801,5,,1381,50
21253813,614801,5,,1608,50
13428055,614801,5,,1194,50
11530409,614801,4,,1075,50
7425617,614801,5,,757,50
817832,614801,5,,239,50
2157989,614801,5,,459,50
5160429,614801,5,,476,50
7515576,614801,5,,767,50
207782,614801,5,,81,50
7752697,614801,4,,798,50
5175031,614801,5,,480,50
2201942,614801,5,,466,50
5978298,614801,3,,599,50
6559220,614801,5,,664,50
14426063,614801,5,,1256,50
1818107,614801,5,,397,50
2144178,614801,5,,457,50
18278431,614801,5,,1473,50
11802686,614801,4,,1092,50
10565532,614801,5,ok,1002,50
7209435,614801,5,,737,50
15099161,614801,5,,1283,50
16311478,614801,5,Sách rất đẹp và gói cẩn thận.,1344,50
6516078,614801,5,,659,50
16145701,614801,5,,1327,50
18070225,614801,5,,1447,50
2065541,3344943,4,"Ngoại quan khá ổn, mình chưa đọc kỹ để đánh giá, nhưng đây là một tác giả có uy tín, mình mua vì từng đọc vài bài về Osho của cô, nhân sinh quan của cô khá hay và đáng để thưởng thức cũng như suy ngẫm.",442,79
317483,3344943,5,một cuốn sách tự vấn cho người trẻ. hai từ hạnh phúc có gây khó khăn cho bao người nhưng hạnh phúc là gì,105,79
1279614,3344943,2,Sách cũ đã đọc và ghi chú. Đề nghị đổi sách mới,318,79
6534469,3344943,5,Sách đọc hay lắmmmmm ❤️,663,79
19685945,3344943,1,Sách nát móp hết bìa như sách cũ vậy,1544,79
12631514,3344943,1,Tôi tự hỏi là “tại sao Tiki đóng gói hàng không bao giờ cho chống sốc vào!”,1148,79
17526178,3344943,5,,1413,79
15865738,3344943,4,,1313,79
12944084,3344943,5,,1172,79
29990552,253057679,5,Sách đẹp giao hàng cẩn thận,1824,525
14142627,253057679,5,,1244,525
15188098,253057679,5,,1289,525
5140063,253057679,5,,474,525
8287398,614801,5,,852,50
6588832,36701979,4,,669,177
6044990,74235038,5,giao hàng nhanh.đóng gói cẩn thận.nội dung cần phải đọc đã ah.chất lượng giấy tốt,611,232
5351057,74235038,5,cuốn sách cần phải có để bạn có động lực cuộc sống!,506,232
1325860,74235038,5,,321,232
20659697,74235038,5,,1588,232
357419,142002263,5,"Đây là phần 2 của series kinh điển của Nguyên Phong. Mình đọc online thích quá nên mua luôn. Lâu lắm mới quay lại mua trên tiki. Rất bất ngờ và hài lòng với dịch vụ TikiNow, chỉ đúng 58 phút sau khi bấm.. thanh toán đã nhận được sách.. Quyển 2 có sự chăm chút nhất định về chất lượng, hơn hẳn quyển 1, đặc biệt phần gáy sách, chắc chắn hơn. Hy vọng tiếp ở cuốn 3 bản bìa cứng.. Thật tuyệt vời!!!",120,392
14847442,142002263,5,"Sách đẹp, được đóng gói cẩn thận, không bị trầy xước, giao hàng đúng hẹn.. Đã mua Tập 1, nội dung sách rất hay, bổ ích.. Sẽ tiếp tục ủng hộ Tiki.",1273,392
9723766,142002263,5,"Lần này mình đặt giao luôn xem sao mà vẫn lo vì Tiki hay giao sách rất ẩu, nhưng may lần này nhận được e nguyên vẹn, mới tinh còn nguyên màng co và không bị móp méo gì",929,392
18537359,142002263,5,Đẹp lắmm íiiiiii đẹp lắmmmmm,1485,392
7904488,142002263,2,"Giao hàng trễ, sách bị gãy bìa và có mùi mốc!",816,392
13527388,142002263,5,,1203,392
10325577,142002263,4,Cũng được nhưng kể về alexander hơi dài,981,392
9139514,142002263,5,,917,392
9096490,142002263,5,,913,392
17127058,142002263,5,,1383,392
1136391,142002263,5,,296,392
10874644,142002263,5,,1019,392
6314259,142002263,5,,642,392
62953,142002263,5,,33,392
11511756,142002263,5,,1073,392
5752757,142002263,5,,567,392
28185640,142002263,5,,1795,392
20352727,142002263,5,,1572,392
28946266,142002263,5,,1807,392
27837115,142002263,4,"Sách đẹp, đóng gói cẩn thận, giao hàng nhanh, cảm ơn shop",1785,392
7675679,142002263,5,,791,392
18262548,142002263,5,,1472,392
17814039,142002263,5,Sách đẹp đáng giá tiền,1437,392
9842396,142002263,5,,943,392
28931600,142002263,5,,1806,392
28420073,142002263,5,,1799,392
7101551,142002263,5,,724,392
20581369,142002263,5,,1583,392
8508799,142002263,5,,869,392
19255926,142002263,5,,1515,392
21189655,142002263,5,"Giao hàng nhanh , chất lượng tốt",1605,392
2415,142002263,4,,3,392
21379518,142002263,5,đợi mãi mới ra bản bìa cứng. sách đẹp. giấy đẹp,1615,392
19104908,142002263,5,,1508,392
13757755,142002263,5,,1224,392
16845361,142002263,5,,1370,392
6000943,142002263,5,,602,392
17419896,142002263,5,rất hay và rất hữu ích,1406,392
13311884,142002263,5,Okee,1189,392
20671176,142002263,5,,1590,392
12631514,142002263,1,Đóng gói chống sốc dô Tiki ơi!,1148,392
27362388,142002263,5,,1768,392
22426321,142002263,5,,1672,392
14797338,142002263,5,,1271,392
1121328,142002263,5,,293,392
24836137,142002263,5,,1733,392
16141175,7986380,5,"Sách ngắn gọn dễ đọc, rất tốt để thiết lập mục tiêu!",1326,99
801850,7986380,5,Sách viết về cách đặt mục tiêu bằng S.M.A.R.T thành 10 bước.. Bookcare bọc cẩn thận. Giao hàng đúng hạn.,235,99
7165593,7986380,5,Ok,729,99
10986596,7986380,5,Sách hay và Dịch Vụ OK.,1033,99
17506038,274845343,5,,1411,585
797174,42240721,1,"Bộ sách giá 2 triệu đồng, Tiki vẫn tiếc 500đ bọc chống sốc. Hay do Tiki trả lương quá thấp cho anh em đóng gói nên họ chán nản và làm việc cẩu thả!? Đây là lần thứ 2 mình gặp tình trạng này.",233,193
12631514,42240721,1,"Góp ý thẳng mặt ông bà nào đứng đầu những khâu sau:. - Sách Tiki giao thì luôn bị dơ bẩn phần ruột sách, cái này thì chắc ai cũng bị không cần phải nói rồi nhỉ?. - Đóng gói không bao giờ có chống sốc hay có bất kỳ một phương pháp bảo vệ sách nào cả! Gáy sách hoặc phần bìa sách luôn bị cấn/móp/trầy/xước!. Ẩu tả, thiếu ý thức, vô trách nhiệm trong khâu kiểm tra chất lượng sản phẩm và đóng gói sản phẩm trước khi vận chuyển. SLOGAN MỚI CỦA TIKI HAY GÌ VẬY?",1148,193
2118484,42240721,5,Nội dung sách rất hay và hữu ích. Cách nói về triết không khô khan như mình tưởng. Nên đọc nhiều lần để thấm hơn.,450,193
10125023,42240721,4,"Hàng nguyên vẹn, có điều hộp méo mó quá nhìn sợ thiệt.Nhiều đơn như vậy rồi nha bạn.",969,193
21500023,42240721,5,Schs đẹp giao hàng nhanh đóng gói cẩ thận tuyệt vời luôn,1624,193
6787855,42240721,5,Sách mua mang đi tặng,696,193
5411052,42240721,4,hộp và sách bị cấn móp nhẹ khi vận chuyển do không có chông sốc,516,193
20656844,42240721,5,"Sách hay , đẹp, đóng gói tốt, vận chuyển nhanh, very good",1587,193
22576510,42240721,5,,1682,193
1326871,42240721,5,tuyệt vời. mua sưu tầm là chính,322,193
15354457,42240721,5,,1298,193
306044,42240721,5,,100,193
18313868,42240721,5,,1475,193
535593,42240721,5,,166,193
1992088,42240721,5,,426,193
597992,42240721,5,,181,193
9060811,42240721,4,,910,193
499721,54380457,4,"Chất lượng đóng sách cực tệ, nội dung khá thiết thực, mn có thể đọc từ nửa sau cuốn sách trở đi và mục thư giãn chất lượng cao rất hay, còn lại thì gợi ý cách thực hành và kinh nghiệm",156,214
30346965,54380457,5,"ok nha giao về sách kh bị méo mó, tưởng sách khổ to lắm ai ngờ bé như bàn tay cuteee",1829,214
1273017,54380457,5,,317,214
810311,54380457,5,"Lối sống tối giản thời công nghệ số- Cal Newport. Sách có bộc giấy bookcare ở phía sau bị lem gốc bên phải của sách. Sách Lối sống tối giản thời công nghệ số là cuốn cẩm nang mà mỗi người cần có trong kỹ nguyên số. Hầu như tất cả những người mà tiếp xúc đều tin tưởng vào sức mạnh của Internet. Mục đích của cuốn sách này là đưa ra những lập luận ủng hộ cho chủ nghĩa tối giản số, tiếp đến là phần hướng dẫn cách áp dụng triết lý này sống nếu bạn quyết định lựa chon nó.",237,214
10681858,54380457,5,"Sách khá hay, nhưng một số đoạn viết khá dài dòng, chủ yếu là chứng minh quan điểm của tác giả qua những ví dụ thực tế. M ko nghĩ là combo của cùng 1 tác giả với cuốn "" Deep work"" nên mình đã mua 2 quyển 2 lần. Đọc xong cũng rút ra đc khá nhiều bài học.",1009,214
1366077,54380457,5,"đợt nhận hàng này ưng ghê. giao hàng nhanh, sách thì full seal cả 4 quyển. nội dung sách thì mình có xem nhiều review khá tốt . ưng lắm các bác à",333,214
756369,54380457,5,,218,214
17864394,54380457,5,,1439,214
22555105,54380457,5,,1681,214
16163083,54380457,4,Sách bọc không được chắc chắn lắm. tuy nhiên giao hàng khá nhanh,1332,214
12705959,54380457,5,Sách này mua về bà chị nượn đọc chưa trả nhưng nghe sách nói rất hay,1153,214
126944,54380457,5,,54,214
7673350,54380457,5,,789,214
19139196,54380457,5,,1510,214
12944084,54380457,2,"Sách hay, nhưng mở ra đọc 1 lượt thì giấy bung ra tung tóe, chất lượng sách  kém, mở 1 lượt bung ra hết phải vứt đi",1172,214
5205321,54380457,5,,486,214
21438034,54380457,5,,1618,214
17770169,54380457,4,,1432,214
8128141,54380457,5,,835,214
18121881,54380457,4,,1457,214
748040,54380457,5,,216,214
1728729,54380457,5,,383,214
6418729,54380457,5,,653,214
17227913,54380457,5,"hàg tốt , nhân viên giao hàg thân thiện",1392,214
2003707,54380457,5,,430,214
677395,54380457,5,,206,214
251974,54380457,5,,90,214
7231602,54380457,5,,738,214
12088578,807719,5,"sách đóng gói cẩn thận, giao hàng nhanh, rất hài lòng 👍",1114,56
12009584,807719,5,,1110,56
16389420,807719,5,,1347,56
19244264,807719,5,,1514,56
8536324,807719,5,.,872,56
93650,807719,5,"sách hay, chất lượng giấy đẹp, quyên sách nên đọc cho phụ nữ chúng ta. Chị cơ quan minh mượn đọc con nói các sếp thi càng nên đọc",47,56
18118699,807719,5,,1456,56
6831509,807719,5,"Dễ hiểu, sâu sắc, phù hợp cho phụ nữ hiện đại thời nay",702,56
13001842,807719,5,,1176,56
11992914,702722,4,"Sách hơi bị cu, bìa bị hằn vết, đầu sách bị bẩn dù có được bọc nylon. Sách giấy xốp khá nhẹ. Tiki đóng gói quá sơ sài, mình trải nghiệm thử gói TikiNow mà thực sự không dám khen. Thùng giấy đến thì móp mép, rách 1 đầu. Mình cầm đến may mà sách không bị quăn lắm nên vẫn cho 4 sao.",1108,52
7406022,702722,5,"cuốn sách viết về một góc nhìn mới,cách diễn đạt rất riêng rất đặc biệt của bậc mình triết OSHO .. cuốn sách cho ta cái nhìn về lòng can đảm, đưa ra quan điểm thế nào là can đảm. . Thực sự là cuốn sách sâu sách, tinh hoa , rất đáng đọc.",754,52
18618473,702722,3,giao nhầm sách sau 1 tuần phản hồi mà vẫn không quay lại lấy sách đổi lại,1489,52
2065541,702722,5,"Một tác phẩm quá hay của Osho, tuy nhiên mình không thích dạng sách xốp của FN.",442,52
7665214,702722,5,sách hay,783,52
13835318,702722,3,,1227,52
5677169,702722,5,"Đúng với tựa Can Đảm Biến Thách Thức Thành Sức Mạnh, cuốn sách rất hay! Cảm ơn tác giả!!!",560,52
20301537,614801,4,"Tạm được, thua atomic habit",1568,50
14982315,614801,5,"giao hành nhanh, sách bọc cẩn thận, chất lượng in tốt",1278,50
23644521,614801,5,,1713,50
190682,614801,5,,75,50
18130480,614801,5,,1458,50
6656572,614801,5,"Nội dung rất hay, trình bày khoa học rõ ràng dễ hiểu. Thay thói quen đổi tính cách...",677,50
1631210,614801,2,"Sách giao ok, về nội dung thì không được như kỳ vọng, ít phân tích sâu",372,50
479578,614801,5,,151,50
10051878,614801,5,,967,50
7165593,614801,5,Ok,729,50
23892324,614801,4,,1721,50
28420073,614801,5,,1799,50
21558077,614801,4,,1626,50
15194285,614801,5,,1292,50
21940481,614801,5,,1647,50
5917418,614801,5,,593,50
1635513,614801,5,,373,50
14219155,614801,5,,1248,50
19778514,614801,5,,1548,50
11191628,4070559,5,,1045,90
17506038,270145704,5,,1411,538
5956105,8835169,5,"sách đố chứa nhiều hình ảnh, rất bổ ích.. mua được giá khuyến mãi rất ưng.. 5 sao! nên mua",597,102
1842873,8835169,5,Giải mã những câu đố này không biết có hình thành tư duy khách quan được không. Nhưng sách tiki bán đẹp giao hàng lại nhanh,402,102
5235982,8835169,5,"Sách gọn nhẹ, là các bài tập từ dễ đến khó. Có thể làm lúc rảnh rỗi hoặc luyện trí não.",490,102
16801221,8835169,5,,1367,102
8610986,8835169,5,"sách có bao bảo vệ, chiếu khấu cao, giao siêu nhanh",880,102
5732660,8835169,5,,565,102
8716138,8835169,4,,888,102
9766945,8835169,2,về nd sp thì mình không có ý kiến gì nhưng cho mình hỏi sao mình đặt 2 cuốn mà chỉ bọc book care 1 cuốn là sao ạ,935,102
15662073,8835169,5,Sách hay,1308,102
306044,8835169,4,,100,102
17300476,8835169,5,,1395,102
8691757,8835169,5,,887,102
5253296,8835169,5,,493,102
1112242,8835169,5,,291,102
5899621,8835169,5,,589,102
120954,8835169,5,.,52,102
17155291,8835169,5,Ok good!,1385,102
5357379,8835169,5,,508,102
17186098,342428,5,"không cần phải nói đến độ giao hàng nhanh của tiki nữa:)) Chất lượng sách không có gì phải chê, sách khi giao đến có một lớp nilon bọc ngoài để bảo vệ. Nếu ai đang tìm một cuốn sách thiền định thì nên thử đọc cuốn này một lần mình nghĩ nó sẽ không làm bn thất vọng💯",1388,10
8599820,342428,5,"Một cuốn sách hay, giao nhanh, sách đẹp, mua hàng ở tiki luôn yên tâm về chất lượng, đầu tư cho tri thức luôn là khoản đầu tư đúng đắn. Luôn ủng hộ tiki",878,10
21654527,342428,5,,1636,10
9723766,342428,5,"Vận chuyển từ SG ra nên hộp móp méo may là bên trong không ảnh hưởng gì, sách date mới chuẩn nxb ạ",929,10
15288920,342428,5,"cũng hịn như quyển muôn kiếp nhân sinh luôn, giấy hịn",1296,10
14457163,342428,5,sách đẹp nội dung hay giao hàng nhanh !,1260,10
7872456,342428,5,Sách hơi có răng cưa ở nữa đầu quyển. Cắt giấy không tốt.,809,10
19455780,342428,5,,1528,10
19221749,342428,5,Hay và ý nghĩa,1513,10
1128327,342428,5,,295,10
912375,342428,1,"giao hàng cực kỳ tệ, móp góc, hoàn trả thì lâu lắc",261,10
13101505,342428,5,Cực đáng mua,1180,10
88133,342428,5,,45,10
24923026,342428,5,Tiki chất lượng tốt và giá rẻ,1735,10
14243798,342428,5,,1249,10
17589306,342428,5,Dj,1417,10
9907965,342428,5,"cuốn này đọc rất thu hút, nên sở hữu",951,10
15785982,342428,5,,1312,10
12679410,342428,5,,1149,10
867877,342428,5,,250,10
22456806,342428,5,,1675,10
67511,342428,5,,35,10
21145599,342428,5,,1602,10
24749275,342428,5,,1732,10
14511910,342428,5,Ok,1262,10
8538778,342428,5,,873,10
12120377,342428,5,,1118,10
13214412,342428,5,,1187,10
11664140,342428,5,,1082,10
2193585,342428,5,,462,10
19740663,342428,5,,1545,10
11628287,342428,5,,1079,10
7178520,442424,5,"Cực kỳ hài lòng. Sản phẩm có chất lượng đúng như mô tả, đóng gói chắc chắn, rất đáng tiền, giao hàng nhanh. . P/s: Không có thời gian chụp hình nên mình lấy đỡ hình trên mạng up",731,29
14039881,442424,5,"Giao hàng nhanh, đóng gói cẩn thận, chất lượng tốt",1237,29
12338467,442424,4,Gia hàng nhanh đóng gói đẹp chất lượng,1129,29
378045,442424,5,,122,29
8094853,442424,4,,831,29
414919,324688,5,"Sau khi có ấn tượng tốt với Hạt giống tâm hồn 1 và 2, mình không thể không tìm đọc tiếp tập 3 của bộ sách này, quả thực cuốn sách đã không làm mình thất vọng. Cuốn sách là tập hợp những câu chuyện hết sức bình dị, từ những con người hết sức bình dị trong cuộc sống,... Mỗi câu chuyện tuy ngắn, nhưng thấm đẫm tình người, tình đời, về sự vươn lên, nghị lực sống, hay hành trình hướng tới cái đẹp,... Qua đó, người đọc như được tiếp thêm sức mạnh, tìm được người bạn đồng hành để vượt qua khó khăn hay tìm kiếm niềm tin yêu cuộc sống. Hãy biết trân trọng cuộc sống, hãy biết trân trọng những điều bình dị. Vì những điều tuyệt vời nhất đến từ những điều bình dị nhất.",133,4
21654527,75284565,5,,1636,234
11299379,75284565,5,,1051,234
22970362,75284565,5,,1701,234
15169513,75284565,5,"Sách hay, ý nghĩa",1288,234
9046230,75284565,5,,908,234
16920235,75284565,5,,1377,234
12679410,75284565,5,,1149,234
20262036,217730456,5,,1566,494
9837027,2071483,4,Mua 2 quyển mà 1 quyển bị quăn gáy sách. Nên hết hứng bấm 5* cho quyển này. Buồn,941,72
16119396,2071483,3,Nội dung tạm được. Viết khá lan man.,1325,72
11944614,2071483,5,"Sách hay, bọc Sách cẩn thận. ❤️",1105,72
1039840,2071483,5,"Cho 5 sao về chất lượng phục vụ của tiki, giao hàng nhanh, đóng gói tốt",281,72
19921685,2071483,5,Nên muaaaa,1554,72
1476167,2071483,5,,352,72
1877233,2071483,5,,407,72
14711233,2071483,5,Sách rất thú vị,1268,72
6347975,2071483,4,,644,72
9951640,2071483,4,,954,72
22531963,2071483,5,,1679,72
541937,2071483,5,,168,72
7752697,2071483,5,,798,72
7316749,2071483,4,,745,72
2232401,2071483,5,,470,72
14216937,2071483,5,,1247,72
7755698,2071483,5,,799,72
6301744,2071483,5,Sách hay và bổ ích. Mua về làm quà tặng cho bé ở nhà. Cảm ơn Tiki.,639,72
5362631,8234993,3,"nhân viên giao hàng hơi ẩu khi để hộp ướt khi trời mưa cũng may k ướt đến sách , sách bên trong bị quăn góc , FAHASA nên chấn chỉnh lại",509,100
16393450,8234993,4,,1348,100
5549802,8234993,3,"Sách nội dung cũng bình thường thôi, nếu đọc về thiền và chiêm nghiệm cuộc sống nên chọn sách phương Đông.",540,100
6494091,8234993,5,,657,100
17468549,198208145,5,"Sách nguyên seal, mới 100/100. Có bookmark kèm theo. Đóng gói cẩn thận, giao đúng giờ great",1409,439
23140062,198208145,5,"sách đc đóng gói kĩ càng, giao hàng nhanh, nội dung thì chắc nhiều người nói rồi nên thôi",1705,439
1344932,198208145,5,,325,439
23783813,198208145,5,,1717,439
12520350,198208145,5,sách hay,1140,439
18382611,198208145,4,,1480,439
13887026,198208145,5,"Hay nh cần gắn gọn , súc tích hơn.",1230,439
2198103,198208145,5,,464,439
5362631,198208145,5,Rất hay,509,439
5463955,198208145,4,,525,439
17864394,198208145,5,,1439,439
14452799,198208145,5,,1259,439
605135,198208145,5,,184,439
22214739,198208145,5,,1664,439
22235987,198208145,5,,1665,439
14219155,198208145,5,,1248,439
711282,194205620,5,,212,433
1728729,194205620,3,"Lần đầu tiên mình gặp tình trạng in thiếu trang, thật là ảnh hưởng dòng cảm xúc.",383,433
9786862,194205620,5,,937,433
8303642,194205620,5,,855,433
10787415,194205620,5,,1014,433
27788657,194205620,5,,1780,433
7882355,194205620,5,,811,433
1861160,194205620,5,,403,433
787970,194205620,5,,229,433
23153925,194205620,5,,1708,433
1384584,194205620,5,,335,433
2028240,194205620,5,,437,433
549427,194205620,5,,170,433
6534469,139296420,5,Robin Sharma- tác giả của những cuốn sách hay xuất sắc ❤️❤️❤️must have mn nhé . Tiki giao hàng nhanh và cẩn thận lắm,663,391
31373,139296420,5,nội dung có vẻ ổn. mới đọc nên không dám nói trước.. ship nhanh.,26,391
19778514,139296420,5,,1548,391
22588512,139296420,4,,1683,391
8955914,139296420,5,,902,391
20568764,139296420,5,,1582,391
1453116,139296420,5,sách hay,349,391
11476110,57791776,5,,1068,220
11396202,57791776,5,sách mới ok chất lượng ổn không phụ sự kì vọng . giao hành nhanh đóng gói cẩn thận . ( hình ảnh mang tc minh hoạ ),1063,220
925720,57791776,5,,265,220
898813,57791776,5,,257,220
18431394,57791776,5,giấy quá tệ. còn nội dung chưa đọc xong nên chưa đánh giá,1483,220
8264530,57791776,5,Cuốn sách rất hữu ích với mình. Thanks,849,220
18118699,57791776,5,,1456,220
9991563,57791776,5,,958,220
7180204,57791776,5,,732,220
6301744,57791776,5,,639,220
1223824,57791776,3,,307,220
18091957,57791776,5,,1449,220
2045268,54653530,4,Giao nhanh nhưng ko có bọc sách. Nhìn sách ko dc mới. Cảm giác như để tồn lâu và bây giờ sale vậy,439,215
1058859,54653530,5,Đóng gói cẩn thận. Giao hàng nhanh. Phí ship cần điều chỉnh.,283,215
5551763,54653530,5,,542,215
8118174,54653530,5,,833,215
6634414,54653530,5,,675,215
10789767,54653530,5,,1015,215
18156841,54653530,5,,1463,215
5253296,54653530,5,,493,215
952930,54653530,5,,269,215
13101505,47068251,5,Rất hay. Mở ra nhiều góc nhìn khác về thiền.,1180,198
23909348,47068251,5,giao hàng nhanh,1723,198
1643869,47068251,5,"Sách dầy dặn, giấy đẹp. Nội dung thì phải đọc xong mới đánh giá được.",375,198
6986403,47068251,5,,711,198
5811028,108130846,5,,575,332
10474437,108130846,5,hay. giao hàng nhanh.,992,332
12857627,117595293,5,"Rất hài lòng,  tiki giao hàng khá nhanh. Cảm ơn.",1164,338
522878,117595293,5,Tốc độ giao hàng và chất lượng sản phẩm từ tiki chưa bao giờ làm mình thất vọng,163,338
12923385,117595293,5,THẬT TUYỆT VỜI,1171,338
5362631,117595293,5,,509,338
5672375,117595293,5,,559,338
678138,117595293,4,,207,338
16264638,117595293,5,Great,1340,338
13290303,117595293,5,,1188,338
15990063,72165437,5,OK,1320,225
19594971,72165437,4,,1536,225
778461,72165437,5,,227,225
18132503,26412712,5,,1459,160
8512854,26412712,4,,870,160
26724635,26412712,5,,1758,160
11187491,26412712,5,,1044,160
1552431,26412712,5,,360,160
20101189,26412712,4,,1563,160
9738827,26412712,4,,932,160
480605,26412712,4,,153,160
8814339,26412712,5,Sách hữu ích. Giao nhanh,892,160
7234158,26412712,5,,739,160
20546508,26412712,5,,1580,160
5429527,26412712,5,,519,160
9991563,26412712,5,,958,160
13807875,26412712,5,,1225,160
8458949,26412712,5,,867,160
190682,152740748,5,"Cuốn sách giúp mọi người hiểu rõ hơn về lối sống tối giản, tối giản không có nghĩa là bỏ hết đồ đạc mà là chỉ nên từ bỏ những vật dụng dư thừa, không dùng tới. Khi mua sắm cũng chỉ nên mua những đồ dùng cần thiết, vừa đủ cho nhu cầu, tránh lãng phí. . Mình cũng đang tìm hiểu về lối sống tối giản nên thấy cuốn này rất hay và hợp với mình. Tuy mình không thể thực hiện tối giản như tác giả nhưng mình đã biết cách tối giản theo điều kiện của gia đình mình.",75,397
7691179,152740748,2,Bị sức  một sấp ? phần gáy bung chỉ ?,794,397
8316515,152740748,5,"Giao quá nhanh, ở tỉnh đặt hôm trước hôm sau giao. Sách của Tiki thì bao giá luôn nha. Quá tuyệt!",858,397
6643999,152740748,5,,676,397
5917418,152740748,5,,593,397
1958993,152740748,5,Sách rất hay. Phù hợp cho các bạn độc thân,418,397
10518301,152740748,4,,995,397
26180709,152740748,5,"Hay, đọc có động lực lắm. Nếu có hứng thú nên thử",1747,397
6559220,152740748,5,,664,397
19514139,152740748,5,,1533,397
17243662,152740748,3,Đóng gói sách chưa cẩn thận,1393,397
8508799,152740748,5,,869,397
12449182,152740748,5,,1136,397
7037891,152740748,5,,715,397
26724635,152740748,5,"Sách đẹp ,tiki giao siêu nhanh",1758,397
7062796,152740748,4,,720,397
2227518,152740748,5,,469,397
26622246,152740748,5,sản phẩm được đóng gói kỹ càng,1756,397
15686739,152740748,5,,1310,397
5261797,152740748,5,,494,397
22456806,152740748,5,,1675,397
19455780,152740748,5,,1528,397
5979039,152740748,5,,600,397
25656266,152740748,5,,1739,397
17352605,152740748,5,,1400,397
16305170,152740748,3,Nhìn chung sách cũng khá ok,1342,397
22899147,152740748,5,,1696,397
26416478,152740748,5,,1750,397
8309681,152740748,5,Sách đẹp,856,397
7773259,152740748,5,,801,397
27283664,152740748,5,,1766,397
210733,152740748,5,,83,397
6606813,152740748,5,,674,397
24556472,152740748,5,,1728,397
8227804,88797361,5,,846,248
6485682,88797361,5,,656,248
638536,88797361,5,Sách rất hay,194,248
5856511,88797361,5,,585,248
925720,88797361,5,"Sách mỏng, nội dung hay",265,248
24531899,88797361,5,,1727,248
9659037,88797361,5,,924,248
26800590,88797361,5,,1760,248
1890765,88797361,5,,409,248
547234,88797361,3,Sách này nội dung bt ko có gì đặc biệt,169,248
12042692,88797361,4,,1112,248
13513176,88797361,5,,1198,248
10180407,88797361,4,Bình thường!,973,248
10288229,108130846,5,.,979,332
7371448,108130846,5,,750,332
17688041,108130846,5,,1427,332
11360162,187824619,5,,1058,427
30200011,187824619,4,,1827,427
28056883,187824619,5,,1793,427
6715285,187824619,5,"Shop giao hàng quá nhanh luôn, đóng gói rất cẩn thận. 10 điểm k có nhưng",688,427
19187,187824619,5,,21,427
11992154,187824619,5,,1107,427
480605,187824619,5,,153,427
7231602,187824619,5,"Sách giao cẩn thận, giao hàng nhanh, nội dung hay và ý nghĩa",738,427
7890560,187824619,5,Sách có nội dung giá trị! Tiki giao hàng rất tốt,813,427
27848083,187824619,5,Sách hay!,1786,427
9860625,187824619,4,,944,427
350172,187824619,5,,118,427
9868703,187824619,5,,947,427
10271166,187824619,5,,978,427
12542967,187824619,5,,1143,427
27802358,187824619,5,,1781,427
6988261,187824619,5,,712,427
7846265,32802799,5,,806,167
5181540,275617546,5,"Thiết kế bìa kiểu mới giống giấy nhám, cầm đã tay. Nội dung hay rất đáng để tham khảo.",482,648
17321473,275617546,5,,1398,648
29962437,13624088,5,"Giao hàng nhanh, rẻ hơn mua sách ngoài tiệm",1823,132
17993810,13624088,5,,1445,132
17506038,13624088,5,,1411,132
29442430,13624088,5,,1815,132
27368990,13624088,5,,1769,132
29669970,13624088,5,,1817,132
21614396,13624088,5,,1632,132
11934022,13624088,5,Giao hàng nhanh,1102,132
7100618,13624088,5,"Bọc gói cẩn thận,",723,132
7689527,13624088,5,,793,132
9636076,13624088,5,"Cảm ơn, cảm ơn, cảm ơn!",923,132
5482337,13624088,5,,529,132
17321473,13624088,5,,1398,132
2021210,13624088,5,,434,132
16845361,13624088,5,,1370,132
16079245,13624088,5,,1322,132
5300273,13624088,5,"rẻ, giao nhanh nè hiiiiiiiii",496,132
8678460,13624088,5,hài lòng với chất lượng phục vụ của tiki. Hình ảnh mang tính chất kiếm xu,886,132
2065541,13624088,5,"Mình mua cả 2 cuốn của tác giả, rất thích cái tiêu đề, sẽ đọc để review cho các bạn sau.",442,132
21883162,13624088,5,ok,1644,132
270492,13624088,5,"Sách nhiều triết lý hay, đáng đọc để suy ngẫm. Giấy in tốt, book care đẹp.",94,132
20306686,13624088,5,Good,1569,132
7333002,13624088,5,good,748,132
11318425,13624088,5,,1053,132
9860625,13624088,5,,944,132
9686698,13624088,5,,925,132
1163920,13624088,4,,300,132
17688041,13624088,5,,1427,132
10252774,13624088,5,,975,132
20738505,13624088,5,OK luôn,1593,132
306044,13624088,4,,100,132
15192111,13624088,5,,1291,132
57218,13624088,5,,31,132
17643880,13624088,5,,1421,132
1273017,13624088,5,,317,132
8013552,13624088,5,,825,132
6602735,13624088,5,,672,132
642183,21391592,5,"Bìa sách mát mắt, sách mới",195,146
7436644,21391592,5,,759,146
651562,21391592,5,Hoà mình cùng thiên nhiên là giúp bản thân giải toả những áp lực trong cuộc sống để yêu đời hơn,197,146
5384292,21391592,5,Ship rách hết góc hộp. Cũng may không ảnh hưởng đến sản phẩm.,511,146
10036447,21391592,5,,965,146
22617968,21391592,5,,1684,146
1070246,21391592,5,,285,146
21606727,21391592,5,,1630,146
5304483,21391592,5,,499,146
332605,21391592,5,,112,146
8028768,21391592,5,,827,146
51302,21391592,5,,29,146
309333,21391592,5,tuyệt vời,102,146
16420196,21391592,4,,1349,146
16521833,4977849,4,"Nội dung tạm được, phù hợp các bạn trẻ hơn là trung niên.",1357,93
15990063,4977849,5,Đẹp,1320,93
860246,4977849,5,,247,93
8028768,4977849,5,,827,93
1238920,142002263,5,Nên đọc với một tâm hồn và đầu óc rộng mở tiếp thu kiến thức!,311,392
11944614,142002263,5,Sách đẹp,1105,392
22945264,142002263,5,Gì cũng ok,1700,392
9705751,142002263,5,,926,392
17157209,142002263,5,,1386,392
1058859,48266442,5,Đóng gói cẩn thận. Giao hàng nhanh. Phí ship cần điều chỉnh. Hình ảnh minh hoạ,283,201
18156841,48266442,5,,1463,201
5253296,48266442,5,,493,201
6680036,48266442,5,Sách hay,682,201
10789767,48266442,5,hài lìng,1015,201
22454445,180230965,5,,1674,424
1223824,273822779,5,Sách hay. Nên mua,307,566
18907649,273822779,5,"Sách hay, bổ ích",1499,566
28056883,273822779,5,,1793,566
138485,273822779,5,,58,566
11476110,273822779,5,,1068,566
953241,273822779,4,,270,566
11341820,273822779,5,,1056,566
18868123,127033037,5,,1498,347
1428415,4070543,5,rất nhiều nội dung được truyền tải - giúp chúng ta biết đâu là sức mạnh của bản thân. John luôn đặc biệt trong những cuốn sách của mình. cảm ơn,344,88
17786300,4070543,5,Sách đẹp ạ,1434,88
2052582,4070543,5,,441,88
17545865,4070543,5,,1414,88
15345619,273641818,5,,1297,560
6765529,32802799,4,Tốt,694,167
17328517,4070543,5,,1399,88
11195564,10866305,5,,1046,119
20262036,10866305,5,,1566,119
7800274,10866305,5,,804,119
308972,10866305,5,"Đây là cuốn sách gối đầu giường cho tất cả những ai muốn và đã trở thành luật sư, hay làm việc trong ngành pháp lý. Thầy Bích đã hướng dẫn rất cụ thể và dễ hiểu về phương pháp tư duy pháp lý ở Hoa Kỳ để áp dụng trong quá trình tư duy pháp lý. Nhờ cuốn sách này mà mình đã có thể giải quyết các vấn đề pháp lý hóc búa trong quá trình làm việc. Sách được in màu và chất lượng giấy thì tuyệt hảo. Cảm ơn nhà xuất bản và tác giả!",101,119
17506038,10866305,5,,1411,119
13334059,10866305,5,,1191,119
21558077,10866305,5,,1626,119
10555968,10866305,5,,1000,119
6746297,10866305,5,"Tiki gói hàng cẩn thận, giao hàng cực nhanh với dịch vụ Tikinow. Sách mới, không nhàu nát, giá còn khá rẻ so với giá bìa. Nói chung khá hài lòng về dịch vụ của Tiki.",692,119
17195185,10866305,5,,1389,119
12825726,10866305,5,,1162,119
7108225,10866305,5,"Đóng gói cần thận, giao hàng nhanh",725,119
5503796,10866305,5,"Mua sách ở tiki thì miễn chê về dịch vụ rồi. . Còn sách thì giấy đẹp, trình bày đẹp, nội dung thì chưa đọc nên chưa nhận xét được.",534,119
14431231,10866305,5,,1257,119
7922981,10866305,5,,820,119
21168591,10866305,5,,1604,119
8152199,10866305,5,,841,119
19008812,10866305,5,,1504,119
5470357,10866305,5,,527,119
8281800,10866305,5,,851,119
2036847,10866305,5,,438,119
8426458,10866305,5,,864,119
1438407,10866305,5,,346,119
18256955,10866305,4,,1471,119
13505353,10866305,5,,1197,119
19100780,10866305,5,,1507,119
611372,10866305,5,,185,119
19000489,10866305,5,,1503,119
13994053,10866305,5,,1234,119
5848334,10866305,5,,582,119
2127834,486536,4,"Nhận xét về hình thức của sản phẩm này là bìa in đẹp, chất lượng giấy không  tốt, mực in rõ. Sách nhỏ, mỏng nhẹ dễ cầm,.Tiki giao hàng nhanh, sách hay, thú vị",454,38
1058859,486536,5,Đóng gói cẩn thận. Giao hàng nhanh. Phí ship cần điều chỉnh. Hình ảnh minh hoạ,283,38
18156841,486536,5,,1463,38
11941940,486536,5,,1103,38
5253296,486536,5,,493,38
6634414,486536,5,,675,38
6680036,486536,5,Sách hay,682,38
952930,486536,5,,269,38
20299484,137941541,5,,1567,384
7336585,32802801,5,.,749,168
222025,32802801,5,"Sách hay, giá tốt, giao hàng nhanh, đóng gói cẩn thận",86,168
7089802,32802801,5,"Sách hay nên đọc, ngoài cuốn này thì NQ còn khá nhiều cuốn hay khác",722,168
13561154,32802801,5,❤️,1209,168
1895509,32802801,5,,410,168
8963432,32802801,5,,904,168
8963432,105366587,1,"Không phù hợp với mong đợi của tôi, nội dung nhạt nhẽo.",904,268
6806570,105366587,2,Có vài ý tưởng hay nhưng không đủ sâu sắc.,699,268
11888921,105366587,3,"Nội dung tạm ổn, nhưng không để lại ấn tượng mạnh.",1100,268
2075972,105366587,3,"Có thể đọc thử, nhưng không chắc sẽ quay lại.",444,268
1219820,105366587,3,"Tôi thấy sách có ích, nhưng không đủ nổi bật.",305,268
11242102,105366587,4,Sách giúp tôi suy ngẫm về bản thân nhiều hơn.,1048,268
26180709,106362101,1,"Không đáng để đọc, quá nhiều lý thuyết mà không thực tiễn.",1747,269
30376777,106362101,2,Sách thiếu chiều sâu và cần cải thiện nhiều hơn.,1830,269
19008812,106362101,4,"Nội dung thực tiễn, dễ áp dụng vào công việc.",1504,269
7413371,106362163,3,"Sách trung bình, có một số thông tin hữu ích.",755,270
17993810,106362163,3,"Nội dung ổn, nhưng cần cải thiện cách trình bày.",1445,270
991951,106362163,4,Cuốn sách này đã giúp tôi nhìn nhận lại cách quản lý của mình.,274,270
504577,106362179,1,Sách này rất khó hiểu và không có giá trị thực tiễn. Tôi thất vọng.,158,271
16229309,106362179,1,"Nội dung khô khan, không thu hút. Không đáng đọc.",1339,271
441373,106362179,1,Tôi không thấy bất kỳ thông tin hữu ích nào từ cuốn sách này.,138,271
6804321,106362179,1,Rất khó để áp dụng những kiến thức trong sách vào thực tế.,698,271
6044990,106362179,2,"Sách có một vài điểm hay, nhưng chủ yếu là lý thuyết suông.",611,271
5482337,106362179,3,"Sách cung cấp một số thông tin hữu ích, nhưng không nổi bật.",529,271
11867797,106362203,1,Tôi rất thất vọng với cuốn sách này. Nội dung rời rạc và không có tính thuyết phục.,1096,272
2023979,106362203,2,Nội dung khá nặng nề và không hấp dẫn. Không phù hợp với tôi.,435,272
21487650,106362203,2,Hơi thất vọng vì không đạt được kỳ vọng. Một số chương không cần thiết.,1621,272
7037891,106362203,3,Một cuốn sách trung bình. Có chút giá trị nhưng không nổi bật.,715,272
1523614,106362203,4,Tác giả đã làm tốt trong việc liên kết các khía cạnh khác nhau.,358,272
898744,106362203,4,Rất thích sự đa dạng trong nội dung. Một cuốn sách đáng đọc.,256,272
5261797,106362224,1,"Không có giá trị gì cho người đọc, rất tệ.",494,273
210733,106362224,2,"Sách kém hấp dẫn, khó để theo dõi nội dung.",83,273
5482337,106362224,2,"Nhiều phần hơi chán, nhưng vẫn có vài đoạn thú vị.",529,273
9730722,106362224,3,"Tôi thấy sách khá bình thường, không có gì nổi bật.",930,273
8800724,106362224,3,"Đọc cũng được, nhưng không phải là lựa chọn hàng đầu.",891,273
8202874,106362224,4,"Sách viết khá tốt, có nhiều ý tưởng hay và thực tế.",844,273
17641317,106362224,4,"Tôi thích cách tác giả trình bày, dễ hiểu và sâu sắc.",1419,273
8063224,106362224,4,"Sách mang lại nhiều góc nhìn mới, tôi rất hài lòng.",829,273
8963432,106362227,1,Tôi rất thất vọng với cuốn sách này. Nội dung không có gì mới mẻ và không giúp tôi cải thiện tâm trí.,904,274
17227564,106362227,1,Cuốn sách này không giúp tôi giải quyết vấn đề tâm lý như mong đợi. Rất thất vọng.,1391,274
21647411,106362227,2,Nó chỉ ra vấn đề nhưng không đủ hướng dẫn cụ thể. Không thực sự hữu ích.,1635,274
26196160,106362227,2,Có một số phần khá tẻ nhạt. Không đủ động lực để tôi áp dụng.,1748,274
19258494,106362227,3,"Cuốn sách trung bình, có vài ý tưởng hay nhưng không gây ấn tượng mạnh.",1516,274
15911236,106362252,1,Tôi không thấy cuốn sách này hữu ích. Nhiều phần thông tin lặp lại và không có giá trị thực tiễn.,1317,275
12042692,106362252,2,"Có một số điểm tốt, nhưng nội dung vẫn còn thiếu sót và không rõ ràng.",1112,275
18221613,106362252,3,"Cuốn sách có một số ý tưởng hay, nhưng cần thêm ví dụ thực tế.",1468,275
21100448,106362252,3,"Nội dung trung bình, không có gì nổi bật nhưng cũng không tệ.",1600,275
24486,106362252,4,Có nhiều mẹo thực tế và dễ áp dụng. Tôi đã áp dụng và thấy hiệu quả.,24,275
256241,106362252,4,Nội dung phong phú và dễ hiểu. Rất hữu ích cho những ai làm việc từ xa.,92,275
19371423,106362258,1,Tôi đã mong đợi nhiều hơn nhưng thật sự không ấn tượng với cách trình bày.,1523,276
6043880,106362258,2,"Sách có thể hữu ích cho ai thích lý thuyết, nhưng không thực sự thu hút tôi.",610,276
934122,106362258,3,"Có nhiều ý tưởng hay, nhưng cách kể chuyện không cuốn hút lắm.",266,276
12857627,106362258,4,"Một cuốn sách khá hay với nhiều ý tưởng sáng tạo, đáng để tham khảo.",1164,276
22028770,106362258,4,"Tôi thích cách tác giả phân tích các mô hình sáng tạo, rất bổ ích.",1654,276
1560065,106362276,1,Tôi cảm thấy sách này không có gì mới mẻ. Nội dung quá sơ sài.,364,277
13892996,106362276,2,"Sách khá trung bình, không đạt kỳ vọng của tôi.",1232,277
7336585,106362276,2,"Chỉ có vài phần hữu ích, còn lại khá nhạt nhẽo.",749,277
16160481,106362276,4,Một cuốn sách tốt với nhiều chiến lược đàm phán hiệu quả.,1330,277
265512,106362298,1,Quá tệ! Không thể tập trung vào thông điệp của tác giả.,93,278
11148772,106362298,1,"Sách không giúp ích gì cho tôi, rất chán.",1042,278
5659881,106362298,2,"Tôi mong đợi nhiều hơn, nhưng sách khá thất vọng.",558,278
20301537,106362298,4,"Sách tốt, dễ hiểu và mang lại động lực cho tôi.",1568,278
19412722,106362301,1,Tôi rất thất vọng với cuốn sách này. Nội dung quá sơ sài và không thực tế.,1525,279
433959,106362301,1,Rất khó hiểu và thiếu hướng dẫn cụ thể. Tôi không thể áp dụng được.,136,279
2119875,106362301,1,"Chất lượng kém, không như mong đợi. Tôi không khuyên đọc cuốn này.",451,279
13211321,106362301,2,"Sách viết không rõ ràng, nhiều phần khó hiểu đối với người mới.",1186,279
5854165,106362301,2,"Nội dung không sâu sắc, chỉ là những kiến thức vĩ mô.",583,279
20384867,106362301,3,Tôi học được một vài điều nhưng chưa đủ để áp dụng hiệu quả.,1574,279
19471888,106362301,3,"Nội dung khá cơ bản, nhưng still có giá trị cho người mới.",1532,279
14420518,106362301,4,"Một cuốn sách tốt cho người mới bắt đầu, dễ tiếp thu và áp dụng.",1254,279
10518301,106362310,1,Không thể hiểu nổi lý do cuốn sách này lại được đánh giá cao. Thực sự đáng thất vọng.,995,280
5775661,106362310,1,"Nội dung rời rạc, không có cái nhìn sâu sắc nào. Không đáng để đọc.",569,280
26105955,106362310,3,"Nội dung khá ổn, nhưng không có điểm nào nổi bật để nhớ.",1746,280
10632917,106362314,2,"Sách không tệ nhưng thiếu chiều sâu, không thu hút.",1006,281
228750,106362314,2,Nội dung không đủ hấp dẫn để giữ chân tôi.,88,281
17304381,106362314,2,"Chỉ có vài thông tin thú vị, phần còn lại khá nhạt.",1396,281
9990351,106362314,4,"Thú vị và đầy cảm hứng, đọc rất dễ dàng.",957,281
11941940,106362317,1,Tôi rất thất vọng với cuốn sách này. Nội dung không có gì đặc sắc.,1103,282
7922009,106362317,2,Một vài ý tưởng khá thú vị nhưng không đủ để giữ tôi lại.,819,282
22049169,106362317,3,Nó có thông tin hữu ích nhưng không mới mẻ lắm.,1657,282
6299654,106362317,3,Có một số quan điểm thú vị nhưng cần rõ ràng hơn.,637,282
335209,106362317,4,Một cuốn sách tốt với những ý tưởng đáng suy ngẫm.,114,282
14627481,106362317,4,Tôi thích cách cuốn sách trình bày các khái niệm.,1265,282
6643999,106362320,1,"Chất lượng hình ảnh kém, không dễ hiểu và khó áp dụng.",676,283
7672176,106362320,1,"Tôi hy vọng nhiều hơn từ một cuốn sách về sketchnote, nhưng thật sự thất vọng.",788,283
632150,106362320,3,"Cuốn sách có giá trị nhất định, nhưng chưa đủ để tôi ấn tượng.",192,283
17502822,106362320,4,"Nội dung rất thực tế, giúp tôi cải thiện kỹ năng ghi chú.",1410,283
21168591,106362329,1,"Không hề hấp dẫn, tôi rất thất vọng với chất lượng của cuốn sách.",1604,284
829130,106362329,2,"Có một số phần thú vị, nhưng nhìn chung không đủ hấp dẫn.",242,284
14755883,106362329,3,Nội dung ổn nhưng không có gì nổi bật. Đọc cho biết.,1270,284
22936431,106362329,3,"Cuốn sách cung cấp thông tin tốt, nhưng thiếu chiều sâu.",1699,284
7053613,106362329,3,"Một cuốn sách trung bình, có thể tham khảo nhưng không ấn tượng.",719,284
12402567,106362329,4,Đọc sách này giúp tôi hiểu hơn về các khái niệm vật lý phức tạp.,1133,284
450112,106362361,1,"Mặc dù tôi rất mong chờ, nhưng sách không cung cấp thông tin hữu ích cho tôi.",141,285
14055084,106362361,2,Nhiều nguyên tắc không thực tế và khó áp dụng trong thực tế.,1238,285
2120523,106362361,2,"Tôi không ấn tượng lắm, có thể tìm thấy thông tin tương tự ở nơi khác.",452,285
5439219,106362361,3,"Sách cung cấp những kiến thức cơ bản, nhưng chưa đủ để thay đổi cách làm việc.",521,285
161644,106362361,3,"Nội dung ổn, nhưng vẫn cần cải thiện thêm về tính thực tiễn.",62,285
1592543,106362361,3,"Có thể tham khảo, nhưng không quá ấn tượng với những gì sách mang lại.",368,285
1573931,106362361,4,"Những nguyên tắc trong sách thực sự có giá trị, rất đáng để tham khảo.",366,285
70466,106362376,2,Sách có vài ý tưởng hay nhưng chưa đủ sâu.,39,286
813621,106362376,3,Tôi đã tìm thấy một số thông tin hữu ích.,238,286
12364510,106362376,4,"Nhiều kỹ thuật hay, dễ áp dụng vào cuộc sống hàng ngày.",1131,286
21990253,106362376,4,Một cuốn sách đáng đọc cho các bậc phụ huynh.,1652,286
228750,106362393,1,Tôi không thấy giá trị gì trong cuốn sách này. Quá tệ!,88,287
15345619,106362393,2,Có vài ý tưởng hay nhưng chưa đủ sâu sắc để thực sự hữu ích.,1297,287
9708336,106362393,3,"Nội dung vừa đủ để tham khảo, nhưng không tạo được ấn tượng mạnh.",927,287
11697903,106362393,4,Cuốn sách rất thực tế! Tôi đã áp dụng một số lời khuyên và thấy hiệu quả.,1085,287
14243798,106362393,4,"Nhiều thông tin bổ ích, giúp tôi cải thiện kỹ năng giao tiếp hơn.",1249,287
21189655,106362393,4,Một cuốn sách đáng để đọc. Cảm thấy mình đã học được nhiều điều.,1605,287
1656337,106362412,1,Sách này thật sự không có gì mới mẻ. Tôi thất vọng vì chất lượng nội dung.,376,288
20159175,106362412,1,Rất khó để tìm được điểm tích cực trong cuốn sách này. Không đáng để đọc.,1564,288
7689527,106362412,2,"Mặc dù có một số thông tin hữu ích, nhưng cách trình bày rất nhàm chán.",793,288
831198,106362412,3,Một cuốn sách trung bình. Có một số điểm đáng chú ý nhưng không nhiều.,243,288
16780283,106362412,3,"Đọc được, nhưng không tạo được cảm hứng cho tôi. Chỉ dừng lại ở mức trung bình.",1366,288
8669504,106362412,4,Nội dung khá hay và dễ hiểu. Tôi đã học được nhiều điều từ cuốn sách.,884,288
1391325,106362413,1,"Không có hướng dẫn thực tế, tôi không tìm thấy giá trị từ cuốn sách này.",337,289
18147398,106362413,2,Một số nguyên tắc được nêu ra nhưng không đủ sâu sắc để áp dụng thực tế.,1462,289
1958993,106362413,3,Có một số lời khuyên hữu ích nhưng vẫn còn nhiều điều cần cải thiện.,418,289
16273433,106362424,1,Chưa thấy được bài học nào thực sự hữu ích cho mình.,1341,290
6898187,106362424,2,Có vài điểm hay nhưng tổng thể sách không đáp ứng được kỳ vọng.,709,290
668413,106362424,2,Sách chỉ phù hợp với những người mới làm mẹ.,202,290
12338467,106362424,3,"Có vài ý tưởng hay, nhưng cần nhiều ví dụ thực tế hơn.",1129,290
18241876,106362424,3,"Sách ổn, nhưng không để lại ấn tượng mạnh cho tôi.",1469,290
991951,106362424,4,"Nội dung dễ hiểu và gần gũi, rất thích hợp cho người mới làm mẹ.",274,290
5159856,106362424,4,"Đáng đọc, nhiều bài học quý giá cho cha mẹ.",475,290
210902,106362437,1,"Nội dung quá nhạt nhẽo, không xứng đáng với tên tuổi của tác giả.",84,291
5650527,106362437,2,"Có vài điểm hay, nhưng nhìn chung vẫn chưa đủ hấp dẫn.",556,291
5332543,106362437,2,"Mong đợi nhiều hơn từ tác giả, nhưng cảm thấy thất vọng.",504,291
27930693,106362437,3,"Kiến thức phổ biến, nhưng không có gì đột phá.",1788,291
7277126,106362437,4,Nhiều chiến lược quảng cáo thực tế và dễ áp dụng.,742,291
6418729,106362474,1,Tôi thất vọng với cuốn sách này. Nội dung quá chung chung và không thực sự hữu ích.,653,292
9038444,106362474,1,Tôi đã mong đợi nhiều hơn từ cuốn sách này. Thất vọng hoàn toàn.,907,292
5227242,106362474,2,Nội dung không thực sự đáp ứng mong đợi của tôi. Thêm nhiều ví dụ sẽ tốt hơn.,489,292
20311397,106362474,2,Tôi thấy nó hơi rời rạc và khó áp dụng vào thực tế.,1570,292
26622246,106362474,3,"Cuốn sách bình thường, có một số thông tin hữu ích nhưng cũng có phần nhàm chán.",1756,292
19464830,106362474,4,Một cuốn sách tốt với nhiều kiến thức bổ ích. Tôi áp dụng được nhiều điều.,1529,292
5640085,106362474,4,"Nội dung rõ ràng, dễ hiểu, có thể áp dụng cho nhiều tình huống.",554,292
480121,106362498,2,Tôi đã mong đợi nhiều hơn từ cuốn sách này. Chỉ tạm được.,152,293
54109,106362498,3,"Cuốn sách ổn, nhưng chưa đủ nổi bật để gây ấn tượng.",30,293
1038732,106362498,4,Cuốn sách rất hữu ích với nhiều mẹo hay cho người trình bày.,279,293
1070246,106362498,4,"Nội dung tốt, dễ hiểu, giúp tôi tự tin hơn khi nói trước đám đông.",285,293
5506267,106362498,4,"Rất nhiều thông tin bổ ích, sẽ áp dụng vào thực tế.",535,293
9048165,106362502,1,Mình thất vọng vì không tìm thấy thông tin hữu ích nào.,909,294
2065820,106362502,1,"Không đáng để đọc, lãng phí thời gian.",443,294
5775661,106362502,2,Có vài điểm thú vị nhưng tổng thể không đáp ứng được kỳ vọng.,569,294
5642070,106362502,2,Dễ đọc nhưng thiếu chiều sâu và phân tích.,555,294
23152419,106362502,3,Nội dung ổn nhưng không có nhiều ví dụ cụ thể để áp dụng.,1706,294
8512854,106362502,3,Cần nhiều cải thiện về cách tổ chức thông tin.,870,294
28700659,106362502,3,"Một số phần có thể hữu ích, nhưng chưa đủ hấp dẫn.",1802,294
15865738,106362503,1,Mình rất thất vọng về cuốn sách này. Nội dung không có gì mới mẻ.,1313,295
22766307,106362503,1,Không hiểu sao cuốn sách này lại được nhiều người khen. Rất khó đọc.,1691,295
18313868,106362503,2,Có một số ý tưởng hay nhưng cách trình bày chưa rõ ràng.,1475,295
26622246,106362503,4,Rất thích cách trình bày và các ví dụ trong sách.,1756,295
16969405,106362515,2,Sách có vài điểm thú vị nhưng chủ yếu là lặp lại những điều đã biết.,1379,296
22130171,106362515,2,"Nội dung không sâu sắc, khó áp dụng vào thực tế công việc.",1660,296
23672974,106362515,2,Không hoàn toàn tệ nhưng không gây ấn tượng tốt. Chưa đủ thuyết phục.,1716,296
5602054,106362515,3,"Có vài điểm hay, nhưng tổng thể chưa thực sự thuyết phục.",551,296
17926398,106362532,1,Tôi thất vọng vì cuốn sách không thực sự hướng dẫn viết tốt.,1444,297
12971968,106362532,1,"Không đáng tiền, chỉ là một cuốn sách tổng hợp kiến thức cơ bản.",1173,297
10034065,106362532,3,"Kiến thức cơ bản và dễ hiểu, nhưng vẫn cần nhiều ví dụ hơn.",964,297
17651957,106362532,4,"Sách có cấu trúc rõ ràng, dễ dàng cho học sinh theo dõi.",1423,297
16459990,106362532,4,"Hình thức đẹp, nội dung dễ hiểu, phù hợp cho học sinh tiểu học.",1352,297
5384292,106362540,1,Tôi rất thất vọng với cuốn sách này. Nội dung quá khó hiểu và không có thực tiễn.,511,298
516261,106362540,1,"Hơi chán nản khi đọc, không có thông tin gì mới mẻ. Không đáng tiền.",160,298
514795,106362540,3,"Nội dung trung bình, có vài điểm thú vị nhưng chưa đủ hấp dẫn.",159,298
996559,106362540,3,Được nhưng chưa đủ nổi bật để tôi nhớ lâu.,275,298
6025343,106362540,4,Một cuốn sách đáng đọc cho những ai yêu thích khoa học não bộ.,607,298
11135866,106362569,1,"Sách không có gì mới mẻ, hoàn toàn thất vọng.",1039,299
6519097,106362569,2,"Có vài ý tưởng hay, nhưng tổng thể không thực sự hấp dẫn.",660,299
13710083,106362569,2,"Nội dung rời rạc, khó để áp dụng vào thực tế.",1221,299
6008670,106362569,2,"Không như mong đợi, nhiều phần bị lặp lại.",604,299
17814039,106362569,3,"Sách dễ đọc, nhưng thiếu chiều sâu và chi tiết.",1437,299
6271600,106362569,4,Một cuốn sách hay với nhiều thông tin bổ ích.,631,299
6898187,106362569,4,Sách cung cấp cái nhìn thú vị về đổi mới sáng tạo.,709,299
783624,106362573,1,Tôi thất vọng vì không tìm thấy thông tin gì mới mẻ.,228,300
18754202,106362573,1,"Chất lượng sách không tốt, hình ảnh mờ nhạt.",1493,300
5463955,106362573,2,Sách có ít thông tin hơn tôi tưởng. Không đủ hấp dẫn.,525,300
809440,106362573,2,Nội dung hơi nông cạn và không thu hút.,236,300
26800590,106362573,2,"Chưa ấn tượng lắm, cảm thấy thiếu sự sáng tạo.",1760,300
21715164,106362573,3,"Sách ổn, nhưng vẫn còn nhiều điều có thể cải thiện.",1637,300
1904519,106362573,3,"Có một số thông tin thú vị, nhưng không đủ sâu.",412,300
20074240,106362573,4,Một cuốn sách hay về những người thay đổi thế giới.,1562,300
2023979,106362573,4,Đáng mua cho ai yêu thích lịch sử và khám phá.,435,300
8629404,106362581,1,Tôi rất thất vọng về cuốn sách này. Nội dung khó hiểu và không có giá trị thực tiễn.,881,301
19910672,106362581,2,Tôi mong đợi nhiều hơn từ cuốn sách này. Thông tin khá hạn chế.,1553,301
20002429,106362581,4,Cuốn sách này rất hữu ích cho người mới tìm hiểu về blockchain.,1558,301
20253417,106362581,4,Nội dung dễ hiểu và đáng để tham khảo cho sinh viên.,1565,301
22936431,106362581,4,"Một cuốn sách đáng đọc, đặc biệt cho những ai quan tâm đến công nghệ.",1699,301
19187,106362586,1,"Tôi không hiểu gì từ cuốn sách này, hoàn toàn vô nghĩa.",21,302
22531963,106362586,2,"Nội dung khá tầm thường, không truyền cảm hứng.",1679,302
709574,106362586,2,"Dù có vài điểm hay, nhưng tổng thể vẫn không ấn tượng.",211,302
17364737,106362586,2,"Sách có thể làm tốt hơn, cảm giác chưa đủ sâu sắc.",1401,302
2795,106362586,3,"Một số quy tắc khá hay, nhưng chưa thực sự nổi bật.",4,302
9863319,106362586,4,"Rất nhiều thông tin bổ ích, đáng để đọc.",946,302
12825726,106362606,1,Tôi rất thất vọng với cuốn sách này. Không có thông tin mới mẻ nào cả.,1162,303
8607960,106362606,1,Nội dung khô khan và khó hiểu. Không đáng để đọc.,879,303
10998872,106362606,2,Cuốn sách có vài điểm hay nhưng không đủ hấp dẫn để tôi muốn đọc tiếp.,1035,303
2003707,106362606,2,"Chỉ có vài ý tưởng đáng giá, nhưng không đủ để tôi ấn tượng.",430,303
25847357,106362606,4,Nhiều ý tưởng thực tiễn và dễ áp dụng trong công việc.,1741,303
14133021,106362606,4,"Sách viết dễ hiểu, phù hợp với cả người mới bắt đầu và người có kinh nghiệm.",1243,303
29133797,106362638,1,Nội dung khó hiểu và không ứng dụng được trong cuộc sống hàng ngày.,1809,304
9758671,106362638,1,"Tôi không thấy có giá trị gì từ cuốn sách này, cảm thấy tiền mất.",934,304
5524164,106362638,1,"Quá nhiều lý thuyết mà không có thực tiễn, không phù hợp với tôi.",537,304
1426207,106362638,2,"Có vài ý tưởng tốt, nhưng cách trình bày không hấp dẫn.",342,304
274729,106362638,4,"Nội dung hay, dễ hiểu và thực sự có thể cải thiện hiệu suất làm việc.",95,304
20818840,106362638,4,"Cuốn sách thú vị, cung cấp nhiều kiến thức bổ ích cho tôi.",1596,304
846786,106362651,2,"Nội dung khô khan, khó hấp dẫn. Tôi không thích lắm.",245,305
10554,106362651,3,Cuốn sách khá ổn nhưng không có gì đặc biệt. Đọc cho vui.,14,305
21040960,106362651,3,"Nội dung chấp nhận được, nhưng vẫn còn nhiều chỗ cần cải thiện.",1599,305
13549039,106362651,3,"Có vài ý tưởng hay, nhưng chưa đủ để gây ấn tượng mạnh.",1206,305
1227152,106362651,4,Nội dung thú vị và dễ tiếp cận. Tôi thích cách trình bày.,308,305
5452780,106362666,1,Quá nhiều lý thuyết mà không có ứng dụng thực tế. Rất khó hiểu.,523,306
6565,106362666,1,Sách không đáp ứng được kỳ vọng của tôi. Quá tẻ nhạt.,11,306
8895228,106362666,3,"Một số phần thú vị, nhưng không đủ sâu sắc.",898,306
19910672,106362666,3,"Có vài ý tưởng hay, nhưng cần nhiều ví dụ thực tế hơn.",1553,306
11483560,106362666,4,"Sách rất bổ ích, giúp tôi có cái nhìn mới về marketing.",1069,306
20581369,106362666,4,Rất đáng đọc cho những ai muốn nâng cao kỹ năng marketing.,1583,306
24749275,106362670,1,"Không đáng tiền mua, tôi cảm thấy rất hối tiếc khi đọc.",1732,307
29962437,106362670,2,"Sách có vài ý tưởng hay, nhưng không thực sự thuyết phục tôi.",1823,307
13076036,106362670,2,"Tôi đã kỳ vọng nhiều hơn từ tác giả, nhưng không thấy sự sáng tạo.",1179,307
6363265,106362670,4,"Sách cung cấp nhiều ý tưởng thú vị, tôi đã học được nhiều điều.",645,307
11820456,106362670,4,"Dễ hiểu và thực tiễn, tôi thấy nó có ích cho bản thân.",1094,307
469959,106362670,4,Cuốn sách này đã thay đổi cách nhìn của tôi về thành công.,146,307
7664901,106362676,1,"Nội dung lộn xộn và khó hiểu, không thể áp dụng được.",782,308
19221749,106362676,2,Sách có vài điểm hay nhưng nhìn chung chưa đủ thuyết phục.,1513,308
15104042,106362676,2,"Không hài lòng lắm, cảm giác như thiếu chiều sâu.",1284,308
20417691,106362676,2,Sách này chưa đáp ứng được kỳ vọng của tôi về kiến thức.,1576,308
2110026,106362676,3,"Sách tạm chấp nhận, nhưng không phải là lựa chọn tốt nhất.",447,308
7560578,106362676,3,"Có thể tham khảo, nhưng không phải là cuốn sách cần thiết.",771,308
19280721,106362676,4,"Rất hữu ích, giúp tôi cải thiện kỹ năng giao tiếp với khách hàng.",1517,308
8552728,106362680,1,Thực sự tôi không hiểu tại sao cuốn sách này lại được đánh giá cao. Rất tệ.,874,309
12542830,106362680,2,"Mặc dù có một số ý tưởng tốt, nhưng tôi không thấy mình được truyền cảm hứng.",1142,309
6711122,106362680,3,"Cuốn sách tạm chấp nhận được, có vài thông tin hữu ích nhưng chưa đủ sâu.",686,309
22617968,106362680,3,Nội dung khá ổn nhưng vẫn còn nhiều chỗ cần cải thiện để thu hút hơn.,1684,309
29583079,106362680,4,"Cuốn sách khá hay, giúp tôi có cái nhìn mới về sự nghiệp. Rất đáng đọc.",1816,309
27212427,106362680,4,"Nội dung rõ ràng và dễ hiểu, giúp tôi có thêm động lực trong công việc.",1765,309
23120888,106362692,3,"Có một số nội dung thú vị, nhưng không đủ sâu sắc.",1704,310
1560337,106362692,4,"Sách có nhiều thông tin bổ ích, đáng để tham khảo.",365,310
7672081,106362692,4,Một cuốn sách tốt cho những ai yêu thích STEM.,787,310
22829710,106362692,4,"Rất đáng đọc, tôi đã học được nhiều điều từ sách này.",1695,310
13865970,106362700,1,Thực sự tôi không hiểu lý do cuốn sách này được yêu thích. Không đáng đọc.,1228,311
1384877,106362700,2,"Một chút thông tin thú vị, nhưng thiếu chiều sâu.",336,311
13887026,106362700,2,"Nội dung khá nhạt nhẽo, không để lại ấn tượng gì đặc biệt.",1230,311
13542514,106362700,2,"Mặc dù có ý tưởng hay, nhưng cách trình bày không hấp dẫn.",1205,311
19642364,106362729,2,"Một số phần có ích, nhưng nhiều chỗ vẫn còn mơ hồ.",1538,313
16311478,106362729,2,"Sách có vài thông tin thú vị, nhưng chưa đủ sâu sắc.",1344,313
19666056,106362729,2,"Tôi mong đợi nhiều hơn từ cuốn sách này, nhưng không hài lòng.",1541,313
11664140,106362729,3,"Sách tạm ổn, nhưng có nhiều phần cần cải thiện hơn.",1082,313
8672276,106362729,3,"Một cuốn sách khá, có thông tin nhưng chưa đủ hấp dẫn.",885,313
29925382,106362729,3,"Không tồi, nhưng vẫn có nhiều chỗ cần làm rõ và mở rộng.",1822,313
6119623,106362729,4,"Cuốn sách khá hay, cung cấp nhiều thông tin hữu ích.",618,313
18138952,106362729,4,Tôi tìm thấy nhiều kiến thức bổ ích từ cuốn sách này.,1460,313
21761965,106362743,1,Thật sự không thể hiểu nổi tại sao sách này lại được yêu thích. Quá kém!,1639,314
9099133,106362743,1,"Mình không thấy giá trị nào trong sách này cả, chỉ là một sự thất vọng.",914,314
23893415,106362743,2,"Sách có vài điểm hay, nhưng nhìn chung không thuyết phục được tôi.",1722,314
5325256,106362743,2,"Đã đọc nhưng cảm thấy thiếu chiều sâu, không đọng lại gì trong tâm trí.",501,314
6403174,106362743,3,"Đọc được, nhưng không để lại ấn tượng mạnh mẽ. Cần nhiều cải thiện.",652,314
76823,106362743,4,"Mình thấy sách khá hay, mặc dù còn vài điều chưa thuyết phục.",42,314
10787415,106362745,1,Không hiểu tại sao cuốn sách này lại được đánh giá cao. Thực sự không đáng đồng tiền.,1014,315
22022932,106362745,1,Đọc xong mà thấy rất lãng phí thời gian. Không có thông tin hữu ích.,1653,315
13598732,106362745,1,Quá tệ! Nội dung không sâu sắc và khó hiểu.,1212,315
1161567,106362745,2,Tôi không thích cách hành văn của tác giả. Có thể cải thiện nhiều hơn.,299,315
813621,106362745,3,"Một cuốn sách tạm ổn, nhưng chưa đủ hấp dẫn để tôi nhớ lâu.",238,315
16728544,106362745,4,"Một tác phẩm tốt, đáng đọc cho những ai quan tâm đến kinh tế.",1363,315
777024,106362756,1,Chất lượng sách không như mong đợi. Các câu hỏi lớn không được giải thích rõ ràng.,225,316
943300,106362756,2,"Một vài phần khá tốt, nhưng tổng thể thì tôi không ấn tượng lắm.",267,316
668413,106362756,2,Nội dung chưa thực sự thuyết phục và nhiều chỗ khó hiểu.,202,316
15918498,106362756,3,"Có những thông tin bổ ích, nhưng chưa đủ để gây ấn tượng mạnh.",1319,316
1426658,106362756,3,"Tôi đánh giá sách ở mức trung bình, có thể cải thiện hơn.",343,316
6112344,106362756,4,"Rất hài lòng với thông tin trong sách, dễ tiếp cận và thú vị.",617,316
13324247,106362757,1,"Mặc dù có nhiều người nổi tiếng, nhưng sách này không giúp tôi gì cả.",1190,317
17644110,106362757,3,"Có một số ý tưởng hay, nhưng không gây ấn tượng mạnh.",1422,317
21639464,106362757,3,"Nó khá bình thường, không có gì nổi bật mà tôi chưa biết.",1633,317
10474437,106362762,2,Sách có vài điểm hay nhưng vẫn chưa thuyết phục.,992,318
25955464,106362762,3,Sách có thông tin cơ bản nhưng chưa đủ chi tiết.,1743,318
652897,106362762,3,"Chấp nhận được, nhưng không gây ấn tượng mạnh.",198,318
22720770,106362762,4,"Nội dung phong phú, đáng để đọc.",1690,318
14004869,106362762,4,Gợi mở nhiều điều thú vị về tướng số.,1236,318
9096490,106362762,4,"Một cuốn sách đáng giá, nhiều thông tin hữu ích.",913,318
1384877,106362768,1,Không có gì nổi bật. Thất vọng hoàn toàn.,336,319
5160429,106362768,2,"Có thể có ích cho người mới bắt đầu, nhưng không đủ sâu sắc.",476,319
17468549,106362768,3,"Cuốn sách khá ổn, nhưng vẫn có những phần cần cải thiện.",1409,319
17313427,106362768,3,"Có vài điểm thú vị, nhưng tôi mong chờ nhiều hơn.",1397,319
22720770,106362768,3,"Một cuốn sách tạm ổn cho người mới bắt đầu, nhưng không đủ sâu.",1690,319
10108002,106362768,4,Cuốn sách này rất hữu ích và có nhiều thông tin thiết thực.,968,319
16688436,106362768,4,"Nội dung rõ ràng và dễ hiểu, rất thích hợp cho quản lý.",1360,319
733427,106362788,1,"Quá nhiều lời quảng cáo, không đáng để đọc.",214,320
17643805,106362788,1,"Không có giá trị thực tiễn, chỉ là câu chuyện cá nhân.",1420,320
10533403,106362788,2,"Nội dung không đủ sâu sắc, chỉ dừng lại ở bề mặt.",999,320
5569073,106362788,3,"Sách có vài ý tưởng thú vị, nhưng không đủ nổi bật.",546,320
20758903,106362788,3,"Nội dung trung bình, không đặc sắc lắm.",1594,320
8607960,106362788,4,"Có nhiều bài học thực tiễn, dễ áp dụng.",879,320
6559220,106362795,1,"Không có gì mới mẻ, chỉ là một mớ thông tin cũ kỹ. Không đáng đọc.",664,321
256241,106362795,2,"Một vài phần thú vị, nhưng tổng thể vẫn không cuốn hút lắm.",92,321
18382611,106362795,2,"Không đáp ứng được kỳ vọng của tôi, nhưng cũng có vài điểm tốt.",1480,321
9708336,106362795,3,"Một cuốn sách trung bình, có thể đọc nhưng không để lại ấn tượng mạnh.",927,321
15042522,106362795,4,Rất thú vị! Cuốn sách đã mở ra cho tôi nhiều điều mới mẻ về công nghệ.,1281,321
8799089,106362795,4,"Nội dung phong phú và sâu sắc, tôi đã học được nhiều điều từ cuốn sách này.",890,321
10108002,106362809,1,"Sách không có gì mới mẻ, hoàn toàn thất vọng.",968,322
9797338,106362809,1,Tôi không thấy giá trị gì trong cuốn sách này.,939,322
2159154,106362809,2,"Một số phần hơi nhàm chán, không gây hứng thú.",460,322
27635778,106362809,3,Sách hay nhưng có thể cải thiện nhiều hơn.,1777,322
459871,106362809,4,Tôi đã học được nhiều điều từ cuốn sách này.,145,322
12733507,106362813,1,"Không có giá trị thực tế, chỉ là những câu chuyện tầm thường. Không đáng đọc.",1155,323
8800724,106362813,2,"Một số ý tưởng có thể áp dụng, nhưng nội dung quá đơn giản và thiếu chiều sâu.",891,323
5188675,106362813,3,"Cuốn sách khá ổn, nhưng không đủ để tôi cảm thấy hứng thú đọc lại.",484,323
597992,106362813,3,"Cảm thấy dễ đọc, nhưng chưa đủ sâu sắc để thực sự thuyết phục.",181,323
1742706,106362844,1,Tôi rất thất vọng với cuốn sách này. Nội dung không có gì mới mẻ.,386,324
18332696,106362844,1,Tôi đã kỳ vọng nhiều nhưng cảm thấy bị lừa dối.,1476,324
1757466,106362844,2,Có một vài điểm hay nhưng phần lớn thông tin không thực tế.,389,324
31373,106362844,2,"Chỉ có một số ý tưởng thú vị, nhưng không đủ để gây ấn tượng.",26,324
12223751,106362844,3,Cuốn sách ổn nhưng không có nhiều điều mới lạ.,1126,324
19258494,106362844,3,Đọc được nhưng không thể nhớ nhiều điều sau khi đọc xong.,1516,324
29669970,106362844,4,"Cuốn sách có nhiều thông tin bổ ích, đáng để đọc.",1817,324
18028890,106362853,1,Tôi rất thất vọng với cuốn sách này. Nó không mang lại thông tin gì mới mẻ.,1446,325
1964416,106362853,1,"Quá nhiều lý thuyết, ít thực tế. Không đáng để đọc.",420,325
7242080,106362853,3,"Sách có một số ý tưởng hay, nhưng không đủ thuyết phục.",740,325
1255032,106362853,4,"Nội dung phong phú, dễ tiếp cận. Tôi đã học được nhiều điều.",314,325
23068231,106362853,4,"Cuốn sách đáng đọc, tuy nhiên có vài chỗ cần cải thiện.",1702,325
22576510,106362853,4,"Tôi thích cách tác giả trình bày vấn đề, rất thú vị.",1682,325
6173294,106362871,1,Tôi không thấy giá trị gì từ cuốn sách này. Thất vọng!,623,327
30192990,106362871,2,"Sách có vài điểm thú vị, nhưng còn nhiều chỗ cần cải thiện.",1826,327
7430221,106362871,2,"Một cuốn sách bình thường, không có gì nổi bật.",758,327
9148321,106362871,3,"Có vài ý tưởng hay, nhưng cần thêm ví dụ thực tế.",918,327
10040965,106362871,4,Cuốn sách rất hữu ích cho người mới bắt đầu tìm hiểu NLP.,966,327
6387396,106362871,4,Một sự khởi đầu tốt cho những ai muốn tìm hiểu về NLP.,649,327
797174,106362878,1,"Nội dung nhạt nhẽo, không đáng đọc.",233,328
482963,106362878,2,Sách có vài thông tin hữu ích nhưng không đủ chiều sâu.,154,328
756606,106362878,3,"Tôi nghĩ sách có thể làm tốt hơn, nhưng cũng không tệ.",219,328
12704097,106362889,1,Tôi không tìm thấy thông tin nào mới mẻ trong cuốn sách này. Thất vọng thật sự.,1151,329
6494091,106362889,1,"Nội dung khô khan, không hấp dẫn. Tôi đã mong đợi nhiều hơn.",657,329
18537359,106362889,3,"Tạm chấp nhận, nhưng tôi mong chờ nhiều hơn từ tác giả.",1485,329
19664494,106362889,4,Rất thích những ví dụ thực tiễn trong sách. Hỗ trợ tốt cho giao tiếp.,1540,329
1220377,106919169,1,Nội dung sách quá chung chung và không thực sự hữu ích.,306,330
18097632,106919169,2,Có một số ý tưởng tốt nhưng không đủ sâu sắc.,1453,330
21803842,106919169,3,Sách khá ổn nhưng cần nhiều ví dụ thực tế hơn.,1642,330
19642364,106919169,3,Tóm tắt hay nhưng cần nhiều chi tiết hơn.,1538,330
11341820,106919169,4,"Sách rất hữu ích, giúp mình nhận ra nhiều điều mới.",1056,330
1039706,106919169,4,"Một cuốn sách tuyệt vời, rất đáng để đọc.",280,330
7419963,107428036,1,Tôi không thấy sách này có ích gì cả. Không có thông tin mới mẻ.,756,331
856697,107428036,1,Nội dung quá khó hiểu và không thực tế. Thất vọng.,246,331
12359694,107428036,3,Nội dung khá ổn nhưng chưa đủ thuyết phục. Nên có thêm ví dụ.,1130,331
5398769,107428036,4,"Sách rất hay, cung cấp nhiều kiến thức bổ ích về thiền.",512,331
20656844,107428036,4,Một cuốn sách đáng đọc cho những ai muốn tìm hiểu về thiền.,1587,331
29755269,113183217,1,Quá nhiều lý thuyết mà thiếu thực hành. Không phù hợp với tôi.,1818,334
184048,113183217,2,"Nội dung sách không rõ ràng, khó theo dõi. Có thể tìm sách khác tốt hơn.",70,334
17454398,113183217,3,"Sách có nhiều thông tin, nhưng không thực sự mới mẻ. Đọc được.",1408,334
29442430,113183217,3,"Tác giả có nhiều ý tưởng hay, nhưng cách trình bày chưa gọn gàng.",1815,334
6671936,113183217,4,Tôi thích cách tác giả kết hợp lý thuyết và thực tế. Rất thuyết phục.,679,334
9686698,115254372,1,"Mình không hiểu nổi cuốn sách này, cảm giác như không có ý nghĩa gì cả.",925,335
856697,115254372,1,"Quá dài dòng và khó tiếp cận, mình không thể đọc hết.",246,335
12120377,115254372,1,"Nội dung không thực sự hấp dẫn, khiến mình muốn bỏ cuộc.",1118,335
11769760,115254372,2,"Có một vài điểm hay, nhưng tổng thể vẫn không ấn tượng lắm.",1091,335
10271166,115254372,2,Mình thấy cuốn sách này hơi thiếu chiều sâu và quá lý thuyết.,978,335
18431394,115254372,4,"Một cuốn sách hay, truyền cảm hứng để suy nghĩ về cuộc sống.",1483,335
17644110,120183162,2,Cuốn sách có vài điểm hay nhưng phần lớn nội dung vẫn khá sơ sài.,1422,339
23579085,120183162,2,"Hơi thất vọng, tôi mong đợi nhiều hơn từ một cuốn sách dạy freelancing.",1712,339
27212427,120183162,2,"Một số thông tin hữu ích, nhưng không đủ để giúp tôi bắt đầu.",1765,339
18147398,120183162,3,Nội dung ổn nhưng không có nhiều ví dụ thực tiễn. Có thể cải thiện.,1462,339
1326871,120183162,4,"Cuốn sách khá tốt, giúp tôi có cái nhìn tổng quan về freelancing.",322,339
1238920,120183162,4,"Tôi đã tìm thấy nhiều mẹo hữu ích trong cuốn sách này, đáng để đọc.",311,339
7514594,122273430,1,"Mình không hiểu được nội dung sách này, quá khó hiểu và không thực tế.",766,340
8137839,122273430,2,Sách có nhiều lời khuyên nhưng thiếu ví dụ thực tế.,839,340
23656199,122273430,2,"Mình cảm thấy sách viết hơi lan man, khó theo dõi.",1714,340
15404322,122273430,3,Có vài điểm hay nhưng vẫn còn nhiều chỗ cần cải thiện.,1300,340
18592448,122273430,4,Một bộ sách tuyệt vời cho những ai muốn phát triển bản thân.,1487,340
14915860,122273432,2,"Có lẽ phù hợp với người mới bắt đầu, nhưng tôi không thấy thuyết phục.",1274,341
18117716,122273432,3,"Sách trung bình, có một số điểm đáng chú ý, nhưng không đủ để gây ấn tượng.",1455,341
26105955,122273432,3,"Sách này không tệ, nhưng tôi kỳ vọng nhiều hơn từ tác giả.",1746,341
14420518,122273432,4,"Nhiều góc nhìn mới mẻ, khiến tôi có thêm động lực trong công việc.",1254,341
347548,124893019,1,Tôi thấy cuốn sách này quá nhàm chán và không có điểm gì nổi bật.,117,342
5677169,124893019,1,"Rất thất vọng với nội dung, không phù hợp với những gì tôi mong đợi.",560,342
330572,124893019,1,"Sách không cung cấp thông tin hữu ích, cảm giác như lãng phí thời gian.",111,342
308972,124893019,2,"Nội dung có vài điểm hay, nhưng vẫn chưa đủ để thu hút tôi.",101,342
15494712,124893019,3,"Cuốn sách có thông điệp tốt, nhưng cần cải thiện cách viết.",1302,342
10881299,124893019,3,"Nội dung khá ổn, nhưng vẫn có thể sâu sắc hơn.",1020,342
7291891,124893019,3,"Tôi thấy có một số điểm đáng giá trong sách, nhưng không đủ để tôi yêu thích.",743,342
381626,124893019,3,"Sách có một số ý tưởng hay, nhưng chưa thực sự chạm đến cảm xúc.",123,342
771492,127031637,1,Tôi không thấy quyển sách này có giá trị gì. Những ý tưởng không rõ ràng và khó hiểu.,221,343
11324055,127031637,1,Nội dung nhàm chán và không giúp tôi cải thiện tâm trạng.,1054,343
14511910,127031637,1,Đợi mong quá nhiều nhưng cuối cùng chỉ nhận lại sự thất vọng.,1262,343
16987502,127031637,3,"Cảm thấy quyển sách này khá bình thường, không có gì ấn tượng.",1380,343
295,127031711,1,"Tôi không tìm thấy giá trị gì trong cuốn sách này, rất tiếc.",0,344
10874644,127031711,2,Sách có vài thông tin hữu ích nhưng vẫn còn nhiều điểm yếu.,1019,344
16823139,127031711,2,"Tôi kỳ vọng nhiều hơn, nhưng sách lại không đáp ứng được.",1369,344
10605581,127031711,3,"Sách có một số phần hay, nhưng chưa đủ để gây ấn tượng mạnh.",1005,344
5301019,127031711,3,Nhiều thông tin thú vị nhưng vẫn còn thiếu chiều sâu.,497,344
14100078,127031711,4,Cuốn sách này thật sự giúp ích cho tôi trong nhiều tình huống.,1241,344
5561480,127032166,1,"Sách không có gì đặc sắc, tôi cảm thấy rất thất vọng.",545,345
11727524,127032166,2,Sách có vài ý tưởng hay nhưng cách trình bày kém.,1088,345
6376847,127032166,4,"Sách khá hay, nhiều ý tưởng thú vị cho người đọc.",648,345
600542,127032166,4,"Một cuốn sách đáng đọc, tôi cảm thấy có giá trị.",182,345
10264910,127032166,4,"Rất đáng tham khảo, giúp mở rộng tư duy.",977,345
2026685,127032268,1,Sách không phù hợp với mong đợi của tôi. Chỉ là những câu chuyện vô nghĩa.,436,346
19139196,127032268,2,"Có vài điểm hay, nhưng nhìn chung không đủ để thu hút tôi.",1510,346
2010352,127032268,3,"Có những phần hay, nhưng cũng không ít phần nhàm chán.",433,346
10034065,127032268,4,"Nhiều điều bổ ích và sâu sắc, tôi đã học được nhiều từ cuốn sách này.",964,346
6370959,127032268,4,"Một cuốn sách hay, giúp tôi có động lực hơn trong việc chạy.",647,346
11324055,127033037,1,Không hiểu sao sách lại được đánh giá cao. Quá tệ.,1054,347
597992,127033037,2,Sách có vài điểm hay nhưng không đủ thuyết phục tôi.,181,347
20357408,127033037,4,"Rất tâm huyết, nhiều bài học quý giá từ tác giả.",1573,347
29412931,127033182,1,"Sách không có gì mới mẻ, tôi cảm thấy rất thất vọng.",1813,348
5503796,127033182,1,Tôi không tìm thấy giá trị nào trong sách này.,534,348
7157754,127033182,2,"Một số ý tưởng tốt, nhưng chưa đủ sâu sắc.",728,348
1694570,127033182,3,"Đọc được, nhưng không để lại ấn tượng mạnh.",380,348
19329965,127033182,4,"Rất thích phần hướng dẫn, thực sự hữu ích cho quản trị.",1520,348
13518698,127033501,1,"Nhiều phần trong sách rất nhàm chán, không có gì hấp dẫn cả.",1200,349
27374324,127033501,2,Sách có một vài điểm hay nhưng vẫn chưa đủ thuyết phục. Cần cải thiện nhiều.,1770,349
817832,127033501,2,"Một số thông tin hữu ích nhưng rất chung chung, không sâu sắc.",239,349
2036847,127033501,2,Mình đã kỳ vọng nhiều hơn. Một số phần rất khó hiểu.,438,349
21930331,127033501,4,Rất nhiều thông tin hữu ích. Mặc dù có vài phần chưa rõ ràng.,1646,349
14845159,127033501,4,"Sách cung cấp cái nhìn mới về tiếp thị, đáng để tham khảo.",1272,349
21168591,127033501,4,Nội dung thực sự hay và có thể áp dụng được trong thực tế.,1604,349
16777770,127033585,1,"Nội dung không hấp dẫn, nhân vật cũng không có chiều sâu. Rất tệ!",1365,350
9951640,127033585,2,Nhân vật không gây được sự đồng cảm. Tôi mong đợi nhiều hơn.,954,350
1081759,127033585,2,Nội dung có phần nhạt nhẽo. Hy vọng tác giả cải thiện trong tác phẩm sau.,286,350
21969937,127033585,4,Một câu chuyện hay về tình bạn. Tôi thấy rất cảm động!,1650,350
1220377,127033585,4,Tôi thích các nhân vật và thông điệp trong sách. Rất ý nghĩa.,306,350
24296995,129138227,1,"Sách không cung cấp thông tin thực sự hữu ích, tôi cảm thấy như bị lãng phí.",1726,351
7401724,129138227,1,Quá nhiều lý thuyết mà không có thực hành. Tôi không thấy giá trị.,753,351
13542514,129138227,2,Nội dung khá nông cạn. Tôi không thấy sự kết nối với những câu chuyện ví dụ.,1205,351
5160429,129138227,3,"Có thể hữu ích cho một số người, nhưng không phải cho tôi.",476,351
5825655,129138227,4,"Sách cung cấp nhiều quan điểm mới, giúp tôi hiểu hơn về thay đổi.",577,351
20656844,129138227,4,Nhiều câu chuyện thú vị và dễ áp dụng. Tôi cảm thấy được truyền cảm hứng.,1587,351
27805743,129138227,4,"Một cuốn sách đáng đọc, có nhiều thông tin bổ ích cho cuộc sống.",1782,351
11714799,129138227,4,Sách giúp tôi thay đổi suy nghĩ về những mối quan hệ xung quanh.,1087,351
535135,129138477,1,Nội dung sách không có gì mới mẻ. Mình thất vọng vì không đáp ứng được mong đợi.,165,352
765496,129138477,1,Mình cảm thấy cuốn sách này không phù hợp với văn hóa và tình hình ở Việt Nam.,220,352
1003429,129138477,2,Mình không thấy cuốn sách này đáp ứng đủ nhu cầu thực tế của gia đình có trẻ tự kỷ.,276,352
2136285,129138477,2,Sách có thông tin tốt nhưng cách trình bày không dễ tiếp cận.,456,352
13157776,129138477,3,Cuốn sách có nhiều kiến thức bổ ích nhưng cần có thêm ví dụ cụ thể hơn.,1184,352
15099161,129138477,3,Mình thấy sách khá ổn nhưng vẫn còn nhiều điều cần cải thiện.,1283,352
5477955,129138477,3,Hơi thất vọng vì không có nhiều hướng dẫn thực hành cho phụ huynh.,528,352
12833351,129138477,4,"Sách dễ đọc, có nhiều thông tin hữu ích cho các bậc phụ huynh.",1163,352
433959,129138477,4,Cuốn sách này giúp mình hiểu hơn về trẻ tự kỷ và cách can thiệp.,136,352
28946266,129138477,4,"Mình rất thích cách trình bày, dễ dàng áp dụng vào thực tế.",1807,352
2010352,129138477,4,"Sách có giá trị và ý nghĩa, nhưng cần thêm ví dụ từ thực tiễn Việt Nam.",433,352
12857627,137130367,2,"Cuốn sách này chỉ dừng lại ở mức trung bình, không có gì nổi bật.",1164,353
19994203,137130367,2,"Không thực sự khơi gợi được cảm hứng, chỉ là những kiến thức cơ bản.",1557,353
27677383,137130367,3,Nội dung ổn nhưng không đủ sâu sắc để lại ấn tượng lâu dài.,1778,353
21966591,137130367,4,"Một cuốn sách rất thực tế, giúp tôi hiểu rõ hơn về quản lý tài chính.",1648,353
26724635,137130367,4,"Nội dung hay, dễ hiểu và áp dụng vào cuộc sống hàng ngày.",1758,353
389,137130367,4,"Tôi đã học được nhiều điều mới từ cuốn sách này, rất đáng đọc.",1,353
207782,137130367,4,"Sách cung cấp nhiều lời khuyên bổ ích về tài chính, tôi khá hài lòng.",81,353
184781,137424411,1,"Không mang lại giá trị gì cho tôi, hoàn toàn lãng phí thời gian.",71,354
15345619,137424411,1,"Tôi không hiểu tại sao sách này lại được đánh giá cao, thật thất vọng.",1297,354
12240969,137424411,3,"Nội dung bình thường, có thể đọc nhưng không có gì nổi bật.",1127,354
1968632,137424411,4,"Nội dung tốt và dễ tiếp cận, tôi thích những lời khuyên trong sách.",421,354
860246,137424411,4,"Rất đáng đọc, tôi đã áp dụng một số lời khuyên trong cuộc sống.",247,354
6387396,137425257,1,Nội dung quá nhàm chán và không thực tế. Rất thất vọng.,649,355
168271,137425257,1,Sách không mang lại giá trị gì cho người về hưu. Tôi không khuyên đọc.,65,355
11344411,137425257,2,Có vài điểm hay nhưng tổng thể vẫn chưa đáp ứng được mong đợi.,1057,355
29412931,137425257,2,"Dù có vài ý tưởng tốt, nhưng cách trình bày không hấp dẫn.",1813,355
13634560,137425257,2,Cuốn sách có thể cải thiện hơn nữa. Chưa thực sự ấn tượng.,1215,355
13499616,137425257,4,"Cuốn sách khá hay, có nhiều góc nhìn mới về cuộc sống về hưu.",1196,355
13505353,137425427,3,Sách có một số thông tin hữu ích nhưng cần cải thiện hơn.,1197,356
6176902,137425427,3,Đọc được nhưng không để lại ấn tượng sâu sắc.,624,356
6271600,137425427,4,Một cuốn sách đáng đọc cho những ai quan tâm đến giáo dục.,631,356
29817985,137432610,2,"Nội dung không sâu sắc, chỉ là những điều cơ bản mà ai cũng biết.",1821,357
409555,137432610,2,Có một số ý tưởng hay nhưng không được phát triển tốt.,130,357
27346454,137432610,3,"Nội dung tạm ổn, nhưng không đủ để tôi muốn đọc lại.",1767,357
17157209,137432610,4,"Nội dung phong phú, cung cấp nhiều kiến thức hữu ích cho tôi.",1386,357
655559,137592717,1,Tôi thấy cuốn sách này thật sự không giúp ích gì cho tôi. Các ý tưởng rất chung chung và không thực tế.,200,359
22493128,137592717,1,"Nội dung quá đơn điệu, không có gì mới mẻ. Tôi đã thất vọng khi đọc.",1676,359
14986327,137592717,2,"Sách có một số điểm hay, nhưng quá nhiều nội dung không thực tế.",1279,359
19471888,137592717,2,Tôi mong đợi nhiều hơn từ cuốn sách này. Chưa đủ cụ thể và chi tiết.,1532,359
7675679,137592717,2,"Nhiều phần trong sách khá nhàm chán, cần cải thiện hơn về cách trình bày.",791,359
9868703,137592717,4,"Sách rất dễ hiểu và thực tế, giúp tôi có thêm động lực trong việc quản lý thời gian.",947,359
17920770,137592717,4,Nhiều ý tưởng thú vị và dễ áp dụng. Tôi đã thấy sự cải thiện trong thói quen của mình.,1442,359
921336,137592717,4,"Cuốn sách này có giá trị thực tiễn cao, tôi rất hài lòng với những gì đã học được.",264,359
7497898,137592717,4,"Tác giả có cách truyền đạt dễ hiểu, nhiều mẹo hay giúp tiết kiệm thời gian.",763,359
4289,137941252,1,Sách không cung cấp thông tin hữu ích. Tôi cảm thấy thời gian của mình bị lãng phí.,6,360
13515195,137941252,1,Rất khó để tìm thấy giá trị trong cuốn sách này. Nó không đáp ứng được những gì tôi mong đợi.,1199,360
11827451,137941252,2,"Cuốn sách có vài điểm sáng, nhưng nhìn chung vẫn chưa đủ thuyết phục. Tôi không thích cách trình bày.",1095,360
5165462,137941252,2,Nội dung không đủ sâu sắc và thiếu đi sự hấp dẫn. Tôi mong đợi nhiều hơn.,478,360
7052506,137941252,3,"Có nhiều thông tin hữu ích, nhưng cách trình bày có phần nhàm chán.",718,360
26544271,137941252,3,Cảm giác như cuốn sách này chỉ là một tóm tắt của nhiều ý tưởng khác nhau.,1752,360
10018863,137941252,4,Cảm hứng và động lực từ cuốn sách này thực sự tốt. Tôi thấy mình có thể áp dụng vào cuộc sống.,961,360
20023909,137941252,4,Rất nhiều ý tưởng hay và thực tế. Tôi cảm thấy được truyền cảm hứng sau khi đọc.,1560,360
1560065,137941270,1,Tôi rất thất vọng với cuốn sách này. Không có giá trị gì cho tôi.,364,361
204530,137941270,2,Chưa thực sự thuyết phục tôi. Cần nhiều ví dụ thực tế hơn.,79,361
7588129,137941270,3,"Đọc để giải trí, nhưng không có nhiều điều mới mẻ.",775,361
1641572,137941270,4,Tôi thích cách tác giả diễn đạt ý tưởng. Rất có giá trị cho cuộc sống.,374,361
62953,137941270,4,"Nhiều bài học quý giá, dễ áp dụng trong cuộc sống hàng ngày.",33,361
514795,137941270,4,"Một cuốn sách hay, đã giúp tôi thay đổi suy nghĩ về cuộc sống.",159,361
1996312,137941277,1,"Câu chuyện không có gì mới mẻ, chỉ lặp lại những điều đã biết từ trước.",427,362
11802686,137941277,1,"Tôi thất vọng hoàn toàn, không có cảm xúc gì khi đọc.",1092,362
1444131,137941277,1,"Nội dung quá nhạt nhẽo, không hấp dẫn chút nào.",348,362
12133998,137941277,2,"Mặc dù có một số đoạn hay, nhưng tổng thể vẫn chưa đủ hấp dẫn.",1120,362
29962437,137941277,2,Văn phong ổn nhưng cảm giác thiếu sự kịch tính cần thiết.,1823,362
12120377,137941277,3,Sách dễ đọc nhưng không để lại nhiều cảm xúc cho tôi.,1118,362
17502822,137941277,4,"Câu chuyện lãng mạn rất cuốn hút, tôi thích cách tác giả miêu tả.",1410,362
12900766,137941277,4,"Một tác phẩm hay với nhiều cảm xúc, rất đáng để đọc.",1167,362
342437,137941277,4,"Tôi rất thích phong cách viết của tác giả, rất lôi cuốn.",115,362
20659697,137941280,1,Truyện ngắn mà không có gì đặc sắc. Không thể kết nối với nhân vật.,1588,363
7854826,137941280,1,Sách khiến mình mất thời gian. Không có ý nghĩa gì cả.,807,363
419455,137941280,1,"Nội dung lộn xộn, viết không mạch lạc. Không thích chút nào.",134,363
30346965,137941280,2,"Một số truyện có ý tưởng tốt, nhưng cách viết còn yếu.",1829,363
12001467,137941280,2,Thực sự không ấn tượng. Có thể tìm được nhiều cuốn hay hơn.,1109,363
20159175,137941280,2,Nội dung chưa thực sự chạm đến cảm xúc của mình.,1564,363
11867797,137941292,1,"Nội dung quá tẻ nhạt, khiến tôi không thể đọc hết. Thật sự không đáng tiền.",1096,364
184781,137941292,2,Có một vài ý tưởng hay nhưng thực hiện thì không thành công. Rời rạc và thiếu mạch lạc.,71,364
29133797,137941292,2,"Dù có một số đoạn thú vị, nhưng nhìn chung tôi thấy rất chán. Không khuyến khích.",1809,364
1756230,137941292,2,"Nội dung không thu hút, nhân vật cũng không gây được ấn tượng. Khá thất vọng.",388,364
6366137,137941292,3,Câu chuyện khá ổn nhưng không có gì đặc sắc. Một cuốn sách bình thường.,646,364
18187689,137941292,3,Nó có một số khoảnh khắc hay nhưng không đủ để tôi cảm thấy ấn tượng.,1465,364
21794591,137941292,4,Một câu chuyện đẹp với mô tả thiên nhiên tuyệt vời. Tôi thích nhân vật Kya.,1641,364
6183653,137941311,1,"Nội dung không hấp dẫn, tôi đã khá thất vọng khi đọc xong.",625,365
7305525,137941311,2,"Tôi thấy một số đoạn khá nhàm chán, không thu hút được sự chú ý.",744,365
18217701,137941311,4,"Câu chuyện hay và sâu sắc, tôi đã khóc ở đoạn kết.",1467,365
23396541,137941315,1,"Sách này quá khó hiểu, không có điểm nhấn nào đáng giá.",1709,366
27622963,137941315,2,Một vài câu chuyện có ý nghĩa nhưng hầu hết đều nhạt nhẽo.,1776,366
899346,137941315,3,"Một số truyện khá hay, nhưng không đồng đều.",258,366
19683980,137941315,4,"Nhiều truyện ngắn thú vị, ngôn ngữ mượt mà và sâu sắc.",1543,366
7691179,137941325,1,Mình thất vọng với cuốn sách này. Cốt truyện quá nhàm chán và không có sự hồi hộp.,794,367
22945264,137941325,1,Chả có gì đặc sắc cả. Mình không thể đọc hết được.,1700,367
6606813,137941325,1,"Nội dung không hấp dẫn, mình không thể cảm nhận được sự lôi cuốn.",674,367
21794591,137941325,3,"Cuốn sách khá ổn, nhưng mình mong đợi nhiều hơn từ Agatha Christie.",1641,367
594841,137941325,4,"Cốt truyện thú vị, lôi cuốn. Rất hài lòng với cuốn sách này.",180,367
17454398,137941325,4,"Một câu chuyện hấp dẫn, mình cảm thấy rất thú vị khi đọc.",1408,367
11341820,137941331,1,"Nội dung không hấp dẫn, đọc mà thấy chán. Không có điểm nhấn nào đáng nhớ.",1056,368
15608334,137941331,1,"Câu chuyện quá đơn điệu, không có sự phát triển nào thú vị.",1306,368
7494376,137941331,2,Có một số ý tưởng hay nhưng không được triển khai tốt.,762,368
7041059,137941331,3,"Có những khoảnh khắc thú vị, nhưng cũng có phần nhàm chán.",717,368
21866816,137941335,3,Cuốn sách ổn nhưng chưa thực sự nổi bật. Một số đoạn hay nhưng không đều.,1643,369
6301294,137941335,3,Sách có những ý tưởng hay nhưng vẫn thiếu sự mạch lạc. Đọc được.,638,369
28747770,137941335,3,Nội dung có thể gây cảm hứng nhưng không đủ mạnh để nhớ lâu.,1804,369
355396,137941335,4,Tôi cảm thấy cuốn sách rất gần gũi và ấm áp. Một trải nghiệm dễ chịu.,119,369
21551755,137941335,4,Một cuốn sách đáng đọc với nhiều điều thú vị về cuộc sống.,1625,369
10795355,137941348,1,Sách này thật sự không phù hợp với tôi. Cảm giác như tác giả chỉ muốn phê phán mà không đưa ra giải pháp nào.,1016,370
18979157,137941348,1,"Nội dung rời rạc, không có kết nối nào đáng kể. Tôi cảm thấy mất thời gian khi đọc.",1501,370
1463993,137941348,2,Sách chỉ dừng lại ở mức trung bình. Cảm giác như chưa khai thác hết chủ đề.,351,370
1657994,137941348,2,Một số mẩu chuyện thú vị nhưng phần lớn lại nhàm chán và không có chiều sâu.,378,370
6874456,137941348,3,"Tôi hiểu ý tác giả, nhưng đôi khi cách truyền đạt không rõ ràng. Sách chỉ ở mức trung bình.",708,370
1900692,137941348,4,Nội dung sâu sắc và nhiều điều thú vị. Tôi thích cách tác giả chia sẻ trải nghiệm cá nhân.,411,370
11439643,137941348,4,Một tác phẩm thú vị với nhiều trải nghiệm sống động. Tôi sẽ giới thiệu cho bạn bè.,1064,370
1788729,137941350,1,"Sách không có gì mới mẻ, tôi rất thất vọng.",393,371
10558345,137941350,2,"Một số phần khó hiểu, tôi không thể áp dụng vào công việc.",1001,371
7966417,137941350,3,"Sách có thông tin hữu ích, nhưng chưa đủ sâu sắc.",823,371
5561480,137941350,4,"Tôi thấy cuốn sách hữu ích, nhiều ý tưởng áp dụng tốt.",545,371
5561282,137941350,4,"Nội dung rõ ràng, dễ hiểu và thực tiễn.",544,371
6307897,137941350,4,Rất nhiều thông tin giá trị cho người làm quản lý.,641,371
8522260,137941378,1,Một trong những cuốn sách tệ nhất tôi từng đọc. Không có gì thú vị cả.,871,372
26594576,137941378,2,Có thể chấp nhận nhưng không gây ấn tượng. Mất thời gian.,1754,372
11875205,137941378,2,Tôi thấy cốt truyện không được chặt chẽ. Một cuốn sách tầm thường.,1098,372
6520123,137941378,4,Một cuốn sách thú vị với những tình tiết bất ngờ. Tôi rất thích!,661,372
17135138,137941408,1,"Quá nhàm chán, không thể đọc hết. Rất tiếc khi mua cuốn này.",1384,373
1900692,137941408,2,Câu chuyện có tiềm năng nhưng phát triển không tốt. Chưa đủ hấp dẫn.,411,373
5900422,137941408,3,Có một vài tình tiết hay nhưng vẫn thiếu sự kịch tính.,590,373
11881876,137941408,4,"Cảm thấy hài lòng với cuốn sách này, không quá xuất sắc nhưng vẫn thú vị.",1099,373
5561282,137941422,1,Tôi thất vọng hoàn toàn với cuốn sách này. Cốt truyện quá chậm và không hấp dẫn.,544,374
8992170,137941422,1,"Nội dung không có chiều sâu, cảm giác như tác giả chỉ viết cho có.",905,374
535135,137941422,4,Một cuốn sách đáng đọc với nhiều vấn đề xã hội sâu sắc.,165,374
23909348,137941422,4,"Nhân vật được khắc họa rõ nét, câu chuyện gây suy ngẫm.",1723,374
9837027,137941426,1,"Bị chán nản khi đọc, không thể tìm thấy điểm hấp dẫn nào.",941,375
12168711,137941426,2,"Chỉ có vài truyện hay, nhưng nhìn chung không như tôi mong đợi.",1123,375
22827414,137941426,2,Có lẽ tôi không phù hợp với phong cách của tác giả.,1694,375
5658926,137941426,3,"Sách có một số câu chuyện thú vị, nhưng chưa đủ hấp dẫn.",557,375
20885155,137941426,4,"Nhiều truyện hay, mang lại cảm xúc và suy ngẫm.",1597,375
9183139,137941428,1,Tôi rất thất vọng với cuốn sách này. Nội dung không đáp ứng được mong đợi của tôi.,919,376
898813,137941428,1,Tôi không thể đọc hết vì nội dung quá nhàm chán.,257,376
8180145,137941428,2,"Tôi kỳ vọng nhiều hơn từ Melinda Gates, nhưng cuốn sách chưa đủ thuyết phục.",842,376
10350073,137941428,3,"Cuốn sách khá ổn, nhưng có nhiều phần hơi dài dòng.",982,376
7401724,137941428,3,Nội dung mang tính giáo dục nhưng không quá ấn tượng.,753,376
692199,137941428,3,"Tôi đã học được một số điều hay, nhưng không phải là tác phẩm xuất sắc.",208,376
23153925,137941428,4,Một cuốn sách đáng đọc với nhiều câu chuyện cảm động.,1708,376
12542830,137941430,1,Sách này thật sự không đáp ứng được mong đợi của tôi. Câu chuyện quá nhàm chán.,1142,377
21353765,137941430,1,Tôi thấy nhân vật Harry thật sự không phát triển trong tập này. Thất vọng!,1613,377
617599,137941430,2,"Tôi mong đợi nhiều hơn từ tác phẩm này, nhưng nó không thỏa mãn.",186,377
190330,137941430,3,"Mặc dù có những đoạn hay, nhưng vẫn có phần chậm chạp.",73,377
2119875,137941430,3,"Tôi không hoàn toàn hài lòng, nhưng vẫn có vài điều thú vị.",451,377
11439643,137941430,4,"Một phần tuyệt vời của series, rất hấp dẫn và nhiều cảm xúc.",1064,377
5838409,137941430,4,"Nội dung hấp dẫn, cảm giác như đang sống trong thế giới của Harry.",580,377
2147883,137941430,4,"Rất thú vị, nhưng vẫn có thể có vài điểm cần cải thiện.",458,377
10380967,137941431,2,Sách có ý tưởng hay nhưng không phát triển tốt. Hơi thất vọng.,985,378
8125310,137941431,2,"Cốt truyện chưa đủ hấp dẫn, nhân vật không có sự phát triển.",834,378
6399267,137941431,2,Tôi cảm thấy cuốn sách này không xứng đáng với tên tuổi của tác giả.,650,378
12474394,137941431,2,"Đọc mà thấy nhàm chán, không có nhiều tình tiết gay cấn.",1138,378
1970253,137941431,3,Câu chuyện tạm ổn nhưng chưa thực sự cuốn hút tôi.,423,378
6831509,137941431,3,Cốt truyện có tiềm năng nhưng cần nhiều hơn để trở nên thú vị.,702,378
7665214,137941456,2,Đọc không được lôi cuốn. Có thể đã kỳ vọng quá nhiều.,783,379
13879493,137941456,2,"Văn phong không mượt mà, cần cải thiện nhiều.",1229,379
1416184,137941456,3,"Phân tích xã hội hay, nhưng thiếu sức hấp dẫn.",340,379
18907649,137941456,3,"Mặc dù có những ý tưởng hay, nhưng vẫn chưa thật sự cuốn hút.",1499,379
17197286,137941456,4,"Nội dung sâu sắc, thể hiện rõ thực trạng xã hội.",1390,379
1136391,137941477,1,"Nội dung nhàm chán, không có điểm nhấn nào đáng chú ý.",296,380
1557791,137941477,1,Cảm giác như tác giả không hiểu rõ vấn đề gia đình.,363,380
11538569,137941477,2,Tôi thấy sách thiếu chiều sâu và không đủ thuyết phục.,1076,380
1364036,137941477,3,Sách có thông điệp tốt nhưng chưa truyền tải hiệu quả.,332,380
11802932,137941516,1,"Sách không có gì đặc sắc, không đáng để đọc.",1093,381
10977,137941516,1,"Chất lượng viết rất kém, không thu hút.",15,381
18423262,137941516,1,"Nội dung quá đơn giản, không có chiều sâu.",1482,381
6680442,137941516,2,"Mình thấy hơi nhàm chán, không đủ lôi cuốn.",683,381
12971968,137941516,2,"Sách không như kỳ vọng, thiếu sự hấp dẫn.",1173,381
15444681,137941516,3,"Sách tạm ổn, có vài đoạn hay nhưng chưa đủ hấp dẫn.",1301,381
16145701,137941516,4,"Mình rất thích cách viết của tác giả, khá gần gũi.",1327,381
22827414,137941516,4,"Nội dung thú vị, giúp mình hiểu hơn về giới trẻ.",1694,381
10977,137941519,1,Cuốn sách không đáp ứng được kỳ vọng của tôi. Quá nhàm chán.,15,382
27805743,137941519,2,Sách có tiềm năng nhưng chưa được khai thác đúng cách.,1782,382
18138952,137941519,4,Tôi thích cách viết và những trải nghiệm được chia sẻ.,1460,382
27577592,137941519,4,Cuốn sách mang lại nhiều góc nhìn thú vị về du học.,1775,382
9796708,137941524,1,"Đọc mà không thấy hứng thú. Nhân vật không có chiều sâu, không thuyết phục.",938,383
6282836,137941524,2,Có một vài tình huống thú vị nhưng vẫn không đủ để giữ chân tôi.,633,383
20691801,137941524,2,"Truyện còn nhiều điểm yếu, đặc biệt là về nhân vật và logic.",1591,383
15104042,137941524,2,Câu chuyện có thể hay hơn nếu phát triển tốt hơn. Rất tiếc!,1284,383
350172,137941524,3,Câu chuyện có tiềm năng nhưng cần cải thiện nhiều về cách kể.,118,383
846786,137941524,4,"Một cuốn sách thú vị, cốt truyện hấp dẫn và nhiều tình tiết bất ngờ.",245,383
18177778,137941524,4,Tôi thích cách tác giả xây dựng nhân vật. Đọc rất cuốn hút!,1464,383
18785483,137941524,4,Cuốn sách mang lại nhiều cảm xúc. Tôi đã có trải nghiệm thú vị khi đọc.,1494,383
10958377,137941541,1,"Không đồng ý với quan điểm của tác giả, gây khó chịu khi đọc.",1029,384
22945264,137941541,2,"Nhiều luận điểm không rõ ràng, khiến tôi cảm thấy bối rối.",1700,384
22428998,137941541,3,"Đọc được, nhưng không để lại ấn tượng mạnh mẽ cho tôi.",1673,384
11150769,137941541,3,Có một số điểm đáng suy nghĩ nhưng vẫn cần cải thiện.,1043,384
14511910,137941541,4,Tác giả đã đưa ra nhiều phân tích sâu sắc về vấn đề.,1262,384
18645981,137941541,4,"Rất nhiều ý tưởng hay, giúp tôi hiểu rõ hơn về kinh tế.",1490,384
5405202,137941542,1,"Cuốn sách không có gì mới mẻ, tôi thất vọng hoàn toàn.",515,385
14426063,137941542,1,"Chẳng hiểu tác giả muốn truyền đạt điều gì, rất khó tiếp cận.",1256,385
5947376,137941542,2,"Một số ý tưởng có thể áp dụng, nhưng nhìn chung không thuyết phục.",595,385
10861745,137941542,2,"Sách khá nông cạn, không đi sâu vào vấn đề như tôi mong đợi.",1018,385
7436644,137941542,2,Có vài chỗ hay nhưng tổng thể vẫn chưa ấn tượng.,759,385
21189655,137941542,3,"Sách có một số điểm thú vị, nhưng vẫn thiếu chiều sâu.",1605,385
11992914,137941542,3,"Sách bình thường, thích hợp cho những ai chưa có nhiều trải nghiệm.",1108,385
21739240,137941587,1,"Nội dung không hấp dẫn, tôi không thể đọc hết. Không đáng để bỏ thời gian.",1638,386
5482865,137941587,1,Tôi không hiểu lý do cuốn sách này được khen ngợi. Quá tệ!,530,386
24097350,137941587,1,"Mặc dù có nhiều người khen, nhưng tôi thấy nó rất nhàm chán.",1725,386
16305170,137941587,2,"Truyện không thực sự thu hút, có nhiều chỗ lê thê.",1342,386
2065820,137941587,3,"Cuốn sách khá ổn, nhưng có những đoạn chưa thực sự cuốn hút.",443,386
12069553,137941587,3,"Nó không tệ, nhưng cũng không để lại ấn tượng mạnh mẽ nào cho tôi.",1113,386
1799508,137941587,3,Đọc được nhưng không đủ cảm xúc để nhớ lâu.,394,386
624571,137941587,4,"Một tác phẩm hay, thể hiện rõ tình yêu quê hương và Hà Nội.",188,386
22628730,137941587,4,"Cuốn sách gợi nhớ nhiều kỷ niệm đẹp về Hà Nội, rất đáng đọc.",1685,386
251974,137941587,4,Một trải nghiệm văn chương thú vị với nhiều chi tiết sống động.,90,386
6201752,137941589,1,Tôi rất thất vọng với cuốn sách này. Nội dung không thực sự mới mẻ và khó hiểu.,626,387
27826456,137941589,2,Cuốn sách có một vài ý tưởng hay nhưng phần lớn thông tin không thực tế.,1784,387
14431231,137941589,2,"Nội dung không phong phú, khó áp dụng vào thực tiễn.",1257,387
19994203,137941589,2,"Có một số điểm thú vị, nhưng cần nhiều cải thiện hơn.",1557,387
5752757,137941589,3,"Sách có một số thông tin hữu ích, nhưng không đủ sâu sắc.",567,387
15555424,137941589,3,"Đọc cũng được, nhưng không để lại ấn tượng mạnh.",1304,387
2001339,137941607,1,Chưa bao giờ tôi thấy một vụ án nào mà dễ đoán như thế này. Thất vọng hoàn toàn.,429,388
934122,137941607,2,Sự lôi cuốn của nhân vật chính không đủ mạnh. Có thể bỏ qua.,266,388
19100780,137941607,2,"Dù có một số điểm hay, nhưng tổng thể vẫn không thỏa mãn được mong đợi của tôi.",1507,388
2147883,137941607,3,"Vụ án không quá phức tạp, nhưng vẫn có vài tình tiết thú vị. Trung bình.",458,388
21560503,137941607,4,"Cuốn sách này khá hay, có nhiều tình tiết hấp dẫn và bất ngờ. Tôi thích cách viết của tác giả.",1627,388
7574428,137941607,4,Tôi rất thích cách tác giả xây dựng nhân vật. Vụ án thú vị và bất ngờ.,773,388
459871,137941608,1,Dành thời gian cho cuốn sách này thật phí. Không thể kết nối với nhân vật.,145,389
11881876,137941608,3,Mình thích nhân vật nhưng cảm thấy một số tình tiết chưa được rõ ràng.,1099,389
8590466,137941608,4,"Cốt truyện hấp dẫn, nhân vật phát triển tốt. Mình rất thích.",876,389
7277126,137941608,4,"Đọc rất cuốn, tuy có vài chỗ chưa hoàn hảo nhưng tổng thể vẫn tốt.",742,389
12542967,137941640,2,Nội dung không thực sự hấp dẫn. Tôi mong đợi nhiều hơn.,1143,390
20644856,137941640,3,"Sách bình thường, có một vài điểm sáng nhưng chưa đủ.",1586,390
8426458,137941640,3,"Tôi cảm thấy cuốn sách này tạm ổn, không quá nổi bật.",864,390
23398616,137941640,3,Có một số ý tưởng thú vị nhưng vẫn cần cải thiện.,1710,390
19050356,137941640,3,"Đọc được, nhưng không để lại ấn tượng sâu sắc.",1505,390
751953,143144253,1,Sách không đáp ứng được kỳ vọng của tôi. Rất khó để theo dõi và thiếu tính thực tiễn.,217,393
18979157,143144253,2,Nội dung có phần nặng nề và khó tiếp cận. Có thể cải thiện.,1501,393
20357408,143144253,3,"Nội dung tạm ổn, nhưng chưa thực sự gây ấn tượng mạnh mẽ.",1573,393
5428207,143144253,3,"Có vài ý tưởng hay, nhưng chưa khai thác hết tiềm năng của chúng.",518,393
7419963,143144253,3,"Phân tích có phần đơn giản, cần nhiều ví dụ thực tế hơn.",756,393
8959764,143144253,4,Một cuốn sách thú vị với nhiều bài học đáng suy ngẫm.,903,393
57410,143144253,4,"Nội dung sâu sắc, giúp tôi nhìn nhận lại nhiều điều trong cuộc sống.",32,393
21647411,148793899,1,Tôi thất vọng với cuốn sách này. Nội dung rối rắm và khó hiểu.,1635,394
28056229,148793899,1,"Không có gì mới mẻ, chỉ là sự lặp lại của những ý tưởng cũ.",1792,394
10891336,148793899,2,"Sách có ý tưởng hay, nhưng cách thể hiện kém hấp dẫn.",1021,394
8456371,148793899,4,"Một hành trình thú vị, tôi rất thích cách tác giả kết nối các nền văn minh.",866,394
912375,149707214,1,Tôi không thấy cuốn sách này có giá trị. Nó chỉ làm tôi thêm bối rối.,261,395
21614396,149707214,2,Có một vài điểm thú vị nhưng tổng thể không thuyết phục lắm. Chưa đủ sâu sắc.,1632,395
404264,149707214,3,Nội dung khá ổn nhưng cần thêm ví dụ thực tế để dễ hiểu hơn.,129,395
6790143,149707214,3,Có nhiều ý tưởng thú vị nhưng cách trình bày hơi khó tiếp cận.,697,395
22769957,149707214,4,Nhiều ý tưởng độc đáo và có chiều sâu. Một cuốn sách đáng đọc cho những ai yêu thích kinh tế.,1692,395
21585405,150553700,2,"Nội dung khá nhạt nhòa, không để lại ấn tượng sâu sắc.",1629,396
13149321,150553700,2,Không phù hợp với mong đợi của tôi. Cần cải thiện nhiều.,1183,396
14431231,150553700,3,"Sách khá ổn, có vài điểm đáng suy nghĩ nhưng vẫn chưa thật sự ấn tượng.",1257,396
7669271,150553700,3,"Nội dung tạm được, nhưng không đủ sâu sắc để tạo động lực.",785,396
22069714,150553700,4,"Sách khá hay, nhiều ý tưởng giá trị, đáng để suy ngẫm.",1658,396
5856262,150553700,4,"Nội dung thú vị, dễ hiểu, phù hợp với nhiều người.",584,396
14426063,15155525,1,"Nội dung sách lặp đi lặp lại, không có gì mới mẻ. Không đáng để đọc.",1256,136
829130,15155525,1,"Tôi đã mong đợi nhiều hơn từ cuốn sách này, nhưng nó quá kém.",242,136
18262548,15155525,2,"Tôi đã tìm thấy một số thông tin, nhưng không đủ để tôi ấn tượng.",1472,136
115319,15155525,3,Sách có nhiều thông tin hữu ích nhưng còn thiếu chiều sâu.,51,136
17195185,15155525,3,"Nó khá ổn cho những người mới bắt đầu, nhưng vẫn chưa đủ thuyết phục.",1389,136
22550951,15155525,4,"Cuốn sách rất thực tế và dễ hiểu, giúp tôi tự tin hơn trong công việc.",1680,136
645227,15155525,4,"Rất hài lòng với những gì cuốn sách mang lại, đáng để đọc.",196,136
18452362,15592533,1,Không thể nào tiếp thu được các ý tưởng trong sách. Rất lãng phí thời gian.,1484,138
10558345,15592533,2,Nó không thực sự giúp tôi trong việc thay đổi tư duy.,1001,138
24749275,15592533,3,"Cuốn sách ổn, có một số điểm đáng chú ý nhưng chưa đủ sâu sắc.",1732,138
2004111,15592533,3,Tôi cảm thấy nội dung có thể phát triển hơn nữa. Bình thường.,431,138
13549039,15592533,3,"Sách khá hay, nhưng không có nhiều thông tin mới mẻ.",1206,138
18130480,15592533,4,Cuốn sách rất thực tiễn và dễ hiểu. Tôi học được nhiều điều.,1458,138
13601558,15592533,4,Nội dung cung cấp nhiều góc nhìn khác nhau về sự thay đổi.,1213,138
18431394,157073393,1,"Sách không có gì mới mẻ, không giúp ích gì cho tôi.",1483,398
21131955,157073393,1,"Không có kiến thức thực tiễn, chỉ là lý thuyết suông.",1601,398
11191628,157073393,2,Sách có một số thông tin hữu ích nhưng không đủ sâu.,1045,398
6183653,157073393,2,"Nội dung hơi hời hợt, tôi mong chờ nhiều hơn.",625,398
13553924,157073393,2,"Sách viết chưa tốt, cần cải thiện nhiều.",1208,398
13649666,157073393,3,"Nội dung tạm được, nhưng chưa đủ hấp dẫn tôi.",1216,398
7305525,157073393,3,"Có vài thông tin hữu ích, nhưng chưa đủ để tôi thực hành.",744,398
1641572,157073393,3,"Sách có giá trị, nhưng cần cải thiện cách trình bày.",374,398
480121,157073393,4,"Nội dung hay, thực hành tốt, tôi sẽ giới thiệu cho bạn bè.",152,398
7515576,157073393,4,Sách cung cấp nhiều kiến thức hữu ích cho người mới.,767,398
20818840,160754893,1,"Cuốn sách không có gì mới mẻ, kiến thức rất hời hợt.",1596,401
15042522,160754893,2,Một số phần khá nhàm chán và lặp lại.,1281,401
5116829,160754893,3,"Một số bài tập thực hành khá thú vị, nhưng không đủ đa dạng.",471,401
20023909,160754893,3,"Mình thấy sách có giá trị, nhưng không đủ sâu.",1560,401
570018,160754893,3,"Thích cách viết nhẹ nhàng, nhưng vẫn còn nhiều điểm cần cải thiện.",174,401
24296995,160754893,4,Mình đã tìm thấy những bài tập giúp cải thiện tâm trạng.,1726,401
5301213,160754893,4,"Rất thích lối viết dễ hiểu, dễ áp dụng vào cuộc sống.",498,401
1444131,165189120,1,Hơi khó hiểu và không hấp dẫn. Không thể đọc hết.,348,404
28446769,165189120,2,"Có một vài thông tin thú vị, nhưng không đủ để giữ tôi lại.",1800,404
1426658,165189120,2,Tôi mong đợi nhiều hơn từ cuốn sách này. Không thuyết phục.,343,404
17769621,165189120,2,"Nội dung khá rời rạc, không có sự liên kết rõ ràng.",1431,404
13598732,165189120,3,"Có nhiều điều thú vị, nhưng chưa đủ hấp dẫn cho tôi.",1212,404
10452635,165295182,1,Tôi cảm thấy lãng phí thời gian khi đọc quyển sách này.,991,405
801850,165295182,2,"Nội dung đơn điệu, không gợi được nhiều cảm xúc.",235,405
8538778,165295182,2,"Mong đợi nhiều hơn từ tác phẩm này, nhưng không đạt yêu cầu.",873,405
14755883,165295182,3,"Sách khá ổn, có vài gợi ý hay nhưng không nổi bật.",1270,405
8030368,165295182,3,Đọc cũng được nhưng không để lại ấn tượng sâu sắc.,828,405
86842,165295182,3,"Nội dung bình thường, không có gì đặc biệt.",44,405
8117999,165295182,3,"Có thể áp dụng một số ý tưởng, nhưng không làm tôi hài lòng hoàn toàn.",832,405
14124041,167940008,1,Nội dung quá chung chung và không có giá trị thực tiễn. Không nên mua.,1242,406
13518698,167940008,1,"Không có gì mới mẻ, chỉ là những điều tôi đã biết. Rất chán.",1200,406
1592543,167940008,3,"Cuốn sách có một số mẹo hữu ích, nhưng vẫn chưa đủ để tôi hài lòng.",368,406
25860920,167940008,3,"Một số ý tưởng hay, nhưng không có đủ sự mới mẻ để gây ấn tượng.",1742,406
23153925,167940008,4,Cuốn sách này rất hữu ích cho những người mới bắt đầu trong kinh doanh.,1708,406
17666700,169712230,1,"Không có gì mới mẻ trong cuốn sách, tôi cảm thấy rất thất vọng.",1424,407
22700568,169712230,2,"Có một vài điểm hay, nhưng tổng thể vẫn không ấn tượng lắm.",1689,407
7922981,169712230,3,"Một số ý tưởng hay, nhưng vẫn cần nhiều cải thiện.",820,407
771492,169712230,4,"Nội dung tốt, dễ tiếp cận và có thể áp dụng vào cuộc sống hàng ngày.",221,407
6314259,169716099,1,Tôi rất thất vọng với cuốn sách này. Nội dung không có gì mới mẻ.,642,408
23120888,169716099,2,Tôi mong đợi nhiều hơn từ cuốn sách này. Không thuyết phục.,1704,408
12989425,169716099,2,Nó không thực sự giúp tôi như tôi mong đợi.,1174,408
12995689,169716099,3,Cuốn sách có một số ý tưởng thú vị nhưng chưa đủ sâu sắc.,1175,408
28056229,169716099,3,"Tôi thấy nó tạm ổn, nhưng không để lại ấn tượng mạnh.",1792,408
13673999,169716099,3,"Nó có thể giúp một số người, nhưng không phải cho tôi.",1217,408
5494410,169716099,4,Rất thích cách tác giả truyền đạt thông điệp.,531,408
8293230,171184922,1,Sách này thật sự không đáp ứng được kỳ vọng của tôi. Nội dung quá nhạt nhẽo.,854,411
12301549,171184922,1,Tôi không thấy có giá trị gì từ những câu chuyện trong sách. Thất vọng!,1128,411
18294861,171184922,1,"Các câu chuyện không có chiều sâu, không phù hợp với tôi.",1474,411
5978298,171184922,2,"Sách có vài câu chuyện hay, nhưng nhìn chung không ấn tượng lắm.",599,411
11530409,171184922,2,Có một số bài học nhưng không thực sự nổi bật.,1075,411
1840367,171184922,3,"Một vài câu chuyện hay, nhưng không đủ sức hấp dẫn để tôi quay lại.",399,411
19935597,171184922,4,"Sách rất ý nghĩa, truyền cảm hứng cho tôi trong những lúc khó khăn.",1555,411
295,171184922,4,Nhiều câu chuyện hay giúp tôi nhìn nhận cuộc sống tích cực hơn.,0,411
8941875,172377932,1,Mình không hiểu nổi tại sao sách này lại được ca ngợi. Nội dung khá nhạt nhẽo.,901,412
27860833,172377932,1,Mình thấy rất khó để tiếp cận nội dung. Không đáng đọc.,1787,412
2036847,172377932,2,Sách có ý tưởng hay nhưng cách trình bày hơi khó hiểu.,438,412
6874456,172377932,2,Mình không thấy được nhiều giá trị từ quyển sách này.,708,412
13679330,172377932,3,"Có một số ý tưởng hay, nhưng không đủ để mình ấn tượng.",1220,412
19793017,172992247,1,"Nội dung quá đơn giản, tôi cảm thấy không xứng với thời gian đã bỏ ra.",1549,413
5829457,172992247,2,"Có một số điểm hợp lý, nhưng không đủ để gây ấn tượng.",579,413
5120956,172992247,3,"Nó có thể giúp ích cho một số người, nhưng không phải cho tất cả.",472,413
7108225,172992247,4,"Một cuốn sách thú vị và truyền cảm hứng, tôi đã học hỏi được nhiều điều.",725,413
13892996,172992247,4,Cuốn sách này đã giúp tôi thay đổi cách nhìn nhận về cuộc sống.,1232,413
16079245,172997839,2,"Có vài điểm hay, nhưng nhìn chung, tôi thấy nội dung không thuyết phục.",1322,414
5116829,172997839,2,Tôi không tìm thấy giá trị thực sự trong những gì cuốn sách này mang lại.,471,414
6667297,172997839,4,"Tôi đã học được nhiều điều từ cuốn sách này, rất đáng để đọc.",678,414
6347975,172998290,3,"Sách có nhiều điều thú vị, nhưng vẫn còn thiếu tính thực tiễn.",644,415
15608334,172998290,4,Rất thích phần kiến thức về lòng biết ơn trong sách.,1306,415
5967957,172998290,4,Sách giúp tôi nhìn nhận cuộc sống theo chiều hướng tích cực hơn.,598,415
1594221,174491477,1,"Nội dung khô khan, không có gì thú vị cả.",369,418
5789236,174491477,1,Tôi không thấy được ý nghĩa của hiệu ứng cánh bướm trong sách.,570,418
17769621,174491477,2,Sách có vài điểm hay nhưng không đủ hấp dẫn để tôi muốn đọc tiếp.,1431,418
22285919,174491477,2,Một số ý tưởng thú vị nhưng trình bày không rõ ràng.,1666,418
10984735,174491477,2,"Nội dung không mới mẻ, tôi đã đọc nhiều sách tương tự.",1032,418
6067160,174500473,1,Cuốn sách này thật sự không phù hợp với tôi. Tôi cảm thấy nó quá lý thuyết và không có giá trị thực tiễn.,612,419
22686806,174500473,3,Cuốn sách có thông điệp hay nhưng chưa đủ sâu sắc. Tôi cần thêm ví dụ thực tế.,1687,419
5470357,174500473,3,Nó có những ý tưởng tốt nhưng không thật sự nổi bật so với những cuốn sách khác.,527,419
818878,174500473,4,"Sách rất thú vị, giúp tôi nhận ra tầm quan trọng của việc tập trung làm việc.",241,419
26730196,180230965,1,Không có gì mới mẻ. Tôi không thấy áp dụng được vào thực tế.,1759,424
20671176,180230965,3,Nội dung khá ổn nhưng chưa đủ sâu sắc để thực sự hữu ích.,1590,424
2045268,180230965,3,Tôi học được vài điều nhưng chưa đủ để thay đổi cách đàm phán.,439,424
13031056,188281455,1,Tôi không tìm thấy sự kết nối nào với nhân vật trong sách.,1178,428
6487,188281455,2,Tôi kỳ vọng nhiều nhưng lại thất vọng với nội dung.,9,428
15908216,188281455,2,"Không hoàn toàn tồi, nhưng không đủ sức hấp dẫn.",1316,428
818654,188281455,3,"Sách khá ổn, nhưng chưa đủ sâu sắc để lại ấn tượng.",240,428
23785062,188281455,3,"Đọc được, nhưng không phải là tác phẩm xuất sắc.",1718,428
585279,188281455,4,"Nội dung sâu sắc, dễ dàng kết nối với nhân vật.",177,428
8383156,194004378,2,"Nội dung nhàm chán, không phù hợp với nhu cầu của tôi.",862,432
10518301,194004378,3,"Tôi thấy cuốn sách khá bình thường, không có gì đặc sắc.",995,432
5175031,194004378,4,Một cuốn sách rất hữu ích cho những ai muốn phát triển bản thân.,480,432
11934022,194004378,4,"Nhiều thông tin bổ ích, tôi đã áp dụng một số ý tưởng vào công việc.",1102,432
8180145,194004378,4,"Nội dung dễ hiểu và thực tiễn, tôi khá hài lòng với cuốn sách.",842,432
18187689,195505676,1,Cuốn sách thật sự không đáp ứng được kỳ vọng của tôi. Nội dung rất rời rạc và thiếu chiều sâu.,1465,434
7673350,195505676,1,Tôi không tìm thấy giá trị gì từ cuốn sách này. Thật thất vọng khi đọc xong.,789,434
630091,195505676,2,"Tôi cảm thấy cuốn sách hơi nhàm chán, thiếu sự sáng tạo trong cách trình bày.",191,434
5439219,195505676,3,Sách có một số điểm tích cực nhưng vẫn thiếu nhiều thông tin hữu ích.,521,434
8716787,195505676,3,"Nội dung tương đối ổn, nhưng vẫn còn nhiều điểm cần cải thiện.",889,434
5707509,195505676,3,"Tôi thấy cuốn sách có tiềm năng, nhưng chưa thực sự nổi bật.",564,434
9921244,195505676,4,"Sách rất hữu ích, cung cấp nhiều công cụ để thiết kế sự nghiệp của mình.",952,434
5120956,195505676,4,"Tôi thích cách tác giả trình bày các ý tưởng, dễ dàng áp dụng vào thực tế.",472,434
18087350,195545567,1,Rất khó hiểu và không thực tế. Không đáng để đọc.,1448,435
17825685,195545567,2,"Chất lượng viết không cao, tôi không hài lòng lắm.",1438,435
2021210,195545567,2,Có một vài ý tưởng hay nhưng không đủ sức thuyết phục.,434,435
772755,195545567,3,"Đọc cũng được, nhưng không có nhiều điều mới mẻ.",222,435
19452906,195545567,4,"Sách rất bổ ích, nhiều mẹo hay cho người bán hàng.",1527,435
222025,195545567,4,Tôi thích cách trình bày và các ví dụ thực tế.,86,435
20520993,195545567,4,"Rất nhiều kiến thức hay, tôi đã áp dụng được ngay.",1578,435
801674,197710925,1,"Không có gì đặc sắc, chỉ là những điều bình thường.",234,438
23953,197710925,2,Nhiều phần trong sách cảm thấy lặp lại và không hấp dẫn.,23,438
16163083,197710925,2,Dễ đọc nhưng không mang lại giá trị lớn cho tôi.,1332,438
54109,197710925,3,"Cuốn sách khá ổn, nhưng không phải là một tác phẩm xuất sắc.",30,438
1399048,197710925,3,"Có một số bí quyết thú vị, nhưng chưa đủ ấn tượng.",338,438
17864805,197710925,4,"Cuốn sách mang lại nhiều góc nhìn mới, tôi khá thích.",1440,438
10901832,198379682,1,"Nội dung không phù hợp với mong đợi của tôi, rất tệ.",1023,440
12520350,198379682,2,"Một số câu chuyện có ý nghĩa, nhưng chưa đủ thuyết phục.",1140,440
13677685,198379682,3,"Sách khá ổn, vài câu chuyện hay nhưng không đáng nhớ.",1218,440
18998750,198379682,3,"Nội dung trung bình, có thể đọc để giải trí.",1502,440
5494410,198379682,4,Tôi thấy những câu chuyện trong sách rất ý nghĩa.,531,440
8287398,198379682,4,"Một tuyển tập tốt, đáng đọc cho những ai cần động lực.",852,440
6079982,200618722,1,"Chưa phù hợp với mong đợi của mình, rất chán.",614,442
27346454,200618722,2,"Văn phong chưa cuốn hút, khó để cảm nhận nội dung.",1767,442
1983139,200618722,2,"Câu chuyện không rõ ràng, cảm giác mình bị lạc.",425,442
21739240,200618722,3,"Đọc để giải trí thì được, nhưng không ấn tượng lắm.",1638,442
28240391,200725336,2,Nhiều phần của sách lặp lại và không sáng tạo. Tôi không hài lòng lắm.,1796,443
10180407,200725336,2,"Mặc dù có một vài điểm tích cực, nhưng nhìn chung tôi không ấn tượng.",973,443
378045,200725336,3,"Cuốn sách khá ổn, nhưng vẫn còn nhiều chỗ cần cải thiện.",122,443
19666056,200725336,3,"Có vài ý tưởng hay, nhưng chưa được trình bày một cách thuyết phục.",1541,443
24880944,200725336,4,"Nhiều ý tưởng thực tiễn, giúp tôi phát triển kỹ năng cá nhân.",1734,443
23850008,200725336,4,Tôi đã học được nhiều điều từ cuốn sách này. Rất khuyến khích!,1720,443
14847442,200751333,1,Không đáng tiền. Thông tin lộn xộn và thiếu chiều sâu.,1273,444
19300093,200751333,2,Nội dung không đáp ứng được kỳ vọng của tôi. Hơi thất vọng.,1518,444
1799508,200751333,2,"Chỉ có một số ý tưởng tốt, nhưng không đủ để thuyết phục tôi.",394,444
22550951,201630703,1,Tôi rất thất vọng với cuốn sách này. Nó không cung cấp gì mới mẻ và không hữu ích.,1680,447
2026685,201630703,1,Sách không đáp ứng được kỳ vọng. Tôi không tìm thấy thông tin hữu ích nào.,436,447
5332543,201630703,3,"Cuốn sách này có thể giúp một số người, nhưng không phải cho tất cả.",504,447
10440121,201630703,4,"Tôi khá thích cuốn sách này, nó cung cấp nhiều thông tin hữu ích cho tôi.",990,447
867877,201845336,2,Tôi không tìm thấy nhiều thông tin thiết thực trong cuốn sách này.,250,448
16074585,201845336,2,"Nhiều kiến thức lý thuyết nhưng thiếu thực hành, không đáp ứng kỳ vọng.",1321,448
5682267,201845336,3,"Nó cung cấp thông tin cơ bản về phong cách học tập, nhưng không sâu sắc.",561,448
7657987,201932158,1,Tôi rất thất vọng về cuốn sách này. Công thức không rõ ràng và khó thực hiện.,780,449
1346349,201932158,1,"Sách không cung cấp thông tin mới, rất nhàm chán.",326,449
10403580,201932158,1,"Nội dung không đủ thực tiễn, tôi không thấy hiệu quả nào.",986,449
14133021,201932158,1,"Hơi thất vọng vì không có gì đặc sắc, không đáng tiền.",1243,449
24097350,201932158,2,"Một số công thức ổn, nhưng không đa dạng như tôi mong đợi.",1725,449
7691179,201932158,2,Tôi nghĩ có thể tìm thấy nhiều thông tin này ở nơi khác.,794,449
10640306,201932158,4,"Cuốn sách rất hữu ích với nhiều công thức dễ làm, tôi thích.",1007,449
7872456,201932158,4,Sách giúp tôi có thêm động lực để chăm sóc sức khoẻ.,809,449
28392420,202062513,1,Tôi rất thất vọng với cuốn sách này. Nội dung không thực sự hữu ích.,1798,450
1039706,202062513,1,Nội dung nhạt nhẽo và không có chiều sâu. Tôi không khuyến khích.,280,450
7393819,202062513,2,Một số thông tin hữu ích nhưng không mới mẻ. Không đáng đọc.,752,450
5549802,202529537,1,Cuốn sách không mang lại giá trị gì cho tôi. Nội dung lộn xộn và khó hiểu.,540,451
5503796,202529537,1,Sách không đáng đọc. Không có chiến lược nào thực tế và áp dụng được.,534,451
303773,202529537,2,"Có một vài ý tưởng hay, nhưng phần lớn nội dung rất chung chung.",99,451
404264,202529537,2,"Một số điểm thú vị, nhưng cảm giác như chưa đủ sâu sắc.",129,451
10188256,202529537,3,"Cuốn sách có một số ý tưởng tốt, nhưng không đủ mạnh mẽ để gây ảnh hưởng lớn.",974,451
10325577,202529537,3,"Nó khá ổn, nhưng tôi không cảm thấy có động lực nhiều sau khi đọc.",981,451
7242080,202529537,3,"Nội dung trung bình, có thể tham khảo nhưng không quá nổi bật.",740,451
6243447,202529537,4,"Nội dung phong phú và dễ hiểu, giúp tôi có cái nhìn mới.",629,451
12714000,202604408,2,"Tôi mong đợi nhiều hơn từ tác giả, nhưng cuốn sách không thuyết phục.",1154,452
6120153,202604408,2,"Nội dung khá khô khan, không có nhiều kết nối với thực tế.",619,452
13997825,202604408,4,Một cuốn sách bổ ích với nhiều thông tin hữu ích cho người trẻ.,1235,452
1364036,202604408,4,Sách dễ đọc và cung cấp cái nhìn mới về tâm lý xã hội.,332,452
6145173,203864196,1,Cuốn sách này không giúp ích gì cho mình. Cảm giác như lãng phí thời gian.,621,453
23785062,203864196,3,"Nội dung bình thường, có vài ý tưởng hay nhưng chưa đủ thuyết phục.",1718,453
6043580,203864196,3,"Đọc được, nhưng không có gì nổi bật. Cảm giác như thiếu sự sâu sắc.",609,453
17651957,203864197,2,"Nhiều phần trong sách lặp lại, không có nhiều thông tin hữu ích.",1423,454
8383156,203864197,2,Sách có một số ý tưởng hay nhưng không thực sự sâu sắc. Thất vọng.,862,454
1573931,203864197,3,Cuốn sách có một số điểm thú vị nhưng chưa đủ sức thuyết phục.,366,454
11299379,203864197,3,Sách có một số ý tưởng hay nhưng cần thêm ví dụ thực tế.,1051,454
7657987,203864197,4,Sách mang lại nhiều cảm hứng cho người làm giáo dục. Tốt!,780,454
10288862,203864197,4,"Có nhiều thông tin bổ ích, giúp tôi nhìn nhận lại về giáo dục.",980,454
7695722,203910170,1,Tôi không hiểu nổi cuốn sách này. Nội dung mơ hồ và thiếu thực tế.,795,455
9890934,203910170,1,"Nội dung khó hiểu, không có sự kết nối thực sự với cuộc sống.",950,455
29437410,203910170,2,Có vài ý tưởng hay nhưng tổng thể chưa đủ thuyết phục.,1814,455
1560337,203910170,2,"Nó không thực sự giúp tôi cảm thấy tốt hơn, chỉ vài chỗ có ý nghĩa.",365,455
21639464,203910170,3,"Nội dung bình thường, có thể đọc giải trí nhưng không sâu sắc.",1633,455
591071,203910170,3,Sách có vài bài học thú vị nhưng chưa đủ thuyết phục.,179,455
1153710,203910170,4,Nội dung sâu sắc và có thể thực hành trong cuộc sống hàng ngày.,298,455
20428340,203910170,4,Một cuốn sách đáng đọc cho những ai muốn phát triển bản thân.,1577,455
870629,204027437,3,Một số ý tưởng hay nhưng chưa đủ sâu sắc để áp dụng.,251,456
16716920,204027437,3,"Sách dễ đọc, nhưng cảm giác chưa đủ hấp dẫn.",1361,456
13901071,204027437,4,Cuốn sách có nhiều mẹo hay và dễ áp dụng trong cuộc sống.,1233,456
9977815,204027437,4,"Sách giúp tôi cải thiện kỹ năng giao tiếp, nhất là với phụ nữ.",956,456
10147033,205744375,1,"Tôi đã mong đợi nhiều hơn từ Osho, nhưng cuốn sách này thật sự tẻ nhạt.",972,458
19000489,205744375,2,Tôi cảm thấy sách chưa thực sự đáp ứng được kỳ vọng của mình.,1503,458
1631210,205744375,2,Có những phần thú vị nhưng tổng thể không hấp dẫn lắm.,372,458
16104618,205744375,3,"Sách có một vài ý tưởng đáng suy ngẫm, nhưng vẫn chưa đủ hấp dẫn.",1324,458
5607455,205744375,3,"Có một số thông điệp hay, nhưng cách trình bày chưa tốt.",552,458
10418631,205744375,4,"Một cuốn sách hay, nhiều ý tưởng thú vị về hạnh phúc và cuộc sống.",988,458
15047944,206784506,2,Có vài điểm hay nhưng nhìn chung không đủ để mình cảm thấy hài lòng.,1282,459
7896565,206784506,2,"Một số phần còn thiếu chiều sâu, không thực sự thuyết phục.",814,459
470771,206784506,3,"Có vài phần hay, nhưng cần nhiều ví dụ thực tiễn hơn.",147,459
6742789,206784506,4,Một cuốn sách đáng đọc cho những ai muốn cải thiện kỹ năng thuyết trình.,690,459
21866816,20680654,1,Nội dung sách quá nhàm chán và không có chiều sâu.,1643,142
10874644,20680654,2,"Sách có vài điểm hay, nhưng tổng thể không ấn tượng lắm.",1019,142
23892324,20680654,4,"Một cuốn sách hay, mang lại nhiều nguồn cảm hứng.",1721,142
452535,20680654,4,Tôi thích cách diễn đạt và những câu chuyện trong sách.,143,142
347548,207852925,1,Sách này thật sự không xứng đáng với thời gian của tôi. Nội dung quá nhàm chán.,117,460
19181736,207852925,2,Nội dung chưa sâu sắc như tôi mong đợi. Có thể cải thiện hơn.,1511,460
30277997,207852925,3,Sách có nội dung hay nhưng cần thêm nhiều ví dụ thực tế.,1828,460
10881299,207852925,3,"Sách ổn, nhưng không để lại ấn tượng sâu sắc cho tôi.",1020,460
6167276,207852925,4,"Rất thích những câu chuyện về Bác Hồ, cảm xúc và ý nghĩa.",622,460
15911236,207852925,4,"Nội dung phong phú và dễ hiểu, rất thích hợp cho mọi lứa tuổi.",1317,460
357419,208169052,1,Tôi không thấy cuốn sách này có giá trị gì. Thông tin khá rời rạc và không hữu ích.,120,461
16896754,208169052,1,Không thể hiểu nổi cách đưa ra phương pháp. Tôi đã mong đợi nhiều hơn.,1375,461
5993404,208169052,2,Sách có ý tưởng tốt nhưng cách triển khai không thực sự hấp dẫn.,601,461
11714799,208169052,2,Tôi đã hy vọng nhiều hơn từ cuốn sách này. Ý tưởng chưa được phát triển đủ.,1087,461
1999390,208169052,2,"Một số phần có thể áp dụng, nhưng tổng thể không thuyết phục.",428,461
2795,208169052,4,Cuốn sách mang lại nhiều góc nhìn mới mẻ và phương pháp thực hành thú vị.,4,461
10528515,208169052,4,Nội dung cuốn sách rất thực tế và dễ áp dụng trong cuộc sống hàng ngày.,998,461
17135138,208169052,4,"Một cuốn sách hay, giúp tôi có thêm động lực để vượt qua khó khăn.",1384,461
7191733,208170349,1,"Sách không có gì mới mẻ, nội dung rất nhàm chán.",733,462
16946598,208170349,1,"Quá thất vọng, không có giá trị thực tiễn.",1378,462
11483560,208170349,2,"Một số phần có thể hữu ích, nhưng không đủ để thuyết phục tôi.",1069,462
27860833,208170349,3,"Có vài ý tưởng hay, nhưng nhiều phần lại khá nhạt.",1787,462
716305,208219975,1,Nó không giúp tôi cảm thấy sáng tạo hơn. Rất thất vọng.,213,463
11934022,208219975,2,Có vài ý tưởng thú vị nhưng không đủ sâu sắc.,1102,463
16989541,208219975,2,Dù có một số điểm tốt nhưng phần lớn nội dung không hấp dẫn.,1381,463
26026701,208219975,2,"Nội dung khá nông cạn, không đáp ứng được kỳ vọng.",1744,463
10422572,208219975,2,Tôi mong đợi nhiều hơn từ tác giả. Không thuyết phục.,989,463
10018863,208219975,3,"Sách có một số điểm hay, nhưng chưa đủ để tôi ấn tượng.",961,463
7874287,208219975,4,"Nhiều ý tưởng thực tế, dễ áp dụng vào cuộc sống hàng ngày.",810,463
10422572,208224003,2,"Một số phần có thể hữu ích, nhưng tổng thể vẫn không thuyết phục được tôi.",989,464
8669504,208224003,2,Tôi mong đợi nhiều hơn từ cuốn sách này. Không thực sự đáp ứng kỳ vọng.,884,464
12157598,208224003,3,"Nội dung tạm ổn, nhưng chưa thực sự gợi mở nhiều ý tưởng mới.",1122,464
996559,208224003,3,"Sách đọc được, nhưng không để lại ấn tượng mạnh mẽ.",275,464
21309136,208224003,4,"Cuốn sách rất hữu ích, giúp tôi nhận ra nhiều điều về bản thân.",1609,464
5325613,208224003,4,"Nội dung hấp dẫn, có nhiều bài tập thực hành thú vị.",502,464
20552720,208224003,4,"Tôi thích cách tác giả trình bày, dễ hiểu và dễ áp dụng.",1581,464
6565,208224003,4,"Nhiều ý tưởng hay để phát triển bản thân, tôi sẽ thử áp dụng.",11,464
10891478,208286632,1,"Sách không có gì mới mẻ, hoàn toàn thất vọng.",1022,465
5848201,208286632,1,"Nội dung tẻ nhạt, không có giá trị thực tiễn.",581,465
207782,208286632,1,Chưa thấy hạnh phúc trong công việc sau khi đọc xong.,81,465
1453116,208286632,2,"Tôi mong đợi nhiều hơn từ tác giả, khá thất vọng.",349,465
751953,208286632,3,"Sách trung bình, có thể tham khảo nhưng không ấn tượng.",217,465
1969117,208286632,3,"Một góc nhìn khác về hạnh phúc, nhưng chưa sâu sắc.",422,465
280440,208286632,4,"Sách dễ đọc, nội dung thực tế và gần gũi.",96,465
18588346,208286632,4,"Nhiều ý tưởng hay, có thể áp dụng vào công việc.",1486,465
21608031,208286632,4,Một cuốn sách đáng đọc cho những ai muốn thay đổi.,1631,465
11827451,208288891,2,Nội dung có vài điểm thú vị nhưng không đủ sâu sắc. Không thực sự thuyết phục.,1095,466
14845159,208288891,2,"Sách có vài thông tin hay, nhưng chủ yếu vẫn là lặp lại những điều đã biết.",1272,466
16311478,208288891,3,Cuốn sách có một số phần thú vị nhưng còn nhiều điều cần cải thiện.,1344,466
14124041,208288891,3,"Sách hơi nhàm chán ở một số phần, nhưng vẫn có giá trị riêng.",1242,466
5336218,208290317,1,Tôi cảm thấy thất vọng vì không có kiến thức thực tiễn nào.,505,467
22093998,208290317,1,"Nội dung quá ngắn, không đáng tiền.",1659,467
10518445,208290317,2,"Sách có vài ý tưởng hay, nhưng vẫn thiếu chiều sâu.",996,467
739181,208290317,2,Chưa đủ thông tin để giúp tôi xây dựng kế hoạch marketing.,215,467
943300,208290317,3,"Sách có thể tham khảo, nhưng không có nhiều điểm nổi bật.",267,467
17825685,208290317,3,"Một số phần có ích, nhưng còn nhiều thiếu sót.",1438,467
10350073,208290317,4,"Sách rất dễ hiểu, giúp tôi có cái nhìn tổng quan về marketing.",982,467
9834489,208591359,1,"Phương pháp không hiệu quả, vẫn còn thèm thuốc nhiều.",940,468
1643869,208591359,2,"Có vài ý tưởng hay, nhưng vẫn không đủ để tôi cai thuốc.",375,468
5498876,208591359,2,Nhiều phần trong sách không thực sự thuyết phục tôi.,532,468
17926398,208591359,3,"Cuốn sách khá hay, nhưng vẫn chưa đủ giúp tôi hoàn toàn.",1444,468
18850744,208591359,4,"Tôi đã cai thuốc thành công nhờ cuốn sách này, rất ấn tượng.",1497,468
13679330,208591359,4,"Phương pháp rất hiệu quả, giúp tôi từ bỏ thuốc nhanh chóng.",1220,468
29669970,208591359,4,Cuốn sách đã thay đổi cách tôi nhìn nhận về thuốc lá.,1817,468
818654,208617907,1,Tôi rất thất vọng với cuốn sách này. Nó không cung cấp thông tin hữu ích nào.,240,469
1756230,208617907,2,Có một vài ý tưởng hay nhưng vẫn chưa đủ để thuyết phục tôi.,388,469
11646757,208617907,2,"Chỉ có thể dùng cho những ai chưa có kinh nghiệm, không phù hợp với tôi.",1080,469
22320881,208617907,4,Cuốn sách rất hữu ích cho những ai muốn tăng cường sự sáng tạo.,1667,469
10380967,208617907,4,Tôi đã tìm thấy nhiều trò chơi thú vị và dễ áp dụng.,985,469
7773259,208617907,4,"Nội dung khá tốt, giúp tôi cải thiện kỹ năng làm việc nhóm.",801,469
7905331,208617907,4,Một cuốn sách tuyệt vời cho những ai muốn khám phá tư duy sáng tạo.,817,469
29817985,208917843,1,Chẳng có giá trị gì cho tôi. Tôi không thể hoàn thành cuốn sách này.,1821,470
25654,208917843,2,Tôi cảm thấy nội dung hơi xa rời thực tế. Đôi khi quá trừu tượng.,25,470
12133998,208917843,3,Tốt để đọc nhưng không mang lại nhiều giá trị thực tiễn cho tôi.,1120,470
27570077,209273802,1,Sách không đáp ứng được kỳ vọng của tôi. Thông tin quá sơ sài.,1774,471
5607455,209273802,1,"Tôi thấy sách này quá chung chung, không có gì mới mẻ.",552,471
13835318,209273802,2,"Nhiều phần không thực tế, khó áp dụng vào thực tiễn.",1227,471
67511,209273802,3,"Tài liệu khá ổn, nhưng không đủ làm tôi hài lòng hoàn toàn.",35,471
17397879,209311286,1,Tôi rất thất vọng với cuốn sách này. Cốt truyện quá chậm và không hấp dẫn.,1404,472
10180407,209311286,1,Nội dung không như mong đợi. Tôi đã phải đọc để hiểu nhưng vẫn cảm thấy chán.,973,472
600542,209311286,2,Cốt truyện có tiềm năng nhưng bị xử lý kém. Không đủ lôi cuốn.,182,472
17243662,209377839,1,"Quá nhàm chán, không phù hợp với tôi. Không thể đọc hết.",1393,473
27930693,209377839,1,"Sách không như mong đợi. Lời văn khô khan, thiếu sức hút.",1788,473
5205230,209377839,2,Nội dung chưa đủ sâu sắc. Mình cảm thấy hụt hẫng.,485,473
209404,209377839,3,"Cuốn sách ổn, nhưng không có gì nổi bật. Đọc cho vui.",82,473
7413371,209377839,3,"Mình hiểu được một số thông điệp, nhưng không đủ hấp dẫn.",755,473
11704505,209377839,3,"Tạm được, nhưng mình mong chờ nhiều hơn từ tác giả.",1086,473
13411888,209378470,1,"Nội dung nặng nề, không thực sự tạo động lực cho hành động.",1193,474
20546508,209378470,2,Có vài thông tin hữu ích nhưng không đủ thuyết phục.,1580,474
20393180,209378470,2,"Nội dung sách hơi khô khan, thiếu tính ứng dụng.",1575,474
16420196,209378470,3,"Nội dung tạm ổn, nhưng cần nhiều ví dụ thực tiễn hơn.",1349,474
21100448,209378470,4,"Cách trình bày rõ ràng, dễ hiểu. Rất hữu ích cho cộng đồng.",1600,474
630091,209379063,1,"Nội dung khá tẻ nhạt, không hấp dẫn chút nào.",191,475
10922306,209379063,1,Tôi đã mong đợi nhiều hơn nhưng thực sự không có gì đặc biệt.,1025,475
5707509,209379063,4,"Sách mang lại cảm giác bình yên, tôi thích cách trình bày.",564,475
7689527,209379063,4,"Một trải nghiệm đọc thú vị, tôi sẽ giới thiệu cho bạn bè.",793,475
1992088,209608089,2,Có một vài điểm hay nhưng tổng thể vẫn chưa đủ thuyết phục.,426,476
24880944,209608089,3,Có một số thông tin hữu ích nhưng vẫn thiếu chiều sâu.,1734,476
20659697,209608089,4,"Cuốn sách cung cấp nhiều kiến thức thực tiễn, tôi rất thích.",1588,476
20691801,209608089,4,"Một cuốn sách đáng đọc, giúp mở rộng hiểu biết về tâm lý.",1591,476
668455,210143564,1,"Nội dung không rõ ràng, tôi không tìm thấy bất kỳ thông tin nào hữu ích.",203,477
2193585,210143564,1,"Tôi cảm thấy mất thời gian khi đọc, không có gì mới mẻ.",462,477
12704097,210143564,4,"Nội dung sáng tạo, giúp tôi có cái nhìn mới về thị trường.",1151,477
6487,210146828,1,Tôi thất vọng với nội dung sách. Không hề hấp dẫn.,9,478
210902,210146828,1,Quá nhiều lý thuyết mà không có thực hành. Không phù hợp với tôi.,84,478
19452906,210146828,2,Nội dung có phần thú vị nhưng vẫn chưa thuyết phục được tôi.,1527,478
19664494,210146828,3,"Nội dung tạm ổn, có vài điểm thú vị nhưng không sâu sắc lắm.",1540,478
6079982,210146828,3,Sách có thể tham khảo nhưng không để lại ấn tượng mạnh mẽ.,614,478
17643880,210146828,3,"Hơi nhàm chán, nhưng một số phần có thể làm tôi suy ngẫm.",1421,478
1403964,210146828,4,"Một cuốn sách đáng đọc, mặc dù còn vài chỗ cần cải thiện.",339,478
190297,210146832,1,Tôi không thấy cuốn sách này có giá trị gì. Nội dung nhàm chán và không có tính thực tiễn.,72,479
16393450,210146832,1,"Quá thất vọng! Tôi đã mong chờ điều gì đó thú vị hơn, nhưng chỉ nhận được những câu chuyện rỗng tuếch.",1348,479
11376362,210146832,1,Đọc xong mà không thấy có chút cảm hứng nào. Không đáng để bỏ thời gian.,1060,479
14939832,210146832,2,Sách có vài ý tưởng hay nhưng không đủ sâu. Quá nhiều lặp lại.,1276,479
845376,210146832,2,"Một số phần khá thú vị, nhưng nhìn chung không thuyết phục lắm.",244,479
19280721,210146832,3,"Tôi thấy có một số điều hữu ích, nhưng chưa đủ để khiến tôi ấn tượng.",1517,479
5185848,210146832,4,Sách này giúp tôi nhận ra giá trị của việc đặt câu hỏi. Rất đáng đọc!,483,479
17397879,210153180,1,Bỏ tiền mua mà thấy không đáng. Chẳng có giá trị gì.,1404,480
8143835,210153180,1,Cuốn sách này chỉ gây thất vọng. Không có điều gì gây ấn tượng.,840,480
26687346,210153180,2,"Nội dung khá tẻ nhạt, không có nhiều điều để suy ngẫm.",1757,480
899346,210153180,2,"Mặc dù có vài bài viết hay, nhưng nhìn chung vẫn không đủ hấp dẫn.",258,480
13499616,210153180,2,Tôi mong đợi nhiều hơn từ cuốn sách này. Không thực sự ấn tượng.,1196,480
6857655,210153180,2,Một số câu chuyện khá nhạt nhẽo. Không để lại ấn tượng sâu sắc.,705,480
8716787,210153180,4,"Có nhiều điều để suy ngẫm, đặc biệt về tình yêu và hạnh phúc.",889,480
29376378,210165956,1,Nội dung sách quá tối tăm và khó hiểu. Tôi không thể tiếp tục đọc.,1812,481
6403174,210165956,1,Tôi thất vọng vì không tìm thấy điểm nào thú vị trong cuốn sách này.,652,481
19740663,210165956,2,"Đọc khá nản, không thuyết phục tôi lắm.",1545,481
5888196,210165956,3,Có một số ý tưởng thú vị nhưng cần phát triển thêm.,587,481
2028240,210165956,3,"Sách có thông điệp tốt, nhưng cách thể hiện chưa đủ sức hút.",437,481
5814517,210165956,3,Câu chuyện đôi lúc u ám nhưng vẫn có điểm sáng.,576,481
22039397,210165956,4,"Một tác phẩm có chiều sâu, nội dung gây ám ảnh nhưng rất thực tế.",1656,481
1358614,210165956,4,"Chuyện hay, nhân vật sâu sắc, mặc dù có vài chỗ chưa hoàn thiện.",331,481
14714309,210165956,4,"Đọc cuốn sách này, tôi cảm nhận được nỗi đau và thông điệp sâu sắc.",1269,481
410453,210884534,1,Sách này không có gì mới mẻ. Tôi thất vọng vì không thấy giá trị gì trong nội dung.,131,482
898813,210884534,2,Cuốn sách có vẻ như chỉ là một bài viết dài. Chưa đủ thực tế.,257,482
8925283,210884534,2,Tôi đã mong đợi nhiều hơn từ cuốn sách này. Nội dung chưa thuyết phục.,900,482
18121881,210884534,3,Nội dung khá ổn nhưng còn thiếu ví dụ cụ thể. Cần cải thiện.,1457,482
7373367,210884534,4,Một cuốn sách dễ đọc với nhiều thông điệp tích cực. Tôi thích cách viết.,751,482
1866106,210968097,1,"Nội dung quá đơn giản, không có gì mới mẻ. Rất thất vọng.",406,483
22787455,210968097,1,Đọc xong mà vẫn không hiểu được ý chính. Không đáng để đọc.,1693,483
2159154,210968097,2,"Nội dung chưa thực sự sâu sắc, chỉ dừng lại ở bề nổi.",460,483
17616385,210968097,3,Cuốn sách khá ổn nhưng chưa đủ hấp dẫn để giữ chân tôi.,1418,483
5911136,210968097,3,Nội dung có giá trị nhưng chưa đủ sâu sắc để tôi áp dụng.,591,483
901889,210968097,3,Tôi thấy có vài điểm thú vị nhưng không có gì nổi bật.,259,483
29259606,210968097,4,"Nội dung dễ hiểu, có thể áp dụng vào công việc hàng ngày.",1810,483
12364510,210968097,4,Tôi thấy cuốn sách giúp tôi thay đổi suy nghĩ về đồng đội.,1131,483
19802861,211013748,1,"Nội dung sách rất khó tiếp thu, không phù hợp với tôi.",1551,484
10368512,211013748,1,Sách không mang lại giá trị gì cho tôi. Rất thất vọng.,984,484
13997825,211013748,3,Sách có ý tưởng hay nhưng cách diễn đạt chưa thật sự thu hút.,1235,484
6715285,213563565,2,"Có thể thấy tác giả có tâm huyết, nhưng chưa đủ sức hút.",688,485
10720391,213563565,2,"Sách có một số câu hay, nhưng nhìn chung không hấp dẫn.",1011,485
13888330,213563565,3,"Sách bình thường, có một số điểm đáng suy ngẫm nhưng chưa đủ lôi cuốn.",1231,485
10131584,213563565,3,"Nội dung khá ổn, nhưng chưa đủ sâu sắc để lại ấn tượng.",970,485
18754202,213563565,4,"Sách mang lại nhiều cảm xúc và suy ngẫm, tôi đánh giá cao.",1493,485
6043580,213563565,4,"Một tác phẩm đáng đọc, dù có một số chỗ chưa hoàn hảo.",609,485
318030,213563565,4,"Sách rất ý nghĩa, nhưng có vài đoạn hơi dài dòng.",106,485
27968509,213588025,1,Tôi không hiểu tại sao cuốn sách này lại nổi tiếng. Nội dung khô khan và khó tiếp thu.,1789,486
8374608,213588025,1,"Quá nhiều lý thuyết mà thiếu thực tiễn, không phù hợp với thế hệ trẻ ngày nay.",861,486
10720391,213588025,1,Mong đợi nhiều nhưng kết quả thật thất vọng. Không có giá trị thực tiễn.,1011,486
7664901,213588025,2,Có một vài ý tưởng hay nhưng cách trình bày không hấp dẫn lắm.,782,486
5807359,213588025,3,"Một cuốn sách thú vị, tuy nhiên vẫn còn nhiều chỗ cần cải thiện.",574,486
22911273,213588025,3,"Có nhiều thông tin bổ ích, nhưng không đủ sâu sắc cho một tác phẩm nổi tiếng.",1698,486
13380596,213588025,3,"Lời văn khá hay, nhưng có chỗ hơi khó hiểu và cần nhiều kiến thức nền.",1192,486
12042692,213588025,4,"Một tác phẩm đáng đọc, giúp tôi nhìn nhận lại giá trị của giáo dục.",1112,486
5328753,214200210,1,Tôi không thể hiểu được nội dung cuốn sách này. Quá khó và nhàm chán.,503,487
9065596,214200210,1,Nội dung không có gì mới mẻ. Tôi thất vọng khi đọc.,911,487
2004111,214200210,1,Thời gian của tôi bị lãng phí khi đọc cuốn sách này.,431,487
901889,214200210,2,Tôi thấy cuốn sách không đủ hấp dẫn để tiếp tục.,259,487
1085162,214200210,3,"Cuốn sách khá thú vị, nhưng có những đoạn hơi dài dòng.",287,487
22700568,214200210,3,Nội dung ổn nhưng không có cảm giác mạnh mẽ như tôi mong đợi.,1689,487
9797338,214200210,4,Cuốn sách mang lại nhiều suy ngẫm và có tính nhân văn cao.,939,487
18177778,214200210,4,Rất đáng đọc cho những ai quan tâm đến xã hội và tâm lý.,1464,487
20344162,214200423,1,Tôi thấy cuốn sách này không có giá trị gì. Thông tin rất thiếu thực tế.,1571,488
14599281,214200423,1,"Nội dung nhạt nhẽo, không gây hứng thú cho người đọc.",1264,488
5400608,214200423,2,Cuốn sách này có một số thông tin hữu ích nhưng vẫn còn thiếu sót.,514,488
5411052,214200423,2,Có một vài ý tưởng hay nhưng chưa được phát triển đầy đủ.,516,488
9686698,214200423,4,Nội dung rất thực tế và dễ áp dụng cho người làm nhân sự.,925,488
21487650,214200423,4,Sách cung cấp nhiều thông tin bổ ích cho thế hệ Gen Z.,1621,488
217821,214200423,4,"Tôi rất thích cách tác giả truyền đạt kiến thức, dễ hiểu và thực tế.",85,488
24556472,214818737,1,"Sách không cung cấp thông tin gì mới, rất thất vọng.",1728,490
22500606,214818737,1,Tôi không thấy giá trị gì từ cuốn sách này.,1677,490
1983139,214818737,2,"Nội dung khá nông, không đáp ứng được kỳ vọng.",425,490
6167276,214818737,3,"Sách trung bình, có vài điểm đáng chú ý.",622,490
20552720,215768912,1,Cuốn sách không đáp ứng được kỳ vọng của tôi. Nội dung rối rắm và khó hiểu.,1581,491
1953453,215768912,1,Tôi thấy thông điệp chính không rõ ràng và không thực sự hữu ích.,417,491
11941940,215768912,1,"Đọc xong chỉ thấy thất vọng, không có sự thuyết phục nào.",1103,491
69597,215768912,2,"Nhiều phần không thực sự liên quan đến tình yêu, khá thất vọng.",38,491
8925283,215768912,2,"Thông điệp không rõ ràng, khiến tôi cảm thấy bối rối.",900,491
17389840,216462197,1,Tôi thật sự thất vọng với cuốn sách này. Chẳng có gì mới mẻ và không truyền cảm hứng.,1403,493
5217268,216462197,1,"Quá nhiều lời sáo rỗng, không có giá trị thực tiễn. Không đáng để mua.",487,493
27511851,216462197,1,Cuốn sách này không đáp ứng được kỳ vọng của tôi. Quá tầm thường.,1772,493
17364737,216462197,3,"Có vài điểm hay, nhưng nhìn chung vẫn thiếu sự cuốn hút. Đọc cho vui.",1401,493
12117108,217730456,1,Tôi rất thất vọng với cuốn sách này. Nội dung không có gì mới mẻ.,1116,494
67511,217730456,1,Sách không truyền cảm hứng như tôi mong đợi. Quá tầm thường.,35,494
12489312,217730456,2,"Chưa thật sự thuyết phục, có phần nhàm chán.",1139,494
12211911,217730456,3,"Một cuốn sách trung bình, có thể đọc nhưng không đáng nhớ.",1125,494
14100078,217730456,4,Cuốn sách giúp tôi có cái nhìn tích cực hơn về cuộc sống.,1241,494
5915847,217730460,1,"Câu chuyện nhạt nhẽo, không thể truyền cảm hứng cho tôi.",592,495
19116535,217730460,2,"Sách không như tôi kỳ vọng, nhiều phần còn thiếu sót.",1509,495
18907649,217730460,4,"Tôi tìm thấy sự đồng cảm trong nhiều câu chuyện, rất tốt.",1499,495
396193,22073006,1,Tôi rất thất vọng với cuốn sách này. Không có gì mới mẻ và thực sự không giúp ích cho tôi.,127,150
28599255,22073006,1,Nội dung quá nhàm chán và không thực tế. Tôi không khuyến khích ai đọc.,1801,150
16882208,22073006,2,Nhiều phần không thực sự hữu ích. Một số mẹo có thể áp dụng nhưng không đủ.,1374,150
27788657,22073006,2,Có một vài ý tưởng hay nhưng không thực sự giúp tôi cải thiện trí nhớ.,1780,150
17666700,22073006,2,Nội dung lộn xộn và không dễ hiểu. Tôi đã mong đợi nhiều hơn.,1424,150
19816851,22073006,4,"Nội dung phong phú, giúp tôi nhận ra khả năng ghi nhớ của mình.",1552,150
16851817,22080369,2,"Nội dung có vài điểm hay, nhưng tổng thể không đủ hấp dẫn.",1371,151
16987502,22080369,3,Nội dung ổn nhưng cảm giác thiếu sự kết nối.,1380,151
18369974,22080369,3,"Có những phần hay, nhưng cũng nhiều chỗ khó hiểu.",1479,151
12129996,22080369,4,Cuốn sách rất thú vị và có nhiều góc nhìn mới mẻ.,1119,151
27820963,22080369,4,"Rất nhiều ý tưởng sáng tạo, khiến tôi suy ngẫm hơn về cuộc sống.",1783,151
14281166,22172834,1,Sách này thật sự không như tôi mong đợi. Nội dung nhàm chán và không có nhiều thông tin hữu ích.,1251,153
1557791,22172834,2,"Có vài ý tưởng hay, nhưng tổng thể thì sách rất rời rạc.",363,153
7675679,22172834,3,"Đọc được, nhưng không có nhiều cảm hứng như tôi mong đợi.",791,153
12402567,22172834,4,Sách truyền cảm hứng và có nhiều ý tưởng hay cho cuộc sống tối giản.,1133,153
163796,22172834,4,"Tôi đã học được nhiều điều bổ ích từ cuốn sách này, rất đáng đọc.",64,153
7976592,22400987,1,"Không có gì nổi bật, chỉ là những điều đã biết từ trước.",824,157
26026701,22400987,3,"Tôi thấy sách khá bình thường, chỉ có vài ý tưởng đáng chú ý.",1744,157
150535,22400987,3,"Nội dung không tệ, nhưng không gây ấn tượng mạnh.",61,157
5405202,22400987,4,Có nhiều ý tưởng hay và dễ áp dụng cho doanh nghiệp nhỏ.,515,157
6634414,22400987,4,Sách cung cấp cái nhìn mới mẻ về việc xây dựng doanh nghiệp.,675,157
25860920,22482320,1,Tôi rất thất vọng với cuốn sách này. Nội dung không truyền cảm hứng như tôi mong đợi.,1742,158
10587347,22482320,2,"Nội dung không sâu sắc, tôi mong đợi nhiều hơn.",1003,158
6745190,22482320,3,"Cuốn sách có một số điểm hay, nhưng vẫn còn nhiều chỗ cần cải thiện.",691,158
2163889,22482320,4,"Nhiều thông điệp sâu sắc, tôi đã học được nhiều điều từ cuốn sách này.",461,158
12157598,22482320,4,"Thích cách tác giả truyền tải ý tưởng, rất đáng để đọc.",1122,158
27577592,226206721,1,Tôi rất thất vọng với cuốn sách này. Nội dung không có gì mới mẻ và khó hiểu.,1775,497
30376777,226206721,3,"Cuốn sách có kiến thức cơ bản, nhưng chưa đủ chiều sâu.",1830,497
15673899,226206721,3,Nội dung ổn nhưng chưa thực sự thu hút tôi.,1309,497
8657851,226206721,4,Cuốn sách rất hữu ích và dễ tiếp cận cho người đọc.,882,497
10288862,226206721,4,Tôi đã học được nhiều điều mới từ cuốn sách này.,980,497
22039397,229714491,2,Nội dung tạm ổn nhưng không đủ sâu sắc. Chưa đủ thuyết phục.,1656,498
410453,229714491,3,Sách khá ổn nhưng còn nhiều điều cần cải thiện.,131,498
11757791,229714491,3,"Mình thấy có thể áp dụng vài điều, nhưng không nhiều.",1090,498
26858230,229714491,4,Sách thực sự giúp mình trong công việc. Rất đáng đọc!,1761,498
9972247,242486982,1,Không có gì thú vị cả. Tôi đã phải mất thời gian để đọc hết.,955,500
25096321,242486982,2,Có một vài đoạn hay nhưng nhìn chung vẫn chưa đủ để cuốn hút.,1737,500
7393819,242486982,2,"Nội dung không sâu sắc, cách kể chuyện cũng thiếu hấp dẫn.",752,500
6086126,242486982,3,Cuốn sách có ý nghĩa nhưng còn nhiều điều cần cải thiện.,616,500
16308310,242486982,3,"Một tác phẩm trung bình, có vài khoảnh khắc thú vị.",1343,500
6275845,242486982,3,Đọc được nhưng không để lại ấn tượng mạnh mẽ.,632,500
21446277,242486982,4,"Cuốn sách mang lại nhiều cảm xúc, khá thú vị và dễ đọc.",1620,500
1348435,243223106,1,Tôi thất vọng vì nội dung sách quá nhạt nhẽo và không có sự hấp dẫn.,327,501
1419293,243223106,1,"Câu chuyện không có chiều sâu, nhân vật cũng không gây ấn tượng.",341,501
16273433,243223106,1,"Rất khó để tiếp tục đọc, không có gì thú vị.",1341,501
6314259,243223106,2,"Khá thất vọng, câu chuyện diễn biến chậm và không cuốn hút.",642,501
7815201,243223106,3,"Cuốn sách trung bình, có vài đoạn thú vị nhưng không đủ để giữ chân.",805,501
22787455,243223106,4,Một cuốn sách hay với thông điệp sâu sắc về tình yêu sách.,1693,501
5470357,243223106,4,"Tôi rất thích nhân vật mèo, câu chuyện dễ thương và truyền cảm hứng.",527,501
13527388,243223106,4,Sách mang lại cảm giác ấm áp và tình yêu đối với văn học.,1203,501
611372,243223919,1,"Rất khó để kết nối với nhân vật, tôi không thể cảm nhận được cảm xúc của họ.",185,502
10368512,243223919,3,"Đọc được, nhưng không để lại ấn tượng sâu sắc. Nhân vật chính khá thú vị.",984,502
5421567,243223919,4,"Một câu chuyện cảm động và sâu sắc, tôi đã thấy mình đồng cảm với nhân vật.",517,502
9183139,243223919,4,"Mặc dù có một số chỗ chưa hoàn hảo, nhưng tổng thể là một cuốn sách đáng đọc.",919,502
29268505,244168754,1,"Cuốn sách không thực sự giúp tôi gì cả, cảm giác như lãng phí thời gian.",1811,503
1947456,244168754,2,"Có một số ý tưởng hay, nhưng không đủ sâu sắc để gây ấn tượng.",416,503
15099161,244168754,2,Một vài phần thú vị nhưng tổng thể vẫn chưa đủ sức thuyết phục.,1283,503
8590466,244168754,3,"Có vài điều đáng suy ngẫm, nhưng nội dung vẫn còn hời hợt.",876,503
12240969,244168754,4,"Một cuốn sách hữu ích, giúp tôi nhìn nhận lại bản thân mình.",1127,503
6727576,244168754,4,"Nhiều ý tưởng hay và thực tế, tôi đã áp dụng được một số.",689,503
23644521,244168754,4,"Cuốn sách truyền cảm hứng, tôi cảm thấy có động lực hơn.",1713,503
24486,244168754,4,Bài học từ sách rất thực tiễn và dễ áp dụng trong cuộc sống.,24,503
2001339,244309141,1,Tôi rất thất vọng về cuốn sách này. Chẳng có nội dung gì hấp dẫn.,429,504
1090767,244309141,1,"Câu chuyện không có chiều sâu, tôi không thể đọc hết.",289,504
25847357,244309141,2,Không đủ hấp dẫn để giữ chân tôi. Có vẻ như không hoàn thiện.,1741,504
591071,244309141,3,"Cuốn sách khá ổn, nhưng vẫn còn nhiều điều cần cải thiện.",179,504
22214739,244309141,3,Tôi thích ý tưởng nhưng cách thể hiện chưa đủ lôi cuốn.,1664,504
12897111,244309141,4,"Một cuốn sách đáng đọc, mang lại nhiều cảm xúc.",1166,504
21351313,244316270,1,Nội dung quá lặp lại và không có gì mới. Mình không thể tiếp tục đọc.,1612,505
191670,244316270,2,Cuốn sách có ý tưởng tốt nhưng thực hiện kém. Không đủ hấp dẫn để giữ chân tôi.,76,505
18929752,244316270,2,"Chưa đủ sâu sắc, nhân vật không có chiều sâu. Tôi không ấn tượng lắm.",1500,505
22149268,244316270,3,Tôi không hoàn toàn thất vọng. Một số phần khá thú vị nhưng không đồng đều.,1661,505
9834489,244316270,4,"Cốt truyện hấp dẫn, văn phong tốt. Rất dễ bị cuốn vào thế giới của nó.",940,505
16946598,247815787,2,"Tôi không thích cách diễn đạt, cần phải cải thiện hơn nhiều.",1378,506
12168711,247815787,3,"Sách có nội dung ổn, nhưng vẫn thiếu chiều sâu và cảm xúc.",1123,506
6485682,247815787,3,"Tôi thấy cuốn sách có tiềm năng, nhưng cần cải thiện nhiều.",656,506
12896341,247815787,4,"Rất nhiều kiến thức bổ ích, tôi sẽ áp dụng vào công việc của mình.",1165,506
1694570,248362589,1,Tôi đã thất vọng hoàn toàn với cuốn sách này.,380,507
11376362,248362589,3,"Một cuốn sách đọc được, không quá tệ nhưng cũng không xuất sắc.",1060,507
5911136,248362589,4,Một cuốn sách đáng đọc nếu bạn yêu thích thể loại này.,591,507
16780283,248362589,4,Sự hồi hộp và bất ngờ là điều tôi thích ở cuốn sách này.,1366,507
16305170,248362955,1,Không giúp ích gì cho tôi. Cảm giác như tác giả chỉ viết cho có.,1342,508
476294,248362955,1,Chưa bao giờ thấy cuốn sách nào tệ như thế này. Không đáng để đọc.,150,508
2227518,248362955,2,"Có một vài thông tin thú vị, nhưng tổng thể vẫn chưa thuyết phục lắm.",469,508
11150769,248362955,2,Nội dung có vẻ thiếu chiều sâu và không đủ thuyết phục.,1043,508
670441,248362955,3,"Cuốn sách có một số điểm thú vị, nhưng vẫn chưa đủ hấp dẫn để tôi muốn đọc lại.",204,508
8334524,248362955,3,Sách khá ổn nhưng không đủ sâu sắc để lại ấn tượng lâu dài.,859,508
8309681,248362955,4,Cuốn sách này thực sự đã mở rộng hiểu biết của tôi về dinh dưỡng.,856,508
14930086,248431995,2,"Nhân vật không đủ phát triển, tôi không cảm thấy kết nối.",1275,509
15688482,248431995,3,"Nội dung ổn, nhưng cần nhiều cải thiện hơn.",1311,509
898744,248431995,3,Câu chuyện khá thú vị nhưng còn nhiều chỗ chưa rõ.,256,509
10565532,248431995,4,"Một câu chuyện thú vị, nhưng có thể sâu sắc hơn.",1002,509
20546508,248431995,4,"Tôi thích cách tác giả phát triển nhân vật, rất hấp dẫn.",1580,509
12825726,248444426,1,"Câu chuyện quá nhạt nhẽo, không có điểm nhấn nào.",1162,510
29259606,248444426,1,Không thể hiểu nổi tại sao sách này lại được đánh giá cao.,1810,510
11135866,248444426,2,Có vài tình tiết thú vị nhưng nhìn chung vẫn chưa đủ hấp dẫn.,1039,510
12900766,248444426,2,"Cốt truyện chưa đủ chiều sâu, không gây được sự hứng thú.",1167,510
10920849,248444426,3,"Sách đọc được, nhưng không để lại ấn tượng mạnh.",1024,510
20539475,248444426,3,"Có một số tình tiết hay, nhưng vẫn thiếu sự lôi cuốn.",1579,510
7882355,248444426,4,"Rất hài hước và thông minh, tôi đã có những phút giây thư giãn.",811,510
16119396,248444426,4,"Cốt truyện khá hay, đáng để đọc thử.",1325,510
163796,248592467,1,Tôi rất thất vọng với cuốn sách này. Cốt truyện quá rối rắm và không thực sự hấp dẫn.,64,511
21966812,248592467,1,Mất thời gian khi đọc. Cảm giác như tác giả không biết mình đang viết gì.,1649,511
12547482,248592467,3,"Cuốn sách khá ổn, nhưng không có gì đặc biệt so với các tác phẩm khác.",1144,511
11488492,248592467,3,"Một trải nghiệm đọc khá tốt, nhưng vẫn có thể làm tốt hơn nhiều.",1070,511
190297,248592467,4,Cốt truyện rất thú vị và lôi cuốn. Tôi đã không thể đặt sách xuống.,72,511
8334524,248592511,1,"Mình không thể đọc hết cuốn sách này, thật sự rất chán.",859,512
21606727,248592511,2,Câu chuyện có ý tưởng hay nhưng thực hiện chưa tốt lắm.,1630,512
19796206,248592511,2,"Mình không thấy cuốn sách này đặc sắc, có nhiều chỗ không hợp lý.",1550,512
1996312,248592511,3,Sách đọc được nhưng không để lại ấn tượng mạnh mẽ.,427,512
1340,248592511,4,"Nội dung hay, cuốn hút, tuy nhiên có vài điểm cần cải thiện.",2,512
1085356,248592511,4,"Câu chuyện lôi cuốn, nhân vật phát triển tốt, đáng đọc!",288,512
16264638,248767638,1,"Cuốn sách không có nội dung cụ thể, tôi cảm thấy rất thất vọng.",1340,513
8872432,248767638,1,"Không có gì mới mẻ, chỉ lặp lại những điều đã biết.",897,513
14930086,248767638,4,"Đáng đọc, nhưng cần thêm ví dụ cụ thể.",1275,513
18097632,248947069,1,Quá khó hiểu và không có điểm nhấn nào. Không đáng để đọc.,1453,514
8578353,248947069,1,Cuốn sách này không mang lại giá trị gì cho tôi. Thất vọng!,875,514
21990253,248947069,2,Tôi không thấy cuốn sách này có gì đặc biệt. Có thể bỏ qua.,1652,514
19255926,248947069,4,"Rất nhiều ý tưởng sâu sắc, đáng để suy ngẫm.",1515,514
1081759,249026474,1,Tôi rất thất vọng về cuốn sách này. Cốt truyện không hấp dẫn và nhân vật thì nhạt nhẽo.,286,515
13380596,249026474,1,"Tôi đã mong đợi nhiều hơn từ cuốn sách này, nhưng chỉ thấy thất vọng.",1192,515
6370959,249026474,2,Cốt truyện khá chậm và không có nhiều điểm nhấn. Tôi đã khá chán.,647,515
7781198,249026474,3,"Cuốn sách này ổn, nhưng tôi cảm thấy nó chưa thực sự nổi bật giữa nhiều tác phẩm khác.",802,515
6034280,249394976,2,"Chỉ có vài điểm hay, còn lại thì không đủ lôi cuốn.",608,516
5421567,249394976,2,"Nội dung không sâu sắc, không để lại ấn tượng gì.",517,516
16229309,249394976,2,Cuốn sách này khó lòng mang lại giải pháp cho vấn đề ly hôn.,1339,516
190330,249394976,3,"Có một số câu chuyện khá thú vị, nhưng vẫn chưa đủ hấp dẫn.",73,516
10452635,249394976,3,"Cuốn sách đáng đọc, nhưng không để lại ấn tượng mạnh.",991,516
23842109,249394976,4,Cuốn sách này mang lại nhiều góc nhìn khác nhau về gia đình.,1719,516
378045,249394976,4,Cuốn sách giúp mình nhìn nhận lại cuộc sống sau ly hôn.,122,516
6676050,249696550,2,"Nhiều phần của sách khá nhàm chán, không giữ được sự chú ý.",680,517
6075811,249696550,2,Dù có vài điểm tích cực nhưng tổng thể không ấn tượng.,613,517
1460081,249696550,3,"Sách có nội dung ổn, nhưng không đủ truyền cảm hứng.",350,517
5829457,249696550,4,"Cuốn sách rất hữu ích, giúp tôi có cái nhìn mới về công việc.",579,517
22899147,249696550,4,Sách đem lại động lực và phương pháp quản lý thời gian hiệu quả.,1696,517
7291891,250072583,1,Mình thất vọng về cuốn sách này. Nó rất khó hiểu và không thực tế.,743,518
71239,250072583,1,"Nội dung sách quá trừu tượng, không giúp ích gì cho cuộc sống hàng ngày của mình.",40,518
13571486,250072583,2,"Mình thấy sách khá nhàm chán, có lẽ không phù hợp với cách nghĩ của mình.",1211,518
19464830,250072583,2,"Nội dung sách hơi khó tiếp cận, thiếu sự lôi cuốn.",1529,518
577977,250072583,4,"Sách mang lại nhiều suy ngẫm, rất thích hợp cho những ai tìm kiếm sự bình an.",176,518
7673350,250077305,2,"Nội dung có phần thú vị, nhưng cách trình bày không ấn tượng lắm.",789,519
22404128,250077305,2,"Sách có vài điểm hay, nhưng không đủ để giữ chân mình.",1669,519
14627481,250077305,2,"Có một số ý tưởng tốt, nhưng mình không cảm thấy hứng thú khi đọc.",1265,519
19596037,250077305,2,"Mình đã mong đợi nhiều hơn, nhưng cuốn sách không đáp ứng được.",1537,519
9096490,250077305,3,"Sách có thông điệp tốt, nhưng cách viết chưa thật sự cuốn hút.",913,519
4952,250077581,1,Tôi rất thất vọng. Cuốn sách không mang lại giá trị gì cho tôi.,7,520
139184,250077581,1,Tôi không đồng ý với nhiều quan điểm trong sách. Rất thất vọng.,59,520
16729866,250077581,3,Có một số lời khuyên hữu ích nhưng tôi cần thêm động lực.,1364,520
16207280,250077581,4,"Tôi thích cách tác giả truyền đạt thông điệp, rất truyền cảm.",1338,520
14004869,250720983,3,"Cuốn sách có nhiều ý tưởng hay, nhưng cách diễn đạt chưa thật sự cuốn hút.",1236,521
8125310,250720983,3,"Đọc cũng được, nhưng vẫn còn nhiều điểm cần cải thiện.",834,521
794362,250720983,3,"Một số phần thú vị, nhưng nội dung khá rời rạc.",232,521
9863319,250720983,4,"Cuốn sách mang lại nhiều suy ngẫm về lòng từ bi, mình rất thích.",946,521
7515576,250720983,4,Mình cảm thấy cuốn sách đã mở ra nhiều góc nhìn mới.,767,521
19796206,250720983,4,"Một cuốn sách ý nghĩa, mình khuyên mọi người nên đọc.",1550,521
28446769,251241730,1,Tôi rất thất vọng với cuốn sách này. Nội dung quá nhạt nhẽo và không có gì mới.,1800,522
7131398,251241730,1,Không thể hiểu nổi tại sao cuốn sách này lại được khen ngợi. Nó thật sự vô nghĩa.,727,522
20012792,251241730,1,Mong đợi nhiều nhưng nhận lại chỉ là sự thất vọng. Không đáng để đọc.,1559,522
10795355,251241730,2,"Nhiều đoạn văn dài dòng, làm tôi cảm thấy chán nản khi đọc.",1016,522
15444681,251241730,2,"Chỉ có vài câu chuyện hay, còn lại khá tầm thường.",1301,522
21551755,251241730,2,Thực sự không phù hợp với những gì tôi kỳ vọng từ một cuốn sách tâm hồn.,1625,522
1657994,251241730,3,"Có những bài học giá trị, nhưng cách truyền tải chưa thật sự lôi cuốn.",378,522
1326871,251241730,4,"Nhiều thông điệp tích cực, giúp tôi cảm thấy lạc quan hơn.",322,522
5947376,251773640,1,"Những nhân vật thật nhạt nhẽo, không có sự phát triển nào.",595,523
7963836,251773640,2,"Dù có vài đoạn hài hước, nhưng nội dung vẫn rất tệ.",822,523
29793913,251773640,2,"Cốt truyện không gắn kết, khiến tôi cảm thấy mất thời gian khi đọc.",1819,523
6243447,251773640,3,"Tôi thích một số tình huống hài hước, nhưng không đủ để làm tôi thích thú.",629,523
20791403,251773640,3,"Nội dung khá lộn xộn, nhưng có lúc khiến tôi bật cười.",1595,523
18645981,251773640,3,"Một cuốn sách trung bình, không quá tệ nhưng cũng không xuất sắc.",1490,523
13411888,251773640,4,"Tôi rất thích sự sáng tạo trong cốt truyện, khá thú vị.",1193,523
6418729,251773640,4,"Một kết thúc bất ngờ và đáng suy ngẫm, tôi khá thích.",653,523
19776829,252250278,1,"Nội dung quá đơn giản, không có gì mới mẻ cả. Thất vọng!",1547,524
570018,252250278,2,Sách chưa thực sự thuyết phục tôi. Cần nhiều ví dụ hơn.,174,524
1778805,252250278,4,Một cuốn sách thú vị với nhiều ý tưởng mới mẻ. Rất đáng đọc!,391,524
19008812,253300455,1,Tôi thực sự thất vọng với cuốn sách này. Câu chuyện rất nhàm chán và không có điểm nhấn.,1504,526
7905331,253300455,2,Câu chuyện có ý tưởng hay nhưng cách triển khai quá tệ. Không đủ hấp dẫn.,817,526
1438407,253300455,2,Nội dung có phần thú vị nhưng lại thiếu chiều sâu. Tôi đã kỳ vọng nhiều hơn.,346,526
772755,253300455,2,"Một vài đoạn hay, nhưng nhìn chung không gây ấn tượng mạnh. Có thể cải thiện.",222,526
2205920,253300455,3,Cuốn sách ổn nhưng không gây được sự cuốn hút đặc biệt. Có thể đọc cho vui.,467,526
17907906,253300455,3,"Tôi thấy câu chuyện có tiềm năng, nhưng cần nhiều hơn để lôi cuốn độc giả.",1441,526
27139409,253300455,4,Nội dung hấp dẫn và nhân vật phát triển tốt. Rất đáng để thử nghiệm.,1764,526
20352727,253300455,4,Cuốn sách này đã khiến tôi suy ngẫm nhiều. Đáng để đọc và chia sẻ.,1572,526
20428340,253300641,2,Có vài ý tưởng hay nhưng chưa đủ để thu hút mình.,1577,527
13471215,253300641,2,"Nội dung không mới mẻ, mình thấy hơi thất vọng.",1195,527
5699693,253300641,2,Mình không thấy cuốn sách này thực sự hữu ích cho cuộc sống.,563,527
14595628,253300641,3,"Sách tạm ổn, nhưng chưa đủ sức thuyết phục để mình muốn đọc lại.",1263,527
19116535,253300641,4,"Rất thích phong cách viết, dễ hiểu và gần gũi.",1509,527
1303604,253396845,2,"Sách có một số điểm hay, nhưng chưa đủ để thu hút. Mong chờ điều gì đó tốt hơn.",319,528
12474394,253396845,3,"Cuốn sách có một số thông tin hữu ích, nhưng vẫn cần cải thiện nhiều.",1138,528
17169324,253396845,3,"Sách tạm ổn, nhưng chưa đủ để tôi cảm thấy hài lòng hoàn toàn.",1387,528
1153710,253396845,4,"Nội dung thiết thực, giúp tôi cải thiện kỹ năng làm việc nhóm.",298,528
12449182,253396845,4,Một cuốn sách tốt với nhiều thông tin quý giá. Tôi thích cách trình bày.,1136,528
5978298,253396850,2,Mình đã đọc và cảm thấy không thực sự hữu ích cho cuộc sống hàng ngày.,599,529
420362,253396850,2,Không đủ sâu sắc cho những vấn đề của tuổi teen hiện nay.,135,529
22069714,253396850,2,Tôi nghĩ sách có thể cải thiện nhiều hơn về cách trình bày.,1658,529
6868933,253396850,3,Sách có một số thông tin hữu ích nhưng cần thêm ví dụ thực tế.,707,529
452535,253720836,1,Tôi không hiểu nội dung cuốn sách này. Nó không mang lại giá trị gì cho tôi.,143,530
1523614,253720836,1,Quyển sách quá nhàm chán và không có điểm nhấn. Thất vọng!,358,530
774455,253720836,1,Nội dung không thực sự phù hợp với tôi. Không thể tiếp tục đọc.,223,530
16845361,253720836,2,"Nó có vài ý tưởng tốt, nhưng không đủ sâu sắc để tôi ấn tượng.",1370,530
16504802,253720836,3,"Tôi khá thích phong cách viết, nhưng chưa đủ để tôi cảm thấy ấn tượng.",1355,530
1813559,253720836,4,Cuốn sách mang lại nhiều cảm hứng và những bài học hữu ích trong cuộc sống.,396,530
711282,262687372,1,Không thể tìm thấy giá trị thực sự trong cuốn sách này.,212,532
11628287,262687372,1,Thất vọng vì mong đợi quá nhiều từ tiêu đề.,1079,532
6838066,262687372,2,Mong đợi nhiều hơn từ một cuốn sách về triết học.,703,532
7494376,262687372,3,"Tôi học được một vài điều, nhưng không như mong đợi.",762,532
18845440,262687372,4,Tôi thích những suy ngẫm về cuộc sống trong sách.,1496,532
22166103,262687372,4,Những phần liên quan đến Đạo Phật rất sâu sắc và ý nghĩa.,1662,532
27442097,262733298,1,Tôi rất thất vọng với cuốn sách này. Nội dung không có gì mới mẻ.,1771,533
11142265,262733298,2,"Có vài ý tưởng hay, nhưng tổng thể chưa đủ hấp dẫn.",1041,533
873740,262733298,3,"Sách có vài điểm hay, nhưng không đủ để ghi nhớ lâu.",252,533
6853056,262733298,4,"Hài hước và thực tế, giúp tôi thay đổi cách nhìn nhận.",704,533
6680442,262733298,4,"Chất lượng nội dung tốt, dễ đọc và dễ áp dụng.",683,533
2136285,263752349,1,Tôi rất thất vọng về cuốn sách này. Nó không cung cấp thông tin hữu ích như mong đợi.,456,534
11802686,263752349,1,Cảm giác như tác giả không thực sự hiểu vấn đề. Thất vọng.,1092,534
2118049,263752349,2,Cuốn sách có vài ý tưởng hay nhưng không đủ sâu sắc.,449,534
8512854,263752349,2,Tôi thấy nội dung không thực sự thuyết phục. Cần nhiều thông tin hơn.,870,534
6275845,263752349,2,Có một vài điểm tốt nhưng nhìn chung vẫn chưa đủ.,632,534
16393450,263752349,3,"Nội dung không tệ, nhưng có thể khai thác sâu hơn.",1348,534
1264700,263752349,4,Cuốn sách rất thiết thực và dễ áp dụng vào cuộc sống hàng ngày.,316,534
1259563,263752349,4,"Rất ấn tượng với những gợi ý trong sách, sẽ thực hiện ngay.",315,534
6790143,263808394,1,Tôi thật sự không thích cuốn sách này. Câu chuyện quá khó hiểu và thiếu hấp dẫn.,697,535
672386,263808394,1,Sách quá tồi. Tôi không thể cảm nhận được nhân vật hay thông điệp.,205,535
10253864,263808394,2,Câu chuyện có ý tưởng hay nhưng thực hiện kém. Không đủ thu hút.,976,535
8255967,263808394,2,"Nhiều chi tiết thừa, khiến tôi cảm thấy mệt mỏi khi đọc.",848,535
8030368,263808394,2,Tôi mong đợi nhiều hơn từ cuốn sách này. Nó khá nhạt nhẽo.,828,535
8814339,263808394,3,"Cuốn sách có một số phần thú vị, nhưng vẫn còn thiếu điểm nhấn.",892,535
1742706,263808394,3,"Chuyện kể khá điển hình, có những đoạn gây cấn nhưng overall bình thường.",386,535
5252484,263808394,4,"Câu chuyện lôi cuốn, khiến tôi phải suy nghĩ nhiều về nhân tính.",492,535
20644856,263808394,4,"Tác giả đã khéo léo khắc họa những khó khăn trong cuộc sống, tôi rất thích.",1586,535
874522,263968717,1,Không thể hiểu nổi ý nghĩa của cuốn sách. Rất lãng phí thời gian.,253,536
19050356,263968717,1,Mình đã mong đợi nhiều hơn từ Robin Sharma. Quá tệ!,1505,536
11148772,263968717,2,"Có một số phần thú vị, nhưng nhìn chung vẫn chưa làm mình ấn tượng.",1042,536
14269387,263968717,2,"Một vài câu trích dẫn hay, nhưng không đủ để cứu vãn cả cuốn sách.",1250,536
16207280,263968717,3,"Mình thấy cuốn sách ổn, nhưng không thể gọi là xuất sắc.",1338,536
1049918,263968717,4,"Một cuốn sách hay, đầy cảm hứng. Rất đáng đọc.",282,536
12489312,263968717,4,"Sách rất hay, khiến mình suy nghĩ nhiều hơn về cuộc sống.",1139,536
346572,269367423,2,Không đủ hấp dẫn để giữ chân tôi. Có thể cải thiện hơn.,116,537
18617192,269367423,2,"Một số phần tốt, nhưng đa số lại khá nhạt nhẽo.",1488,537
1273017,269367423,4,"Một cuốn sách hay, truyền động lực khá tốt cho tôi.",317,537
169341,269367423,4,Một nguồn cảm hứng tuyệt vời cho những ai đang gặp khó khăn.,66,537
7896565,270145704,1,Cuốn sách không mang lại giá trị gì cho tôi. Rất nhàm chán.,814,538
217821,270145704,1,Tôi không thấy có ích gì từ những gì tác giả trình bày.,85,538
17169324,270145704,3,"Cuốn sách có một số điểm thú vị, nhưng vẫn thiếu sự hấp dẫn.",1387,538
16198034,270145704,3,"Tôi đã học được vài điều, nhưng không có gì nổi bật.",1336,538
16607613,270145704,3,"Một cuốn sách trung bình, không quá ấn tượng nhưng vẫn có giá trị.",1358,538
11586173,270145704,4,Tôi đã tìm thấy nhiều điều hữu ích trong cuốn sách này.,1078,538
1643869,270145704,4,Cuốn sách này thực sự đã giúp tôi hiểu hơn về giao tiếp.,375,538
13620930,270145715,1,"Rất khó để tiếp thu, quá nhiều thuật ngữ chuyên ngành.",1214,539
6787855,270145715,3,Cảm giác như tác giả chưa thực sự thuyết phục được độc giả.,696,539
9997822,270834385,1,Cuốn sách này thật sự không có giá trị gì. Tôi không học được điều gì mới.,959,540
28185640,270834385,2,"Cuốn sách có vài ý tưởng hay, nhưng cách trình bày kém hấp dẫn.",1795,540
12431046,270834385,3,"Tôi đã tìm thấy một vài mẹo hữu ích, nhưng không được như mong đợi.",1135,540
551223,270834385,3,"Có một số kỹ năng có thể áp dụng, nhưng vẫn cảm thấy thiếu.",171,540
6335161,270834385,4,"Cuốn sách khá hay, nội dung dễ hiểu và thực tiễn.",643,540
8117999,270834385,4,Nhiều ý tưởng thú vị giúp tôi tự tin hơn khi thuyết trình.,832,540
7108225,270834385,4,Một cuốn sách đáng đọc cho những ai muốn cải thiện kỹ năng thuyết trình.,725,540
19793017,270837359,1,Sách không đáp ứng được kỳ vọng của tôi. Nội dung nhạt nhẽo và không có gì mới mẻ.,1549,541
8063452,270837359,1,Tôi thấy không có giá trị gì từ cuốn sách này. Chỉ là những lời khuyên chung chung.,830,541
20701090,270837359,1,"Không có sự sâu sắc trong từng chương, rất thất vọng khi đọc xong.",1592,541
22200075,270837359,2,Sách có vài ý tưởng hay nhưng không đủ thuyết phục để tôi áp dụng.,1663,541
1264700,270837359,2,Tôi không thấy cuốn sách này có nhiều thông tin hữu ích cho tôi.,316,541
10729949,270837359,2,"Có một số phần thú vị, nhưng nhìn chung vẫn còn thiếu sót.",1012,541
19758890,270837359,2,Nhiều phần trong sách lặp lại và không mang lại giá trị mới.,1546,541
15192111,270837359,3,Một số lời khuyên khá thực tế nhưng vẫn thiếu chiều sâu.,1291,541
6333,270837359,3,Tôi thấy nội dung có ích nhưng chưa đủ để tôi thay đổi thói quen.,8,541
7672081,270837359,3,Sách có nhiều thông tin tốt nhưng cần cải thiện cách trình bày.,787,541
11344411,270837359,4,Sách giúp tôi có cái nhìn mới về cảm xúc và cách quản lý chúng.,1057,541
9991563,271089997,1,Dù mong chờ nhưng sách không đem lại giá trị gì cho tôi. Vô cùng tẻ nhạt.,958,542
68698,271089997,2,Tôi kỳ vọng nhiều hơn từ cuốn sách này. Nội dung thiếu chiều sâu.,36,542
5807359,271089997,3,Nó khá ổn cho những người mới bắt đầu suy nghĩ về tuổi 30.,574,542
13677819,271089997,3,"Tôi tìm thấy một số bài học giá trị, nhưng không nhiều.",1219,542
1358463,271089997,4,Cuốn sách này đã giúp tôi định hình lại mục tiêu của mình.,330,542
16607613,271198555,1,Sách rất khó hiểu và không truyền tải được cảm xúc mà tôi mong đợi.,1358,543
5323098,271198555,1,Tôi không thấy cuốn sách này giúp ích gì cho mình. Thực sự không ấn tượng.,500,543
22428998,271198555,2,"Tôi cảm thấy cuốn sách hơi nhạt nhẽo, không đủ kết nối với cảm xúc.",1673,543
13471215,271198555,4,Những lời khuyên trong sách rất hữu ích cho tôi trong giai đoạn khó khăn.,1195,543
13571486,271517898,1,Nội dung khó hiểu và không thực tế. Tôi cảm thấy thất vọng khi đọc.,1211,544
27019704,271517898,1,Cuốn sách này không mang lại cho tôi bất kỳ giá trị nào. Rất tệ!,1762,544
6831509,271517898,2,"Ý tưởng về căng thẳng tích cực nghe có vẻ hay, nhưng thực hiện chưa tốt.",702,544
18340420,271517898,2,Cuốn sách không đủ sâu sắc để tôi thấy giá trị thực sự.,1477,544
7022008,271517898,4,"Tôi đã học được nhiều điều từ cuốn sách này, đáng để đọc.",713,544
27362388,271517898,4,Ý tưởng về căng thẳng tích cực rất mới mẻ và hữu ích.,1768,544
7720745,271784289,1,Tôi thấy sách này thật nhàm chán và không có giá trị gì cả.,797,545
13710083,271784289,1,"Dài dòng và khó hiểu, không thể tiếp nhận nổi.",1221,545
409555,271784289,4,"Nội dung hay, dễ dàng đồng cảm với các nhân vật trong sách.",130,545
19679592,271784289,4,Đọc sách giúp tôi suy nghĩ tích cực hơn về cuộc sống.,1542,545
12463841,271784292,1,Sách không truyền cảm hứng như mình mong đợi. Chỉ thấy phí thời gian.,1137,546
6868933,271784292,3,"Sách tạm ổn, có một vài câu chuyện hay nhưng chưa đủ hấp dẫn.",707,546
20701090,271784292,4,"Câu chuyện thật sự cảm động và ý nghĩa, đáng để đọc.",1592,546
12023668,272000029,3,"Một vài ý tưởng tốt, nhưng chưa thực sự nổi bật.",1111,547
20393180,272000029,3,"Sách ở mức trung bình, không quá ấn tượng nhưng cũng không tệ.",1575,547
65010,272000029,4,Viết dễ hiểu và truyền cảm hứng. Rất đáng để đọc.,34,547
9730722,272000434,1,Tôi rất thất vọng với cuốn sách này. Nội dung không thực sự có ích cho tôi.,930,548
10861745,272000434,1,Tôi không thể tìm thấy thông tin gì mới mẻ trong sách.,1018,548
10028573,272000434,1,Đã mong đợi nhiều hơn nhưng lại rất thất vọng.,963,548
21347262,272000434,3,"Cuốn sách này chỉ ở mức trung bình, không quá nổi bật.",1611,548
23579085,272000434,4,Cuốn sách cung cấp nhiều thông tin hữu ích cho những ai làm trong ngành công nghệ.,1712,548
15370336,272000434,4,Một cuốn sách đáng đọc đối với những người quan tâm đến công nghệ.,1299,548
29437410,272000444,1,"Sách không đúng như mong đợi, quá khó để theo dõi.",1814,549
30476627,272000444,3,"Một số chương khá thú vị, nhưng tổng thể chưa đủ hấp dẫn.",1831,549
1348435,272000444,3,Cần cải thiện cách viết để dễ tiếp cận hơn.,327,549
19921685,272000724,1,Cuốn sách này thật sự không có gì mới mẻ. Tôi thất vọng vì không tìm thấy thông tin hữu ích.,1554,550
7695722,272000724,1,"Nội dung quá chung chung, không giúp tôi trong việc ra mắt sản phẩm của mình.",795,550
792606,272000724,1,"Chất lượng viết kém và không có hệ thống, tôi không thể theo dõi được.",231,550
420362,272000724,2,"Có vài ý tưởng hay, nhưng tổng thể vẫn chưa đủ sâu sắc để thực sự hữu ích.",135,550
22576510,272000724,2,Tôi không tìm thấy giải pháp cho vấn đề của mình trong cuốn sách này.,1682,550
8137839,272000724,3,"Nó có thể giúp ích cho người mới bắt đầu, nhưng không đủ cho chuyên gia.",839,550
7669518,272000724,3,"Một cuốn sách trung bình, có thể tham khảo nhưng không quá nổi bật.",786,550
7203061,272000724,3,"Một số phần hay, nhưng cần nhiều ví dụ thực tế hơn để minh họa.",735,550
15652833,272000724,4,"Hướng dẫn chi tiết, nhưng tôi mong đợi nhiều hơn từ một cuốn sách như vậy.",1307,550
10028573,273101711,2,"Thông tin không đầy đủ, cần cập nhật hơn.",963,553
162669,273101711,2,"Tôi không tìm thấy những gì tôi cần, khá thất vọng.",63,553
23893415,273101711,3,Có một số thông tin hữu ích nhưng cần nhiều ví dụ hơn.,1722,553
8959764,273101711,4,"Nội dung phong phú, có thể áp dụng vào thực tế.",903,553
10188256,273326858,3,"Nội dung khá ổn, nhưng có nhiều phần lặp lại.",974,554
28726553,273326858,4,Cuốn sách cung cấp nhiều cái nhìn mới mẻ và thực tiễn.,1803,554
12463841,273326858,4,Sách dễ hiểu và có thể áp dụng ngay vào cuộc sống.,1137,554
5188675,273326876,1,Tôi không tìm thấy giá trị nào trong cuốn sách này. Nội dung khá rời rạc và không thực sự truyền cảm hứng.,484,555
13521369,273326876,1,Tôi thấy cuốn sách này không đáng đọc. Nó không tạo được động lực cho tôi.,1202,555
7672176,273326876,4,"Cuốn sách khá hay, đã truyền động lực cho tôi trong một số khía cạnh.",788,555
11372399,273326876,4,"Cuốn sách này đáng đọc, tôi cảm thấy nó đã truyền cảm hứng cho mình.",1059,555
5323098,273388188,1,Tôi đã mong đợi nhiều hơn từ cuốn sách này. Nó không mang lại giá trị gì cho cuộc sống của tôi.,500,557
19221749,273388188,1,"Nội dung nhạt nhẽo, không có gì mới mẻ. Tôi rất thất vọng.",1513,557
19255926,273388188,2,"Có một vài ý tưởng hay, nhưng không đủ sâu sắc để thực sự giúp đỡ.",1515,557
6363265,273388188,2,"Nhiều thông tin lặp lại, không thật sự ấn tượng. Tôi không thực sự hài lòng.",645,557
20344162,273388188,3,"Một cuốn sách trung bình, có thể giúp ích nhưng không đủ để thay đổi cuộc sống.",1571,557
1813559,273476560,2,Có vài điểm hay nhưng tổng thể không thuyết phục.,396,558
14915860,273476560,2,Sách có một số ý tưởng thú vị nhưng thiếu chiều sâu.,1274,558
20253417,273476560,2,"Tôi kỳ vọng nhiều hơn từ Steve Harvey, nhưng thất vọng.",1565,558
27119748,273476560,3,Cuốn sách có nội dung ổn nhưng không gây ấn tượng mạnh.,1763,558
611372,273476560,4,"Nội dung dễ hiểu, có ích cho những ai muốn tìm hiểu đàn ông.",185,558
1555027,273476560,4,Steve Harvey luôn biết cách truyền đạt ý tưởng một cách thú vị.,362,558
8312739,273476560,4,Sách giúp tôi có cái nhìn khác về mối quan hệ.,857,558
12542967,273476560,4,"Nhiều thông tin hữu ích, tôi đã học được điều mới.",1143,558
10125023,273639470,1,Hơi khó hiểu và không áp dụng được trong thực tế.,969,559
11203322,273639470,2,"Nội dung không sâu sắc, chỉ là những điều đã biết.",1047,559
22028770,273639470,3,"Sách có vài điểm thú vị, nhưng chưa đủ để gây ấn tượng.",1654,559
22414987,273639470,3,"Tôi thấy một số lời khuyên có ích, nhưng không đủ thuyết phục.",1671,559
13102321,273639470,3,"Một cuốn sách trung bình, có thể tham khảo nhưng không cần thiết.",1181,559
13076036,273639470,4,Một cuốn sách tuyệt vời cho những ai quan tâm đến nhân sự.,1179,559
14281166,273641818,1,Sách này thật sự khó hiểu. Tôi không thể nắm bắt được ý chính.,1251,560
12429415,273641818,2,Có vài ý tưởng thú vị nhưng không đủ để giữ chân tôi.,1134,560
7976592,273641818,2,Tôi không thể cảm nhận được chiều sâu của tác phẩm.,824,560
1992088,273641818,3,"Có nhiều ý tưởng hay, nhưng một số phần lại khó hiểu.",426,560
5692427,273641818,4,"Rất đáng đọc, nhưng cần thời gian để thẩm thấu.",562,560
6014554,273685703,1,"Nội dung cũ kỹ, không có giá trị thực tiễn. Không đáng tiền.",605,561
17925764,273685703,2,"Mình đã mong đợi nhiều hơn từ cuốn sách này, nhưng không đáp ứng được kỳ vọng.",1443,561
27704071,273685703,2,Nội dung có tiềm năng nhưng thực hiện chưa thực sự hiệu quả.,1779,561
381626,273685703,3,Nó có một số mẹo thở hữu ích nhưng không đủ để mình cảm thấy có sự thay đổi.,123,561
20311397,273685703,3,Cuốn sách dễ đọc nhưng mình mong muốn có nhiều ví dụ thực tế hơn.,1570,561
10147033,273685703,3,"Một cuốn sách trung bình, có ích nhưng không quá nổi bật.",972,561
549427,273690134,1,"Không như mong đợi, cuốn sách thiếu sự hấp dẫn và có nhiều thông tin lạc lõng.",170,562
11141734,273690134,3,Cuốn sách cung cấp thông tin cần thiết nhưng chưa đủ chi tiết.,1040,562
21966812,273691904,1,"Quá thất vọng với nội dung và cách hành văn, không đáng đọc.",1649,564
15918498,273691904,3,"Nội dung khá hay, nhưng chưa đủ sâu sắc và lôi cuốn.",1319,564
17227564,273691904,3,"Một tác phẩm trung bình, có thể đọc nhưng sẽ không nhớ lâu.",1391,564
14297507,273822776,1,"Đọc mà không thấy hào hứng, như là một bài giảng nhàm chán.",1252,565
17252446,273822776,2,"Sách có vài điểm thú vị, nhưng nhiều chỗ lại quá dài dòng và khó hiểu.",1394,565
14599281,273822776,2,Không như tôi mong đợi. Một số ý tưởng tốt nhưng thực hiện kém.,1264,565
6562054,273822776,3,"Sách tạm ổn, có vài góc nhìn thú vị, nhưng chưa đủ để gây ấn tượng.",665,565
12908227,273822776,4,Một cuốn sách thú vị với nhiều góc nhìn mới mẻ về du ngoạn.,1168,565
2083263,273822776,4,"Tôi rất thích cách tác giả thể hiện ý tưởng, đọc thấy thoải mái.",445,565
14509380,273881055,1,Tôi không hiểu gì về nội dung sách này. Quá mơ hồ và thiếu thực tiễn.,1261,568
7720745,273881055,2,"Có một vài ý tưởng hay, nhưng chúng không được phát triển đủ sâu.",797,568
18137,273881055,2,"Nội dung không đủ thuyết phục, tôi không cảm thấy được truyền cảm hứng.",20,568
22149268,273881055,2,Tôi không thấy cuốn sách này giúp ích nhiều cho mình.,1661,568
27570077,273881055,3,"Nó có thể hữu ích cho một số người, nhưng không cho tôi.",1774,568
175822,273881055,3,Nội dung khá ổn nhưng thiếu chiều sâu và cụ thể.,68,568
23068231,273983801,1,Tôi không thể hiểu nổi nội dung sách này. Quá mơ hồ và khó tiếp cận.,1702,570
15884683,273983801,2,Có vài ý tưởng hay nhưng cách thể hiện rất khó hiểu.,1314,570
12223751,273983801,2,Nhiều đoạn văn khiến tôi cảm thấy nhàm chán.,1126,570
6524403,273983801,3,Nội dung sách khá lạ nhưng không đủ hấp dẫn để tôi muốn đọc tiếp.,662,570
17925764,273983801,3,"Có vài khoảnh khắc hay, nhưng tổng thể vẫn chưa thuyết phục.",1443,570
783624,273983801,4,"Nội dung độc đáo, làm tôi suy nghĩ nhiều về cuộc sống.",228,570
1947456,274424372,2,Cuốn sách có vài điểm hay nhưng không đủ hấp dẫn.,416,571
15908216,274424372,3,"Có vài điều thú vị, nhưng không đủ để tôi cảm thấy hài lòng.",1316,571
27362388,274424372,3,"Sách bình thường, không có gì nổi bật.",1768,571
16384165,274424372,3,"Nội dung tạm ổn, nhưng đôi khi quá dài dòng.",1346,571
1906693,274501909,1,"Nội dung rời rạc, khó hiểu. Không có gì hay ho.",413,572
23842109,274501909,3,"Nội dung có thể cải thiện, nhưng vẫn đáng để đọc.",1719,572
270492,274501909,4,"Rất thích cách tiếp cận của tác giả, dễ hiểu và gần gũi.",94,572
2201942,274501909,4,"Một cuốn sách hay, đáng để tham khảo và áp dụng.",466,572
6866048,274537993,1,"Nội dung sách không có gì mới mẻ, rất thất vọng.",706,573
16882208,274537993,1,Quá nhàm chán và không thực sự hữu ích cho tôi.,1374,573
402581,274537993,2,Sách này có vẻ không phù hợp với những ai tìm kiếm kiến thức chuyên sâu.,128,573
6025343,274537993,2,Tôi đã hy vọng nhiều hơn từ cuốn sách này.,607,573
9060811,274729270,1,Tôi thất vọng với cuốn sách này. Nội dung quá mơ hồ và không có chiều sâu.,910,575
15785982,274729270,1,Mất thời gian khi đọc cuốn sách này. Mong đợi nhiều hơn từ tác giả.,1312,575
6787855,274729270,1,Thật sự không hiểu nổi lý do cuốn sách lại được đánh giá cao.,696,575
25831114,274729270,2,"Một số ý tưởng có thể hay, nhưng cách truyền đạt không hiệu quả.",1740,575
252592,274729270,3,"Nó không tồi, nhưng tôi mong đợi nhiều hơn từ tác giả.",91,575
6128989,274729272,1,Sách không mang lại giá trị gì cho tôi. Rất thất vọng.,620,576
21228601,274729272,1,Nội dung quá ngắn và không sâu sắc. Không đáng tiền.,1607,576
9735687,274729272,2,"Mặc dù có vài ý tưởng hay, nhưng nhiều phần lại khó hiểu.",931,576
801674,274729274,1,"Nội dung không truyền cảm hứng, quá khó để theo dõi.",234,577
27283664,274729274,2,Một số phần trong sách có thể hiểu nhưng không thực sự hữu ích.,1766,577
5551763,274729274,2,Mình mong đợi nhiều hơn từ một tác giả có tiếng như vậy.,542,577
7231602,274729274,3,Nội dung khá ổn nhưng không có gì nổi bật.,738,577
9782275,274729274,4,"Một cuốn sách thú vị, khuyến khích mình dũng cảm từ bỏ những thứ không cần thiết.",936,577
26858230,274729320,2,Mình trông đợi nhiều hơn từ cuốn sách này. Chỉ dừng lại ở mức trung bình.,1761,578
18092355,274729320,3,"Sách có những câu chuyện thú vị, nhưng không phải tất cả đều gây ấn tượng.",1451,578
12009584,274729320,3,"Mình thấy cuốn sách khá ổn, nhưng không thực sự truyền cảm hứng.",1110,578
14157271,274729320,3,"Nội dung chấp nhận được, nhưng chưa đủ để làm mình cảm thấy phấn khích.",1246,578
6008670,274729320,4,Những câu chuyện thực sự truyền đạt được cảm hứng và niềm tin.,604,578
139184,274729320,4,"Nhiều câu chuyện hay và ý nghĩa, sẽ đọc lại trong tương lai.",59,578
247953,274729326,1,Cuốn sách không mang lại giá trị gì cho mình.,89,579
68698,274729326,2,Một vài ý tưởng hay nhưng thực sự không hấp dẫn.,36,579
5300273,274729326,3,"Một cuốn sách trung bình, không tồi nhưng cũng không hay.",496,579
19685945,274729326,3,"Có một số câu chuyện hay, nhưng khác nhau về chất lượng.",1544,579
628546,274729326,4,"Cuốn sách mang lại góc nhìn mới, rất đáng đọc.",189,579
19100780,274729326,4,Đọc sách này giúp mình suy nghĩ tích cực hơn về cuộc sống.,1507,579
11570394,274729337,1,Mình thấy những câu chuyện trong sách khá sáo rỗng và không có chiều sâu.,1077,580
577977,274729337,2,Sách yếu về mặt nội dung. Chỉ có vài câu chuyện thú vị.,176,580
11586173,274729337,2,"Một số câu chuyện có thể truyền cảm hứng, nhưng không đủ mạnh mẽ.",1078,580
1391325,274729337,3,"Sách có những câu chuyện hay, nhưng không nổi bật lắm.",337,580
21608031,274729337,3,"Một vài câu chuyện khá ý nghĩa, nhưng không đủ để mình nhớ lâu.",1631,580
20758903,274729349,1,Tôi đã mong chờ nhiều nhưng sách chỉ toàn những điều sáo rỗng.,1594,581
10996140,274729349,2,"Một vài câu chuyện có thể gây cảm hứng nhưng nhìn chung, không đủ sâu sắc.",1034,581
541937,274729349,3,Sách có những câu chuyện thú vị nhưng không đủ để lại ấn tượng lâu dài.,168,581
8128141,274729349,3,"Một số phần của sách khá hữu ích, nhưng vẫn thiếu tính thực tiễn.",835,581
7668829,274729349,3,"Đọc để giải trí thì được, nhưng không có nhiều điều đáng suy ngẫm.",784,581
11664140,274729349,3,"Có những khoảnh khắc chạm đến trái tim, nhưng cảm giác vẫn còn thiếu.",1082,581
19776829,274729349,4,Rất nhiều ý tưởng tốt và cách tiếp cận thú vị để thực hiện ước mơ.,1547,581
10555968,274729374,2,Sách có ý nghĩa nhưng cách truyền tải quá nhàm chán.,1000,582
517945,274729374,2,Có những đoạn khá hay nhưng không đủ để mình thích cuốn sách này.,161,582
23922655,274729374,3,"Nội dung tạm ổn, nhưng vẫn còn nhiều điều cần cải thiện.",1724,582
18685604,274729374,4,"Có nhiều điều thú vị để học hỏi, mình rất thích cách viết.",1491,582
15288920,274729376,3,Sách có vài câu chuyện thú vị nhưng không đủ hấp dẫn.,1296,583
1255032,274729376,3,Nội dung ổn nhưng vẫn còn nhiều chỗ cần cải thiện.,314,583
11820456,274729376,3,"Cảm thấy bình thường, không có ấn tượng mạnh mẽ.",1094,583
16384165,274729376,4,Sách này thực sự giúp mình trong những lúc khó khăn.,1346,583
10253864,274826777,1,Quá tệ! Không có thông tin hữu ích nào. Tôi không khuyến nghị cho ai cả.,976,584
739181,274826777,2,"Nội dung khá bình thường, không có điểm nhấn. Tôi mong chờ nhiều hơn từ cuốn sách.",215,584
19468460,274826777,2,"Không tệ, nhưng cũng không giúp tôi nhiều. Có lẽ phù hợp với ai đó tìm kiếm điều gì đó đơn giản.",1531,584
7513783,274826777,3,"Sách đọc ổn, nhưng không để lại ấn tượng mạnh. Cần thêm nhiều ví dụ thực tế.",765,584
18091957,274826777,4,Nội dung rất hay và thực tế. Cuốn sách đã giúp tôi tìm thấy sự bình yên trong tâm hồn.,1449,584
13198286,274826777,4,Rất đáng đọc! Tôi thấy nhiều phần trong cuốn sách khá phù hợp với cuộc sống của mình.,1185,584
21371106,274845343,1,Không thể hiểu nổi tại sao cuốn sách này lại được khen ngợi. Quá nhiều lý thuyết mà không thực tiễn.,1614,585
22829710,274845343,2,"Có một vài điểm thú vị, nhưng nhìn chung cuốn sách không đủ hấp dẫn.",1695,585
9977815,274845343,2,Nội dung không thực sự gây ấn tượng. Mình thấy hơi thất vọng.,956,585
12377762,274845343,2,"Tôi đã hy vọng cuốn sách sẽ hữu ích hơn, nhưng không có nhiều thông tin mới.",1132,585
7037891,274845343,2,"Chỉ một vài ý kiến hay, nhưng tổng thể không đủ sức thuyết phục.",715,585
20629555,274845343,3,"Nội dung có giá trị, nhưng cách trình bày chưa thực sự thu hút.",1584,585
8202874,274845343,3,Cuốn sách tốt nhưng không đủ để lại dấu ấn trong tâm trí tôi.,844,585
201316,274845343,4,Rất thích thú với những cách tiếp cận và khái niệm mới trong cuốn sách.,78,585
5856262,274845343,4,"Nội dung sâu sắc và thực tế, giúp tôi nhìn nhận lại nhiều điều trong cuộc sống.",584,585
15686739,274970384,2,"Sách có vài ý tưởng hay, nhưng vẫn chưa đủ để thu hút tôi.",1310,587
21406438,274970384,2,"Một số phần của sách khiến tôi mất hứng thú, không thực sự ấn tượng.",1616,587
5301019,274970384,4,Cuốn sách có nhiều ý tưởng hay và mang lại cảm hứng cho tôi.,497,587
1181258,274970384,4,"Tôi thích cách tác giả truyền tải suy nghĩ, rất dễ tiếp cận.",302,587
10920849,274970384,4,"Sách này đã giúp tôi có cái nhìn khác về cuộc sống, đáng để đọc.",1024,587
8143835,274970384,4,"Một tác phẩm đáng giá, có thể mang lại nhiều suy ngẫm cho người đọc.",840,587
23657001,274970385,1,Cuốn sách này thật sự gây thất vọng. Nội dung nhạt nhẽo và không có giá trị thực tiễn.,1715,588
19935597,274970385,1,"Nội dung quá lý thuyết, không thực sự hữu ích cho tôi. Không đáng đọc.",1555,588
280440,274970385,2,"Một số ý tưởng có thể áp dụng, nhưng tổng thể vẫn chưa đủ thuyết phục.",96,588
8500833,274970385,2,"Cuốn sách có vài điểm hay, nhưng chủ yếu là lặp lại những gì đã biết.",868,588
7909175,274970385,3,"Nó có một số thông tin hữu ích, nhưng cần nhiều ví dụ thực tế hơn.",818,588
15686739,275155619,1,Tôi cảm thấy nội dung sách không có gì mới mẻ và rất khó hiểu.,1310,589
817832,275155619,3,Sách đọc dễ nhưng không gây ấn tượng lâu dài.,239,589
11646757,275155619,4,Rất hữu ích cho những ai muốn phát triển bản thân.,1080,589
9614591,275155619,4,Sách này đã giúp tôi có cái nhìn mới về cuộc sống.,921,589
11458517,275243823,1,Tôi rất thất vọng với bộ sách này. Nội dung không có gì mới mẻ.,1065,590
15673899,275243823,1,"Sách không mang lại cảm hứng như tôi đã mong đợi, rất chán.",1309,590
16851817,275243823,1,"Gợi ý không có giá trị thực tiễn, tôi không thấy hữu ích.",1371,590
28288321,275243823,2,Sách có vài điều thú vị nhưng không đủ để thu hút tôi.,1797,590
10555968,275243823,2,Một số câu chuyện khá hay nhưng chủ yếu vẫn nhàm chán.,1000,590
10984735,275243823,3,Tôi tìm thấy vài bài học nhưng vẫn không đủ sâu sắc.,1032,590
9139514,275243823,4,"Bộ sách mang lại sự lạc quan, tôi cảm thấy tích cực hơn.",917,590
1820478,275243823,4,Sách giúp tôi nhìn nhận cuộc sống tích cực hơn.,398,590
6602742,275264315,1,"Sách không cung cấp thông tin hữu ích, tôi thất vọng.",673,591
7329204,275264315,2,Sách có một vài điểm tốt nhưng chủ yếu là thất vọng.,746,591
27820963,275264315,2,Chưa đủ thông tin để tôi áp dụng vào thực tế.,1783,591
6838066,275264315,3,Sách khá ổn nhưng vẫn còn nhiều chỗ cần cải thiện.,703,591
10554,275264315,4,"Rất hữu ích, giúp tôi có cái nhìn tổng quan về podcast.",14,591
7062796,275264315,4,"Nội dung sâu sắc, dễ hiểu và dễ áp dụng.",720,591
22426321,275264315,4,"Tốt cho những ai mới bắt đầu, có nhiều thông tin bổ ích.",1672,591
10587347,275264357,1,Tôi không thấy cuốn sách này hữu ích. Nội dung khá rời rạc và khó hiểu.,1003,592
204530,275264357,1,"Nội dung quá lý thuyết, không có thực hành gì cụ thể.",79,592
479578,275264357,2,"Nội dung không đủ hấp dẫn, khiến tôi không muốn tiếp tục đọc.",151,592
291670,275264357,4,"Nội dung rõ ràng và dễ hiểu, đáng để tham khảo.",98,592
13290303,275303480,1,Mình không hiểu vì sao sách này lại được yêu thích. Thực sự tệ!,1188,593
6254635,275303480,2,"Cốt truyện khá đơn điệu, không hấp dẫn như mình nghĩ.",630,593
18537359,275303480,2,Mình mong đợi nhiều hơn. Nhiều chỗ chưa hợp lý.,1485,593
11360162,275303480,3,Cốt truyện khá hay nhưng chưa đủ sâu sắc.,1058,593
1090767,275303480,3,Đọc được nhưng không có gì nổi bật để nhớ lâu.,289,593
2201250,275303480,4,"Cốt truyện chặt chẽ, nhân vật sâu sắc. Thích thật!",465,593
6914536,275303480,4,Mario Puzo thật tài năng! Một bộ sách không thể thiếu.,710,593
17589306,275303492,1,Tôi thất vọng về sách này. Nội dung không như tôi mong đợi.,1417,594
473488,275303492,2,"Nội dung không sâu sắc, chỉ dừng lại ở bề mặt.",149,594
5677169,275303492,4,"Tôi thích cách tác giả trình bày, rất thu hút.",560,594
10040965,275303492,4,"Một tác phẩm tốt, giúp tôi hiểu thêm về lịch sử Nhật Bản.",966,594
9078,275303513,1,Sách này thật sự làm tôi thất vọng. Câu chuyện không hấp dẫn và rất chán.,13,595
16470666,275303513,1,Tôi không hiểu tại sao tác phẩm này lại nổi tiếng. Nội dung nhạt nhẽo.,1353,595
127819,275303513,1,Tôi đã mong đợi điều gì đó thú vị hơn. Thực sự không đáng đọc.,55,595
7684023,275303513,2,Sách có vài khoảnh khắc thú vị nhưng chưa đủ để thu hút tôi.,792,595
16160481,275303513,2,"Tôi không đặc biệt thích thú với câu chuyện, có thể do phong cách viết.",1330,595
5140063,275303513,3,"Có những đoạn thú vị, nhưng phần lớn lại hơi tẻ nhạt.",474,595
13008421,275303513,3,Sách hay nhưng không mang lại cảm xúc mạnh mẽ như tôi mong đợi.,1177,595
8908907,275303513,4,"Viết rất hay, nhân vật dễ thương, nhưng có thể phát triển hơn.",899,595
21966591,275303513,4,Tôi yêu không gian và những cuộc phiêu lưu của các nhân vật.,1648,595
5530907,275303555,1,Nội dung sách quá dài dòng và không đi vào trọng tâm. Không đáng để mua.,538,596
5336218,275303555,1,Tôi không thể hoàn thành cuốn sách này. Quá nhiều thông tin nhưng không có chiều sâu.,505,596
21438034,275303555,2,"Dù có một số điểm hay, nhưng tôi không tìm thấy nhiều giá trị trong sách.",1618,596
9738827,275303555,2,Sách không tệ nhưng cũng không đủ để khiến tôi ấn tượng. Có thể tìm được sách hay hơn.,932,596
1840437,275303555,3,Sách có vài chương thú vị nhưng không đồng đều. Một số phần rất hay.,400,596
29376378,275303555,3,"Cuốn sách này có giá trị tham khảo, nhưng không để lại ấn tượng sâu sắc.",1812,596
11327346,275303555,4,Sách rất hay! Tôi đã học hỏi được nhiều điều mới mẻ từ các tác phẩm được giới thiệu.,1055,596
7668829,275303555,4,Nội dung hấp dẫn và được trình bày rõ ràng. Rất đáng để đọc một lần.,784,596
28288321,275303740,1,"Nội dung sách quá dài dòng và khó hiểu, không như tôi mong đợi.",1797,597
1507584,275303740,2,Có thông tin hay nhưng không đủ hấp dẫn để giữ chân tôi.,356,597
5325256,275303740,4,"Tác phẩm viết rất tốt, tôi đã học được nhiều điều mới.",501,597
21643875,275303775,1,Tôi thấy sách không có nhiều thông tin thú vị về chim.,1634,598
10729949,275303775,1,"Hình ảnh không rõ nét, không hấp dẫn như mong đợi.",1012,598
1085356,275303775,2,"Chỉ có vài loài chim nổi bật, chưa đủ đa dạng.",288,598
1555027,275303775,4,Sách cung cấp nhiều thông tin bổ ích và hình ảnh đẹp.,362,598
8856931,275304224,2,Cảm giác như tác giả đã cố gắng quá mức. Không thật sự thu hút.,896,599
8287398,275304224,3,"Nó không tồi, nhưng cũng không phải là một tác phẩm xuất sắc.",852,599
7904488,275304224,3,"Hành trình của Gulliver khá thú vị, nhưng còn nhiều điều thiếu sót.",816,599
13820622,275304224,4,Cuốn sách này khiến tôi suy nghĩ nhiều về xã hội và con người.,1226,599
1254867,275304232,1,Bìa đẹp nhưng nội dung thì quá tệ. Không phù hợp với lứa tuổi tôi.,313,600
1015306,275304232,1,"Nội dung không mang lại cảm xúc gì, thật sự không ấn tượng.",277,600
13521340,275304232,3,"Cuốn sách khá dễ đọc, nhưng không đủ để tôi muốn đọc lại.",1201,600
5560852,275304232,4,"Một cuốn sách ý nghĩa, gợi nhớ về những kỷ niệm đẹp thời thơ ấu.",543,600
6866048,275304232,4,"Nội dung gần gũi và dễ hiểu, rất phù hợp cho trẻ em.",706,600
28946266,275304273,1,Không có gì đặc sắc. Tôi mong đợi nhiều hơn từ một tác phẩm nổi tiếng.,1807,601
7772,275304273,3,"Cuốn sách có ý nghĩa, nhưng một số câu chuyện không đủ sâu sắc.",12,601
18191776,275304273,3,"Tôi thích một số nhân vật, nhưng câu chuyện vẫn thiếu chiều sâu.",1466,601
18137,275304273,4,Cuốn sách mang lại nhiều cảm xúc và bài học quý giá về thiên nhiên.,20,601
6711122,275304273,4,"Nội dung hay, dễ hiểu, tôi khuyên mọi người nên đọc.",686,601
29755269,275315147,1,"Mình thấy nội dung không phong phú, không gây ấn tượng.",1818,602
8456371,275315147,2,Sách có vài bài thơ hay nhưng tổng thể vẫn chưa đủ hấp dẫn.,866,602
15138177,275315147,2,Có vài phần hay nhưng nhìn chung vẫn chưa thỏa mãn.,1287,602
12733507,275315147,3,Nội dung tương đối ổn nhưng chưa đủ sâu sắc để lại ấn tượng.,1155,602
18998750,275315411,1,"Nội dung lặp đi lặp lại, không có sự phát triển. Không hài lòng với cuốn sách.",1502,603
11538569,275315411,2,Tôi nghĩ cuốn sách này có thể tốt hơn nếu được viết lại. Không ấn tượng.,1076,603
21025145,275315411,3,"Cuốn sách có vài điểm hay, nhưng vẫn thiếu sự hấp dẫn. Đọc tạm được.",1598,603
29023261,275330024,2,"Tôi mong đợi nhiều hơn từ cuốn sách này, nhưng không được.",1808,604
13820622,275330024,3,"Có một số ý tưởng tốt, nhưng chưa đủ để tạo ấn tượng mạnh.",1226,604
1862441,275330024,4,"Sách cung cấp nhiều thông tin bổ ích, giúp tôi nhận thức rõ hơn về bản thân.",404,604
27566433,275330024,4,"Nhiều ý tưởng thú vị, cuốn sách đáng để đọc cho những ai đang tìm kiếm động lực.",1773,604
1906693,275330024,4,"Sách viết dễ hiểu, có thể áp dụng trong cuộc sống hàng ngày.",413,604
12917525,275335019,1,"Không có gì mới mẻ, chỉ là những mẫu văn bản cơ bản.",1169,605
29583079,275335019,2,Mình thấy sách chưa đủ chi tiết và rõ ràng.,1816,605
5922782,275335019,4,Mình thấy sách khá hữu ích cho việc viết văn bản.,594,605
7329374,275335019,4,Cẩm nang này giúp mình rất nhiều trong công việc.,747,605
22906506,275360019,2,Cốt truyện có tiềm năng nhưng chưa được khai thác tốt. Cảm giác thiếu sự thuyết phục.,1697,606
1227152,275360019,3,Cuốn sách khá ổn nhưng không có điểm nhấn đặc biệt. Một trải nghiệm đọc vừa phải.,308,606
7430221,275360019,3,Câu chuyện có nhiều tình tiết thú vị nhưng vẫn chưa đủ hấp dẫn.,758,606
5682267,275360019,3,Cốt truyện có thể gây nghi ngờ nhưng cách giải quyết lại không thuyết phục.,561,606
5498876,275360019,4,Câu chuyện lôi cuốn và có nhiều bất ngờ thú vị. Đáng để đọc.,532,606
16420196,275360031,1,"Nội dung sách rất nhàm chán, không lôi cuốn chút nào.",1349,607
7882355,275360031,2,Câu chuyện có ý tưởng tốt nhưng thực hiện chưa tốt.,811,607
6763365,275360031,2,"Một số nhân vật không phát triển, khiến tôi không quan tâm.",693,607
5827839,275360031,2,"Có vài đoạn đáng chú ý, nhưng tổng thể vẫn không ấn tượng.",578,607
26180709,275360031,3,"Nội dung khá thú vị, nhưng có lúc hơi khó theo dõi.",1747,607
9840079,275360031,4,"Sách hấp dẫn, nhân vật phong phú và câu chuyện cuốn hút.",942,607
10644652,275360072,1,Tôi cảm thấy cuốn sách này thật sự không có giá trị. Nội dung rất mờ nhạt.,1008,608
5400608,275360072,1,Không có gì mới mẻ. Tôi đã thất vọng khi đọc xong.,514,608
8578353,275360072,1,Sách không đáp ứng được mong đợi. Không đáng để đọc.,875,608
22766307,275360072,3,"Cuốn sách ổn, nhưng không đủ sâu sắc để tôi thực sự ấn tượng.",1691,608
7532913,275360072,3,"Được, nhưng không có gì nổi bật. Có thể tìm thấy thông tin tương tự ở nơi khác.",769,608
777024,275360072,3,"Một cú chạm nhẹ vào vấn đề, nhưng không đủ sức thuyết phục.",225,608
756606,275360072,4,Tôi tìm thấy nhiều ý tưởng hữu ích từ cuốn sách này. Rất đáng đọc.,219,608
7815201,275360072,4,Cuốn sách này đã giúp tôi cải thiện dịch vụ trong công việc.,805,608
17574745,275360072,4,Một cuốn sách tốt cho những ai muốn nâng cao dịch vụ của mình.,1416,608
17197286,275360074,1,"Cốt truyện rối rắm, không thể theo dõi nổi.",1390,609
479578,275360074,2,"Đọc xong cảm giác hụt hẫng, không đáng đọc lại.",151,609
13561154,275360074,4,"Tôi rất thích cách xây dựng nhân vật, thật thú vị!",1209,609
16526,275362003,1,"Nội dung sơ sài, không đủ thông tin cần thiết. Rất thất vọng.",19,610
7669518,275362003,2,Sách có tiềm năng nhưng chưa làm tốt trong việc hướng dẫn.,786,610
1788729,275362003,3,Sách ổn nhưng cần thêm nhiều ví dụ cụ thể và rõ ràng hơn.,393,610
23398616,275362003,3,Hệ thống bài học tốt nhưng chưa thực sự hấp dẫn để học.,1710,610
1358463,275362003,4,"Nội dung phong phú, giúp người học dễ dàng tiếp cận chữ cái Nhật.",330,610
23153412,275362003,4,Rất thích cách trình bày và nội dung sách. Khuyến khích mọi người mua.,1707,610
23140062,275362019,2,Mình hy vọng nhiều hơn từ cuốn sách này. Nó không đáp ứng được kỳ vọng.,1705,611
484466,275362019,3,Sách có nội dung ổn nhưng thiếu sự sâu sắc. Có thể đọc nhưng không ấn tượng.,155,611
17708461,275362019,4,Sách mang đến nhiều kiến thức hay. Tôi rất thích cách tác giả truyền đạt.,1429,611
6301294,275362064,1,Tôi thất vọng vì không thể áp dụng kiến thức từ sách vào thực tế.,638,612
5466701,275362064,2,"Nội dung khá khô khan, không đủ hấp dẫn để giữ chân tôi.",526,612
22200075,275362064,4,"Tôi thích cách trình bày của tác giả, dễ hiểu và thú vị.",1663,612
14678435,275362084,1,Sách có vẻ chỉ dành cho những ai thích bi kịch vô lý. Tôi không ưng ý.,1267,613
8063224,275362084,2,"Một số phần hay, nhưng vẫn có nhiều chỗ thiếu logic và không thuyết phục.",829,613
1769314,275362084,2,Tôi không thể cảm nhận sâu sắc như mong đợi. Cảm thấy hơi nhạt nhẽo.,390,613
445345,275362084,4,"Một tác phẩm đẹp, mặc dù có một số chi tiết chưa thuyết phục lắm.",140,613
7052506,275362129,2,Nội dung có ý nghĩa nhưng cách trình bày chưa thuyết phục.,718,614
9439189,275362129,3,"Giọng văn hài hước, nhưng câu chuyện vẫn chưa gây ấn tượng mạnh.",920,614
28931600,275362129,4,"Cách kể chuyện hấp dẫn, làm tôi muốn đọc tiếp.",1806,614
1191294,275362135,1,Sách này thật sự không xứng đáng với thời gian tôi bỏ ra. Thất vọng!,304,615
65010,275362135,1,"Câu chuyện nhạt nhẽo, không có sức hấp dẫn. Tôi không thể đọc hết.",34,615
6602735,275362135,2,"Sách viết không mạch lạc, khó để theo dõi câu chuyện.",672,615
9782275,275362135,3,Câu chuyện có ý nghĩa nhưng chưa đủ sâu sắc. Trung bình.,936,615
5261797,275362135,4,"Câu chuyện đầy cảm xúc, dễ làm người đọc đồng cảm.",494,615
5205230,275362141,1,Mình rất thất vọng về cuốn sách này. Câu chuyện quá nhàm chán và không có chiều sâu.,485,616
28599255,275362141,1,"Sách không như mong đợi, nhân vật quá sáo rỗng và không đáng quan tâm.",1801,616
22320881,275362141,2,"Đọc mà thấy thiếu hấp dẫn, không có nhiều cảm xúc như mong đợi.",1667,616
21351313,275362141,2,Sách có vài đoạn thú vị nhưng tổng thể vẫn khá nhạt nhẽo.,1612,616
5227242,275362141,3,"Cốt truyện bình thường, nhưng có vài khoảnh khắc đáng nhớ.",489,616
8025008,275362141,3,"Sách tạm ổn, nhưng không để lại ấn tượng sâu sắc cho mình.",826,616
6714139,275362141,4,Cuốn sách khiến mình suy nghĩ nhiều về tình yêu và gia đình.,687,616
547234,275362141,4,"Tác phẩm này mang lại nhiều cảm xúc, mình rất thích phong cách viết.",169,616
5570085,275362165,2,"Có một vài ý tưởng hay, nhưng tổng thể vẫn chưa thuyết phục lắm.",547,617
5825655,275362165,2,Sách có một số điểm thú vị nhưng không đủ để thu hút tôi.,577,617
16184195,275362165,3,"Có vài ý tưởng hay, nhưng nhiều phần vẫn chưa rõ ràng lắm.",1334,617
12822742,275362165,3,Nó khá thú vị nhưng không đủ hấp dẫn để tôi muốn đọc lại.,1161,617
11250661,275362165,3,"Nội dung trung bình, có vài điểm đáng chú ý nhưng không nổi bật.",1049,617
8837112,275365185,1,Sách này thật sự không có gì nổi bật. Tôi cảm thấy mất thời gian khi đọc.,894,618
26032702,275365185,2,Có vài điểm hay nhưng nhìn chung không thuyết phục lắm.,1745,618
6519097,275365185,2,"Chỉ có vài đoạn hay, còn lại thì khá tẻ nhạt.",660,618
8255967,275365185,3,"Sách trung bình, có vài ý tưởng tốt nhưng cần cải thiện.",848,618
1234201,275365185,3,Nội dung ổn nhưng không đủ sâu sắc để lại ấn tượng.,310,618
17708461,275365185,3,"Tôi thấy sách này khá bình thường, không có gì nổi bật.",1429,618
18617192,275365185,4,"Nội dung tốt, tôi đã học hỏi được nhiều điều từ cuốn sách này.",1488,618
17449369,275365185,4,Thích cách viết và nội dung. Đáng để đọc.,1407,618
13157776,275380153,1,Sách không đáp ứng được kỳ vọng của tôi. Thật sự rất chán.,1184,619
14424624,275380153,4,"Sách rất hay, cung cấp nhiều thông tin bổ ích về Phật giáo.",1255,619
7373367,275380153,4,"Một cuốn sách đáng đọc, nội dung phong phú và sâu sắc.",751,619
25654,275380311,1,Không có giá trị thực tiễn. Rất thất vọng khi mua.,25,620
5601424,275380311,1,"Chất lượng kém, hình minh họa không rõ ràng, không thích.",550,620
1139332,275380311,3,"Có vài điểm hay, nhưng vẫn chưa đủ để hài lòng.",297,620
11327346,275380311,4,"Hình minh họa sinh động, thông tin hữu ích và thực tế.",1055,620
18091957,275380311,4,Một cuốn sách cần có cho các bậc phụ huynh và con cái.,1449,620
5506267,275381348,2,"Một số phần trong sách khá thú vị, nhưng không đủ để giữ sự chú ý của tôi.",535,621
628546,275381348,2,"Tôi kỳ vọng nhiều hơn, nhưng nội dung không đủ sâu sắc.",189,621
17195185,275381348,2,Sách có ý tưởng hay nhưng cách trình bày quá khó tiếp cận.,1389,621
7329204,275381348,3,"Có vài phần khá thú vị, nhưng nội dung cần được phát triển thêm.",746,621
21894993,275381348,4,"Sách mang lại nhiều kiến thức mới mẻ về nước, tôi rất thích!",1645,621
17616385,275381348,4,"Một quyển sách thú vị, làm tôi suy nghĩ nhiều về nước.",1418,621
10644652,275381348,4,"Tôi rất ấn tượng với cách trình bày, kiến thức phong phú.",1008,621
17770169,275396620,2,Cuốn sách có vài điểm sáng nhưng tổng thể vẫn chưa thuyết phục lắm.,1432,622
19300093,275396620,3,Cuốn sách ổn nhưng không đủ để lại ấn tượng lâu dài.,1518,622
19941675,275396620,4,"Cuốn sách rất hay, nhiều ý tưởng mới mẻ và thực tiễn.",1556,622
5549816,275396620,4,"Một cuốn sách thú vị, đã mở ra nhiều góc nhìn mới cho tôi.",541,622
17574745,275396641,1,Không phù hợp với mong đợi của mình. Viết quá dài dòng.,1416,623
17157209,275396641,2,"Kiến thức văn hóa thì có, nhưng cách truyền tải không hiệu quả.",1386,623
317050,275396641,3,"Cuốn sách bình thường, có vài chỗ hay nhưng chưa đủ hấp dẫn.",104,623
16777770,275396641,4,"Tác giả viết rất sinh động, cảm giác như mình đang ở Nhật.",1365,623
19550380,275396669,1,"Rất khó hiểu và không thực tế, tôi không khuyên đọc.",1535,624
8312739,275396669,2,Nội dung có một số điểm hay nhưng không đủ sâu sắc.,857,624
18294861,275396669,3,"Có ích trong một số vấn đề, nhưng không hoàn toàn thuyết phục.",1474,624
1880715,275396669,4,"Sách hữu ích, cung cấp nhiều kiến thức cho phụ huynh.",408,624
7772,275396669,4,Rất tốt cho những ai đang nuôi dạy trẻ nhỏ.,12,624
10133786,275397974,2,"Một vài câu chuyện có thể chạm đến trái tim, nhưng nhìn chung, không đủ hấp dẫn.",971,625
13324247,275397974,2,Sách có ý tưởng hay nhưng cách thể hiện lại không thu hút.,1190,625
1968632,275397974,2,Tôi cảm thấy cuốn sách này hơi dài dòng và thiếu sức hấp dẫn.,421,625
17352605,275397974,3,"Cuốn sách khá ổn, nhưng một số câu chuyện hơi nhàm chán.",1400,625
10945522,275398054,1,"Nội dung nhạt nhẽo, không gây được ấn tượng cho tôi.",1028,626
20666204,275398054,1,Tôi không hiểu vì sao sách lại được đánh giá cao như vậy.,1589,626
1438601,275398054,4,"Nhiều câu chuyện truyền cảm hứng, giúp tôi có cái nhìn tích cực hơn.",347,626
26032702,275398054,4,"Một quyển sách đáng đọc, rất nhiều bài học quý giá.",1745,626
10131584,275398080,1,"Sách không có gì mới mẻ, chỉ là những ý tưởng cũ kỹ. Tôi thất vọng.",970,627
6469736,275398080,2,Một số chương khá nhàm chán. Tôi kỳ vọng nhiều hơn.,655,627
11041481,275398080,3,Một số phần hay nhưng không có gì nổi bật. Có thể đọc nếu rảnh.,1038,627
18369974,275398088,1,Không thấy được giá trị gì từ những câu chuyện trong sách. Thật sự không đáng để đọc.,1479,628
7234158,275398088,2,Nội dung không thực sự cuốn hút và thiếu sự liên kết. Chỉ có vài điểm sáng.,739,628
6176902,275398088,2,"Mặc dù có ý nghĩa, nhưng không đủ sâu sắc để lại ấn tượng.",624,628
14595628,275398088,3,"Một số câu chuyện khá thú vị, nhưng có phần nhàm chán. Trung bình.",1263,628
29442430,275398088,3,"Sách mang lại vài bài học, nhưng không thực sự sâu sắc như tôi kỳ vọng.",1815,628
28240391,275398088,3,"Có những câu chuyện chạm đến cảm xúc, nhưng không đủ để gây ấn tượng mạnh.",1796,628
11000321,275398088,4,"Tôi đã học được nhiều điều từ cuốn sách, thực sự đáng đọc.",1036,628
6763365,275398451,1,Tôi rất thất vọng với cuốn sách này. Nội dung không có gì hấp dẫn.,693,629
6564392,275398451,3,Cuốn sách khá ổn nhưng không có gì đặc biệt.,666,629
24558734,275398451,3,"Một cuốn sách trung bình, không gây ấn tượng mạnh.",1729,629
2201942,275398451,4,"Sách rất hay, mở ra nhiều điều mới mẻ cho tôi.",466,629
7674687,275398451,4,"Một tác phẩm thú vị, tôi sẽ giới thiệu cho bạn bè.",790,629
11000321,275398503,1,Sách không thực sự cung cấp kiến thức mới. Thất vọng!,1036,630
12338467,275398503,2,"Nội dung khá tẻ nhạt, không gây hứng thú cho tôi.",1129,630
867877,275398503,3,Sách có thể giúp ích nhưng không phải là điều cần thiết.,250,630
1234201,275398503,4,"Cách viết hấp dẫn, nhiều thông tin bổ ích cho công việc.",310,630
7684023,275398518,1,Thật sự thất vọng! Không có thông tin nào hữu ích cho công việc của tôi.,792,631
28700659,275398518,2,Một số ý tưởng có thể áp dụng nhưng không đủ thuyết phục để làm tôi ấn tượng.,1802,631
19407471,275398518,4,"Tôi khá ấn tượng với cách tác giả trình bày, dễ tiếp cận và thực tế.",1524,631
1658568,275398527,1,"Nội dung lặp đi lặp lại, không có giá trị thực tế.",379,632
7371448,275398527,1,"Hy vọng nhiều nhưng lại quá tệ, không khuyên đọc.",750,632
19683980,275398527,2,Tôi không cảm thấy hài lòng với nội dung của sách.,1543,632
17687102,275398527,3,"Sách có nhiều kiến thức cơ bản, nhưng thiếu chiều sâu.",1426,632
1015306,275398531,1,Tôi thấy cuốn sách này rất khó hiểu và không thực sự có giá trị. Thất vọng!,277,633
22093998,275398531,1,Quyền lực mới? Tôi không thấy điều gì mới trong cuốn sách này.,1659,633
15905220,275398531,1,Đọc xong mà vẫn cảm thấy mơ hồ về vấn đề được trình bày. Rất thất vọng.,1315,633
7206485,275398531,3,"Đọc cũng được, nhưng không để lại ấn tượng mạnh mẽ cho tôi.",736,633
791063,275398531,3,Cuốn sách có những ý tưởng hay nhưng thiếu đi sự kết nối.,230,633
9046230,275398531,3,"Tôi thấy cuốn sách khá ổn, nhưng vẫn có thể cải thiện hơn.",908,633
2122740,275398549,2,Nhiều phần không phù hợp với thực tế sinh viên Việt Nam.,453,634
13570863,275398549,2,"Có một vài điểm sáng, nhưng chưa đủ để tôi cảm thấy hài lòng.",1210,634
18868123,275398549,4,"Cuốn sách rất hữu ích, cung cấp nhiều thông tin cần thiết cho sinh viên.",1498,634
733427,275398549,4,Nó giúp tôi có cái nhìn rõ hơn về thị trường lao động hiện tại.,214,634
573794,275398596,1,Tôi rất thất vọng với cuốn sách này. Nội dung không mới mẻ và không hữu ích.,175,635
21894993,275398596,1,Không thể hiểu tại sao sách lại được đánh giá cao. Rất khó đọc và không thực tế.,1645,635
9614591,275398596,2,Sách có một số thông tin hữu ích nhưng không đủ sâu sắc.,921,635
27283664,275398596,2,"Chưa thực sự ấn tượng, có thể tìm thấy thông tin tương tự ở nơi khác.",1766,635
1840437,275398596,3,"Nội dung có một số điểm sáng, nhưng vẫn còn thiếu sót.",400,635
12995689,275398596,4,Cuốn sách này giúp tôi nhìn nhận lại cách làm việc nhóm của mình.,1175,635
197282,275398596,4,Một cuốn sách tuyệt vời cho những ai muốn cải thiện kỹ năng làm việc nhóm.,77,635
776854,275399124,1,"Quá nhiều lý thuyết, không có ứng dụng thực tế.",224,636
222025,275399124,1,"Mất thời gian, không đáng để đọc.",86,636
174222,275399124,2,Có vài ý tưởng hay nhưng vẫn chưa đủ thuyết phục.,67,636
517945,275399124,2,"Nội dung không hấp dẫn, không thuyết phục.",161,636
19358343,275399124,3,Có vài phần thú vị nhưng vẫn cần cải thiện nhiều.,1522,636
921336,275399124,3,"Chưa thực sự ấn tượng, cần thêm ví dụ cụ thể.",264,636
11875205,275399124,4,"Cách trình bày dễ hiểu, kiến thức bổ ích cho quản lý.",1098,636
12763099,275399168,1,"Nội dung nhạt nhẽo, không truyền cảm hứng cho tôi. Không khuyên đọc.",1156,637
10891478,275399168,2,Một số ý tưởng khá thú vị nhưng nhiều phần khó hiểu. Không như mong đợi.,1022,637
5452780,275399168,2,Nội dung có phần nông cạn và không đủ sâu sắc. Có nhiều điểm không thuyết phục.,523,637
8028768,275399168,3,Cuốn sách cung cấp nhiều suy nghĩ thú vị nhưng chưa đủ sâu sắc cho tôi.,827,637
1219820,275399196,1,Thất vọng! Sách không mang lại giá trị nào cho tôi.,305,638
289700,275399196,1,Tôi không thể đọc nổi hết cuốn sách này.,97,638
19652604,275399196,2,"Nội dung không rõ ràng, khó theo dõi.",1539,638
9148321,275399196,4,Một cuốn sách đáng đọc cho những ai yêu triết học.,918,638
17790721,275399233,1,Quá tệ! Câu chuyện không có logic và nhân vật chính rất nhạt nhẽo.,1435,639
289700,275399233,1,Không thể tin nổi đây là một cuốn sách. Mọi thứ đều quá phi lý.,97,639
15912867,275399233,1,Tôi thất vọng với nội dung. Không có thông điệp gì giá trị.,1318,639
7068125,275399233,2,Cuốn sách không gây được ấn tượng mạnh. Hơi thất vọng.,721,639
672386,275399233,2,"Tôi cảm thấy câu chuyện hơi nhạt nhẽo, không cuốn hút.",205,639
251974,275399233,3,"Một cuốn sách giải trí tạm ổn, nhưng vẫn còn nhiều điều cần cải thiện.",90,639
13136773,275399233,4,"Một câu chuyện độc đáo, phong cách viết hài hước và dễ đọc.",1182,639
2922,275399233,4,"Một cuốn tiểu thuyết thú vị, có thể mang lại nhiều suy ngẫm.",5,639
585279,275399265,1,"Không có giá trị thực tiễn, mình không thấy hứng thú.",177,640
184048,275399265,1,"Cuốn sách này chỉ là lý thuyết, không thực sự giúp ích cho tôi.",70,640
22911273,275399265,2,"Nội dung chưa sâu sắc, mình mong đợi nhiều hơn.",1698,640
7033908,275399265,2,Một số phần thú vị nhưng vẫn chưa ấn tượng.,714,640
26416478,275399265,4,"Đáng đọc, cuốn sách truyền cảm hứng cho thế hệ trẻ.",1750,640
1476167,275399265,4,"Rất nhiều thông tin hữu ích, mình cảm thấy tự tin hơn.",352,640
7588129,275399276,1,Tôi thực sự thất vọng với cuốn sách này. Không có thông tin gì mới mẻ.,775,641
22769957,275399276,1,"Nội dung khô khan, khó hiểu. Tôi không thể đọc hết.",1692,641
5801759,275399276,1,Tôi không thấy cuốn sách này có giá trị gì cả. Rất thất vọng.,572,641
1403964,275399276,3,"Đọc cũng được, nhưng không phải là một tác phẩm xuất sắc.",339,641
6584622,275399276,4,Cuốn sách rất thú vị và chứa nhiều thông tin hữu ích.,668,641
6520123,275399276,4,"Một cuốn sách đáng đọc, nhiều ý tưởng thú vị về công nghệ.",661,641
7197095,275399278,2,Một số ý tưởng khá thú vị nhưng không đủ sâu sắc để thực sự thay đổi.,734,642
9060811,275399278,2,Ghi chép nhiều nhưng vẫn không giải quyết được vấn đề cốt lõi.,910,642
18092180,275399278,2,"Đọc không thấy có động lực gì, không đủ hấp dẫn.",1450,642
2045268,275399278,3,Nội dung ổn nhưng còn nhiều điểm cần cải thiện để dễ tiếp cận hơn.,439,642
8657851,275399278,3,Nội dung ổn nhưng cần thêm ví dụ thực tế để dễ hiểu.,882,642
10787415,275399278,4,"Sách rất có giá trị, giúp tôi nhận diện nỗi sợ và cách vượt qua.",1014,642
17907906,275399278,4,Cuốn sách đã giúp tôi nhiều trong việc đối diện với nỗi sợ.,1441,642
20791403,275399306,1,Rất thất vọng với cuốn sách này. Không có gì mới mẻ và không thực sự giúp ích cho sức khỏe.,1595,643
9705751,275399306,1,"Nội dung nhạt nhẽo, không được sắp xếp hợp lý. Tôi không khuyến nghị cuốn sách này.",926,643
168271,275399306,2,"Sách có một số thông tin hữu ích, nhưng vẫn thiếu nhiều chi tiết cần thiết.",65,643
1366230,275399306,3,"Sách khá cơ bản, nhưng vẫn đáng để tham khảo nếu bạn mới bắt đầu tìm hiểu.",334,643
27139409,275399306,3,"Một cuốn sách tạm ổn, nhưng cần nhiều thông tin hơn để thực sự hữu ích.",1764,643
5165462,275399306,4,Tôi khá hài lòng với nội dung sách. Có nhiều kiến thức bổ ích cho người mới.,478,643
13757755,275399306,4,"Một cuốn sách tốt, mang lại nhiều thông tin hữu ích cho người quan tâm đến sức khỏe.",1224,643
26549453,275406606,1,Sách không đáp ứng được nhu cầu của tôi. Những thông tin rất chung chung.,1753,644
11530409,275406606,1,Đọc xong mà vẫn thấy mông lung. Không có hướng dẫn cụ thể.,1075,644
1174165,275406606,2,"Sách có vài điểm thú vị, nhưng không đủ để giữ được sự chú ý.",301,644
14948368,275406606,3,"Có một vài mẹo hữu ích, nhưng không đủ nổi bật để tôi áp dụng ngay.",1277,644
787970,275406606,3,"Sách cung cấp thông tin cơ bản, nhưng không mang lại nhiều giá trị thực tiễn.",229,644
5732660,275406606,4,Cuốn sách này đã giúp tôi nâng cao kỹ năng giao tiếp của mình.,565,644
21560503,275550084,1,"Tôi cảm thấy sách này chỉ toàn là những điều bi thương, không có gì hay ho.",1627,645
445345,275550084,1,Đọc xong chỉ thấy nặng nề trong lòng. Không thích chút nào.,140,645
11570394,275550084,3,"Sách có ý nghĩa, nhưng nhiều lúc tôi cảm thấy nặng nề khi đọc.",1077,645
1126424,275550084,3,"Một số câu chuyện rất cảm động, nhưng không phải lúc nào cũng dễ tiếp nhận.",294,645
6128989,275550084,4,"Cuốn sách rất sâu sắc, nhiều bài học quý giá, nhưng khá nặng nề.",620,645
603239,275550085,2,"Cảm thấy nội dung hơi nhàm chán, không giữ được sự chú ý.",183,646
5300273,275550085,2,Mình đã thử một vài công thức nhưng không thấy hiệu quả lắm.,496,646
11697903,275550085,2,Sách có thông tin hay nhưng thiếu sự hướng dẫn chi tiết.,1085,646
15127736,275550085,3,"Cuốn sách khá tốt, nhưng mình mong muốn thêm nhiều công thức hơn.",1286,646
7177399,275550085,3,"Có một số điểm hay, nhưng cũng nhiều phần không cần thiết.",730,646
6335161,275550085,4,"Cuốn sách cung cấp nhiều công thức bổ ích, mình đã thử vài món.",643,646
10014470,275550085,4,"Nội dung dễ hiểu, giúp mình có thêm động lực ăn uống lành mạnh.",960,646
12822742,275550085,4,"Sách hay, với nhiều công thức dễ thực hiện, phù hợp cho gia đình.",1161,646
190682,275596328,2,Nó chỉ dừng lại ở lý thuyết mà không có ứng dụng thực tiễn nào.,75,647
20026042,275596328,3,"Cuốn sách cung cấp thông tin cơ bản về hạnh phúc, nhưng không sâu sắc lắm.",1561,647
442758,275596328,4,Cuốn sách mang lại nhiều góc nhìn thú vị về hạnh phúc mà tôi chưa nghĩ tới.,139,647
16823139,275596328,4,Một cuốn sách đáng đọc với nhiều bài học quý giá về hạnh phúc.,1369,647
7244713,275617546,1,Tôi không thấy cuốn sách này có gì đặc biệt. Thực sự thất vọng.,741,648
5799680,275617546,1,"Mặc dù có nhiều người khen, nhưng tôi không thấy cuốn sách này có giá trị.",571,648
2144178,275617546,1,Đọc xong mà chẳng thu hoạch được gì. Rất ngán ngẩm.,457,648
6697480,275617546,2,"Nội dung không mới lạ, có vẻ như không phù hợp với tôi.",685,648
29814242,275715872,1,Sách không đáp ứng được kỳ vọng của tôi. Nội dung khá khó hiểu và không có nhiều thông tin hữu ích.,1820,649
137413,275715872,2,Nội dung có vẻ thú vị nhưng cách trình bày thì kém hấp dẫn. Tôi không bị cuốn hút.,57,649
2205920,275715872,2,Cuốn sách có một số ý tưởng hay nhưng cần được phát triển hơn.,467,649
8152199,275715872,3,Sách có thông tin hữu ích nhưng cách trình bày chưa thu hút. Cần cải thiện.,841,649
8152199,275783010,1,Tôi không tìm thấy gì hữu ích trong cuốn sách này. Nội dung rất khó hiểu.,841,650
17386788,275783010,1,Thất vọng hoàn toàn! Không có thông tin mới mẻ nào cả.,1402,650
6564392,275783010,1,"Tôi đã mong đợi nhiều hơn từ tác giả, nhưng cuốn sách này thật tệ.",666,650
15688482,275783010,2,Có vài ý tưởng hay nhưng không đủ sâu sắc để thuyết phục tôi.,1311,650
13757755,275783010,4,"Tôi thích những ý tưởng trong cuốn sách này, rất thực tế.",1224,650
989856,275783010,4,"Một cuốn sách đáng đọc, nó đã giúp tôi cải thiện tâm trạng.",272,650
876876,275853495,1,Tôi không thấy cuốn sách này có ích gì. Nội dung rất nhàm chán.,254,651
8522260,275853495,1,Thực hành không thực tế và khó áp dụng vào cuộc sống hàng ngày.,871,651
8370013,275853495,1,Tôi đã mong chờ nhiều hơn từ cuốn sách này nhưng thất vọng hoàn toàn.,860,651
20539475,275853495,2,Có một vài ý tưởng hay nhưng hầu hết đều không thực tế.,1579,651
16442791,275853495,2,"Tôi đã hy vọng cuốn sách này sẽ giúp ích, nhưng không như mong đợi.",1351,651
6524403,275853495,3,"Cuốn sách có những điểm sáng, nhưng cũng nhiều phần chưa thuyết phục.",662,651
476294,275853495,3,Đọc để tham khảo nhưng không có gì nổi bật.,150,651
6485682,275853495,3,Tôi học được một số điều mới nhưng vẫn chưa đủ.,656,651
24836137,275853495,4,"Cuốn sách này giúp tôi cải thiện tư duy, khá hữu ích.",1733,651
10901832,275853503,1,Tôi rất thất vọng với quyển sách này. Nội dung không có gì mới mẻ.,1023,652
19816851,275853503,1,Không thể hiểu nổi ý tưởng của tác giả. Quá tệ!,1552,652
5749522,275853503,3,Nội dung khá ổn nhưng vẫn còn thiếu đi sự hấp dẫn.,566,652
2195147,275853503,4,Sách giúp tôi cải thiện sự tập trung và năng lượng.,463,652
227195,275853530,1,Tôi rất thất vọng với cuốn sách này. Nó không cung cấp thông tin gì mới mẻ.,87,653
5967957,275853530,1,Thực sự không hiểu tại sao cuốn sách lại được khen ngợi.,598,653
11458517,275853530,2,"Cuốn sách không như mong đợi, kiến thức còn hời hợt.",1065,653
8132192,275853530,2,"Cảm giác như chỉ lướt qua vấn đề, không đi sâu vào.",837,653
8130585,275853530,3,"Một số phần của sách khá hay, nhưng chưa đủ hấp dẫn.",836,653
9139514,275905369,2,"Mặc dù có một số ý tưởng tốt, nhưng sách vẫn chưa đủ thuyết phục.",917,654
22285919,275905369,2,"Một số phần khá tẻ nhạt, không thu hút được sự chú ý.",1666,654
17449369,275905369,3,"Cuốn sách tạm ổn, có vài ý tưởng thú vị nhưng chưa sâu.",1407,654
5597859,275905369,3,"Nội dung có giá trị, nhưng cần được mở rộng thêm.",549,654
22414987,275905369,4,"Nội dung rất hữu ích, giúp tôi hiểu rõ hơn về ngôn ngữ cảm xúc.",1671,654
6562054,275905369,4,Tôi thích cách trình bày và những ví dụ trong sách.,665,654
62953,276003343,1,Nhiều bài học nghe rất sáo rỗng và không thực tế.,33,655
6512083,276003343,2,Một số bài học có ý nghĩa nhưng không đủ sâu sắc.,658,655
5251673,276003343,2,Cuốn sách không truyền cảm hứng như tôi mong đợi.,491,655
8316515,276003343,3,"Sách có một số bài học hay, nhưng không đặc sắc.",858,655
5217268,276003343,3,"Đọc cũng được, nhưng không để lại ấn tượng lâu dài.",487,655
23396541,276003343,4,Tôi cảm thấy được truyền cảm hứng từ những câu chuyện.,1709,655
30171493,276079777,2,Sách viết không rõ ràng và khó hiểu ở một số chỗ.,1825,656
162669,276079777,3,"Đọc được, nhưng tôi mong đợi nhiều hơn từ cuốn sách này.",63,656
11141734,276079777,4,Cuốn sách rất hữu ích cho người mới bắt đầu tìm hiểu về định cư.,1040,656
26606984,276079777,4,"Tôi rất thích phần bảng so sánh, giúp tôi dễ dàng hơn trong việc lựa chọn.",1755,656
19371423,276079799,1,"Tôi thấy cuốn sách này rất nhàm chán, không có thông tin gì mới mẻ.",1523,657
335209,276079799,1,"Không thể hiểu nổi tại sao mọi người lại khen cuốn sách này, thật thất vọng.",114,657
5601424,276079799,1,"Nội dung quá đơn giản, không thực sự hướng dẫn gì cho tôi.",550,657
1038732,276079799,1,Tôi không tìm thấy giá trị gì từ cuốn sách này.,279,657
357419,276079799,2,"Một số ý tưởng hay, nhưng nhiều phần lại quá chung chung.",120,657
17691148,276079799,2,"Có vài điểm hữu ích, nhưng không đủ để tôi cảm thấy thỏa mãn.",1428,657
1038652,276079799,2,"Cuốn sách khá tẻ nhạt, không gây được hứng thú cho tôi.",278,657
15785982,276079799,2,Nội dung không đủ sâu sắc để tạo ảnh hưởng lớn đến tôi.,1312,657
12896341,276079799,3,Nội dung có ích nhưng chưa đủ để tôi cảm thấy hài lòng.,1165,657
2201250,276246242,2,Có vài ý tưởng hay nhưng không đủ sâu sắc để áp dụng.,465,658
18845440,276246242,3,"Sách có vài điểm hay, nhưng cũng không có gì đột phá.",1496,658
28726553,276246242,3,Nội dung tương đối ổn nhưng cần nhiều ví dụ thực tiễn hơn.,1803,658
21253813,276246242,3,"Cảm thấy cuốn sách khá bình thường, không thật sự ấn tượng.",1608,658
1438407,276246242,3,"Có thể tham khảo, nhưng không phải là cuốn sách tôi sẽ đọc lại.",346,658
8316515,276329574,1,Rất khó để theo dõi ý tưởng chính. Tôi không cảm thấy có động lực sau khi đọc.,858,660
124036,276329574,2,Nội dung khá kém và thiếu chiều sâu. Tôi mong đợi nhiều hơn từ cuốn sách này.,53,660
1964416,276329574,2,Cuốn sách này không mang lại cho tôi cảm hứng như tôi mong đợi. Có thể tìm kiếm thứ khác tốt hơn.,420,660
9928568,276329574,3,"Nội dung tạm ổn, nhưng tôi vẫn cảm thấy thiếu một số thông tin quan trọng.",953,660
777784,276329574,4,"Rất nhiều suy nghĩ tích cực, cuốn sách này đã giúp tôi nhìn nhận cuộc sống khác hơn.",226,660
20634396,276329574,4,Một cuốn sách tốt cho những ai tìm kiếm sự tích cực trong cuộc sống. Tôi rất thích.,1585,660
17186098,276344664,1,Cuốn sách này thật sự khiến tôi thất vọng. Nội dung quá nhàm chán và không có điểm nhấn.,1388,661
7203061,276344664,2,Nội dung có ý nghĩa nhưng cách viết không thu hút. Tôi không thích lắm.,735,661
9921244,276344664,2,Tôi thấy hơi thất vọng. Câu chuyện chưa đủ hấp dẫn để giữ chân tôi.,952,661
6201752,276344664,4,"Cuốn sách rất hay, mang lại nhiều cảm xúc và bài học quý giá.",626,661
18332696,276344664,4,Tôi thích cuốn sách này vì nó truyền tải thông điệp tốt đẹp và cảm động.,1476,661
23953,276344664,4,"Một tác phẩm đáng đọc, nội dung sâu sắc và ý nghĩa.",23,661
15281672,276384308,1,Mình rất thất vọng với cuốn sách này. Không có gì mới mẻ và không giúp ích gì cho tôi.,1294,662
17313427,276384308,1,"Nội dung quá sơ sài, không đem lại cảm hứng hoặc hiểu biết gì cho tôi.",1397,662
6226020,276384308,2,Mình mong đợi nhiều hơn từ cuốn sách này. Cảm giác chưa đủ sâu sắc.,627,662
17404524,276384308,3,"Cuốn sách khá bình thường, không có gì nổi bật nhưng cũng không tệ.",1405,662
14711233,276385533,2,"Tôi thấy một số phần hữu ích, nhưng tổng thể quá chung chung và không đi sâu.",1268,663
21145599,276385533,3,"Cuốn sách có một số ý tưởng hay, nhưng vẫn chưa đủ sâu sắc để tôi cảm thấy hài lòng.",1602,663
22500606,276385533,3,"Tôi tìm thấy vài ý tưởng thú vị, nhưng không thực sự tạo ra sự thay đổi nào cho tôi.",1677,663
2195147,276385533,4,Một cuốn sách tuyệt vời! Nó giúp tôi nhìn nhận lại cuộc sống và tìm kiếm sự cân bằng.,463,663
7781198,276385533,4,Tôi thích cách tác giả diễn đạt những ý tưởng về sự cân bằng trong cuộc sống.,802,663
13634560,276388833,1,Tôi cảm thấy cuốn sách này không có giá trị thực sự. Nội dung nhạt nhẽo và không truyền cảm hứng.,1215,664
10998872,276388833,2,"Có vài câu hay, nhưng nhìn chung không đủ để giữ chân tôi.",1035,664
6584622,276388833,3,"Tôi cảm thấy sách chỉ ở mức trung bình, không có gì nổi bật.",668,664
18106501,276388833,4,Cuốn sách mang lại nhiều cảm hứng tích cực và động lực cho tôi.,1454,664
6602742,276388833,4,"Nhiều câu trích dẫn hay, giúp tôi nhìn nhận cuộc sống từ một góc độ khác.",673,664
11360162,276388833,4,"Rất thích cách tác giả truyền đạt ý tưởng, dễ hiểu và gần gũi.",1058,664
342437,276489572,1,Tôi thấy sách này khá nhàm chán và không có cảm hứng để đọc.,115,665
20629555,276489572,1,"Nội dung không sâu sắc, không giúp ích gì cho tôi cả.",1584,665
13521340,276489572,2,"Sách có vài ý tưởng hay, nhưng không đủ để giữ chân người đọc.",1201,665
6469736,276489572,2,"Tôi mong đợi nhiều hơn từ cuốn sách này, nhưng chỉ thấy bình thường.",655,665
551223,276489572,4,"Tôi thấy sách này khá tốt, nhiều bài học thiết thực cho sự nghiệp.",171,665
9038444,276489572,4,"Nội dung rõ ràng và dễ hiểu, phù hợp cho nhiều đối tượng.",907,665
5922782,276489572,4,"Chất lượng viết tốt, có nhiều ý tưởng đáng suy ngẫm.",594,665
7191733,276508562,1,Quá nhiều lý thuyết mà không có thực hành. Tôi không thích.,733,666
6119623,276508562,2,Nội dung không được mạch lạc và khó theo dõi. Tôi không ấn tượng lắm.,618,666
876876,276508562,3,"Sách có thể giúp ích cho một số người, nhưng không phải cho tôi.",254,666
16526,276508562,4,Tôi thấy cuốn sách này khá hay và có ý nghĩa. Rất đáng đọc.,19,666
12547482,276509010,1,"Quá khô khan và khó hiểu, không như mong đợi.",1144,667
15138177,276509010,1,"Sách không có gì mới mẻ, chỉ là lặp lại kiến thức cơ bản.",1287,667
9439189,276509010,2,"Hơi khó tiếp cận, không phù hợp với những người mới.",920,667
13008421,276509010,4,"Rất đáng đọc, giúp mình tư duy logic hơn.",1177,667
22404128,276509016,1,"Nội dung lộn xộn, khó hiểu. Không đạt kỳ vọng.",1669,668
12763099,276509016,2,Nhiều phần không thực sự hữu ích cho tôi.,1156,668
180794,276509016,2,Văn phong dễ đọc nhưng nội dung hơi nông.,69,668
6034280,276509016,2,Chưa đáp ứng được nhu cầu tìm hiểu của tôi.,608,668
809440,276509016,3,"Không tệ, nhưng tôi mong đợi nhiều hơn.",236,668
632189,276509016,4,"Chất lượng nội dung tốt, đáng để đọc.",193,668
27119748,276509022,2,Tôi nghĩ sách có thể tốt hơn nếu có nhiều ví dụ cụ thể hơn.,1763,669
2227518,276509022,2,"Nội dung không thực sự nổi bật, nhiều phần lặp lại và thiếu chiều sâu.",469,669
20634396,276509022,3,"Được, nhưng vẫn chưa đủ để tôi cảm thấy thú vị và muốn đọc lại.",1585,669
21969937,276509022,4,Một cuốn sách rất truyền cảm hứng với nhiều bài học quý giá cho người trẻ.,1650,669
1970253,276509022,4,Tôi thích cách tác giả chia sẻ kinh nghiệm và bài học từ cuộc sống.,423,669
12923300,276653741,1,Tôi không hiểu ý nghĩa của cuốn sách này. Nó thật sự quá khó để theo dõi.,1170,670
22686806,276653741,1,Cuốn sách này chưa đáp ứng được mong đợi của tôi. Rất chán.,1687,670
27677383,276653741,3,"Một số phần thú vị, nhưng còn nhiều chỗ cần cải thiện.",1778,670
1181258,276653741,3,"Cuốn sách không tệ, nhưng không để lại ấn tượng sâu sắc.",302,670
21494737,276653743,2,"Nội dung sách có vài điểm hay, nhưng vẫn thiếu sự thu hút.",1623,671
2144178,276653743,3,"Sách khá ổn, nhưng không để lại ấn tượng sâu sắc.",457,671
23085503,276833377,1,Quá nhiều lý thuyết mà không có ứng dụng thực tế. Không đáng mua.,1703,672
7022008,276833377,3,"Cuốn sách khá ổn, nhưng có nhiều điểm cần cải thiện hơn nữa.",713,672
18121881,276833377,3,Có một số bài học thú vị nhưng không đủ để gây ấn tượng mạnh.,1457,672
7854826,276833377,4,Có nhiều thông điệp ý nghĩa. Tôi thấy mình được truyền động lực.,807,672
19181736,276841585,1,Tôi cảm thấy cuốn sách này không có giá trị gì. Nội dung nhạt nhẽo và thiếu sâu sắc.,1511,673
19514139,276841585,2,Tôi không tìm thấy nhiều giá trị trong cuốn sách này. Chưa đủ sâu sắc.,1533,673
9625284,276841585,2,"Có nhiều ý tưởng tốt, nhưng cách truyền đạt không hấp dẫn.",922,673
8814339,276841585,4,"Cuốn sách mang lại động lực và cảm hứng cho người đọc, tôi đã học được nhiều.",892,673
19921685,276849052,1,"Thông điệp không rõ ràng, không hề hữu ích.",1554,674
5699693,276849052,1,"Nội dung nhạt nhẽo, không có giá trị thực tiễn.",563,674
22130171,276849052,2,"Chỉ có vài điểm tốt, nhưng chưa đủ để thuyết phục.",1660,674
15258656,276849052,3,"Sách bình thường, có thể đọc nếu bạn không có gì làm.",1293,674
484466,276849052,3,"Một số phần thú vị, nhưng còn nhiều chỗ cần cải thiện.",155,674
13198286,276921576,1,Tôi thất vọng với cuốn sách này. Thông tin không có gì mới mẻ và rất khó hiểu.,1185,675
6806570,276921576,1,Không thấy được lợi ích nào từ cuốn sách này. Quá thất vọng!,699,675
1481082,276921576,2,Cuốn sách có vài điểm hay nhưng tổng thể không thuyết phục lắm.,353,675
13211321,276921576,2,"Nhiều phần khó hiểu, tôi mong đợi nhiều hơn từ một tác giả nổi tiếng.",1186,675
10958377,276921576,3,Nội dung khá thú vị nhưng không có nhiều điều mới mẻ.,1029,675
20738505,276921576,3,"Tôi đã học được vài điều, nhưng không phải tất cả đều áp dụng được.",1593,675
14424624,276921576,4,"Cuốn sách rất hay, giúp tôi hiểu hơn về bản thân và hào quang.",1255,675
13521369,276921576,4,"Một cuốn sách thú vị, giúp tôi nhận ra sự độc đáo của bản thân.",1202,675
18094759,276921578,1,Tôi thật sự thất vọng với cuốn sách này. Nó không mang lại bất kỳ giá trị nào cho tôi.,1452,676
12781004,276921578,1,"Nội dung rất nhạt nhẽo, không có bất kỳ cảm hứng nào như tôi mong đợi.",1157,676
6288926,276921578,2,"Có vài ý tưởng hay, nhưng tổng thể cuốn sách không đủ hấp dẫn.",634,676
16442791,276921578,2,Nó không đủ sâu sắc và có phần đơn điệu. Không như tôi mong đợi.,1351,676
137413,276921578,2,Nội dung không đủ thuyết phục và hơi khó hiểu ở nhiều chỗ.,57,676
1346349,276921578,3,"Nó khá ổn, nhưng không để lại ấn tượng sâu sắc cho tôi.",326,676
247953,276921578,3,"Có vài góc nhìn thú vị, nhưng tôi cảm thấy thiếu chiều sâu.",89,676
6667297,276921578,4,"Một hành trình thú vị, tôi đã tìm thấy nhiều điều bổ ích trong đó.",678,676
12897111,276933968,1,"Văn phong khô khan, không hấp dẫn chút nào. Không thể khuyến nghị.",1166,677
7062796,276933968,3,"Cuốn sách có vài ý tưởng thú vị, nhưng vẫn chưa đủ sâu sắc.",720,677
8370013,276933968,4,Nội dung hấp dẫn và có chiều sâu. Rất đáng để đọc.,860,677
5252484,276951347,1,Tôi rất thất vọng với cuốn sách này. Nội dung không như mong đợi.,492,678
6043880,276951347,1,"Quá nhàm chán, không có gì mới mẻ hay thú vị.",610,678
21643875,276951347,2,Có một vài điểm hay nhưng vẫn chưa đủ để tôi thích.,1634,678
16729866,276951347,3,"Đọc cũng được, nhưng không phải là cuốn sách yêu thích.",1364,678
26196160,276951347,4,"Tôi thích cách tác giả truyền tải thông điệp, rất dễ hiểu.",1748,678
124036,276951347,4,Đọc xong tôi cảm thấy lạc quan hơn về cuộc sống.,53,678
12449182,276965037,1,"Mặc dù có nhiều lời khen, nhưng tôi thấy nó thật nhạt nhẽo.",1136,679
6581464,276965037,1,"Không thể hiểu nổi triết lý trong sách, cảm thấy lãng phí thời gian.",667,679
13136773,276965037,3,"Một số lời khuyên hữu ích, nhưng không có gì đặc sắc.",1182,679
10805001,276965037,4,Cuốn sách mang lại nhiều cảm hứng tích cực cho tôi.,1017,679
9842396,276976864,1,Tôi thấy rất khó để tiếp thu những gì sách truyền đạt. Không phù hợp với tôi.,943,680
13001842,276976864,2,"Một số phần tốt, nhưng nhìn chung không đủ hấp dẫn để giữ chân tôi.",1176,680
21446277,276976864,3,"Sách bình thường, một số phần hài hước nhưng không gây ấn tượng.",1620,680
9738827,276976864,3,"Tôi thấy sách có ích, nhưng chưa đủ lôi cuốn để tôi muốn đọc lại.",932,680
309333,277184467,3,"Đọc tạm được, nhưng không có gì nổi bật.",102,681
17186098,277184467,4,Một cuốn sách tốt cho những ai cần động lực.,1388,681
14797338,277184467,4,Tôi cảm thấy cuốn sách này thực sự hữu ích và ý nghĩa.,1271,681
9997822,277314385,1,Mình thất vọng vì nội dung không đi sâu vào các khái niệm cơ bản.,959,682
10922306,277314385,2,"Thực sự không như mong đợi, thông tin quá dàn trải.",1025,682
22906506,277314385,4,"Ngôn từ dễ hiểu, nội dung phong phú, thích hợp cho mọi đối tượng.",1697,682
5801759,277320351,1,Mất thời gian đọc. Không có thông tin hữu ích và cách trình bày rất rối.,572,683
6727576,277320351,2,Sách có phần nào thú vị nhưng vẫn còn nhiều thiếu sót.,689,683
2122740,277320351,2,Đọc xong nhưng cảm giác vẫn chưa đủ.,453,683
8374608,277320351,3,"Tôi thấy cuốn sách khá ổn, nhưng không có gì nổi bật.",861,683
7922981,277348564,1,Cuốn sách không đáp ứng được kỳ vọng của tôi. Thông tin không đầy đủ.,820,684
1139332,277348564,2,"Chỉ có vài phần hay, còn lại thì khá nhạt nhẽo.",297,684
7206485,277348564,3,Câu chuyện về Rockefeller khá thú vị nhưng chưa đủ sức hút.,736,684
22502296,277348564,4,"Rất thích cách trình bày và phân tích, giúp tôi hiểu rõ hơn về Rockefeller.",1678,684
23085503,277361874,1,Tôi rất thất vọng về cuốn sách này. Nội dung quá khó hiểu và không hấp dẫn.,1703,685
197282,277361874,2,"Có một số thông tin hữu ích, nhưng không đủ để lôi cuốn tôi đọc tiếp.",77,685
16161022,277361874,3,"Nội dung khá ổn, nhưng vẫn còn thiếu sự hấp dẫn và sâu sắc.",1331,685
9065596,277361874,3,"Có những phần thú vị, nhưng một số câu chuyện lại không cuốn hút.",911,685
7909175,277361874,4,"Cuốn sách cung cấp cái nhìn sâu sắc về não bộ, tôi rất thích.",818,685
30171493,277398439,1,Tôi rất thất vọng về bộ thẻ này. Không có thông điệp nào thực sự ý nghĩa.,1825,686
24531899,277398439,1,"Mình nghĩ đây là một sản phẩm không cần thiết, không có động lực gì cả.",1727,686
12009584,277398439,2,"Mình thấy bộ thẻ này hơi đơn điệu, thiếu sự sáng tạo.",1110,686
265512,277398439,3,"Bộ thẻ có vài thông điệp tích cực, nhưng không đủ nổi bật.",93,686
13505353,277435172,1,"Sách thiếu chiều sâu, không thể truyền cảm hứng cho tôi.",1197,687
10440121,277435172,2,"Cảm giác như sách chỉ viết cho trẻ nhỏ, không phù hợp với tôi.",990,687
17814039,277435172,3,Không quá tệ nhưng cũng không đủ ấn tượng để tôi nhớ lâu.,1437,687
21371106,277522497,2,Một số phần của sách có thể hữu ích nhưng nói chung thì không thực sự truyền cảm hứng.,1614,688
9048165,277522497,3,Một cuốn sách trung bình. Có vài phần tôi thích nhưng không đủ để tôi nhớ mãi.,909,688
11000339,277522497,4,Cuốn sách này thực sự truyền cảm hứng cho tôi. Nó giúp tôi nhìn nhận ước mơ của mình.,1037,688
18588346,277522502,1,Mình không hiểu tại sao cuốn sách này lại được khen nhiều. Thực sự không ấn tượng.,1486,689
9705751,277522502,1,"Đọc mà thấy chán, không có cảm xúc nào cả. Rất thất vọng.",926,689
24556472,277522502,2,"Nội dung có phần nhàm chán, không thực sự thu hút mình.",1728,689
19802861,277522502,2,Mình đã mong đợi nhiều hơn từ cuốn sách này. Nó không thực sự giúp ích.,1551,689
1610504,277522502,3,"Có những phần khá thú vị, nhưng mình cảm thấy chưa đủ thuyết phục.",370,689
10325577,277522502,4,"Cuốn sách khá hay, cung cấp nhiều kiến thức bổ ích về tình yêu.",981,689
18092355,277541356,1,Tôi rất thất vọng với cuốn sách này. Nội dung không có gì mới mẻ và không thực sự hữu ích.,1451,690
5549802,277541356,1,"Không có giá trị thực tiễn, chỉ là những lý thuyết sáo rỗng. Tôi cảm thấy lãng phí thời gian.",540,690
291670,277541356,1,Cuốn sách không giúp tôi cải thiện kỹ năng quản lý thời gian. Thực sự không đáng để đọc.,98,690
19000489,277541356,2,"Một số điểm trong sách có thể áp dụng, nhưng nhìn chung không đủ thuyết phục.",1503,690
18790509,277541356,2,Tôi mong đợi nhiều hơn từ cuốn sách này. Nó chỉ dừng lại ở mức cơ bản.,1495,690
9842396,277570576,2,"Một số phần có giá trị, nhưng cách viết và diễn đạt rất khó hiểu.",943,691
14939832,277570576,3,"Một cuốn sách trung bình, có vài ý tưởng thú vị nhưng cần nhiều hơn.",1276,691
2128174,277570576,4,"Nội dung sâu sắc, giúp tôi thay đổi góc nhìn về cái chết và cuộc sống.",455,691
11727524,277570576,4,"Một trải nghiệm đọc thú vị, giúp tôi sống trọn vẹn hơn từng khoảnh khắc.",1088,691
6366137,277600246,1,Tôi thất vọng với cuốn sách này. Nội dung mờ nhạt và không có chiều sâu.,646,692
6745190,277600246,2,Có vài điểm hay nhưng tổng thể không tạo được ấn tượng tốt.,691,692
5301213,277600246,3,Cuốn sách có một số thông tin thú vị nhưng vẫn còn nhiều điểm chưa rõ ràng.,498,692
13835318,277600246,3,Đọc được nhưng không để lại nhiều ấn tượng. Tốt cho người mới bắt đầu.,1227,692
7904488,277600246,4,Cuốn sách mang lại nhiều góc nhìn mới về AI trong quan hệ quốc tế.,816,692
18868123,277600246,4,"Rất thích cách phân tích đa chiều, giúp tôi mở rộng kiến thức.",1498,692
23153412,277600246,4,Cuốn sách đáng đọc cho những ai quan tâm đến tương lai AI và thế giới.,1707,692
14142627,277621885,1,Rất thất vọng với cuốn sách này. Không có gì mới mẻ và rất nhàm chán.,1244,693
11757791,277621885,2,"Nội dung bình thường, không có gì nổi bật. Có thể tìm thấy thông tin tương tự ở nơi khác.",1090,693
5251673,277621885,2,Cuốn sách có vẻ thiếu chiều sâu và không thực sự thú vị.,491,693
16688436,277621885,3,Hơi thất vọng nhưng vẫn có một số ý tưởng thú vị để suy ngẫm.,1360,693
69597,277621885,4,"Tôi thấy cuốn sách này rất bổ ích, có nhiều bài học thực tiễn.",38,693
6502,277621885,4,"Nội dung hay, dễ hiểu và cung cấp nhiều góc nhìn mới.",10,693
17864805,277772531,1,"Đọc mà thấy buồn ngủ, không thể kết nối với nhân vật.",1440,694
450112,277772531,1,"Quá tệ, không hề thấy sự sáng tạo trong câu chuyện.",141,694
11488492,277772531,2,"Chưa đủ hấp dẫn để giữ chân tôi, có thể cải thiện nhiều.",1070,694
11372399,277772531,3,Nội dung ổn nhưng không có điểm nhấn mạnh mẽ.,1059,694
20074240,277772531,4,"Cốt truyện thú vị, tôi đã rất thích các nhân vật trong sách.",1562,694
1460081,277772531,4,Đọc cuốn sách này khiến tôi suy ngẫm nhiều về cuộc sống.,350,694
23672974,277772531,4,"Một tác phẩm đáng đọc, chứa đựng nhiều thông điệp ý nghĩa.",1716,694
6643999,277854674,1,Tôi thấy cuốn sách này hoàn toàn vô ích. Không có thông tin nào mới mẻ.,676,695
210733,277854674,1,Quá thất vọng! Không có bất kỳ chiến lược nào thực sự hữu ích.,83,695
7497898,277854674,1,Mất thời gian đọc cuốn sách này. Không đáng đồng tiền.,763,695
18241876,277854674,2,"Một số chiến lược có thể áp dụng, nhưng không thực sự hiệu quả.",1469,695
13673999,277854674,3,"Cuốn sách có vài ý tưởng hay, nhưng cần thêm ví dụ thực tế.",1217,695
28003408,277854674,3,"Đọc cũng được, nhưng không có gì quá nổi bật.",1791,695
5752757,277854674,4,Một cuốn sách tốt với nhiều chiến lược thiết thực cho mọi người.,567,695
20885155,277977608,1,"Mình đã mong đợi nhiều hơn từ sách Khắc kỷ, nhưng thất vọng hoàn toàn.",1597,696
19300182,277977608,1,"Không có gì mới mẻ, mình không thể hiểu tại sao nó lại được khen như vậy.",1519,696
7581285,277977608,3,"Sách ổn, nhưng mình mong đợi nhiều hơn từ một tác phẩm về Khắc kỷ.",774,696
16308310,277977608,3,"Một vài ý tưởng thực tế, nhưng vẫn chưa đủ để thuyết phục mình.",1343,696
862558,277977648,1,Tôi không thấy cuốn sách này có giá trị gì. Nội dung rất lan man và khó hiểu.,248,697
12802075,277977648,1,Quá thất vọng! Không có bất kỳ thông tin hữu ích nào cho tôi.,1159,697
573794,277977648,2,Nội dung không đủ sâu sắc và nhiều phần hơi nhàm chán.,175,697
16184195,277977648,3,"Lý thuyết có thể áp dụng, nhưng thiếu sự thực tiễn.",1334,697
5749522,277977648,4,Tôi cảm thấy có động lực hơn sau khi đọc cuốn sách này.,566,697
18028890,277977648,4,"Nội dung rõ ràng, dễ hiểu và có giá trị.",1446,697
12833351,278023759,1,Câu chuyện không sâu sắc và thiếu cảm xúc. Tôi không thích.,1163,698
6602735,278023759,2,"Câu chuyện không kết nối với tôi, cảm giác thiếu chiều sâu.",672,698
12117108,278023759,3,"Một câu chuyện không tồi, nhưng tôi đã đọc những cuốn tốt hơn.",1116,698
18094759,278023759,3,Sách có nhiều điểm sáng nhưng cũng không ít điểm yếu.,1452,698
7922009,278023802,1,Sách không như mong đợi. Tôi đã bỏ dở giữa chừng.,819,699
1736842,278023802,1,"Không có gì đặc sắc, tôi cảm thấy thời gian của mình bị lãng phí.",384,699
27374324,278023802,2,Chủ đề hay nhưng cách diễn đạt không mạch lạc.,1770,699
5799680,278023802,2,"Một chút thất vọng, sách không truyền tải được cảm xúc như mong đợi.",571,699
16881682,278023802,3,Tôi thích phong cách viết nhưng nội dung chưa đủ sâu sắc.,1373,699
10367667,278023804,1,Tôi rất thất vọng với cuốn sách này. Nó không mang lại giá trị gì cho tôi.,983,700
10051878,278023804,1,"Đọc xong mà vẫn cảm thấy hoang mang, không có gì mới mẻ.",967,700
1769314,278023804,3,"Sách không tệ, nhưng tôi mong đợi nhiều hơn.",390,700
127819,278023804,4,"Cuốn sách rất hữu ích, giúp tôi nhận ra nhiều điều trong cuộc sống.",55,700
9890934,278023804,4,"Nội dung dễ hiểu và áp dụng, tôi rất thích.",950,700
7537813,278023814,1,Tôi không thấy cuốn sách này có giá trị gì cho việc đầu tư.,770,701
2104434,278023814,2,Nội dung khá khô khan và không thực sự hấp dẫn.,446,701
350172,278023814,2,Một vài thông tin hữu ích nhưng chưa đủ để thu hút tôi.,118,701
7513783,278023814,2,"Không như mong đợi, có nhiều cuốn sách khác tốt hơn.",765,701
16153491,278023814,3,Nội dung ổn nhưng chưa thực sự gây ấn tượng.,1329,701
7131398,278023814,4,"Rất thích các ví dụ thực tế, giúp tôi áp dụng vào đầu tư.",727,701
7371448,278023814,4,Một cuốn sách tốt cho những ai muốn cải thiện kỹ năng đầu tư.,750,701
1438601,278023824,1,Tôi cảm thấy cuốn sách này không truyền tải được thông điệp như mong đợi.,347,702
13740668,278023824,4,"Cuốn sách rất hay, mang đến nhiều góc nhìn mới mẻ về cuộc sống.",1223,702
8856931,278023824,4,Tôi thích cách Osho trình bày những vấn đề sâu sắc một cách dễ hiểu.,896,702
6044990,278023824,4,"Nhiều ý tưởng sâu sắc, đáng để suy ngẫm và áp dụng trong cuộc sống.",611,702
14451798,278037699,2,"Có thể hữu ích với người khác, nhưng không phù hợp với tôi.",1258,703
1426207,278037699,3,Cảm thấy cuốn sách có giá trị nhưng không đủ nổi bật.,342,703
6399267,278037699,4,"Nội dung thực tiễn, dễ hiểu và áp dụng vào đời sống.",650,703
22405575,278045554,1,Tôi thật sự thất vọng với cuốn sách này. Nội dung không thực sự hữu ích.,1670,704
18130480,278045554,2,Có vài điểm tốt nhưng tổng thể vẫn chưa đủ hấp dẫn.,1458,704
8309681,278045554,3,Sách khá ổn nhưng chưa đủ để tạo cảm hứng cho tôi.,856,704
594841,278045554,3,Nội dung ổn nhưng có thể cải thiện thêm nhiều hơn.,180,704
15884683,278045554,4,"Sách cung cấp nhiều chiến lược thực tiễn, tôi rất hài lòng.",1314,704
15404322,278045559,1,Tôi không thể tiếp tục đọc sau vài trang. Quá chán.,1300,705
2922,278045559,2,Sách có tiềm năng nhưng cách triển khai chưa tốt.,5,705
28185640,278045559,3,"Một cuốn sách đọc vui, nhưng không để lại ấn tượng lâu dài.",1795,705
31373,278045559,4,"Câu chuyện hấp dẫn với nhiều tình tiết thú vị, tôi rất thích.",26,705
6333,278045559,4,"Một cuốn sách hay, rất đáng để đọc trong thời gian rảnh.",8,705
19407471,278060816,1,Tôi rất thất vọng với cuốn sách này. Nội dung thật nhạt nhẽo và không có gì đặc sắc.,1524,706
22531963,278060816,1,"Quá tệ, tôi đã mong chờ nhiều hơn. Chỉ là những câu chuyện vô nghĩa.",1679,706
11942741,278060816,1,"Bản thân tôi là một người thích đọc sách, nhưng cuốn này khiến tôi thất vọng.",1104,706
17643805,278060816,2,Cuốn sách này không như tôi mong đợi. Thông điệp chưa rõ ràng.,1420,706
10640306,278060816,2,Đọc xong chỉ thấy hơi thất vọng. Mình mong đợi nhiều hơn từ tác giả.,1007,706
6145173,278060816,4,Tôi thích cách tác giả chia sẻ những trải nghiệm của mình. Rất gần gũi.,621,706
1953453,278060816,4,"Nhiều câu chuyện hay và thú vị, khiến tôi cảm nhận được cuộc sống ở Châu Âu.",417,706
25955464,278228992,1,Tôi không thấy cuốn sách này có giá trị gì. Thông tin rất chung chung và không thực sự hữu ích.,1743,707
24558734,278228992,1,"Nội dung không hấp dẫn, tôi đã mong đợi nhiều hơn từ một cuốn sách về quyến rũ.",1729,707
632189,278228992,1,Chưa thấy tác động gì sau khi đọc. Không khuyến khích.,193,707
17770169,278228992,3,"Sách không tệ, nhưng tôi mong đợi nhiều hơn từ nó.",1432,707
756369,278228992,4,"Rất đáng đọc, giúp tôi hiểu rõ hơn về sức hút bản thân.",218,707
28909665,278237797,1,"Mình không tìm thấy giá trị gì trong cuốn sách này, thất vọng quá.",1805,708
174222,278237797,1,"Nội dung lộn xộn, không mang lại cảm hứng hay kiến thức gì mới.",67,708
18929752,278237797,1,"Cuốn sách không như mong đợi, mình đã phải bỏ dở giữa chừng.",1500,708
9099133,278237797,2,Mình nghĩ cuốn sách có ý tưởng hay nhưng thực hiện chưa tốt.,914,708
777784,278237797,3,Nội dung khá thú vị nhưng chưa đủ sâu sắc.,226,708
23657001,278237797,4,Nội dung cuốn sách giúp mình định hình lại cách sống tích cực.,1715,708
18423262,278424386,2,"Có vài điểm hay, nhưng tổng thể không đủ hấp dẫn để tôi đọc tiếp.",1482,709
7773259,278424386,3,Cuốn sách có một số ý tưởng thú vị nhưng chưa đủ rõ ràng.,801,709
7244713,278424386,4,"Cuốn sách mang lại nhiều góc nhìn mới, rất đáng để đọc.",741,709
5569073,29810956,1,Nội dung khô khan và không thực sự hữu ích. Không đáng để đọc.,546,161
12908227,29810956,2,Cuốn sách có một vài ý tưởng hay nhưng không đủ sức thuyết phục tôi.,1168,161
952930,29810956,2,Nó khá tẻ nhạt và không cung cấp nhiều thông tin mới mẻ.,269,161
8132192,29810956,3,"Có vài ý tưởng thú vị, nhưng cần sâu sắc hơn để tôi thực sự ấn tượng.",837,161
317050,29810956,4,Tôi thích cách trình bày và những ví dụ minh họa. Rất hữu ích.,104,161
16198034,29810956,4,Cuốn sách này mở ra nhiều góc nhìn mới cho tôi. Rất đáng đọc.,1336,161
1416184,32530103,1,"Cuốn sách này chỉ là một quảng cáo cho Trump, không có giá trị học thuật.",340,166
17641317,32530103,3,"Nó mang lại cái nhìn khác về Trump, nhưng vẫn thiếu sâu sắc.",1419,166
10403580,32530103,3,"Mặc dù có nhiều ý tưởng hay, nhưng chưa đủ thuyết phục tôi.",986,166
11663997,32530103,3,"Cuốn sách này khá ổn, nhưng tôi mong muốn có nhiều phân tích hơn.",1081,166
912375,32530103,4,Cuốn sách cung cấp cái nhìn thú vị về Trump và những quyết định của ông.,261,166
15494712,32530103,4,Tôi rất thích cách tác giả phân tích các vấn đề chính trị.,1302,166
27019704,340466,1,"Quá nhiều lời lẽ sáo rỗng, không giúp tôi có thêm động lực nào.",1762,9
1658568,340466,1,"Cảm thấy như mất thời gian khi đọc cuốn sách này, không có thông điệp gì mới.",379,9
2128174,340466,2,"Một vài ý tưởng hay, nhưng cuốn sách dài dòng và dễ chán.",455,9
21585405,340466,3,"Cuốn sách khá ổn, nhưng tôi mong đợi nhiều hơn từ nó.",1629,9
13570863,343497,1,"Nội dung nhàm chán, không có gì mới mẻ. Rất thất vọng.",1210,12
873740,343497,2,"Nội dung có vẻ mơ hồ, khó tiếp cận. Không đủ thuyết phục.",252,12
1507584,343497,2,"Có thể giúp ích cho một số người, nhưng không phải cho tôi.",356,12
1524428,343497,4,Nội dung dễ hiểu và gần gũi. Rất thích cách viết của tác giả.,359,12
9625284,343497,4,Sách giúp tôi cải thiện giao tiếp hàng ngày. Rất hữu ích!,922,12
24836137,344937,1,Tôi rất thất vọng với sách này. Nó không cung cấp thông tin hữu ích cho tôi.,1733,14
17687102,344937,2,Tôi mong đợi nhiều hơn từ cuốn sách này. Không như kỳ vọng.,1426,14
169341,344937,2,"Đọc sách cảm giác như bị thiếu sót, không có chiều sâu.",66,14
16389420,344937,3,"Nó ok, nhưng không đủ để tôi cảm thấy hạnh phúc hơn.",1347,14
13865970,344937,3,"Nội dung ổn, nhưng chưa đủ để tôi thực sự áp dụng.",1228,14
442758,34818789,1,Sách không đáp ứng được kỳ vọng của tôi. Nội dung quá chung chung và không có gì mới mẻ.,139,169
9659037,34818789,1,Tôi không thấy cuốn sách này có giá trị gì. Quá tốn thời gian khi đọc.,924,169
22628730,34818789,2,Cuốn sách có một số ý tưởng hay nhưng không thực sự hữu ích cho tôi.,1685,169
190542,34818789,3,"Có vài điểm thú vị, nhưng không đủ để khiến tôi muốn đọc lại.",74,169
8799089,34818789,4,"Sách cung cấp nhiều thông tin bổ ích, tôi đã áp dụng được một số ý tưởng.",890,169
6014554,34818789,4,"Những lời khuyên thực tế và dễ áp dụng, tôi rất thích cuốn sách này.",605,169
632150,355021,2,Một số ý tưởng có thể hữu ích nhưng vẫn chưa đủ thuyết phục.,192,16
25831114,355021,4,"Nội dung sâu sắc, dễ hiểu và rất hữu ích cho cuộc sống.",1740,16
9990351,355021,4,"Sách truyền cảm hứng, tôi đã áp dụng nhiều điều vào thực tế.",957,16
11470446,355028,1,Tôi rất thất vọng với cuốn sách này. Nội dung không đáp ứng được mong đợi của tôi.,1066,17
8128141,355028,2,"Nội dung sách có phần hời hợt, không đi sâu vào vấn đề.",835,17
12103013,355028,2,Cảm thấy không đủ thông tin để áp dụng vào thực tế.,1115,17
12069553,355028,3,"Sách mang lại một số kiến thức hữu ích, nhưng không đủ sâu sắc.",1113,17
17127058,355028,3,"Nội dung ở mức trung bình, có thể tham khảo nhưng không xuất sắc.",1383,17
11041481,355028,4,Nội dung dễ hiểu và có thể áp dụng tốt cho phụ huynh.,1038,17
6822580,355028,4,"Tôi tìm thấy nhiều thông tin giá trị, nhất là về tâm lý trẻ.",700,17
1399048,355028,4,"Một cuốn sách đáng đọc cho các bậc phụ huynh, rất hữu ích.",338,17
26800590,35591909,2,Sách có một vài ý tưởng hay nhưng không đủ sâu sắc.,1760,170
22022932,35591909,2,Mình không thấy cuốn sách này đáng giá tiền. Nội dung hơi lộn xộn.,1653,170
5523055,35591909,3,"Có những phần thú vị, nhưng không đủ để làm mình say mê.",536,170
180794,35910300,1,"Sách không mang lại giá trị gì cho tôi, chỉ là những lời sáo rỗng.",69,171
9758671,35910300,1,Rất khó để tìm thấy điểm tích cực trong cuốn sách này.,934,171
8592492,35910300,1,"Nội dung rời rạc, không có sự liên kết giữa các phần.",877,171
6988261,35910300,2,"Có vài thông tin hữu ích, nhưng tổng thể vẫn chưa đủ thuyết phục.",712,171
7336585,35910300,2,"Nội dung không sâu sắc, chưa đủ để giúp tôi có định hướng.",749,171
27704071,35910300,3,"Có một số ý tưởng hay, nhưng cần phát triển thêm.",1779,171
209404,35910300,3,"Một số câu chuyện thú vị, nhưng không đủ để tạo ấn tượng mạnh.",82,171
19514139,36701979,2,Một số phần viết khá rời rạc và khó hiểu.,1533,177
1862441,36701979,3,Sách có vài điểm thú vị nhưng chưa đủ để gây ấn tượng.,404,177
5185848,37216528,1,"Nhiều phần trong sách không có chiều sâu, khó mà áp dụng vào thực tế.",483,180
8592492,37216528,2,Tôi không thấy cuốn sách mang lại giá trị thực sự cho việc khởi nghiệp.,877,180
10605513,37216528,3,Nội dung ổn nhưng chưa thực sự nổi bật so với các cuốn sách khác.,1004,180
2021210,37216528,4,"Cuốn sách mang lại nhiều ý tưởng hay, tôi cảm thấy được truyền cảm hứng.",434,180
5328753,37216528,4,"Sách cung cấp nhiều thông tin thực tiễn, rất đáng để đọc.",503,180
1254867,372208,1,Nội dung quá dài dòng và không có nhiều thông điệp thực sự.,313,25
8063452,372208,1,"Mình không thấy có sự kết nối nào với câu chuyện, hoàn toàn không thích.",830,25
26606984,372208,3,Nhiều thông điệp tốt nhưng cảm giác chưa thực sự sâu sắc.,1755,25
21040960,372208,3,"Mình thấy cuốn sách này trung bình, không quá ấn tượng.",1599,25
655559,372208,4,"Cuốn sách rất truyền cảm hứng, mình thích câu chuyện của Nick.",200,25
7581285,372208,4,"Mình cảm thấy động lực từ cuốn sách này, rất đáng đọc.",774,25
5597859,37306565,1,"Sách không như mong đợi, nội dung khá rời rạc và không thực sự hữu ích.",549,182
28931600,37306565,1,"Tôi đã hy vọng nhiều hơn từ cuốn sách này, nhưng thật sự thất vọng.",1806,182
15652833,37306565,2,Sách có một vài ý tưởng hay nhưng không đủ thuyết phục.,1307,182
8629404,37306565,2,"Mặc dù có một số thông tin thú vị, nhưng vẫn chưa đủ để tôi cảm thấy hài lòng.",881,182
15192111,37306565,2,"Nội dung khá đơn giản, không đáp ứng được kỳ vọng của tôi.",1291,182
22426321,37306565,2,Tôi không thấy cuốn sách này mang lại giá trị gì đặc biệt.,1672,182
845376,37306565,3,"Cuốn sách bình thường, có những điểm hay nhưng cũng nhiều chỗ chưa thuyết phục.",244,182
19758890,37306565,3,"Sách cung cấp một cái nhìn mới, nhưng vẫn chưa đủ sâu sắc.",1546,182
17589306,37306565,3,"Có một số thông tin có ích, nhưng chưa đủ để tôi cảm thấy hài lòng.",1417,182
2110026,37306565,4,"Nội dung phong phú, giúp tôi nhận ra nhiều điều về trí thông minh.",447,182
17691148,37328440,1,Tôi rất thất vọng với cuốn sách này. Nội dung không sâu sắc như tôi mong đợi.,1428,183
1506169,37328440,4,Một tác phẩm đáng đọc cho những ai quan tâm đến lãnh đạo.,355,183
326163,37328440,4,"Sách khá sâu sắc, giúp tôi có cái nhìn khác về lãnh đạo châu Á.",110,183
17252446,38113246,1,Tôi không thể kết nối với nội dung. Hoàn toàn thất vọng.,1394,184
20002429,38113246,2,Nội dung có một vài điểm hay nhưng chủ yếu là lặp lại.,1558,184
20417691,38113246,2,Có một vài ý tưởng tốt nhưng tổng thể không ấn tượng.,1576,184
1121328,38113246,3,Tôi thấy một số khái niệm thú vị nhưng không đủ để gây ấn tượng.,293,184
15555424,38113246,3,Nội dung không tệ nhưng cũng chưa thực sự nổi bật.,1304,184
12944084,38113246,4,"Nhiều ý tưởng hay, dễ hiểu và có thể áp dụng ngay.",1172,184
18191776,38115153,3,"Có một số thông tin hữu ích, nhưng vẫn còn nhiều điều cần cải thiện.",1466,185
15288920,38115153,3,"Sách đọc tạm được, nhưng không để lại ấn tượng sâu sắc nào cho tôi.",1296,185
1366230,38115153,4,Tôi thấy cuốn sách rất bổ ích và dễ hiểu. Nhiều mẹo hay cho sinh viên.,334,185
6002072,38115153,4,"Mặc dù có vài phần lặp lại, nhưng nhìn chung cuốn sách đã truyền cảm hứng cho tôi.",603,185
874522,38294007,2,"Một số câu chuyện thú vị, nhưng tổng thể thì chưa đủ hấp dẫn.",253,186
27442097,38294007,3,"Nó khá ổn, nhưng không có gì nổi bật so với những cuốn sách khác.",1771,186
1959360,38294007,4,Một cuốn sách rất đáng đọc với nhiều thông tin bổ ích và thú vị.,419,186
29814242,38294007,4,"Tôi thích các câu chuyện và bài học trong sách, nó rất truyền cảm hứng.",1820,186
6676050,38294007,4,"Cuốn sách này có nhiều góc nhìn hay về lãnh đạo châu Á, rất đáng để khám phá.",680,186
12429415,4070559,1,"Không hiểu sao sách lại được đánh giá cao. Nội dung khô khan, khó hiểu.",1134,90
18850744,4070559,1,Nội dung không thực tiễn. Tôi không thể hoàn thành cuốn sách.,1497,90
11802932,4070559,2,Nhiều phần lý thuyết nhưng ít ứng dụng thực tế.,1093,90
13290303,4070559,3,"Nội dung khá ổn, nhưng vẫn còn nhiều điều cần cải thiện.",1188,90
5692427,4070559,3,"Mặc dù có vài thông tin hữu ích, nhưng tôi không bị ấn tượng lắm.",562,90
8025008,4070559,3,"Có những phần thú vị, nhưng không đủ để tôi muốn đọc lại.",826,90
5551763,41294597,1,Tôi thấy sách này thật sự không có giá trị. Nội dung rời rạc và khó hiểu.,542,191
13994053,41294597,1,Tôi không thể kết nối với thông điệp của tác giả. Thật thất vọng.,1234,191
1279614,41294597,3,Nội dung khá thú vị nhưng vẫn chưa đủ hấp dẫn để giữ chân tôi.,318,191
11250661,41294597,4,"Sách mang lại nhiều suy ngẫm về văn hóa và tình yêu, rất hay.",1049,191
12377762,41294597,4,Tôi thích cách tác giả phân tích sự khác biệt văn hóa trong tình yêu.,1132,191
7901858,41294597,4,"Nội dung hấp dẫn và dễ hiểu, rất đáng đọc cho những ai yêu thích văn hóa.",815,191
20671176,46643195,1,Tôi rất thất vọng với cuốn sách này. Thông tin quá chung chung và không có gì mới mẻ.,1590,197
18452362,46643195,2,Cuốn sách có một vài ý tưởng hay nhưng không đủ thuyết phục để áp dụng.,1484,197
21406438,46643195,3,"Một cuốn sách ổn, nhưng tôi không chắc sẽ đọc lại.",1616,197
7041059,467187,1,Sách không như tôi mong đợi. Nội dung khá rời rạc và khó hiểu.,717,30
76823,467187,1,"Tôi không tìm thấy sự kết nối nào từ cuốn sách này, thật thất vọng.",42,30
7674687,467187,1,Cảm giác như tác giả không biết viết về thân mật. Không có gì mới mẻ.,790,30
19244264,467187,3,"Cuốn sách mang lại vài suy nghĩ thú vị, nhưng không đủ sâu sắc.",1514,30
11203322,467187,4,"Sách rất hay, giúp tôi hiểu thêm về việc tạo dựng mối quan hệ.",1047,30
21606727,475833,1,Tôi không thấy bất kỳ giá trị nào từ cuốn sách này. Thất vọng!,1630,32
13149321,475833,2,"Nhiều câu chuyện lặp lại, cảm giác như không có sự sáng tạo.",1183,32
5304483,475833,4,"Một cuốn sách tốt, phù hợp để đọc trong những lúc khó khăn.",499,32
6086126,475833,4,Đọc sách này giúp tôi thấy yêu đời hơn và trân trọng cuộc sống.,616,32
26549453,477625,2,"Sách khá trung bình, không thể hiện được sự cần thiết trong giáo dục trẻ.",1753,34
29925382,477625,2,Mình thấy sách chưa đủ sức thuyết phục. Cần nhiều ví dụ thực tế hơn.,1822,34
18685604,477625,3,"Cuốn sách có một số ý tưởng hay, nhưng vẫn còn thiếu chiều sâu.",1491,34
528389,477625,3,"Sách có thể giúp trẻ hiểu hơn về cuộc sống, nhưng chưa đủ hấp dẫn.",164,34
5854165,477625,4,"Sách rất bổ ích, giúp trẻ có cái nhìn sâu sắc hơn về xã hội.",583,34
18618473,48618925,1,Tôi rất thất vọng với cuốn sách này. Nội dung không có gì mới mẻ và khá nhàm chán.,1489,204
26594576,48618925,2,"Có một số ý tưởng hay, nhưng cách diễn đạt quá phức tạp khiến tôi khó tiếp thu.",1754,204
17386788,48618925,2,Đọc sách mà cảm thấy không thoải mái. Thông điệp không rõ ràng.,1402,204
5642070,48618925,3,"Tôi thấy sách bình thường, không có gì quá nổi bật.",555,204
1552431,486506,3,"Tạm được, có một vài phần mình thích, nhưng chưa thực sự ấn tượng.",360,36
19679592,486506,4,"Nhiều ý tưởng hay và thực tế, giúp mình nhìn nhận cuộc sống tích cực hơn.",1542,36
13677819,486506,4,"Một cuốn sách đáng đọc, giúp mình hiểu về giá trị hạnh phúc.",1219,36
794362,486639,1,"Nội dung quá đơn giản, không giúp ích gì cho tôi.",232,39
1358614,486639,2,"Một vài ý tưởng trong sách khá ổn, nhưng tổng thể chưa thuyết phục.",331,39
1186180,486639,3,"Cuốn sách khá ổn, nhưng không có gì nổi bật để ghi nhớ.",303,39
5448410,486639,3,"Có vài điều bổ ích, nhưng không đủ để thay đổi tư duy của tôi.",522,39
274729,486639,4,"Cuốn sách đưa ra những quan điểm tích cực, tôi thấy có ích.",95,39
13888330,495051,1,"Thật sự thất vọng, không có giá trị thực tiễn cho cuộc sống.",1231,40
191670,495051,2,Có vài ý tưởng tốt nhưng thực sự chưa đủ để thuyết phục mình.,76,40
13527388,495051,3,Có vài điểm hay nhưng cảm giác sách hơi thiếu chiều sâu.,1203,40
21803842,495051,3,"Sách có thể giúp người mới bắt đầu, nhưng không đủ cho người đã biết.",1642,40
10051878,495051,4,"Nhiều lời khuyên hữu ích, mình đã áp dụng và thấy hiệu quả.",967,40
402581,495051,4,"Những câu chuyện thực tế rất truyền cảm hứng, đáng đọc.",128,40
910590,56047343,1,Tôi không thấy cuốn sách này có giá trị gì cả. Nó chỉ lặp đi lặp lại những điều sáo rỗng.,260,217
7642320,56047343,1,"Mặc dù có nhiều lời khen, nhưng tôi thấy cuốn sách này thật sự không giúp ích gì.",778,217
7033908,56047343,2,"Sách có vài điểm hay, nhưng nhìn chung chưa đủ sâu sắc. Không thể áp dụng nhiều.",714,217
19300182,56047343,2,"Có một số ý tưởng thú vị, nhưng tôi không cảm thấy được kết nối.",1519,217
18592448,56047343,2,Tôi mong đợi nhiều hơn từ cuốn sách này. Nó chỉ bình thường.,1487,217
5650527,56047343,4,Nhiều ý tưởng hay và thực tế. Tôi thấy mình được truyền cảm hứng.,556,217
5530907,59478513,1,"Cuốn sách quá chung chung, không có thông tin cụ thể nào về việc học tiếng Nhật.",538,222
603239,59478513,1,"Không có gì mới mẻ trong cuốn sách này, hoàn toàn không đáp ứng được kỳ vọng của tôi.",183,222
6857655,59478513,1,"Tôi không thấy cuốn sách này có giá trị gì, rất thất vọng.",705,222
1476167,59478513,2,Nội dung có chút hứa hẹn nhưng vẫn còn thiếu sót nhiều thông tin quan trọng.,352,222
9837027,59478513,2,Sách viết khá tốt nhưng không có nhiều hướng dẫn thực tế cho người đọc.,941,222
7642320,59478513,3,"Tạm ổn, cuốn sách cung cấp một cái nhìn tổng quan về Nhật Bản nhưng thiếu chiều sâu.",778,222
14157271,59478513,3,Một cuốn sách khá ổn nhưng chưa đủ để truyền cảm hứng cho tôi.,1246,222
776854,59478513,4,"Nội dung hay, dễ hiểu và có thể áp dụng vào thực tế. Rất hữu ích cho tôi.",224,222
6288926,59478513,4,"Sách rất tốt, giúp tôi có cái nhìn rõ nét hơn về cuộc sống và công việc tại Nhật.",634,222
9723225,74237471,2,Một số phần có ý nghĩa nhưng nhìn chung vẫn chưa đủ thuyết phục.,928,233
1904519,74237471,2,"Mình cảm thấy cuốn sách hơi khó tiếp cận, không thực sự hấp dẫn.",412,233
6120153,74237471,2,Có vài ý tưởng hay nhưng cách triển khai không đủ sâu sắc.,619,233
17790721,74237471,3,"Cuốn sách khá ổn, nhưng mình mong đợi nhiều hơn từ tác giả.",1435,233
19139196,74237471,3,"Một trải nghiệm đọc trung bình, không quá tệ nhưng cũng không xuất sắc.",1510,233
19244264,74237471,4,Cuốn sách giúp mình hiểu hơn về những hành vi phi lý trong cuộc sống.,1514,233
6697480,74237471,4,"Nội dung phong phú và thú vị, mình đã học được nhiều điều từ sách.",685,233
7436644,745378,2,Có vài câu chuyện hay nhưng phần lớn lại không thu hút tôi.,759,55
14678435,745378,2,"Gợi nhớ một số kỷ niệm, nhưng không đủ sâu sắc để chạm đến trái tim.",1267,55
27368990,745378,3,"Đọc cho vui, nhưng không để lại ấn tượng mạnh mẽ.",1769,55
765496,745378,4,Cuốn sách này thực sự truyền cảm hứng và đáng đọc.,220,55
1656337,745378,4,Tôi đã tìm thấy nhiều điều tích cực trong các câu chuyện của cuốn sách.,376,55
11704505,77220893,1,Tôi không hiểu nổi nội dung cuốn sách này. Rất thất vọng.,1086,241
13649666,77220893,2,"Không thực sự phù hợp với tôi, nội dung khá nhạt.",1216,241
6254635,77220893,4,"Nhiều ý tưởng thú vị và thực tế, đáng để đọc.",630,241
23909348,77220893,4,Cuốn sách mang lại nhiều cảm hứng và suy ngẫm.,1723,241
190542,91984951,1,Không thể tin được nó lại được ca ngợi nhiều đến vậy. Thật sự không có thông tin mới nào.,74,249
652897,91984951,1,Tôi đã mong đợi nhiều hơn từ một cuốn sách nổi tiếng như vậy. Rất khó để đọc.,198,249
5503749,91984951,2,"Mặc dù có vài điểm hay, nhưng tổng thể cuốn sách không đáp ứng được kỳ vọng của tôi.",533,249
21338395,91984951,3,Nội dung có giá trị nhưng không thực sự nổi bật. Tôi đã đọc được nhiều điều khác hay hơn.,1610,249
6742789,91984951,4,Một cái nhìn tổng quan tốt về thị trường chứng khoán. Tôi đã học được nhiều điều.,690,249
14714309,91985361,1,Sách quá khó hiểu và không có thông tin hữu ích cho tôi.,1269,250
13879493,91985361,2,Sách có vài thông tin thú vị nhưng không đủ để giữ chân tôi.,1229,250
5140063,91985361,4,"Sách rất thú vị, cung cấp kiến thức bổ ích về máy móc.",474,250
30476627,91985785,1,Không đáng để đọc. Tôi đã mong đợi nhiều hơn từ cuốn sách này.,1831,251
7514594,91985785,2,Nội dung không thực sự rõ ràng. Tôi thấy khó để áp dụng vào thực tế.,766,251
1161567,91985785,2,Không đủ sâu sắc và thiếu tính thực tiễn cho sinh viên như tôi.,299,251
16168364,91985785,3,"Cuốn sách có vài điểm thú vị, nhưng không đủ để làm tôi ấn tượng.",1333,251
8274074,91985785,3,"Tôi thấy một số phương pháp có thể áp dụng, nhưng không phải tất cả.",850,251
13515195,91985785,3,"Nội dung bình thường, có thể hữu ích cho người mới bắt đầu.",1199,251
5503749,91985785,4,Rất nhiều mẹo quý giá cho sinh viên. Tôi đã áp dụng được vài điều.,533,251
21494737,91985785,4,Một cuốn sách đáng đọc với những phương pháp thú vị.,1623,251
910590,92004143,1,Tôi rất thất vọng về cuốn sách này. Nội dung quá lý thuyết và khó hiểu.,260,252
17643880,92004143,1,Sách không đáp ứng được mong đợi của tôi. Thực sự tẻ nhạt.,1421,252
21338395,92004143,1,Quá nhiều trích dẫn nhưng ít nội dung thực tiễn. Không đáng đọc.,1610,252
5523055,92004143,1,Mặc dù có nhiều ý tưởng hay nhưng diễn đạt rất kém.,536,252
12023668,92004143,2,"Sách có một số ý kiến hay, nhưng không đủ sâu sắc để thuyết phục tôi.",1111,252
21793044,92004143,4,"Sách cung cấp nhiều góc nhìn thú vị về chiến lược, rất đáng giá.",1640,252
7901858,92004384,1,Đọc xong mà vẫn không hiểu rõ về nghệ thuật đàm phán.,815,253
5325613,92004384,1,"Nội dung lan man, không có hướng dẫn cụ thể nào.",502,253
14797338,92004384,4,"Sách rất hữu ích, có nhiều chiến lược thực tiễn.",1271,253
7457145,92004384,4,"Rất nhiều mẹo hay, tôi đã áp dụng thành công.",760,253
11470446,92004384,4,Một cuốn sách đáng đọc nếu bạn muốn nâng cao kỹ năng.,1066,253
1121328,92010103,1,Tôi không hiểu tại sao sách này lại được khen. Thực sự tệ!,293,254
670441,92010103,1,Quá nhiều lý thuyết mà không có thực hành. Không thích!,204,254
25006621,92010103,3,"Đọc cũng được, nhưng không có nhiều điều mới. Chỉ là bình thường.",1736,254
12923300,92010103,4,"Rất nhiều kiến thức quý giá, tôi đã áp dụng vào công việc.",1170,254
14948368,92010727,1,Tôi cảm thấy cuốn sách này không có giá trị gì. Những lời khuyên rất sáo rỗng.,1277,255
18262548,92010727,1,Quá nhiều lý thuyết mà không có ứng dụng thực tế. Tôi thất vọng.,1472,255
1959360,92010727,2,Tôi không tìm thấy động lực từ cuốn sách này như tôi đã hy vọng.,419,255
20384867,92010727,3,"Nó có thể giúp tôi suy nghĩ khác đi, nhưng vẫn chưa thực sự ấn tượng.",1574,255
30277997,92010727,4,"Một cuốn sách tốt, truyền cảm hứng và đầy động lực cho những ai muốn thay đổi.",1828,255
668455,92551491,1,Tôi cảm thấy cuốn sách này thật tẻ nhạt và khó hiểu. Không có gì mới mẻ.,203,256
27566433,92551491,1,Tôi đã kỳ vọng nhiều nhưng thất vọng hoàn toàn. Không đáng đọc.,1773,256
27622963,92551491,2,Một số ý tưởng có thể hay nhưng cách diễn đạt rất khó tiếp nhận.,1776,256
1999390,92551491,2,Nó không tệ nhưng cũng không đủ hấp dẫn để tôi muốn đọc lại.,428,256
28747770,92551491,3,Có những ý tưởng thú vị nhưng cần cải thiện cách trình bày.,1804,256
20581369,92551491,4,Tôi thích cách tác giả nói về tình yêu và sự gần gũi.,1583,256
21347262,92551788,1,Tôi rất thất vọng với cuốn sách này. Nội dung thật sự không có gì mới mẻ.,1611,257
30346965,92551788,2,"Nội dung không sâu sắc, nhiều phần không hấp dẫn.",1829,257
6299654,92551788,3,"Nội dung khá bình thường, không có gì nổi bật.",637,257
16470666,92551869,1,Tôi thất vọng vì không tìm thấy bất kỳ giá trị nào trong cuốn sách này.,1353,258
5411052,92551869,2,Một số ý tưởng khá hay nhưng không đủ sâu sắc.,516,258
161644,92551869,2,"Sách có phần ngắn gọn, chưa thực sự giải quyết được vấn đề.",62,258
143219,92551869,2,Nội dung tạm ổn nhưng không có cảm hứng để áp dụng.,60,258
28003408,92551869,4,Một cuốn sách hay giúp tôi nhìn nhận lại cuộc sống.,1791,258
